Schoolid	adjacentschool	parkinglotc	parkinglotb	altparking	bikeracks	segments	Walkscore	LICOATda	SamplingQuadrant	sidewalkboth	sidewalkbothperc	sidewalkone	sidewalkoneperc	parkingsignboth	parkingsignbothperc	parkingsignone	parkingsignoneperc	mountableboth	mountablebothperc	mountableone	mountableoneperc	speedlimitsign	speedlimitsignperc	speedlimit40	speedlimit40perc	speedlimit30	speedlimit30perc	marking	markingperc	obstructions	obstructionsperc	dropoffc	dropoffcperc	dropoffb	dropoffbperc	publicspaces	publicspacesperc	graffiti	graffitiperc	garbage	garbageperc	entrance	entranceperc	device	deviceperc	bikeinfra	bikeinfraperc	caroccupant	caroccupantprop	pedcount	pedcountprop	bikecount	bikecountprop	Other	Otherprop	bussed	enrolment	Bussedprop	ActiveT	ActiveTprop	TotalCount	DanBehaCongestion	DanBehaAdultCrossG	DanBehaChildCrossG	DanBehaDrivDoublePark	DanBehaDrivDropOffOppSide	DanBehaDrivBlockView	DanBehaDrivParkBlock	DanBehaDrivNotFollControls	DanBehaDrivBackUp	DanBehaDrivTexting	DanBehaDrivPhone	DanBehaDrivUTurn	DanBehaTruck	DanBehaPedNotFolControlsA	DanBehaPedNotFolControlsC	DanBehaPedNotFolCrossGA	DanBehaPedNotFolCrossGC	DanBehaPedJayWalkA	DanBehaPedJayWalkC	DanBehaPedDeviceA	DanBehaPedDeviceC	DanBehaPedBetParkCarsA	DanBehaPedBetParkCarsC	ActLivClassEnv	CHASEYEAR	City	Newbussedprop	NewActiveT	NewActiveTProp
"CAL100"	1.0	1.0	0.0	1.0	1.0	5.0	48.0	0.10300000000000001	2.0	0.0	0.8	1.0	1.0	0.0	0.0	1.0	0.6	0.0	0.4	0.0	0.4	0.0	0.4	0.0	0.0	0.0	0.0	1.0	0.6	0.0	0.0	0.0	0.0	1.0	0.2	1.0	0.6	0.0	0.0	1.0	0.6	0.0	0.2	0.0	0.2	1.0	0.6	50.0	0.43478260869565216	59.0	0.5130434782608696	3.0	0.02608695652173913	3.0	0.02608695652173913	0.0	232.0	0.0	62.0	0.5391304347826087	115.0	1.0	1.0	1.0	1.0	1.0	1.0	1.0	1.0	0.0	0.0	1.0	1.0	1.0	0.0	0.0	0.0	0.0	1.0	1.0	0.0	0.0	1.0	1.0	3.0	2018.0	"CAL"	0.035	65.0	0.5652173913043478
"CAL103"	0.0	1.0	0.0	1.0	1.0	5.0	35.0	0.136	2.0	1.0	1.0	1.0	1.0	0.0	0.2	0.0	0.2	1.0	0.8	0.0	0.8	0.0	0.0	0.0	0.0	0.0	0.0	0.0	0.4	0.0	0.0	0.0	0.0	1.0	0.2	0.0	0.2	0.0	0.0	1.0	0.8	0.0	0.2	0.0	0.0	1.0	0.2	54.0	0.574468085106383	32.0	0.3404255319148936	8.0	0.0851063829787234	0.0	0.0	0.0	184.0	0.0	40.0	0.425531914893617	94.0	1.0	1.0	0.0	0.0	1.0	1.0	0.0	1.0	1.0	0.0	0.0	1.0	1.0	0.0	0.0	0.0	0.0	1.0	1.0	1.0	0.0	1.0	1.0	3.0	2018.0	"CAL"	0.07	40.0	0.425531914893617
"CAL104"	0.0	1.0	0.0	0.0	1.0	11.0	49.0	0.073	4.0	1.0	1.0	1.0	1.0	0.0	0.18181818181818182	0.0	0.2727272727272727	1.0	0.9090909090909091	0.0	0.9090909090909091	0.0	0.0	0.0	0.0	0.0	0.0	0.0	0.09090909090909091	1.0	0.09090909090909091	0.0	0.0	1.0	0.09090909090909091	0.0	0.09090909090909091	0.0	0.0	0.0	0.18181818181818182	0.0	0.09090909090909091	0.0	0.09090909090909091	1.0	0.09090909090909091	87.0	0.6541353383458647	43.0	0.3233082706766917	3.0	0.022556390977443608	0.0	0.0	0.0	217.0	0.0	46.0	0.3458646616541353	133.0	1.0	0.0	1.0	1.0	1.0	1.0	1.0	1.0	1.0	1.0	0.0	1.0	1.0	0.0	0.0	0.0	0.0	1.0	1.0	1.0	0.0	1.0	0.0	3.0	2018.0	"CAL"	0.09	46.0	0.3458646616541353
"CAL107"	1.0	1.0	0.0	0.0	1.0	12.0	46.0	0.32899999999999996	2.0	0.0	0.8333333333333334	1.0	1.0	0.0	0.25	1.0	0.6666666666666666	1.0	0.6666666666666666	0.0	0.8333333333333334	0.0	0.0	0.0	0.0	0.0	0.0	1.0	0.6666666666666666	0.0	0.0	0.0	0.0	1.0	0.25	1.0	0.25	0.0	0.08333333333333333	1.0	0.6666666666666666	0.0	0.08333333333333333	0.0	0.08333333333333333	1.0	0.08333333333333333	73.0	0.5367647058823529	58.0	0.4264705882352941	5.0	0.03676470588235294	0.0	0.0	0.0	293.0	0.0	63.0	0.4632352941176471	136.0	1.0	0.0	1.0	1.0	1.0	1.0	1.0	1.0	0.0	0.0	0.0	1.0	0.0	0.0	0.0	1.0	1.0	1.0	1.0	1.0	1.0	0.0	0.0	3.0	2018.0	"CAL"	0.035	63.0	0.4632352941176471
"CAL109"	0.0	1.0	0.0	1.0	1.0	5.0	48.0	0.18899999999999997	2.0	1.0	1.0	1.0	1.0	0.0	0.2	0.0	0.4	1.0	0.6	0.0	0.8	0.0	0.0	0.0	0.0	0.0	0.0	1.0	0.6	0.0	0.0	0.0	0.0	1.0	0.2	0.0	0.2	0.0	0.0	1.0	0.6	0.0	0.2	0.0	0.2	0.0	0.0	59.0	0.6344086021505376	34.0	0.3655913978494624	0.0	0.0	0.0	0.0	0.0	250.0	0.0	34.0	0.3655913978494624	93.0	0.0	1.0	1.0	1.0	1.0	1.0	0.0	0.0	0.0	0.0	0.0	1.0	1.0	0.0	0.0	0.0	0.0	0.0	1.0	0.0	0.0	0.0	1.0	3.0	2018.0	"CAL"	0.05	34.0	0.3655913978494624
"CAL113"	0.0	1.0	0.0	1.0	1.0	3.0	51.0	0.068	3.0	0.0	0.6666666666666666	1.0	1.0	0.0	0.3333333333333333	1.0	1.0	1.0	0.6666666666666666	0.0	0.6666666666666666	0.0	0.0	0.0	0.0	0.0	0.0	0.0	0.3333333333333333	0.0	0.0	1.0	0.3333333333333333	1.0	0.6666666666666666	1.0	0.3333333333333333	0.0	0.0	0.0	0.0	1.0	0.6666666666666666	0.0	0.0	1.0	0.3333333333333333	104.0	0.5279187817258884	55.0	0.27918781725888325	27.0	0.13705583756345177	11.0	0.05583756345177665	0.0	543.0	0.0	82.0	0.41624365482233505	197.0	1.0	0.0	1.0	1.0	1.0	1.0	0.0	0.0	1.0	0.0	0.0	1.0	1.0	0.0	0.0	0.0	0.0	1.0	1.0	0.0	0.0	1.0	1.0	2.0	2018.0	"CAL"	0.175	93.0	0.4720812182741117
"CAL122"	1.0	1.0	0.0	1.0	1.0	4.0	53.0	0.04	3.0	1.0	1.0	1.0	1.0	0.0	0.0	1.0	0.5	0.0	0.0	0.0	0.0	0.0	0.0	0.0	0.0	0.0	0.0	1.0	0.75	1.0	0.5	0.0	0.0	1.0	0.5	0.0	0.0	0.0	0.0	1.0	0.25	1.0	0.5	0.0	0.0	1.0	0.5	48.0	0.22748815165876776	93.0	0.44075829383886256	56.0	0.26540284360189575	14.0	0.06635071090047394	0.0	383.0	0.0	149.0	0.7061611374407583	211.0	1.0	0.0	0.0	1.0	1.0	0.0	0.0	0.0	0.0	0.0	0.0	0.0	1.0	0.0	0.0	0.0	0.0	0.0	1.0	0.0	0.0	0.0	1.0	2.0	2018.0	"CAL"	0.0125	163.0	0.7725118483412322
"CAL124"	0.0	1.0	0.0	0.0	1.0	4.0	72.0	0.09	4.0	0.0	0.75	1.0	1.0	0.0	0.0	0.0	0.25	0.0	0.25	0.0	0.25	0.0	0.25	0.0	0.0	0.0	0.0	1.0	0.5	0.0	0.0	0.0	0.0	1.0	0.25	1.0	0.5	0.0	0.0	1.0	0.75	1.0	0.5	0.0	0.25	1.0	0.25	51.0	0.6375	29.0	0.3625	0.0	0.0	0.0	0.0	0.0	191.0	0.0	29.0	0.3625	80.0	1.0	1.0	1.0	0.0	1.0	1.0	0.0	1.0	1.0	0.0	0.0	1.0	1.0	0.0	0.0	0.0	0.0	0.0	1.0	0.0	0.0	0.0	1.0	3.0	2018.0	"CAL"	0.07	29.0	0.3625
"CAL13"	0.0	1.0	0.0	0.0	1.0	7.0	37.0	0.092	2.0	0.0	0.42857142857142855	0.0	0.8571428571428571	0.0	0.14285714285714285	0.0	0.2857142857142857	1.0	0.5714285714285714	0.0	0.7142857142857143	0.0	0.0	0.0	0.0	0.0	0.0	0.0	0.2857142857142857	0.0	0.0	0.0	0.0	1.0	0.14285714285714285	0.0	0.14285714285714285	0.0	0.0	0.0	0.0	1.0	0.5714285714285714	0.0	0.0	0.0	0.0	79.0	0.6638655462184874	32.0	0.2689075630252101	6.0	0.05042016806722689	2.0	0.01680672268907563	0.0	319.0	0.0	38.0	0.31932773109243695	119.0	0.0	1.0	1.0	0.0	1.0	0.0	0.0	1.0	0.0	0.0	0.0	1.0	1.0	0.0	0.0	0.0	0.0	1.0	1.0	0.0	0.0	0.0	0.0	2.0	2018.0	"CAL"	0.225	40.0	0.33613445378151263
"CAL131"	0.0	1.0	0.0	0.0	1.0	4.0	82.0	0.106	4.0	1.0	1.0	1.0	1.0	1.0	0.75	1.0	1.0	0.0	0.0	0.0	0.0	0.0	0.0	0.0	0.0	0.0	0.0	1.0	0.5	0.0	0.0	1.0	0.25	0.0	0.0	0.0	0.0	0.0	0.0	0.0	0.0	1.0	0.5	1.0	1.0	1.0	1.0	56.0	0.3708609271523179	69.0	0.45695364238410596	22.0	0.1456953642384106	4.0	0.026490066225165563	0.0	237.0	0.0	91.0	0.6026490066225165	151.0	1.0	0.0	1.0	0.0	1.0	0.0	0.0	1.0	0.0	0.0	0.0	0.0	1.0	0.0	0.0	1.0	0.0	1.0	1.0	0.0	0.0	1.0	1.0	3.0	2018.0	"CAL"	0.0125	95.0	0.6291390728476821
"CAL132"	0.0	1.0	0.0	0.0	1.0	5.0	59.0	0.067	3.0	0.0	0.75	1.0	1.0	1.0	0.5	1.0	0.5	0.0	0.0	0.0	0.0	0.0	0.0	0.0	0.0	0.0	0.0	1.0	0.5	0.0	0.0	1.0	0.25	1.0	0.5	0.0	0.0	0.0	0.0	1.0	0.25	1.0	0.5	1.0	0.75	1.0	0.25	68.0	0.5354330708661418	49.0	0.3858267716535433	9.0	0.07086614173228346	1.0	0.007874015748031496	0.0	324.0	0.0	58.0	0.4566929133858268	127.0	1.0	1.0	1.0	1.0	0.0	1.0	1.0	1.0	0.0	0.0	0.0	1.0	0.0	0.0	0.0	0.0	0.0	0.0	0.0	0.0	0.0	0.0	1.0	3.0	2018.0	"CAL"	0.035	59.0	0.4645669291338583
"CAL150"	0.0	1.0	0.0	0.0	1.0	8.0	55.0	0.098	4.0	0.0	0.5	1.0	1.0	1.0	0.875	1.0	0.875	0.0	0.0	0.0	0.0	0.0	0.0	0.0	0.0	0.0	0.0	0.0	0.375	0.0	0.0	0.0	0.0	0.0	0.0	1.0	0.375	0.0	0.0	1.0	0.375	0.0	0.25	0.0	0.25	0.0	0.0	45.0	0.6164383561643836	23.0	0.3150684931506849	5.0	0.0684931506849315	0.0	0.0	0.0	129.0	0.0	28.0	0.3835616438356164	73.0	0.0	0.0	0.0	0.0	1.0	0.0	1.0	1.0	1.0	0.0	0.0	1.0	1.0	0.0	0.0	0.0	0.0	1.0	1.0	0.0	0.0	0.0	0.0	2.0	2018.0	"CAL"	0.035	28.0	0.3835616438356164
"CAL153"	0.0	1.0	0.0	0.0	1.0	4.0	71.0	0.037000000000000005	3.0	0.0	0.75	1.0	1.0	0.0	0.0	1.0	0.5	0.0	0.0	0.0	0.0	0.0	0.25	0.0	0.25	0.0	0.0	0.0	0.25	0.0	0.0	1.0	0.25	0.0	0.0	0.0	0.0	0.0	0.0	1.0	0.25	0.0	0.25	1.0	0.75	0.0	0.0	58.0	0.34523809523809523	80.0	0.47619047619047616	9.0	0.05357142857142857	21.0	0.125	0.0	188.0	0.0	89.0	0.5297619047619048	168.0	0.0	0.0	0.0	0.0	1.0	1.0	0.0	1.0	1.0	0.0	0.0	1.0	0.0	0.0	0.0	0.0	0.0	1.0	1.0	1.0	0.0	0.0	0.0	2.0	2018.0	"CAL"	0.005	110.0	0.6547619047619048
"CAL157"	0.0	1.0	0.0	1.0	1.0	4.0	60.0	0.092	4.0	1.0	1.0	1.0	1.0	0.0	0.0	1.0	0.5	0.0	0.0	0.0	0.0	0.0	0.0	0.0	0.0	0.0	0.0	0.0	0.25	0.0	0.0	0.0	0.0	1.0	0.25	1.0	0.25	1.0	0.25	0.0	0.0	1.0	0.5	0.0	0.0	0.0	0.0	65.0	0.6190476190476191	34.0	0.3238095238095238	6.0	0.05714285714285714	0.0	0.0	0.0	179.0	0.0	40.0	0.38095238095238093	105.0	0.0	0.0	0.0	1.0	1.0	0.0	1.0	0.0	0.0	0.0	0.0	1.0	0.0	0.0	0.0	0.0	0.0	1.0	1.0	0.0	0.0	1.0	1.0	2.0	2018.0	"CAL"	0.07	40.0	0.38095238095238093
"CAL163"	0.0	0.0	0.0	0.0	1.0	4.0	97.0	0.08900000000000001	4.0	1.0	1.0	1.0	1.0	1.0	1.0	1.0	1.0	0.0	0.0	0.0	0.0	0.0	0.0	0.0	0.0	0.0	0.0	1.0	0.5	0.0	0.0	0.0	0.0	1.0	0.25	0.0	0.0	1.0	0.75	1.0	1.0	1.0	0.75	0.0	0.25	1.0	0.5	38.0	0.2814814814814815	94.0	0.6962962962962963	1.0	0.007407407407407408	2.0	0.014814814814814815	0.0	339.0	0.0	95.0	0.7037037037037037	135.0	1.0	0.0	0.0	1.0	1.0	1.0	0.0	0.0	1.0	0.0	1.0	0.0	1.0	0.0	0.0	0.0	0.0	0.0	1.0	1.0	0.0	0.0	1.0	5.0	2018.0	"CAL"	0.175	97.0	0.7185185185185186
"CAL165"	1.0	1.0	0.0	1.0	1.0	4.0	66.0	0.13	4.0	1.0	1.0	1.0	1.0	1.0	0.5	1.0	0.75	0.0	0.0	0.0	0.0	0.0	0.0	0.0	0.0	0.0	0.0	1.0	0.5	0.0	0.0	0.0	0.0	1.0	0.5	0.0	0.0	0.0	0.0	0.0	0.0	1.0	0.75	1.0	1.0	1.0	1.0	77.0	0.5746268656716418	36.0	0.26865671641791045	19.0	0.1417910447761194	2.0	0.014925373134328358	0.0	318.0	0.0	55.0	0.41044776119402987	134.0	0.0	0.0	0.0	1.0	1.0	0.0	1.0	0.0	0.0	0.0	0.0	0.0	0.0	0.0	0.0	0.0	0.0	1.0	1.0	0.0	0.0	1.0	1.0	3.0	2018.0	"CAL"	0.07	57.0	0.4253731343283582
"CAL174"	1.0	1.0	0.0	1.0	1.0	2.0	53.0	0.052000000000000005	3.0	1.0	1.0	1.0	1.0	1.0	1.0	1.0	1.0	1.0	0.5	0.0	0.5	0.0	0.0	0.0	0.0	0.0	0.0	1.0	1.0	1.0	0.5	1.0	0.5	0.0	0.0	1.0	0.5	0.0	0.0	0.0	0.0	1.0	0.5	1.0	0.5	1.0	0.5	63.0	0.7590361445783133	14.0	0.1686746987951807	6.0	0.07228915662650602	0.0	0.0	0.0	400.0	0.0	20.0	0.24096385542168675	83.0	1.0	1.0	1.0	1.0	1.0	1.0	1.0	0.0	0.0	0.0	0.0	1.0	0.0	0.0	0.0	0.0	0.0	1.0	1.0	0.0	0.0	1.0	1.0	2.0	2018.0	"CAL"	0.275	20.0	0.24096385542168675
"CAL178"	1.0	1.0	0.0	1.0	1.0	9.0	51.0	0.087	4.0	0.0	0.6666666666666666	1.0	1.0	0.0	0.1111111111111111	0.0	0.3333333333333333	0.0	0.1111111111111111	0.0	0.2222222222222222	0.0	0.0	0.0	0.0	0.0	0.0	0.0	0.2222222222222222	1.0	0.1111111111111111	0.0	0.0	1.0	0.1111111111111111	1.0	0.4444444444444444	0.0	0.1111111111111111	1.0	0.3333333333333333	1.0	0.5555555555555556	0.0	0.1111111111111111	0.0	0.0	9.0	0.20454545454545456	22.0	0.5	6.0	0.13636363636363635	7.0	0.1590909090909091	0.0	114.0	0.0	28.0	0.6363636363636364	44.0	0.0	1.0	0.0	0.0	0.0	1.0	0.0	1.0	1.0	0.0	0.0	1.0	1.0	0.0	0.0	0.0	0.0	0.0	0.0	0.0	0.0	0.0	0.0	1.0	2018.0	"CAL"	0.005	35.0	0.7954545454545454
"CAL180"	0.0	1.0	0.0	1.0	1.0	7.0	35.0	0.078	2.0	0.0	0.5714285714285714	0.0	0.8571428571428571	0.0	0.0	0.0	0.42857142857142855	0.0	0.42857142857142855	0.0	0.8571428571428571	0.0	0.0	0.0	0.0	0.0	0.0	0.0	0.14285714285714285	0.0	0.0	0.0	0.0	1.0	0.14285714285714285	1.0	0.42857142857142855	0.0	0.14285714285714285	0.0	0.14285714285714285	0.0	0.14285714285714285	0.0	0.2857142857142857	1.0	0.5714285714285714	49.0	0.3081761006289308	57.0	0.3584905660377358	27.0	0.16981132075471697	26.0	0.16352201257861634	0.0	353.0	0.0	84.0	0.5283018867924528	159.0	1.0	0.0	1.0	0.0	1.0	1.0	0.0	1.0	1.0	1.0	0.0	1.0	1.0	0.0	0.0	0.0	0.0	1.0	1.0	0.0	0.0	0.0	0.0	2.0	2018.0	"CAL"	0.09	110.0	0.6918238993710691
"CAL181"	0.0	1.0	0.0	0.0	1.0	4.0	50.0	0.11900000000000001	4.0	0.0	0.75	1.0	1.0	0.0	0.0	0.0	0.25	1.0	0.5	1.0	1.0	0.0	0.0	0.0	0.0	0.0	0.0	1.0	0.5	0.0	0.0	1.0	0.25	0.0	0.0	1.0	0.25	0.0	0.0	1.0	1.0	1.0	0.5	0.0	0.25	1.0	0.25	77.0	0.36666666666666664	121.0	0.5761904761904761	11.0	0.05238095238095238	1.0	0.004761904761904762	0.0	685.0	0.0	132.0	0.6285714285714286	210.0	1.0	1.0	0.0	1.0	1.0	1.0	1.0	0.0	0.0	0.0	0.0	1.0	1.0	0.0	0.0	0.0	0.0	1.0	1.0	0.0	0.0	1.0	1.0	3.0	2018.0	"CAL"	0.05	133.0	0.6333333333333333
"CAL182"	1.0	0.0	0.0	1.0	1.0	6.0	79.0	0.191	4.0	0.0	0.6666666666666666	1.0	1.0	0.0	0.16666666666666666	1.0	0.5	1.0	0.5	0.0	0.6666666666666666	0.0	0.0	0.0	0.0	0.0	0.0	1.0	0.5	1.0	0.8333333333333334	0.0	0.0	1.0	0.16666666666666666	0.0	0.0	0.0	0.0	1.0	1.0	0.0	0.3333333333333333	0.0	0.16666666666666666	0.0	0.0	76.0	0.5467625899280576	61.0	0.43884892086330934	2.0	0.014388489208633094	0.0	0.0	0.0	179.0	0.0	63.0	0.45323741007194246	139.0	0.0	0.0	1.0	1.0	1.0	1.0	0.0	0.0	0.0	0.0	0.0	1.0	0.0	0.0	0.0	0.0	0.0	1.0	1.0	0.0	0.0	1.0	1.0	3.0	2018.0	"CAL"	0.0	63.0	0.45323741007194246
"CAL183"	1.0	1.0	0.0	1.0	1.0	2.0	76.0	0.191	4.0	0.0	0.75	1.0	1.0	0.0	0.0	1.0	0.5	0.0	0.25	1.0	1.0	0.0	0.0	0.0	0.0	0.0	0.0	0.0	0.25	0.0	0.0	0.0	0.0	1.0	0.25	0.0	0.0	0.0	0.0	1.0	0.75	1.0	0.5	0.0	0.25	1.0	0.25	59.0	0.4244604316546763	80.0	0.5755395683453237	0.0	0.0	0.0	0.0	0.0	226.0	0.0	80.0	0.5755395683453237	139.0	1.0	0.0	0.0	0.0	1.0	1.0	0.0	1.0	1.0	0.0	0.0	1.0	1.0	1.0	1.0	0.0	0.0	1.0	1.0	0.0	0.0	1.0	1.0	3.0	2018.0	"CAL"	0.0275	80.0	0.5755395683453237
"CAL191"	0.0	1.0	0.0	0.0	1.0	7.0	14.0	0.092	2.0	0.0	0.8571428571428571	1.0	1.0	0.0	0.14285714285714285	0.0	0.42857142857142855	1.0	0.8571428571428571	1.0	1.0	0.0	0.0	0.0	0.0	0.0	0.0	1.0	0.5714285714285714	1.0	0.14285714285714285	1.0	0.14285714285714285	1.0	0.14285714285714285	1.0	0.2857142857142857	0.0	0.0	1.0	0.7142857142857143	0.0	0.2857142857142857	1.0	1.0	1.0	1.0	136.0	0.5506072874493927	105.0	0.4251012145748988	6.0	0.024291497975708502	0.0	0.0	0.0	604.0	0.0	111.0	0.4493927125506073	247.0	1.0	1.0	0.0	0.0	1.0	1.0	1.0	1.0	1.0	0.0	1.0	1.0	1.0	0.0	0.0	1.0	1.0	1.0	1.0	1.0	0.0	0.0	0.0	1.0	2018.0	"CAL"	0.125	111.0	0.4493927125506073
"CAL194"	0.0	1.0	0.0	1.0	1.0	4.0	51.0	0.043	3.0	1.0	1.0	1.0	1.0	0.0	0.0	1.0	0.5	1.0	0.75	0.0	0.75	0.0	0.0	0.0	0.0	0.0	0.0	1.0	0.5	0.0	0.0	1.0	0.25	0.0	0.0	1.0	0.75	0.0	0.0	1.0	0.25	0.0	0.25	1.0	1.0	1.0	1.0	127.0	0.7341040462427746	35.0	0.2023121387283237	11.0	0.06358381502890173	0.0	0.0	0.0	432.0	0.0	46.0	0.2658959537572254	173.0	1.0	0.0	0.0	0.0	0.0	1.0	1.0	1.0	1.0	0.0	0.0	0.0	1.0	0.0	0.0	0.0	0.0	0.0	0.0	0.0	0.0	0.0	0.0	2.0	2018.0	"CAL"	0.5	46.0	0.2658959537572254
"CAL20"	1.0	1.0	1.0	1.0	1.0	4.0	22.0	0.047	1.0	1.0	1.0	1.0	1.0	0.0	0.0	0.0	0.25	1.0	0.75	0.0	0.75	1.0	0.5	0.0	0.25	0.0	0.25	1.0	0.5	0.0	0.0	1.0	0.25	1.0	0.25	0.0	0.0	0.0	0.0	1.0	0.25	0.0	0.25	1.0	1.0	1.0	1.0	177.0	0.580327868852459	118.0	0.38688524590163936	10.0	0.03278688524590164	0.0	0.0	0.0	674.0	0.0	128.0	0.419672131147541	305.0	1.0	0.0	1.0	1.0	0.0	1.0	0.0	1.0	1.0	0.0	0.0	1.0	1.0	0.0	0.0	0.0	0.0	1.0	0.0	0.0	0.0	0.0	0.0	3.0	2018.0	"CAL"	0.275	128.0	0.419672131147541
"CAL200"	0.0	1.0	0.0	0.0	1.0	7.0	27.0	0.033	1.0	0.0	0.2857142857142857	0.0	0.7142857142857143	0.0	0.0	0.0	0.14285714285714285	0.0	0.14285714285714285	0.0	0.7142857142857143	0.0	0.0	0.0	0.0	0.0	0.0	0.0	0.2857142857142857	1.0	0.2857142857142857	0.0	0.0	1.0	0.14285714285714285	0.0	0.14285714285714285	0.0	0.0	0.0	0.0	0.0	0.2857142857142857	0.0	0.14285714285714285	1.0	0.14285714285714285	108.0	0.5714285714285714	57.0	0.30158730158730157	22.0	0.1164021164021164	2.0	0.010582010582010581	0.0	374.0	0.0	79.0	0.41798941798941797	189.0	1.0	0.0	0.0	1.0	1.0	1.0	0.0	1.0	1.0	1.0	0.0	1.0	1.0	0.0	0.0	0.0	0.0	1.0	1.0	1.0	0.0	1.0	1.0	2.0	2018.0	"CAL"	0.225	81.0	0.42857142857142855
"CAL202"	0.0	1.0	0.0	1.0	1.0	4.0	58.0	0.196	4.0	0.0	0.75	1.0	1.0	1.0	0.5	1.0	0.75	0.0	0.25	0.0	0.25	0.0	0.0	0.0	0.0	0.0	0.0	0.0	0.25	0.0	0.0	0.0	0.0	1.0	0.25	0.0	0.0	0.0	0.0	0.0	0.0	1.0	0.75	1.0	1.0	1.0	1.0	56.0	0.5957446808510638	38.0	0.40425531914893614	0.0	0.0	0.0	0.0	0.0	188.0	0.0	38.0	0.40425531914893614	94.0	1.0	0.0	0.0	1.0	1.0	1.0	0.0	0.0	0.0	0.0	0.0	1.0	1.0	0.0	0.0	0.0	0.0	1.0	1.0	1.0	0.0	0.0	0.0	3.0	2018.0	"CAL"	0.125	38.0	0.40425531914893614
"CAL205"	0.0	1.0	0.0	0.0	1.0	4.0	28.0	0.034	1.0	1.0	1.0	1.0	1.0	0.0	0.3333333333333333	0.0	0.3333333333333333	1.0	0.6666666666666666	1.0	1.0	0.0	0.0	0.0	0.0	0.0	0.0	1.0	0.6666666666666666	0.0	0.0	1.0	0.3333333333333333	1.0	0.3333333333333333	1.0	0.6666666666666666	0.0	0.0	0.0	0.0	0.0	0.3333333333333333	0.0	0.0	0.0	0.0	78.0	0.6341463414634146	21.0	0.17073170731707318	23.0	0.18699186991869918	1.0	0.008130081300813009	0.0	201.0	0.0	44.0	0.35772357723577236	123.0	1.0	0.0	0.0	1.0	1.0	1.0	1.0	1.0	0.0	0.0	0.0	0.0	1.0	0.0	0.0	0.0	0.0	1.0	1.0	1.0	0.0	0.0	1.0	2.0	2018.0	"CAL"	0.09	45.0	0.36585365853658536
"CAL208"	0.0	1.0	0.0	0.0	1.0	4.0	49.0	0.07200000000000001	3.0	0.0	0.5	1.0	1.0	0.0	0.25	1.0	0.5	0.0	0.0	0.0	0.5	0.0	0.0	0.0	0.0	0.0	0.0	1.0	1.0	0.0	0.0	0.0	0.0	1.0	0.25	1.0	0.75	0.0	0.0	0.0	0.0	1.0	0.5	1.0	0.5	1.0	0.25	68.0	0.4857142857142857	42.0	0.3	19.0	0.1357142857142857	11.0	0.07857142857142857	0.0	379.0	0.0	61.0	0.4357142857142857	140.0	0.0	0.0	0.0	0.0	1.0	0.0	0.0	1.0	0.0	0.0	0.0	1.0	1.0	0.0	0.0	0.0	0.0	1.0	1.0	0.0	0.0	0.0	0.0	3.0	2018.0	"CAL"	0.225	72.0	0.5142857142857142
"CAL209"	1.0	1.0	0.0	1.0	1.0	4.0	64.0	0.099	4.0	0.0	0.5	1.0	1.0	0.0	0.25	0.0	0.25	1.0	0.5	1.0	1.0	0.0	0.0	0.0	0.0	0.0	0.0	1.0	0.5	0.0	0.0	0.0	0.0	1.0	0.25	1.0	0.25	1.0	0.25	1.0	0.75	0.0	0.25	0.0	0.25	1.0	0.25	67.0	0.4110429447852761	83.0	0.50920245398773	6.0	0.03680981595092025	7.0	0.04294478527607362	0.0	331.0	0.0	89.0	0.5460122699386503	163.0	1.0	0.0	1.0	1.0	1.0	1.0	1.0	1.0	1.0	0.0	0.0	1.0	1.0	1.0	1.0	0.0	0.0	1.0	1.0	1.0	0.0	1.0	1.0	3.0	2018.0	"CAL"	0.09	96.0	0.588957055214724
"CAL211"	0.0	1.0	0.0	0.0	1.0	5.0	61.0	0.161	4.0	0.0	0.4	0.0	0.8	0.0	0.2	0.0	0.4	1.0	1.0	1.0	1.0	0.0	0.2	0.0	0.0	0.0	0.0	0.0	0.4	1.0	0.4	0.0	0.0	1.0	0.2	0.0	0.0	0.0	0.2	0.0	0.2	0.0	0.2	0.0	0.2	0.0	0.0	97.0	0.6510067114093959	43.0	0.28859060402684567	9.0	0.06040268456375839	0.0	0.0	0.0	411.0	0.0	52.0	0.348993288590604	149.0	1.0	1.0	1.0	1.0	1.0	1.0	1.0	1.0	0.0	0.0	0.0	1.0	1.0	0.0	0.0	0.0	0.0	1.0	1.0	1.0	0.0	0.0	1.0	3.0	2018.0	"CAL"	0.0275	52.0	0.348993288590604
"CAL213"	0.0	1.0	0.0	1.0	0.0	3.0	34.0	0.042	1.0	0.0	0.5	1.0	1.0	0.0	0.0	1.0	0.5	1.0	0.6666666666666666	1.0	1.0	0.0	0.0	0.0	0.0	0.0	0.0	0.0	0.16666666666666666	1.0	0.2	1.0	0.16666666666666666	1.0	0.2	0.0	0.2	0.0	0.2	1.0	0.4	0.0	0.2	0.0	0.2	1.0	0.2	190.0	0.6859205776173285	84.0	0.30324909747292417	3.0	0.010830324909747292	0.0	0.0	0.0	499.0	0.0	87.0	0.3140794223826715	277.0	1.0	0.0	1.0	1.0	1.0	1.0	0.0	1.0	1.0	1.0	1.0	1.0	1.0	0.0	0.0	0.0	0.0	1.0	1.0	1.0	0.0	1.0	1.0	2.0	2018.0	"CAL"	0.125	87.0	0.3140794223826715
"CAL215"	0.0	1.0	0.0	0.0	1.0	5.0	45.0	0.09300000000000001	2.0	0.0	0.4	1.0	1.0	0.0	0.0	0.0	0.2	0.0	0.2	1.0	1.0	0.0	0.0	0.0	0.0	0.0	0.0	1.0	0.6	1.0	0.2	0.0	0.0	1.0	0.2	1.0	0.4	0.0	0.0	1.0	1.0	0.0	0.4	0.0	0.0	0.0	0.0	72.0	0.6605504587155964	35.0	0.3211009174311927	2.0	0.01834862385321101	0.0	0.0	0.0	301.0	0.0	37.0	0.3394495412844037	109.0	0.0	0.0	1.0	1.0	1.0	1.0	1.0	1.0	1.0	0.0	0.0	1.0	1.0	0.0	0.0	0.0	0.0	1.0	1.0	1.0	0.0	0.0	1.0	3.0	2018.0	"CAL"	0.0275	37.0	0.3394495412844037
"CAL218"	1.0	1.0	0.0	1.0	1.0	11.0	8.0	0.051	1.0	0.0	0.2727272727272727	0.0	0.9090909090909091	0.0	0.0	0.0	0.18181818181818182	1.0	0.9090909090909091	1.0	1.0	0.0	0.0	0.0	0.0	0.0	0.0	0.0	0.45454545454545453	0.0	0.0	0.0	0.0	1.0	0.18181818181818182	0.0	0.09090909090909091	0.0	0.0	0.0	0.09090909090909091	0.0	0.18181818181818182	0.0	0.0	0.0	0.0	123.0	0.5	98.0	0.3983739837398374	20.0	0.08130081300813008	5.0	0.02032520325203252	0.0	643.0	0.0	118.0	0.4796747967479675	246.0	1.0	1.0	1.0	0.0	1.0	0.0	1.0	1.0	0.0	0.0	0.0	1.0	0.0	0.0	0.0	0.0	0.0	1.0	1.0	0.0	1.0	1.0	1.0	2.0	2018.0	"CAL"	0.225	123.0	0.5
"CAL228"	1.0	1.0	0.0	1.0	1.0	12.0	66.0	0.14800000000000002	4.0	0.0	0.8461538461538461	1.0	1.0	0.0	0.3076923076923077	1.0	0.6923076923076923	1.0	0.6923076923076923	0.0	0.7692307692307693	0.0	0.0	0.0	0.0	0.0	0.0	0.0	0.46153846153846156	0.0	0.0	1.0	0.07692307692307693	1.0	0.15384615384615385	1.0	0.46153846153846156	0.0	0.15384615384615385	0.0	0.23076923076923078	0.0	0.15384615384615385	0.0	0.3076923076923077	1.0	0.5384615384615384	83.0	0.5724137931034483	59.0	0.4068965517241379	3.0	0.020689655172413793	0.0	0.0	0.0	222.0	0.0	62.0	0.42758620689655175	145.0	1.0	0.0	1.0	1.0	1.0	1.0	1.0	1.0	1.0	1.0	0.0	1.0	0.0	0.0	0.0	0.0	0.0	1.0	1.0	1.0	0.0	1.0	1.0	3.0	2018.0	"CAL"	0.0	62.0	0.42758620689655175
"CAL229"	1.0	1.0	0.0	1.0	1.0	7.0	61.0	0.14800000000000002	4.0	0.0	0.7142857142857143	1.0	1.0	0.0	0.2857142857142857	1.0	0.8571428571428571	1.0	0.5714285714285714	0.0	0.8571428571428571	0.0	0.0	0.0	0.0	0.0	0.0	0.0	0.42857142857142855	0.0	0.0	1.0	0.14285714285714285	1.0	0.2857142857142857	1.0	0.42857142857142855	0.0	0.0	1.0	0.2857142857142857	0.0	0.14285714285714285	0.0	0.0	1.0	0.5714285714285714	117.0	0.6536312849162011	62.0	0.3463687150837989	0.0	0.0	0.0	0.0	0.0	268.0	0.0	62.0	0.3463687150837989	179.0	1.0	1.0	1.0	1.0	1.0	1.0	1.0	1.0	1.0	1.0	0.0	1.0	1.0	0.0	0.0	0.0	0.0	1.0	1.0	0.0	0.0	1.0	1.0	3.0	2018.0	"CAL"	0.0275	62.0	0.3463687150837989
"CAL235"	0.0	1.0	0.0	0.0	1.0	4.0	87.0	0.107	4.0	0.0	0.5	1.0	1.0	0.0	0.25	1.0	0.5	0.0	0.0	0.0	0.5	0.0	0.0	0.0	0.0	0.0	0.0	0.0	0.0	0.0	0.0	1.0	0.5	0.0	0.0	0.0	0.0	0.0	0.0	1.0	0.75	1.0	0.5	1.0	0.5	1.0	0.5	38.0	0.35514018691588783	37.0	0.34579439252336447	10.0	0.09345794392523364	22.0	0.205607476635514	0.0	156.0	0.0	47.0	0.4392523364485981	107.0	0.0	0.0	0.0	0.0	1.0	0.0	0.0	1.0	1.0	0.0	0.0	1.0	1.0	0.0	1.0	0.0	0.0	1.0	1.0	0.0	0.0	0.0	1.0	4.0	2018.0	"CAL"	0.02	69.0	0.6448598130841121
"CAL239"	0.0	1.0	0.0	1.0	0.0	3.0	59.0	0.09300000000000001	4.0	0.0	0.6666666666666666	1.0	1.0	0.0	0.3333333333333333	1.0	0.6666666666666666	1.0	0.6666666666666666	0.0	0.6666666666666666	0.0	0.0	0.0	0.0	0.0	0.0	1.0	1.0	0.0	0.0	0.0	0.0	1.0	0.3333333333333333	1.0	0.6666666666666666	0.0	0.0	0.0	0.0	0.0	0.3333333333333333	0.0	0.0	1.0	0.6666666666666666	48.0	0.43636363636363634	46.0	0.41818181818181815	14.0	0.12727272727272726	2.0	0.01818181818181818	0.0	274.0	0.0	60.0	0.5454545454545454	110.0	0.0	0.0	0.0	0.0	1.0	1.0	1.0	1.0	1.0	0.0	0.0	1.0	1.0	0.0	0.0	0.0	0.0	1.0	1.0	0.0	0.0	1.0	1.0	2.0	2018.0	"CAL"	0.5	62.0	0.5636363636363636
"CAL241"	1.0	1.0	0.0	1.0	1.0	2.0	73.0	0.107	4.0	0.0	0.6	1.0	1.0	1.0	0.6	1.0	1.0	0.0	0.0	0.0	0.0	0.0	0.0	0.0	0.0	0.0	0.0	1.0	0.8	1.0	0.2	0.0	0.0	1.0	0.6	0.0	0.0	0.0	0.0	0.0	0.0	0.0	0.4	0.0	0.4	1.0	0.6	53.0	0.3333333333333333	66.0	0.41509433962264153	25.0	0.15723270440251572	15.0	0.09433962264150944	0.0	335.0	0.0	91.0	0.5723270440251572	159.0	1.0	1.0	1.0	0.0	1.0	1.0	1.0	1.0	0.0	0.0	1.0	1.0	1.0	0.0	0.0	0.0	0.0	1.0	1.0	0.0	0.0	0.0	0.0	3.0	2018.0	"CAL"	0.005	106.0	0.6666666666666666
"CAL243"	0.0	1.0	0.0	1.0	1.0	4.0	87.0	0.19	4.0	0.0	0.75	1.0	1.0	1.0	0.75	1.0	0.75	0.0	0.25	0.0	0.25	0.0	0.0	0.0	0.0	0.0	0.0	1.0	0.5	0.0	0.0	1.0	0.25	0.0	0.0	1.0	0.75	0.0	0.0	1.0	0.5	0.0	0.25	0.0	0.0	1.0	0.25	81.0	0.5827338129496403	38.0	0.2733812949640288	5.0	0.03597122302158273	15.0	0.1079136690647482	0.0	293.0	0.0	43.0	0.30935251798561153	139.0	1.0	0.0	0.0	1.0	1.0	1.0	1.0	0.0	0.0	0.0	0.0	1.0	1.0	0.0	0.0	0.0	0.0	1.0	1.0	0.0	0.0	1.0	1.0	3.0	2018.0	"CAL"	0.275	58.0	0.4172661870503597
"CAL245"	0.0	1.0	0.0	0.0	1.0	3.0	49.0	0.051	3.0	0.0	0.6666666666666666	1.0	1.0	0.0	0.3333333333333333	1.0	0.6666666666666666	0.0	0.0	0.0	0.0	0.0	0.0	0.0	0.0	0.0	0.0	0.0	0.0	0.0	0.0	0.0	0.0	1.0	0.3333333333333333	0.0	0.0	0.0	0.0	0.0	0.0	1.0	1.0	0.0	0.3333333333333333	0.0	0.0	127.0	0.6614583333333334	40.0	0.20833333333333334	14.0	0.07291666666666667	11.0	0.057291666666666664	0.0	259.0	0.0	54.0	0.28125	192.0	1.0	0.0	0.0	0.0	1.0	1.0	0.0	1.0	1.0	0.0	0.0	1.0	0.0	0.0	0.0	0.0	0.0	1.0	1.0	1.0	0.0	1.0	1.0	3.0	2018.0	"CAL"	0.005	65.0	0.3385416666666667
"CAL258"	1.0	1.0	1.0	1.0	1.0	10.0	23.0	0.032	1.0	0.0	0.8	0.0	0.8	0.0	0.0	0.0	0.4	1.0	0.8	0.0	0.8	0.0	0.0	0.0	0.0	0.0	0.0	0.0	0.2	0.0	0.0	1.0	0.1	1.0	0.2	1.0	0.4	0.0	0.0	0.0	0.2	0.0	0.1	0.0	0.1	0.0	0.0	137.0	0.7873563218390804	23.0	0.13218390804597702	9.0	0.05172413793103448	5.0	0.028735632183908046	0.0	453.0	0.0	32.0	0.1839080459770115	174.0	1.0	0.0	0.0	1.0	1.0	1.0	1.0	1.0	1.0	1.0	0.0	0.0	0.0	0.0	0.0	0.0	0.0	1.0	1.0	1.0	0.0	1.0	1.0	2.0	2018.0	"CAL"	0.175	37.0	0.21264367816091953
"CAL26"	1.0	1.0	0.0	1.0	1.0	4.0	54.0	0.145	4.0	0.0	0.5	1.0	1.0	0.0	0.0	1.0	0.5	0.0	0.0	1.0	1.0	0.0	0.0	0.0	0.0	0.0	0.0	0.0	0.0	0.0	0.0	0.0	0.0	0.0	0.0	1.0	0.5	0.0	0.0	1.0	0.75	1.0	0.5	1.0	1.0	1.0	1.0	92.0	0.6715328467153284	40.0	0.291970802919708	4.0	0.029197080291970802	1.0	0.0072992700729927005	0.0	283.0	0.0	44.0	0.32116788321167883	137.0	1.0	1.0	1.0	1.0	1.0	1.0	0.0	0.0	1.0	0.0	0.0	1.0	1.0	0.0	0.0	0.0	0.0	1.0	1.0	0.0	0.0	0.0	0.0	3.0	2018.0	"CAL"	0.05	45.0	0.3284671532846715
"CAL260"	0.0	1.0	0.0	1.0	0.0	5.0	47.0	0.042	1.0	0.0	0.6	1.0	1.0	0.0	0.0	0.0	0.2	1.0	0.8	1.0	1.0	0.0	0.0	0.0	0.0	0.0	0.0	1.0	0.8	0.0	0.0	0.0	0.0	1.0	0.2	1.0	0.4	0.0	0.0	0.0	0.0	0.0	0.2	0.0	0.2	1.0	0.2	144.0	0.7236180904522613	46.0	0.23115577889447236	9.0	0.04522613065326633	0.0	0.0	0.0	619.0	0.0	55.0	0.27638190954773867	199.0	1.0	0.0	1.0	1.0	1.0	1.0	1.0	1.0	1.0	0.0	0.0	1.0	1.0	0.0	0.0	0.0	0.0	1.0	1.0	1.0	0.0	0.0	1.0	3.0	2018.0	"CAL"	0.275	55.0	0.27638190954773867
"CAL266"	1.0	1.0	0.0	0.0	1.0	10.0	67.0	0.035	3.0	0.0	0.6	0.0	0.8	0.0	0.0	1.0	0.6	0.0	0.4	0.0	0.8	0.0	0.0	0.0	0.0	0.0	0.0	0.0	0.2	0.0	0.0	1.0	0.2	1.0	0.1	0.0	0.2	0.0	0.0	0.0	0.0	0.0	0.3	0.0	0.1	1.0	0.1	51.0	0.31097560975609756	68.0	0.4146341463414634	32.0	0.1951219512195122	13.0	0.07926829268292683	0.0	505.0	0.0	100.0	0.6097560975609756	164.0	1.0	1.0	1.0	1.0	1.0	1.0	1.0	1.0	0.0	0.0	0.0	1.0	0.0	0.0	0.0	0.0	0.0	1.0	1.0	0.0	0.0	0.0	1.0	2.0	2018.0	"CAL"	0.175	113.0	0.6890243902439024
"CAL271"	0.0	1.0	0.0	1.0	1.0	8.0	64.0	0.11199999999999999	4.0	0.0	0.625	1.0	1.0	0.0	0.125	0.0	0.25	0.0	0.0	0.0	0.0	0.0	0.0	0.0	0.0	0.0	0.0	0.0	0.25	0.0	0.0	0.0	0.0	1.0	0.125	1.0	0.5	0.0	0.125	0.0	0.0	0.0	0.25	0.0	0.125	1.0	0.25	35.0	0.4861111111111111	32.0	0.4444444444444444	4.0	0.05555555555555555	1.0	0.013888888888888888	0.0	171.0	0.0	36.0	0.5	72.0	0.0	1.0	1.0	0.0	0.0	0.0	1.0	1.0	1.0	0.0	1.0	1.0	1.0	0.0	0.0	1.0	0.0	0.0	0.0	0.0	1.0	0.0	0.0	2.0	2018.0	"CAL"	0.125	37.0	0.5138888888888888
"CAL273"	0.0	1.0	0.0	1.0	1.0	4.0	57.0	0.071	3.0	1.0	1.0	1.0	1.0	0.0	0.0	0.0	0.25	0.0	0.0	0.0	0.0	0.0	0.0	0.0	0.0	0.0	0.0	0.0	0.25	0.0	0.0	0.0	0.0	1.0	0.25	0.0	0.0	0.0	0.0	1.0	0.25	0.0	0.25	0.0	0.0	0.0	0.0	68.0	0.6296296296296297	26.0	0.24074074074074073	14.0	0.12962962962962962	0.0	0.0	0.0	223.0	0.0	40.0	0.37037037037037035	108.0	0.0	0.0	0.0	0.0	1.0	1.0	0.0	0.0	1.0	0.0	0.0	1.0	0.0	0.0	0.0	0.0	0.0	0.0	1.0	0.0	0.0	0.0	1.0	2.0	2018.0	"CAL"	0.125	40.0	0.37037037037037035
"CAL281"	0.0	1.0	0.0	0.0	1.0	2.0	64.0	0.193	4.0	0.0	0.6	1.0	1.0	0.0	0.0	0.0	0.2	0.0	0.0	0.0	0.0	0.0	0.0	0.0	0.0	0.0	0.0	0.0	0.2	0.0	0.0	1.0	0.2	0.0	0.0	0.0	0.2	0.0	0.0	1.0	0.6	0.0	0.4	0.0	0.0	0.0	0.0	85.0	0.6343283582089553	42.0	0.31343283582089554	7.0	0.05223880597014925	0.0	0.0	0.0	254.0	0.0	49.0	0.3656716417910448	134.0	1.0	1.0	1.0	0.0	1.0	1.0	1.0	0.0	0.0	0.0	0.0	0.0	0.0	0.0	0.0	0.0	0.0	1.0	1.0	1.0	0.0	0.0	0.0	2.0	2018.0	"CAL"	0.005	49.0	0.3656716417910448
"CAL282"	0.0	1.0	0.0	0.0	1.0	6.0	44.0	0.063	1.0	0.0	0.5	1.0	1.0	0.0	0.0	0.0	0.3333333333333333	1.0	0.6666666666666666	0.0	0.6666666666666666	0.0	0.0	0.0	0.0	0.0	0.0	0.0	0.3333333333333333	0.0	0.0	1.0	0.16666666666666666	0.0	0.0	1.0	0.6666666666666666	0.0	0.0	1.0	0.5	0.0	0.3333333333333333	1.0	1.0	1.0	1.0	52.0	0.6341463414634146	29.0	0.35365853658536583	1.0	0.012195121951219513	0.0	0.0	0.0	144.0	0.0	30.0	0.36585365853658536	82.0	0.0	0.0	0.0	0.0	1.0	1.0	0.0	0.0	0.0	0.0	0.0	1.0	0.0	0.0	0.0	0.0	0.0	1.0	1.0	0.0	0.0	0.0	1.0	2.0	2018.0	"CAL"	0.0125	30.0	0.36585365853658536
"CAL289"	1.0	1.0	0.0	1.0	1.0	8.0	51.0	0.10099999999999999	4.0	0.0	0.875	1.0	1.0	0.0	0.0	1.0	0.625	1.0	0.5	0.0	0.75	0.0	0.0	0.0	0.0	0.0	0.0	0.0	0.25	0.0	0.0	1.0	0.125	1.0	0.25	1.0	0.375	0.0	0.0	1.0	0.375	0.0	0.125	0.0	0.25	1.0	0.5	137.0	0.5111940298507462	102.0	0.3805970149253731	27.0	0.10074626865671642	2.0	0.007462686567164179	0.0	519.0	0.0	129.0	0.48134328358208955	268.0	1.0	0.0	1.0	1.0	1.0	1.0	1.0	1.0	1.0	1.0	1.0	1.0	1.0	1.0	1.0	1.0	0.0	1.0	1.0	1.0	0.0	1.0	1.0	3.0	2018.0	"CAL"	0.0125	131.0	0.48880597014925375
"CAL299"	0.0	1.0	0.0	0.0	1.0	8.0	59.0	0.263	4.0	1.0	1.0	1.0	1.0	0.0	0.125	0.0	0.25	1.0	0.5	0.0	0.5	0.0	0.0	0.0	0.0	0.0	0.0	0.0	0.25	0.0	0.0	0.0	0.0	1.0	0.125	0.0	0.125	0.0	0.0	1.0	0.625	0.0	0.125	1.0	1.0	1.0	1.0	21.0	0.5121951219512195	16.0	0.3902439024390244	4.0	0.0975609756097561	0.0	0.0	0.0	181.0	0.0	20.0	0.4878048780487805	41.0	0.0	1.0	1.0	1.0	1.0	1.0	0.0	0.0	0.0	0.0	0.0	0.0	1.0	0.0	0.0	0.0	0.0	0.0	0.0	0.0	0.0	0.0	0.0	3.0	2018.0	"CAL"	0.05	20.0	0.4878048780487805
"CAL30"	0.0	1.0	0.0	0.0	1.0	4.0	70.0	0.05	3.0	0.0	0.5	1.0	1.0	0.0	0.0	0.0	0.25	0.0	0.0	0.0	0.0	0.0	0.0	0.0	0.0	0.0	0.0	1.0	0.75	0.0	0.0	0.0	0.0	1.0	0.25	1.0	0.25	0.0	0.0	1.0	0.25	1.0	0.75	1.0	0.5	1.0	0.25	70.0	0.6422018348623854	34.0	0.3119266055045872	5.0	0.045871559633027525	0.0	0.0	0.0	245.0	0.0	39.0	0.3577981651376147	109.0	0.0	0.0	0.0	1.0	1.0	1.0	0.0	0.0	1.0	1.0	0.0	0.0	0.0	0.0	0.0	0.0	0.0	1.0	1.0	1.0	0.0	1.0	1.0	3.0	2018.0	"CAL"	0.0125	39.0	0.3577981651376147
"CAL300"	0.0	1.0	0.0	0.0	1.0	13.0	53.0	0.07	3.0	0.0	0.38461538461538464	0.0	0.8461538461538461	0.0	0.07692307692307693	0.0	0.07692307692307693	1.0	0.8461538461538461	0.0	0.9230769230769231	0.0	0.0	0.0	0.0	0.0	0.0	0.0	0.15384615384615385	0.0	0.0	0.0	0.0	1.0	0.07692307692307693	0.0	0.23076923076923078	0.0	0.0	0.0	0.15384615384615385	0.0	0.07692307692307693	0.0	0.0	1.0	0.15384615384615385	64.0	0.5203252032520326	55.0	0.44715447154471544	2.0	0.016260162601626018	2.0	0.016260162601626018	0.0	200.0	0.0	57.0	0.4634146341463415	123.0	0.0	0.0	1.0	0.0	1.0	1.0	0.0	0.0	0.0	0.0	0.0	1.0	1.0	0.0	0.0	0.0	1.0	1.0	1.0	1.0	0.0	0.0	0.0	2.0	2018.0	"CAL"	0.0	59.0	0.4796747967479675
"CAL301"	0.0	1.0	0.0	0.0	1.0	8.0	24.0	0.053	1.0	0.0	0.125	1.0	1.0	0.0	0.0	0.0	0.0	1.0	0.5	1.0	1.0	0.0	0.0	0.0	0.0	0.0	0.0	0.0	0.25	0.0	0.0	0.0	0.0	0.0	0.0	1.0	0.25	0.0	0.0	1.0	0.25	0.0	0.125	0.0	0.0	0.0	0.0	88.0	0.5176470588235295	57.0	0.3352941176470588	24.0	0.1411764705882353	1.0	0.0058823529411764705	0.0	264.0	0.0	81.0	0.4764705882352941	170.0	1.0	0.0	0.0	1.0	1.0	1.0	0.0	0.0	0.0	0.0	0.0	1.0	1.0	0.0	0.0	0.0	0.0	1.0	1.0	0.0	0.0	0.0	0.0	3.0	2018.0	"CAL"	0.02	82.0	0.4823529411764706
"CAL313"	1.0	1.0	0.0	1.0	1.0	9.0	51.0	0.10800000000000001	4.0	0.0	0.8888888888888888	1.0	1.0	0.0	0.0	0.0	0.3333333333333333	1.0	0.5555555555555556	0.0	0.7777777777777778	0.0	0.0	0.0	0.0	0.0	0.0	1.0	0.5555555555555556	0.0	0.0	0.0	0.0	1.0	0.1111111111111111	1.0	0.4444444444444444	0.0	0.0	0.0	0.2222222222222222	0.0	0.1111111111111111	0.0	0.0	1.0	0.1111111111111111	111.0	0.6235955056179775	63.0	0.3539325842696629	4.0	0.02247191011235955	0.0	0.0	0.0	408.0	0.0	67.0	0.37640449438202245	178.0	1.0	0.0	0.0	1.0	1.0	1.0	1.0	1.0	1.0	1.0	1.0	1.0	0.0	0.0	0.0	0.0	0.0	1.0	1.0	1.0	1.0	1.0	1.0	3.0	2018.0	"CAL"	0.035	67.0	0.37640449438202245
"CAL316"	0.0	1.0	0.0	1.0	1.0	13.0	58.0	0.124	4.0	0.0	0.3076923076923077	0.0	0.5384615384615384	0.0	0.0	0.0	0.07692307692307693	0.0	0.0	0.0	0.07692307692307693	0.0	0.38461538461538464	0.0	0.38461538461538464	0.0	0.38461538461538464	0.0	0.23076923076923078	1.0	0.15384615384615385	0.0	0.0	1.0	0.07692307692307693	0.0	0.07692307692307693	0.0	0.0	1.0	0.5384615384615384	0.0	0.15384615384615385	0.0	0.15384615384615385	1.0	0.46153846153846156	64.0	0.5517241379310345	45.0	0.3879310344827586	4.0	0.034482758620689655	3.0	0.02586206896551724	0.0	261.0	0.0	49.0	0.4224137931034483	116.0	1.0	0.0	1.0	1.0	1.0	1.0	0.0	0.0	1.0	0.0	0.0	1.0	1.0	0.0	0.0	0.0	0.0	1.0	1.0	0.0	0.0	0.0	0.0	3.0	2018.0	"CAL"	0.05	52.0	0.4482758620689655
"CAL323"	1.0	1.0	0.0	0.0	1.0	10.0	47.0	0.059000000000000004	1.0	1.0	1.0	1.0	1.0	0.0	0.3	1.0	0.5	1.0	0.5	0.0	0.5	0.0	0.0	0.0	0.0	0.0	0.0	1.0	0.5	0.0	0.0	1.0	0.1	1.0	0.2	0.0	0.1	0.0	0.2	1.0	0.4	0.0	0.1	1.0	1.0	1.0	1.0	72.0	0.6206896551724138	36.0	0.3103448275862069	8.0	0.06896551724137931	0.0	0.0	0.0	255.0	0.0	44.0	0.3793103448275862	116.0	1.0	0.0	0.0	1.0	1.0	1.0	1.0	0.0	1.0	1.0	0.0	0.0	0.0	0.0	0.0	0.0	0.0	1.0	1.0	1.0	0.0	1.0	1.0	3.0	2018.0	"CAL"	0.225	44.0	0.3793103448275862
"CAL336"	0.0	1.0	0.0	1.0	1.0	9.0	57.0	0.027000000000000003	3.0	1.0	1.0	1.0	1.0	0.0	0.0	0.0	0.2222222222222222	1.0	0.7777777777777778	0.0	0.7777777777777778	0.0	0.0	0.0	0.0	0.0	0.0	0.0	0.3333333333333333	0.0	0.0	1.0	0.1111111111111111	1.0	0.1111111111111111	0.0	0.2222222222222222	0.0	0.0	0.0	0.0	0.0	0.2222222222222222	0.0	0.2222222222222222	0.0	0.0	89.0	0.5933333333333334	41.0	0.2733333333333333	15.0	0.1	5.0	0.03333333333333333	0.0	368.0	0.0	56.0	0.37333333333333335	150.0	0.0	1.0	1.0	0.0	1.0	0.0	1.0	0.0	0.0	0.0	0.0	1.0	1.0	0.0	0.0	0.0	0.0	1.0	1.0	0.0	0.0	1.0	1.0	2.0	2018.0	"CAL"	0.175	61.0	0.4066666666666667
"CAL342"	0.0	1.0	0.0	1.0	1.0	12.0	29.0	0.040999999999999995	1.0	0.0	0.3333333333333333	0.0	0.8333333333333334	0.0	0.0	0.0	0.25	1.0	0.5833333333333334	0.0	0.75	0.0	0.08333333333333333	0.0	0.0	0.0	0.0	0.0	0.16666666666666666	0.0	0.0	0.0	0.0	1.0	0.16666666666666666	1.0	0.3333333333333333	0.0	0.08333333333333333	0.0	0.08333333333333333	0.0	0.25	1.0	0.5	0.0	0.0	143.0	0.7606382978723404	39.0	0.2074468085106383	6.0	0.031914893617021274	0.0	0.0	0.0	661.0	0.0	45.0	0.2393617021276596	188.0	1.0	1.0	1.0	1.0	0.0	0.0	0.0	1.0	0.0	0.0	0.0	0.0	1.0	0.0	0.0	0.0	0.0	0.0	0.0	1.0	0.0	0.0	0.0	2.0	2018.0	"CAL"	0.225	45.0	0.2393617021276596
"CAL346"	1.0	1.0	0.0	0.0	1.0	7.0	44.0	0.22899999999999998	2.0	0.0	0.7142857142857143	0.0	0.8571428571428571	0.0	0.0	1.0	0.7142857142857143	1.0	0.5714285714285714	0.0	0.7142857142857143	0.0	0.2857142857142857	0.0	0.0	0.0	0.0	0.0	0.2857142857142857	0.0	0.0	0.0	0.0	1.0	0.14285714285714285	1.0	0.2857142857142857	0.0	0.0	0.0	0.0	0.0	0.14285714285714285	0.0	0.2857142857142857	1.0	0.14285714285714285	84.0	0.631578947368421	47.0	0.3533834586466165	2.0	0.015037593984962405	0.0	0.0	0.0	242.0	0.0	49.0	0.3684210526315789	133.0	0.0	0.0	1.0	0.0	0.0	0.0	1.0	1.0	0.0	0.0	0.0	1.0	0.0	0.0	0.0	0.0	0.0	1.0	1.0	0.0	0.0	0.0	0.0	3.0	2018.0	"CAL"	0.0	49.0	0.3684210526315789
"CAL348"	0.0	1.0	0.0	0.0	1.0	7.0	51.0	0.22899999999999998	4.0	1.0	1.0	1.0	1.0	0.0	0.42857142857142855	0.0	0.42857142857142855	1.0	0.7142857142857143	0.0	0.7142857142857143	0.0	0.0	0.0	0.0	0.0	0.0	0.0	0.42857142857142855	0.0	0.0	0.0	0.0	1.0	0.2857142857142857	1.0	0.2857142857142857	0.0	0.0	1.0	0.7142857142857143	0.0	0.2857142857142857	0.0	0.14285714285714285	0.0	0.0	46.0	0.4144144144144144	62.0	0.5585585585585585	2.0	0.018018018018018018	1.0	0.009009009009009009	0.0	529.0	0.0	64.0	0.5765765765765766	111.0	0.0	1.0	1.0	1.0	1.0	1.0	0.0	0.0	0.0	1.0	0.0	0.0	1.0	0.0	0.0	0.0	0.0	1.0	1.0	0.0	0.0	0.0	1.0	3.0	2018.0	"CAL"	0.5	65.0	0.5855855855855856
"CAL357"	0.0	1.0	0.0	0.0	1.0	5.0	40.0	0.051	1.0	0.0	0.8	1.0	1.0	0.0	0.0	1.0	0.6	1.0	1.0	1.0	1.0	0.0	0.0	0.0	0.0	0.0	0.0	1.0	0.8	0.0	0.0	0.0	0.0	1.0	0.2	1.0	0.6	1.0	0.4	0.0	0.2	0.0	0.2	1.0	0.8	0.0	0.0	75.0	0.4437869822485207	80.0	0.47337278106508873	14.0	0.08284023668639054	0.0	0.0	0.0	359.0	0.0	94.0	0.5562130177514792	169.0	1.0	0.0	0.0	1.0	1.0	1.0	1.0	1.0	0.0	0.0	0.0	1.0	1.0	0.0	0.0	0.0	0.0	1.0	1.0	1.0	0.0	1.0	1.0	2.0	2018.0	"CAL"	0.02	94.0	0.5562130177514792
"CAL358"	0.0	1.0	0.0	1.0	0.0	5.0	42.0	0.053	1.0	1.0	1.0	1.0	1.0	0.0	0.0	0.0	0.2	0.0	0.4	0.0	0.6	0.0	0.0	0.0	0.0	0.0	0.0	0.0	0.4	0.0	0.0	0.0	0.0	1.0	0.2	1.0	0.6	0.0	0.0	0.0	0.0	0.0	0.2	0.0	0.0	1.0	0.4	54.0	0.48214285714285715	50.0	0.44642857142857145	6.0	0.05357142857142857	2.0	0.017857142857142856	0.0	239.0	0.0	56.0	0.5	112.0	0.0	0.0	1.0	0.0	1.0	0.0	0.0	0.0	1.0	0.0	0.0	1.0	1.0	0.0	0.0	0.0	0.0	1.0	1.0	0.0	0.0	0.0	1.0	2.0	2018.0	"CAL"	0.0275	58.0	0.5178571428571429
"CAL36"	0.0	1.0	0.0	0.0	1.0	4.0	44.0	0.06	1.0	1.0	1.0	1.0	1.0	0.0	0.25	1.0	0.5	0.0	0.0	0.0	0.0	0.0	0.0	0.0	0.0	0.0	0.0	1.0	0.5	0.0	0.0	1.0	0.25	1.0	0.25	1.0	0.5	1.0	0.25	1.0	0.5	1.0	0.5	1.0	1.0	1.0	1.0	64.0	0.6037735849056604	39.0	0.36792452830188677	3.0	0.02830188679245283	0.0	0.0	0.0	256.0	0.0	42.0	0.39622641509433965	106.0	0.0	0.0	1.0	1.0	1.0	0.0	0.0	1.0	1.0	1.0	0.0	1.0	0.0	0.0	0.0	0.0	0.0	1.0	1.0	1.0	0.0	1.0	1.0	3.0	2018.0	"CAL"	0.125	42.0	0.39622641509433965
"CAL379"	0.0	1.0	0.0	1.0	1.0	9.0	38.0	0.084	3.0	1.0	1.0	1.0	1.0	0.0	0.1111111111111111	1.0	0.5555555555555556	0.0	0.4444444444444444	0.0	0.5555555555555556	0.0	0.1111111111111111	0.0	0.0	0.0	0.0	1.0	0.6666666666666666	0.0	0.0	0.0	0.0	1.0	0.1111111111111111	1.0	0.6666666666666666	0.0	0.0	1.0	0.4444444444444444	0.0	0.2222222222222222	0.0	0.2222222222222222	1.0	0.1111111111111111	108.0	0.6467065868263473	49.0	0.2934131736526946	10.0	0.059880239520958084	0.0	0.0	0.0	242.0	0.0	59.0	0.3532934131736527	167.0	1.0	0.0	0.0	1.0	1.0	1.0	1.0	1.0	1.0	1.0	1.0	1.0	1.0	0.0	0.0	0.0	0.0	1.0	1.0	1.0	0.0	1.0	1.0	3.0	2018.0	"CAL"	0.07	59.0	0.3532934131736527
"CAL384"	0.0	1.0	0.0	1.0	1.0	6.0	62.0	0.10400000000000001	4.0	1.0	1.0	1.0	1.0	0.0	0.0	1.0	0.5	1.0	0.6666666666666666	0.0	0.6666666666666666	0.0	0.16666666666666666	0.0	0.0	0.0	0.0	0.0	0.16666666666666666	1.0	0.3333333333333333	0.0	0.0	1.0	0.16666666666666666	1.0	0.3333333333333333	1.0	0.3333333333333333	1.0	0.6666666666666666	0.0	0.16666666666666666	1.0	1.0	1.0	1.0	90.0	0.5113636363636364	75.0	0.42613636363636365	8.0	0.045454545454545456	3.0	0.017045454545454544	0.0	374.0	0.0	83.0	0.4715909090909091	176.0	1.0	0.0	0.0	1.0	0.0	1.0	1.0	1.0	1.0	1.0	0.0	1.0	1.0	0.0	0.0	0.0	0.0	0.0	0.0	1.0	1.0	1.0	1.0	3.0	2018.0	"CAL"	0.035	86.0	0.48863636363636365
"CAL393"	0.0	1.0	0.0	0.0	1.0	7.0	54.0	0.067	3.0	0.0	0.5714285714285714	1.0	1.0	0.0	0.14285714285714285	0.0	0.14285714285714285	1.0	0.5714285714285714	1.0	1.0	0.0	0.0	0.0	0.0	0.0	0.0	0.0	0.2857142857142857	0.0	0.0	0.0	0.0	0.0	0.0	1.0	0.42857142857142855	0.0	0.0	0.0	0.14285714285714285	0.0	0.14285714285714285	1.0	1.0	1.0	1.0	79.0	0.305019305019305	158.0	0.61003861003861	10.0	0.03861003861003861	12.0	0.04633204633204633	0.0	534.0	0.0	168.0	0.6486486486486487	259.0	1.0	1.0	1.0	1.0	1.0	1.0	0.0	1.0	0.0	0.0	0.0	0.0	1.0	0.0	0.0	0.0	0.0	1.0	1.0	1.0	0.0	1.0	1.0	3.0	2018.0	"CAL"	0.005	180.0	0.694980694980695
"CAL394"	0.0	1.0	0.0	0.0	1.0	5.0	31.0	0.049	1.0	0.0	0.8	1.0	1.0	0.0	0.0	0.0	0.2	1.0	1.0	1.0	1.0	0.0	0.0	0.0	0.0	0.0	0.0	1.0	0.8	0.0	0.0	1.0	0.2	1.0	0.2	0.0	0.2	0.0	0.0	0.0	0.0	0.0	0.4	1.0	1.0	1.0	1.0	72.0	0.3157894736842105	75.0	0.32894736842105265	65.0	0.2850877192982456	16.0	0.07017543859649122	0.0	489.0	0.0	140.0	0.6140350877192983	228.0	1.0	1.0	1.0	1.0	1.0	1.0	0.0	1.0	0.0	1.0	0.0	0.0	1.0	0.0	0.0	0.0	0.0	1.0	1.0	1.0	0.0	0.0	0.0	2.0	2018.0	"CAL"	0.175	156.0	0.6842105263157895
"CAL396"	0.0	1.0	1.0	0.0	1.0	5.0	37.0	0.040999999999999995	1.0	0.0	0.6	1.0	1.0	0.0	0.0	0.0	0.0	1.0	0.8	0.0	0.8	0.0	0.0	0.0	0.0	0.0	0.0	0.0	0.4	1.0	0.2	0.0	0.0	0.0	0.0	0.0	0.2	1.0	0.6	1.0	0.6	0.0	0.4	1.0	0.6	0.0	0.0	86.0	0.3788546255506608	92.0	0.4052863436123348	38.0	0.16740088105726872	11.0	0.048458149779735685	0.0	487.0	0.0	130.0	0.5726872246696035	227.0	1.0	0.0	0.0	1.0	1.0	1.0	1.0	0.0	1.0	0.0	0.0	1.0	0.0	0.0	0.0	0.0	0.0	1.0	1.0	0.0	0.0	1.0	1.0	2.0	2018.0	"CAL"	0.02	141.0	0.6211453744493393
"CAL398"	0.0	1.0	0.0	0.0	1.0	6.0	15.0	0.04	1.0	0.0	0.6666666666666666	1.0	1.0	0.0	0.0	0.0	0.16666666666666666	1.0	0.8333333333333334	1.0	1.0	0.0	0.0	0.0	0.0	0.0	0.0	0.0	0.3333333333333333	1.0	0.3333333333333333	1.0	0.16666666666666666	1.0	0.16666666666666666	1.0	0.3333333333333333	0.0	0.0	0.0	0.0	0.0	0.3333333333333333	0.0	0.0	0.0	0.0	142.0	0.459546925566343	90.0	0.2912621359223301	69.0	0.22330097087378642	8.0	0.025889967637540454	0.0	650.0	0.0	159.0	0.5145631067961165	309.0	1.0	1.0	0.0	1.0	1.0	1.0	0.0	0.0	0.0	0.0	0.0	0.0	1.0	0.0	0.0	0.0	0.0	1.0	1.0	1.0	0.0	0.0	1.0	1.0	2018.0	"CAL"	0.05	167.0	0.540453074433657
"CAL400"	0.0	1.0	0.0	0.0	1.0	9.0	30.0	0.053	1.0	0.0	0.8888888888888888	1.0	1.0	0.0	0.0	0.0	0.2222222222222222	1.0	0.8888888888888888	1.0	1.0	0.0	0.0	0.0	0.0	0.0	0.0	0.0	0.3333333333333333	0.0	0.0	1.0	0.1111111111111111	1.0	0.1111111111111111	0.0	0.1111111111111111	0.0	0.0	1.0	0.4444444444444444	0.0	0.2222222222222222	0.0	0.2222222222222222	0.0	0.0	196.0	0.7538461538461538	61.0	0.23461538461538461	1.0	0.0038461538461538464	2.0	0.007692307692307693	0.0	586.0	0.0	62.0	0.23846153846153847	260.0	1.0	1.0	0.0	1.0	0.0	1.0	1.0	0.0	1.0	0.0	0.0	1.0	1.0	0.0	0.0	1.0	1.0	0.0	0.0	1.0	0.0	0.0	1.0	3.0	2018.0	"CAL"	0.035	64.0	0.24615384615384617
"CAL402"	0.0	1.0	0.0	0.0	1.0	4.0	31.0	0.027000000000000003	1.0	0.0	0.75	1.0	1.0	0.0	0.25	1.0	0.5	0.0	0.25	0.0	0.75	0.0	0.0	0.0	0.0	0.0	0.0	1.0	0.5	1.0	0.25	1.0	0.25	1.0	0.25	1.0	0.25	0.0	0.0	1.0	0.5	1.0	0.75	1.0	0.5	1.0	0.25	101.0	0.4105691056910569	86.0	0.34959349593495936	52.0	0.21138211382113822	7.0	0.028455284552845527	0.0	464.0	0.0	138.0	0.5609756097560976	246.0	1.0	1.0	0.0	1.0	1.0	1.0	1.0	1.0	0.0	0.0	0.0	1.0	1.0	0.0	0.0	0.0	0.0	1.0	1.0	0.0	0.0	1.0	1.0	2.0	2018.0	"CAL"	0.005	145.0	0.5894308943089431
"CAL403"	0.0	1.0	0.0	1.0	0.0	6.0	15.0	0.032	1.0	0.0	0.5	1.0	1.0	0.0	0.0	0.0	0.16666666666666666	1.0	0.8333333333333334	1.0	1.0	0.0	0.0	0.0	0.0	0.0	0.0	0.0	0.16666666666666666	0.0	0.0	0.0	0.0	1.0	0.16666666666666666	1.0	0.5	0.0	0.0	0.0	0.0	0.0	0.0	1.0	1.0	1.0	1.0	98.0	0.784	17.0	0.136	10.0	0.08	0.0	0.0	0.0	193.0	0.0	27.0	0.216	125.0	1.0	0.0	0.0	0.0	1.0	1.0	0.0	1.0	0.0	0.0	0.0	0.0	1.0	0.0	0.0	0.0	0.0	1.0	1.0	1.0	0.0	0.0	0.0	2.0	2018.0	"CAL"	0.05	27.0	0.216
"CAL404"	0.0	1.0	0.0	1.0	1.0	5.0	36.0	0.027999999999999997	1.0	0.0	0.8	0.0	0.8	0.0	0.2	0.0	0.4	1.0	1.0	1.0	1.0	0.0	0.0	0.0	0.0	0.0	0.0	0.0	0.4	0.0	0.0	1.0	0.2	0.0	0.0	1.0	0.8	0.0	0.0	0.0	0.0	0.0	0.2	0.0	0.2	1.0	0.2	102.0	0.51	61.0	0.305	35.0	0.175	2.0	0.01	0.0	451.0	0.0	96.0	0.48	200.0	1.0	0.0	0.0	1.0	1.0	1.0	0.0	0.0	1.0	0.0	0.0	1.0	0.0	0.0	0.0	0.0	0.0	1.0	1.0	0.0	0.0	1.0	1.0	2.0	2018.0	"CAL"	0.225	98.0	0.49
"CAL407"	0.0	1.0	0.0	0.0	1.0	5.0	72.0	0.042	3.0	1.0	1.0	1.0	1.0	0.0	0.0	0.0	0.2	0.0	0.4	1.0	1.0	0.0	0.0	0.0	0.0	0.0	0.0	1.0	0.6	0.0	0.0	0.0	0.0	1.0	0.2	0.0	0.0	0.0	0.0	0.0	0.2	0.0	0.4	1.0	1.0	1.0	1.0	71.0	0.27626459143968873	113.0	0.4396887159533074	51.0	0.19844357976653695	22.0	0.08560311284046693	0.0	556.0	0.0	164.0	0.6381322957198443	257.0	1.0	1.0	0.0	1.0	1.0	1.0	1.0	1.0	0.0	0.0	0.0	0.0	0.0	0.0	0.0	0.0	0.0	1.0	1.0	1.0	0.0	1.0	1.0	3.0	2018.0	"CAL"	0.0125	186.0	0.7237354085603113
"CAL41"	0.0	1.0	0.0	0.0	1.0	4.0	39.0	0.042	1.0	0.0	0.5	1.0	1.0	0.0	0.25	0.0	0.25	1.0	0.75	0.0	0.75	0.0	0.0	0.0	0.0	0.0	0.0	1.0	0.75	0.0	0.0	0.0	0.0	1.0	0.25	0.0	0.0	1.0	0.25	0.0	0.0	0.0	0.25	0.0	0.0	1.0	0.25	70.0	0.6194690265486725	28.0	0.24778761061946902	13.0	0.11504424778761062	2.0	0.017699115044247787	0.0	229.0	0.0	41.0	0.36283185840707965	113.0	1.0	1.0	1.0	0.0	1.0	1.0	0.0	1.0	1.0	0.0	0.0	1.0	1.0	0.0	0.0	0.0	0.0	1.0	1.0	0.0	0.0	1.0	1.0	3.0	2018.0	"CAL"	0.035	43.0	0.3805309734513274
"CAL414"	0.0	0.0	0.0	0.0	1.0	12.0	28.0	0.039	1.0	0.0	0.6666666666666666	0.0	0.8333333333333334	0.0	0.08333333333333333	0.0	0.25	1.0	0.75	0.0	0.9166666666666666	0.0	0.0	0.0	0.0	0.0	0.0	0.0	0.4166666666666667	0.0	0.0	1.0	0.16666666666666666	1.0	0.08333333333333333	0.0	0.16666666666666666	0.0	0.0	0.0	0.16666666666666666	0.0	0.25	0.0	0.0	0.0	0.0	124.0	0.6702702702702703	30.0	0.16216216216216217	23.0	0.12432432432432433	8.0	0.043243243243243246	0.0	453.0	0.0	53.0	0.2864864864864865	185.0	1.0	1.0	0.0	1.0	1.0	1.0	1.0	0.0	1.0	0.0	0.0	1.0	0.0	0.0	0.0	0.0	0.0	1.0	1.0	0.0	0.0	0.0	1.0	3.0	2018.0	"CAL"	0.07	61.0	0.32972972972972975
"CAL42"	0.0	1.0	0.0	0.0	1.0	2.0	47.0	0.021	1.0	1.0	1.0	1.0	1.0	1.0	0.5	1.0	0.5	1.0	0.5	0.0	0.5	0.0	0.0	0.0	0.0	0.0	0.0	1.0	1.0	0.0	0.0	0.0	0.0	1.0	0.5	1.0	1.0	0.0	0.0	1.0	0.5	1.0	0.5	1.0	1.0	1.0	1.0	109.0	0.5215311004784688	66.0	0.3157894736842105	30.0	0.14354066985645933	4.0	0.019138755980861243	0.0	392.0	0.0	96.0	0.45933014354066987	209.0	1.0	0.0	1.0	0.0	1.0	1.0	1.0	1.0	1.0	0.0	0.0	1.0	1.0	1.0	0.0	0.0	0.0	1.0	1.0	1.0	0.0	1.0	1.0	3.0	2018.0	"CAL"	0.0275	100.0	0.4784688995215311
"CAL423"	0.0	1.0	0.0	0.0	1.0	7.0	49.0	0.066	3.0	0.0	0.7142857142857143	1.0	1.0	0.0	0.14285714285714285	0.0	0.2857142857142857	1.0	0.5714285714285714	0.0	0.8571428571428571	0.0	0.14285714285714285	0.0	0.0	0.0	0.0	0.0	0.14285714285714285	0.0	0.0	0.0	0.0	0.0	0.0	0.0	0.0	0.0	0.14285714285714285	0.0	0.16666666666666666	0.0	0.2857142857142857	1.0	1.0	1.0	1.0	104.0	0.5909090909090909	51.0	0.2897727272727273	21.0	0.11931818181818182	0.0	0.0	0.0	510.0	0.0	72.0	0.4090909090909091	176.0	1.0	0.0	0.0	0.0	1.0	1.0	1.0	1.0	0.0	0.0	1.0	1.0	1.0	0.0	0.0	0.0	0.0	1.0	1.0	0.0	0.0	1.0	1.0	2.0	2018.0	"CAL"	0.175	72.0	0.4090909090909091
"CAL424"	0.0	1.0	0.0	1.0	1.0	7.0	41.0	0.051	1.0	0.0	0.5714285714285714	0.0	0.8571428571428571	0.0	0.0	0.0	0.14285714285714285	1.0	0.7142857142857143	1.0	1.0	0.0	0.0	0.0	0.0	0.0	0.0	0.0	0.2857142857142857	0.0	0.0	1.0	0.14285714285714285	1.0	0.14285714285714285	0.0	0.0	0.0	0.0	1.0	0.42857142857142855	0.0	0.2857142857142857	1.0	1.0	1.0	1.0	196.0	0.7050359712230215	59.0	0.21223021582733814	23.0	0.08273381294964029	0.0	0.0	0.0	523.0	0.0	82.0	0.2949640287769784	278.0	1.0	0.0	0.0	1.0	1.0	1.0	1.0	1.0	1.0	0.0	0.0	0.0	1.0	0.0	0.0	0.0	0.0	1.0	1.0	1.0	0.0	1.0	1.0	3.0	2018.0	"CAL"	0.02	82.0	0.2949640287769784
"CAL426"	1.0	1.0	0.0	0.0	1.0	5.0	59.0	0.09	4.0	1.0	1.0	1.0	1.0	0.0	0.0	1.0	0.6	0.0	0.4	0.0	0.4	0.0	0.0	0.0	0.0	0.0	0.0	1.0	0.6	0.0	0.0	1.0	0.4	1.0	0.4	0.0	0.0	0.0	0.0	1.0	0.6	1.0	0.6	0.0	0.4	0.0	0.0	65.0	0.33163265306122447	111.0	0.5663265306122449	18.0	0.09183673469387756	2.0	0.01020408163265306	0.0	585.0	0.0	129.0	0.6581632653061225	196.0	1.0	0.0	0.0	0.0	1.0	1.0	1.0	0.0	0.0	1.0	0.0	1.0	1.0	0.0	0.0	0.0	0.0	1.0	1.0	0.0	0.0	0.0	1.0	3.0	2018.0	"CAL"	0.175	131.0	0.6683673469387755
"CAL427"	0.0	0.0	0.0	0.0	1.0	6.0	34.0	0.039	1.0	0.0	0.8333333333333334	1.0	1.0	0.0	0.0	0.0	0.3333333333333333	1.0	0.8333333333333334	1.0	1.0	0.0	0.0	0.0	0.0	0.0	0.0	0.0	0.3333333333333333	0.0	0.0	1.0	0.3333333333333333	1.0	0.16666666666666666	0.0	0.16666666666666666	0.0	0.0	0.0	0.16666666666666666	0.0	0.3333333333333333	0.0	0.0	1.0	0.16666666666666666	167.0	0.5818815331010453	102.0	0.3554006968641115	10.0	0.03484320557491289	8.0	0.027874564459930314	0.0	568.0	0.0	112.0	0.3902439024390244	287.0	1.0	1.0	0.0	1.0	1.0	1.0	1.0	1.0	1.0	1.0	0.0	1.0	1.0	0.0	0.0	0.0	0.0	1.0	1.0	1.0	0.0	1.0	1.0	3.0	2018.0	"CAL"	0.125	120.0	0.4181184668989547
"CAL432"	0.0	1.0	0.0	0.0	1.0	3.0	42.0	0.07400000000000001	2.0	0.0	0.6666666666666666	1.0	1.0	0.0	0.0	1.0	0.6666666666666666	0.0	0.3333333333333333	1.0	1.0	0.0	0.0	0.0	0.0	0.0	0.0	1.0	0.6666666666666666	0.0	0.0	1.0	0.6666666666666666	1.0	0.3333333333333333	1.0	0.6666666666666666	0.0	0.0	0.0	0.0	1.0	0.6666666666666666	1.0	0.6666666666666666	1.0	0.3333333333333333	121.0	0.5761904761904761	47.0	0.22380952380952382	30.0	0.14285714285714285	12.0	0.05714285714285714	0.0	486.0	0.0	77.0	0.36666666666666664	210.0	1.0	0.0	0.0	1.0	1.0	1.0	1.0	1.0	0.0	0.0	0.0	1.0	1.0	0.0	0.0	0.0	0.0	1.0	1.0	0.0	0.0	1.0	1.0	2.0	2018.0	"CAL"	0.125	89.0	0.4238095238095238
"CAL435"	0.0	1.0	0.0	0.0	1.0	6.0	43.0	0.067	1.0	0.0	0.16666666666666666	1.0	1.0	0.0	0.0	0.0	0.3333333333333333	0.0	0.3333333333333333	1.0	1.0	0.0	0.0	0.0	0.0	0.0	0.0	0.0	0.16666666666666666	1.0	0.16666666666666666	1.0	0.3333333333333333	0.0	0.0	0.0	0.0	0.0	0.0	0.0	0.16666666666666666	0.0	0.3333333333333333	0.0	0.3333333333333333	1.0	0.16666666666666666	89.0	0.483695652173913	80.0	0.43478260869565216	14.0	0.07608695652173914	1.0	0.005434782608695652	0.0	474.0	0.0	94.0	0.5108695652173914	184.0	1.0	1.0	0.0	1.0	1.0	1.0	0.0	1.0	0.0	1.0	1.0	1.0	1.0	0.0	0.0	0.0	0.0	1.0	1.0	1.0	0.0	0.0	1.0	1.0	2018.0	"CAL"	0.035	95.0	0.5163043478260869
"CAL437"	0.0	1.0	0.0	0.0	1.0	8.0	30.0	0.048	1.0	0.0	0.375	0.0	0.625	0.0	0.0	0.0	0.25	1.0	0.625	1.0	1.0	0.0	0.0	0.0	0.0	0.0	0.0	1.0	0.5	0.0	0.0	1.0	0.125	1.0	0.125	0.0	0.125	0.0	0.0	1.0	0.375	0.0	0.25	1.0	1.0	1.0	1.0	105.0	0.38321167883211676	143.0	0.5218978102189781	19.0	0.06934306569343066	7.0	0.025547445255474453	0.0	473.0	0.0	162.0	0.5912408759124088	274.0	1.0	1.0	0.0	1.0	1.0	1.0	0.0	1.0	1.0	0.0	1.0	1.0	1.0	0.0	0.0	0.0	0.0	1.0	1.0	1.0	0.0	1.0	1.0	3.0	2018.0	"CAL"	0.0275	169.0	0.6167883211678832
"CAL440"	0.0	1.0	0.0	0.0	1.0	4.0	52.0	0.039	1.0	0.0	0.75	1.0	1.0	0.0	0.0	1.0	0.5	1.0	0.5	1.0	1.0	0.0	0.0	0.0	0.0	0.0	0.0	1.0	0.5	1.0	0.5	1.0	0.25	1.0	0.25	0.0	0.0	0.0	0.0	1.0	0.25	1.0	0.5	1.0	0.5	0.0	0.0	65.0	0.5701754385964912	13.0	0.11403508771929824	30.0	0.2631578947368421	6.0	0.05263157894736842	0.0	411.0	0.0	43.0	0.37719298245614036	114.0	1.0	0.0	0.0	0.0	0.0	1.0	1.0	1.0	0.0	0.0	0.0	0.0	1.0	0.0	0.0	0.0	0.0	0.0	0.0	0.0	0.0	0.0	0.0	1.0	2018.0	"CAL"	0.5	49.0	0.4298245614035088
"CAL441"	0.0	1.0	0.0	0.0	1.0	5.0	17.0	0.04	3.0	0.0	0.8	1.0	1.0	0.0	0.0	0.0	0.4	1.0	0.6	1.0	1.0	0.0	0.0	0.0	0.0	0.0	0.0	0.0	0.4	0.0	0.0	1.0	0.2	1.0	0.2	0.0	0.2	0.0	0.0	0.0	0.0	0.0	0.4	0.0	0.2	0.0	0.0	125.0	0.29832935560859186	165.0	0.3937947494033413	107.0	0.2553699284009546	22.0	0.05250596658711217	0.0	712.0	0.0	272.0	0.649164677804296	419.0	1.0	0.0	0.0	1.0	1.0	1.0	0.0	1.0	1.0	1.0	1.0	1.0	1.0	0.0	0.0	0.0	0.0	0.0	1.0	1.0	1.0	0.0	1.0	3.0	2018.0	"CAL"	0.09	294.0	0.7016706443914081
"CAL442"	0.0	1.0	0.0	0.0	1.0	7.0	44.0	0.08900000000000001	2.0	0.0	0.7142857142857143	1.0	1.0	0.0	0.0	0.0	0.2857142857142857	0.0	0.42857142857142855	0.0	0.8571428571428571	0.0	0.14285714285714285	0.0	0.0	0.0	0.0	0.0	0.2857142857142857	1.0	0.2857142857142857	1.0	0.2857142857142857	1.0	0.14285714285714285	0.0	0.14285714285714285	0.0	0.0	1.0	0.8571428571428571	0.0	0.2857142857142857	1.0	0.5714285714285714	0.0	0.0	95.0	0.6462585034013606	47.0	0.3197278911564626	5.0	0.034013605442176874	0.0	0.0	0.0	420.0	0.0	52.0	0.35374149659863946	147.0	1.0	1.0	1.0	1.0	1.0	1.0	1.0	1.0	1.0	0.0	0.0	1.0	1.0	0.0	0.0	0.0	0.0	1.0	1.0	1.0	0.0	1.0	1.0	2.0	2018.0	"CAL"	0.09	52.0	0.35374149659863946
"CAL443"	0.0	1.0	0.0	0.0	1.0	12.0	65.0	0.046	1.0	0.0	0.8333333333333334	1.0	1.0	0.0	0.0	0.0	0.16666666666666666	1.0	0.9166666666666666	1.0	1.0	0.0	0.08333333333333333	0.0	0.0	0.0	0.0	0.0	0.0	1.0	0.16666666666666666	1.0	0.08333333333333333	1.0	0.08333333333333333	0.0	0.16666666666666666	0.0	0.0	1.0	0.25	0.0	0.16666666666666666	1.0	1.0	1.0	1.0	171.0	0.7953488372093023	29.0	0.13488372093023257	15.0	0.06976744186046512	0.0	0.0	0.0	564.0	0.0	44.0	0.20465116279069767	215.0	1.0	1.0	1.0	0.0	1.0	0.0	0.0	0.0	0.0	0.0	0.0	1.0	1.0	0.0	0.0	0.0	0.0	1.0	1.0	0.0	0.0	0.0	0.0	2.0	2018.0	"CAL"	0.09	44.0	0.20465116279069767
"CAL51"	1.0	1.0	0.0	1.0	0.0	11.0	53.0	0.048	3.0	0.0	0.5454545454545454	0.0	0.9090909090909091	0.0	0.09090909090909091	0.0	0.09090909090909091	1.0	0.8181818181818182	0.0	0.9090909090909091	0.0	0.0	0.0	0.0	0.0	0.0	0.0	0.18181818181818182	0.0	0.0	1.0	0.09090909090909091	1.0	0.09090909090909091	1.0	0.2727272727272727	0.0	0.0	0.0	0.0	0.0	0.09090909090909091	1.0	1.0	1.0	1.0	184.0	0.6642599277978339	76.0	0.2743682310469314	13.0	0.04693140794223827	4.0	0.01444043321299639	0.0	658.0	0.0	89.0	0.3212996389891697	277.0	1.0	0.0	1.0	1.0	0.0	1.0	1.0	1.0	0.0	0.0	1.0	0.0	1.0	0.0	0.0	1.0	0.0	0.0	0.0	0.0	1.0	0.0	0.0	2.0	2018.0	"CAL"	0.175	93.0	0.33574007220216606
"CAL52"	1.0	1.0	0.0	1.0	1.0	3.0	57.0	0.13	4.0	1.0	1.0	1.0	1.0	1.0	0.6666666666666666	1.0	0.6666666666666666	1.0	1.0	1.0	1.0	0.0	0.0	0.0	0.0	0.0	0.0	1.0	0.6666666666666666	0.0	0.0	1.0	0.3333333333333333	1.0	0.3333333333333333	1.0	0.3333333333333333	0.0	0.0	1.0	1.0	1.0	0.6666666666666666	1.0	0.6666666666666666	1.0	0.3333333333333333	59.0	0.44360902255639095	60.0	0.45112781954887216	12.0	0.09022556390977443	2.0	0.015037593984962405	0.0	524.0	0.0	72.0	0.5413533834586466	133.0	1.0	0.0	1.0	1.0	1.0	0.0	0.0	0.0	1.0	0.0	0.0	0.0	1.0	0.0	0.0	0.0	0.0	1.0	1.0	0.0	0.0	1.0	1.0	3.0	2018.0	"CAL"	0.5	74.0	0.556390977443609
"CAL53"	0.0	1.0	0.0	0.0	1.0	1.0	58.0	0.13	4.0	1.0	1.0	1.0	1.0	0.0	0.0	1.0	1.0	1.0	1.0	1.0	1.0	0.0	0.0	0.0	0.0	0.0	0.0	1.0	1.0	0.0	0.0	0.0	0.0	0.0	0.0	1.0	1.0	0.0	0.0	0.0	0.0	1.0	1.0	1.0	1.0	1.0	1.0	59.0	0.5086206896551724	52.0	0.4482758620689655	3.0	0.02586206896551724	2.0	0.017241379310344827	0.0	474.0	0.0	55.0	0.47413793103448276	116.0	1.0	1.0	0.0	1.0	1.0	1.0	1.0	1.0	0.0	0.0	1.0	1.0	0.0	0.0	0.0	0.0	0.0	1.0	1.0	0.0	0.0	1.0	1.0	3.0	2018.0	"CAL"	0.125	57.0	0.49137931034482757
"CAL55"	0.0	1.0	0.0	0.0	1.0	4.0	54.0	0.127	4.0	0.0	0.5	1.0	1.0	0.0	0.25	1.0	0.75	0.0	0.25	1.0	1.0	0.0	0.0	0.0	0.0	0.0	0.0	1.0	0.5	0.0	0.0	0.0	0.0	1.0	0.25	0.0	0.0	0.0	0.0	1.0	0.25	0.0	0.25	0.0	0.0	0.0	0.0	92.0	0.32280701754385965	181.0	0.6350877192982456	12.0	0.042105263157894736	0.0	0.0	0.0	460.0	0.0	193.0	0.6771929824561403	285.0	1.0	0.0	1.0	0.0	1.0	1.0	0.0	1.0	1.0	0.0	1.0	1.0	1.0	0.0	1.0	0.0	0.0	1.0	1.0	1.0	0.0	1.0	1.0	3.0	2018.0	"CAL"	0.0275	193.0	0.6771929824561403
"CAL58"	1.0	1.0	0.0	1.0	1.0	3.0	57.0	0.10400000000000001	4.0	0.0	0.6666666666666666	1.0	1.0	1.0	0.6666666666666666	1.0	1.0	1.0	0.6666666666666666	1.0	1.0	0.0	0.0	0.0	0.0	0.0	0.0	1.0	0.6666666666666666	0.0	0.0	0.0	0.0	1.0	0.6666666666666666	1.0	0.6666666666666666	0.0	0.0	0.0	0.0	1.0	0.6666666666666666	0.0	0.3333333333333333	1.0	0.6666666666666666	63.0	0.63	32.0	0.32	5.0	0.05	0.0	0.0	0.0	148.0	0.0	37.0	0.37	100.0	0.0	1.0	1.0	0.0	1.0	1.0	0.0	1.0	1.0	0.0	0.0	0.0	1.0	0.0	0.0	0.0	0.0	1.0	1.0	0.0	0.0	1.0	1.0	3.0	2018.0	"CAL"	0.0	37.0	0.37
"CAL59"	1.0	1.0	0.0	0.0	1.0	5.0	39.0	0.08199999999999999	4.0	0.0	0.8	1.0	1.0	0.0	0.0	1.0	0.6	0.0	0.2	0.0	0.8	0.0	0.4	1.0	0.6	1.0	0.6	1.0	0.6	0.0	0.0	1.0	0.4	1.0	0.4	1.0	0.6	0.0	0.0	1.0	1.0	0.0	0.4	1.0	1.0	1.0	1.0	142.0	0.5590551181102362	102.0	0.4015748031496063	10.0	0.03937007874015748	0.0	0.0	0.0	464.0	0.0	112.0	0.4409448818897638	254.0	1.0	1.0	1.0	1.0	1.0	1.0	0.0	1.0	0.0	0.0	0.0	1.0	1.0	0.0	0.0	0.0	0.0	1.0	1.0	0.0	0.0	1.0	1.0	3.0	2018.0	"CAL"	0.09	112.0	0.4409448818897638
"CAL61"	1.0	1.0	0.0	0.0	1.0	8.0	47.0	0.20199999999999999	2.0	0.0	0.875	1.0	1.0	0.0	0.0	0.0	0.25	0.0	0.375	0.0	0.625	0.0	0.0	0.0	0.0	0.0	0.0	1.0	0.5	1.0	0.125	0.0	0.0	1.0	0.125	1.0	0.375	1.0	0.25	1.0	0.375	0.0	0.25	0.0	0.125	1.0	0.25	68.0	0.7157894736842105	25.0	0.2631578947368421	1.0	0.010526315789473684	1.0	0.010526315789473684	0.0	325.0	0.0	26.0	0.2736842105263158	95.0	1.0	1.0	1.0	1.0	1.0	1.0	1.0	1.0	1.0	1.0	0.0	1.0	1.0	0.0	0.0	0.0	0.0	1.0	1.0	1.0	1.0	1.0	1.0	3.0	2018.0	"CAL"	0.175	27.0	0.28421052631578947
"CAL62"	1.0	0.0	0.0	0.0	1.0	8.0	51.0	0.20199999999999999	4.0	1.0	1.0	1.0	1.0	0.0	0.0	0.0	0.375	0.0	0.25	0.0	0.5	0.0	0.125	0.0	0.25	0.0	0.125	1.0	0.5	0.0	0.0	1.0	0.125	1.0	0.25	0.0	0.125	0.0	0.0	1.0	0.75	0.0	0.25	0.0	0.125	0.0	0.0	65.0	0.7065217391304348	17.0	0.18478260869565216	9.0	0.09782608695652174	1.0	0.010869565217391304	0.0	155.0	0.0	26.0	0.2826086956521739	92.0	1.0	0.0	1.0	0.0	0.0	1.0	0.0	1.0	0.0	1.0	1.0	1.0	1.0	1.0	0.0	0.0	0.0	1.0	1.0	0.0	0.0	0.0	0.0	3.0	2018.0	"CAL"	0.0	27.0	0.29347826086956524
"CAL68"	0.0	1.0	0.0	1.0	1.0	9.0	41.0	0.049	1.0	0.0	0.8888888888888888	1.0	1.0	0.0	0.0	0.0	0.2222222222222222	1.0	0.5555555555555556	0.0	0.8888888888888888	0.0	0.0	0.0	0.0	0.0	0.0	0.0	0.3333333333333333	0.0	0.0	0.0	0.0	1.0	0.1111111111111111	1.0	0.4444444444444444	0.0	0.1111111111111111	0.0	0.1111111111111111	0.0	0.3333333333333333	0.0	0.0	1.0	0.2222222222222222	97.0	0.5359116022099447	36.0	0.19889502762430938	39.0	0.2154696132596685	9.0	0.049723756906077346	0.0	224.0	0.0	75.0	0.4143646408839779	181.0	1.0	0.0	1.0	1.0	1.0	1.0	1.0	1.0	1.0	0.0	1.0	1.0	1.0	0.0	0.0	0.0	0.0	1.0	1.0	1.0	0.0	1.0	1.0	3.0	2018.0	"CAL"	0.05	84.0	0.46408839779005523
"CAL70"	0.0	1.0	0.0	0.0	1.0	4.0	44.0	0.068	1.0	0.0	0.75	1.0	1.0	0.0	0.25	1.0	0.75	0.0	0.0	0.0	0.5	0.0	0.25	0.0	0.25	0.0	0.25	1.0	0.5	0.0	0.0	0.0	0.0	1.0	0.75	1.0	0.75	0.0	0.0	0.0	0.0	1.0	0.75	0.0	0.0	0.0	0.0	72.0	0.6101694915254238	36.0	0.3050847457627119	9.0	0.07627118644067797	1.0	0.00847457627118644	0.0	295.0	0.0	45.0	0.3813559322033898	118.0	1.0	0.0	0.0	1.0	1.0	1.0	0.0	0.0	0.0	0.0	0.0	1.0	0.0	0.0	0.0	0.0	0.0	1.0	1.0	0.0	0.0	1.0	1.0	3.0	2018.0	"CAL"	0.275	46.0	0.3898305084745763
"CAL71"	0.0	1.0	0.0	0.0	1.0	5.0	77.0	0.04	3.0	1.0	1.0	1.0	1.0	1.0	0.6	1.0	0.6	0.0	0.2	0.0	0.4	0.0	0.0	0.0	0.0	0.0	0.0	1.0	0.8	0.0	0.0	1.0	0.2	1.0	0.4	1.0	0.4	0.0	0.0	0.0	0.2	1.0	0.6	0.0	0.4	1.0	0.6	42.0	0.75	12.0	0.21428571428571427	2.0	0.03571428571428571	0.0	0.0	0.0	110.0	0.0	14.0	0.25	56.0	0.0	0.0	0.0	0.0	0.0	1.0	0.0	0.0	0.0	0.0	0.0	0.0	1.0	0.0	0.0	0.0	0.0	0.0	0.0	0.0	0.0	0.0	0.0	2.0	2018.0	"CAL"	0.0	14.0	0.25
"CAL8"	0.0	1.0	0.0	0.0	1.0	13.0	71.0	0.076	4.0	0.0	0.6153846153846154	0.0	0.7692307692307693	1.0	0.6153846153846154	1.0	0.6923076923076923	0.0	0.0	0.0	0.07692307692307693	0.0	0.15384615384615385	0.0	0.15384615384615385	0.0	0.0	1.0	0.5384615384615384	1.0	0.23076923076923078	1.0	0.07692307692307693	1.0	0.07692307692307693	1.0	0.38461538461538464	0.0	0.0	0.0	0.15384615384615385	0.0	0.15384615384615385	0.0	0.3076923076923077	1.0	0.15384615384615385	108.0	0.6428571428571429	53.0	0.31547619047619047	1.0	0.005952380952380952	6.0	0.03571428571428571	0.0	213.0	0.0	54.0	0.32142857142857145	168.0	1.0	0.0	1.0	1.0	1.0	1.0	1.0	1.0	1.0	1.0	1.0	1.0	1.0	0.0	0.0	0.0	0.0	1.0	1.0	1.0	0.0	1.0	1.0	3.0	2018.0	"CAL"	0.02	60.0	0.35714285714285715
"CAL80"	1.0	1.0	0.0	1.0	1.0	5.0	52.0	0.12	4.0	0.0	0.8	1.0	1.0	0.0	0.0	0.0	0.2	0.0	0.0	0.0	0.0	0.0	0.2	0.0	0.2	0.0	0.2	0.0	0.4	0.0	0.0	0.0	0.0	1.0	0.2	0.0	0.0	1.0	0.4	1.0	0.6	0.0	0.4	0.0	0.4	1.0	0.4	65.0	0.6132075471698113	33.0	0.3113207547169811	6.0	0.05660377358490566	2.0	0.018867924528301886	0.0	288.0	0.0	39.0	0.36792452830188677	106.0	1.0	1.0	0.0	0.0	1.0	1.0	1.0	0.0	1.0	0.0	0.0	1.0	1.0	0.0	0.0	0.0	0.0	0.0	1.0	0.0	0.0	0.0	1.0	2.0	2018.0	"CAL"	0.225	41.0	0.3867924528301887
"CAL83"	1.0	1.0	1.0	1.0	1.0	13.0	43.0	0.044000000000000004	1.0	0.0	0.46153846153846156	0.0	0.6923076923076923	0.0	0.46153846153846156	1.0	0.5384615384615384	0.0	0.38461538461538464	0.0	0.46153846153846156	1.0	0.5384615384615384	0.0	0.38461538461538464	0.0	0.38461538461538464	0.0	0.46153846153846156	0.0	0.0	1.0	0.07692307692307693	1.0	0.15384615384615385	1.0	0.38461538461538464	0.0	0.0	1.0	0.6153846153846154	0.0	0.23076923076923078	0.0	0.38461538461538464	1.0	0.3076923076923077	58.0	0.6170212765957447	21.0	0.22340425531914893	12.0	0.1276595744680851	3.0	0.031914893617021274	0.0	147.0	0.0	33.0	0.35106382978723405	94.0	0.0	0.0	0.0	0.0	0.0	0.0	0.0	0.0	0.0	0.0	0.0	1.0	1.0	0.0	0.0	0.0	0.0	0.0	0.0	0.0	0.0	0.0	0.0	2.0	2018.0	"CAL"	0.05	36.0	0.3829787234042553
"CAL86"	0.0	1.0	0.0	0.0	1.0	5.0	39.0	0.019	1.0	0.0	0.6	1.0	1.0	0.0	0.2	0.0	0.4	0.0	0.0	0.0	0.4	0.0	0.2	0.0	0.0	0.0	0.0	1.0	0.6	0.0	0.0	0.0	0.0	1.0	0.4	1.0	0.6	0.0	0.0	1.0	0.8	1.0	0.6	0.0	0.4	1.0	0.2	81.0	0.6328125	37.0	0.2890625	9.0	0.0703125	1.0	0.0078125	0.0	232.0	0.0	46.0	0.359375	128.0	1.0	0.0	1.0	1.0	1.0	0.0	0.0	1.0	1.0	0.0	0.0	1.0	0.0	0.0	0.0	0.0	0.0	1.0	1.0	0.0	0.0	1.0	1.0	2.0	2018.0	"CAL"	0.035	47.0	0.3671875
"CAL89"	0.0	1.0	0.0	0.0	1.0	12.0	45.0	0.0	1.0	0.0	0.25	0.0	0.6666666666666666	0.0	0.08333333333333333	0.0	0.25	1.0	0.8333333333333334	1.0	1.0	0.0	0.0	0.0	0.0	0.0	0.0	0.0	0.08333333333333333	0.0	0.0	0.0	0.0	1.0	0.08333333333333333	0.0	0.16666666666666666	0.0	0.08333333333333333	0.0	0.0	0.0	0.08333333333333333	0.0	0.16666666666666666	0.0	0.0	115.0	0.4637096774193548	93.0	0.375	38.0	0.1532258064516129	2.0	0.008064516129032258	0.0	371.0	0.0	131.0	0.5282258064516129	248.0	1.0	0.0	0.0	1.0	1.0	1.0	1.0	1.0	1.0	0.0	0.0	1.0	0.0	0.0	0.0	0.0	0.0	1.0	1.0	1.0	0.0	1.0	1.0	2.0	2018.0	"CAL"	0.07	133.0	0.5362903225806451
"CAL94"	0.0	1.0	0.0	0.0	1.0	9.0	49.0	0.051	3.0	1.0	1.0	1.0	1.0	0.0	0.1111111111111111	0.0	0.2222222222222222	1.0	0.8888888888888888	0.0	0.8888888888888888	0.0	0.0	0.0	0.0	0.0	0.0	1.0	0.5555555555555556	1.0	0.1111111111111111	0.0	0.0	0.0	0.0	0.0	0.1111111111111111	0.0	0.1111111111111111	0.0	0.1111111111111111	0.0	0.3333333333333333	0.0	0.1111111111111111	1.0	0.1111111111111111	87.0	0.6641221374045801	44.0	0.33587786259541985	0.0	0.0	0.0	0.0	0.0	174.0	0.0	44.0	0.33587786259541985	131.0	1.0	0.0	0.0	1.0	1.0	1.0	0.0	1.0	1.0	0.0	0.0	1.0	0.0	0.0	0.0	0.0	0.0	1.0	1.0	1.0	0.0	0.0	1.0	2.0	2018.0	"CAL"	0.0125	44.0	0.33587786259541985
"CAL96"	1.0	1.0	0.0	0.0	0.0	7.0	49.0	0.19399999999999998	4.0	0.0	0.5714285714285714	1.0	1.0	0.0	0.0	0.0	0.42857142857142855	0.0	0.42857142857142855	0.0	0.7142857142857143	0.0	0.0	0.0	0.0	0.0	0.0	1.0	0.5714285714285714	0.0	0.0	1.0	0.42857142857142855	1.0	0.42857142857142855	0.0	0.0	1.0	0.42857142857142855	1.0	1.0	0.0	0.42857142857142855	0.0	0.2857142857142857	1.0	0.42857142857142855	83.0	0.7094017094017094	34.0	0.2905982905982906	0.0	0.0	0.0	0.0	0.0	251.0	0.0	34.0	0.2905982905982906	117.0	0.0	0.0	0.0	1.0	1.0	1.0	1.0	1.0	0.0	1.0	1.0	1.0	1.0	1.0	1.0	0.0	0.0	1.0	1.0	1.0	0.0	1.0	1.0	3.0	2018.0	"CAL"	0.175	34.0	0.2905982905982906
"CAL98"	1.0	1.0	0.0	0.0	1.0	5.0	39.0	0.19399999999999998	2.0	1.0	1.0	1.0	1.0	0.0	0.2	1.0	0.6	0.0	0.2	0.0	0.4	0.0	0.0	0.0	0.0	0.0	0.0	1.0	0.8	0.0	0.0	0.0	0.0	1.0	0.6	0.0	0.2	0.0	0.0	1.0	0.4	0.0	0.2	0.0	0.4	1.0	0.2	54.0	0.5454545454545454	42.0	0.42424242424242425	1.0	0.010101010101010102	2.0	0.020202020202020204	0.0	205.0	0.0	43.0	0.43434343434343436	99.0	0.0	0.0	1.0	1.0	1.0	1.0	0.0	1.0	1.0	0.0	1.0	1.0	1.0	0.0	0.0	0.0	0.0	1.0	1.0	1.0	0.0	1.0	1.0	3.0	2018.0	"CAL"	0.5	45.0	0.45454545454545453
"CAL406"	0.0	1.0	0.0	1.0	1.0	10.0	36.0	0.042	1.0	0.0	0.8	1.0	1.0	0.0	0.1	0.0	0.3	0.0	0.4	0.0	0.8	0.0	0.1	0.0	0.3	0.0	0.3	0.0	0.3	0.0	0.0	1.0	0.3	1.0	0.1	1.0	0.4	0.0	0.0	1.0	0.4	0.0	0.3	0.0	0.0	0.0	0.0	120.0	0.6382978723404256	44.0	0.23404255319148937	16.0	0.0851063829787234	8.0	0.0425531914893617	43.0	364.0	0.11813186813186813	60.0	0.3191489361702128	188.0	1.0	0.0	1.0	1.0	1.0	1.0	0.0	0.0	1.0	0.0	0.0	1.0	1.0	1.0	0.0	0.0	0.0	1.0	1.0	0.0	0.0	1.0	0.0	3.0	2018.0	"CAL"	0.11813186813186813	68.0	0.3617021276595745
"CAL127"	0.0	1.0	0.0	0.0	1.0	9.0	37.0	0.11	2.0	0.0	0.2222222222222222	0.0	0.8888888888888888	0.0	0.3333333333333333	1.0	0.5555555555555556	0.0	0.4444444444444444	0.0	0.7777777777777778	0.0	0.1111111111111111	0.0	0.2222222222222222	0.0	0.1111111111111111	0.0	0.2222222222222222	0.0	0.0	0.0	0.0	0.0	0.0	1.0	0.4444444444444444	0.0	0.0	0.0	0.0	0.0	0.3333333333333333	1.0	1.0	1.0	1.0	82.0	0.7522935779816514	25.0	0.22935779816513763	2.0	0.01834862385321101	0.0	0.0	20.0	156.0	0.1282051282051282	27.0	0.24770642201834864	109.0	1.0	0.0	1.0	0.0	1.0	1.0	0.0	0.0	0.0	0.0	0.0	1.0	1.0	0.0	0.0	0.0	0.0	1.0	1.0	0.0	0.0	0.0	1.0	3.0	2018.0	"CAL"	0.1282051282051282	27.0	0.24770642201834864
"CAL444"	0.0	1.0	0.0	0.0	1.0	3.0	13.0	0.04	1.0	1.0	1.0	1.0	1.0	0.0	0.0	1.0	0.6666666666666666	1.0	0.6666666666666666	1.0	1.0	0.0	0.0	0.0	0.0	0.0	0.0	1.0	0.6666666666666666	0.0	0.0	1.0	0.3333333333333333	1.0	0.3333333333333333	1.0	0.3333333333333333	0.0	0.0	1.0	0.6666666666666666	1.0	0.6666666666666666	0.0	0.0	0.0	0.0	73.0	0.4147727272727273	48.0	0.2727272727272727	41.0	0.23295454545454544	14.0	0.07954545454545454	40.0	296.0	0.13513513513513514	89.0	0.5056818181818182	176.0	1.0	0.0	1.0	1.0	1.0	0.0	0.0	1.0	0.0	1.0	0.0	1.0	0.0	0.0	0.0	0.0	0.0	1.0	1.0	0.0	1.0	1.0	1.0	2.0	2018.0	"CAL"	0.13513513513513514	103.0	0.5852272727272727
"CAL34"	1.0	1.0	0.0	1.0	1.0	3.0	46.0	0.076	2.0	0.0	0.6666666666666666	1.0	1.0	1.0	0.6666666666666666	1.0	1.0	0.0	0.0	0.0	0.6666666666666666	0.0	0.0	0.0	0.0	0.0	0.0	1.0	0.6666666666666666	0.0	0.0	1.0	0.3333333333333333	1.0	0.3333333333333333	1.0	0.3333333333333333	0.0	0.0	1.0	0.3333333333333333	0.0	0.3333333333333333	0.0	0.3333333333333333	0.0	0.0	66.0	0.8354430379746836	9.0	0.11392405063291139	3.0	0.0379746835443038	1.0	0.012658227848101266	27.0	149.0	0.18120805369127516	12.0	0.1518987341772152	79.0	0.0	0.0	0.0	0.0	0.0	1.0	0.0	1.0	0.0	0.0	0.0	1.0	0.0	0.0	0.0	0.0	0.0	1.0	1.0	0.0	1.0	0.0	0.0	3.0	2018.0	"CAL"	0.18120805369127516	13.0	0.16455696202531644
"CAL413"	0.0	1.0	0.0	0.0	1.0	6.0	33.0	0.047	1.0	0.0	0.5	1.0	1.0	0.0	0.0	0.0	0.3333333333333333	1.0	0.6666666666666666	1.0	1.0	0.0	0.0	0.0	0.0	0.0	0.0	0.0	0.3333333333333333	0.0	0.0	1.0	0.16666666666666666	1.0	0.16666666666666666	0.0	0.0	0.0	0.0	0.0	0.16666666666666666	0.0	0.3333333333333333	0.0	0.16666666666666666	0.0	0.0	137.0	0.5092936802973977	92.0	0.3420074349442379	35.0	0.13011152416356878	5.0	0.01858736059479554	100.0	545.0	0.1834862385321101	127.0	0.4721189591078067	269.0	1.0	1.0	1.0	0.0	1.0	0.0	0.0	0.0	1.0	0.0	0.0	0.0	0.0	0.0	0.0	1.0	0.0	1.0	1.0	1.0	0.0	1.0	1.0	2.0	2018.0	"CAL"	0.1834862385321101	132.0	0.49070631970260226
"CAL82"	1.0	1.0	0.0	1.0	1.0	12.0	43.0	0.044000000000000004	1.0	0.0	0.5833333333333334	0.0	0.6666666666666666	1.0	0.8333333333333334	1.0	0.9166666666666666	0.0	0.4166666666666667	0.0	0.75	0.0	0.16666666666666666	0.0	0.0	0.0	0.0	0.0	0.4166666666666667	0.0	0.0	0.0	0.0	1.0	0.16666666666666666	0.0	0.16666666666666666	0.0	0.16666666666666666	0.0	0.08333333333333333	0.0	0.16666666666666666	0.0	0.4166666666666667	1.0	0.16666666666666666	109.0	0.7841726618705036	20.0	0.14388489208633093	7.0	0.050359712230215826	3.0	0.02158273381294964	54.0	265.0	0.2037735849056604	27.0	0.19424460431654678	139.0	1.0	0.0	1.0	1.0	1.0	1.0	1.0	1.0	1.0	0.0	0.0	0.0	1.0	0.0	0.0	0.0	0.0	1.0	1.0	0.0	0.0	1.0	1.0	2.0	2018.0	"CAL"	0.2037735849056604	30.0	0.2158273381294964
"CAL196"	1.0	1.0	0.0	1.0	1.0	3.0	51.0	0.091	4.0	0.0	0.6666666666666666	1.0	1.0	0.0	0.0	0.0	0.3333333333333333	0.0	0.0	0.0	0.0	0.0	0.0	0.0	0.0	0.0	0.0	0.0	0.0	0.0	0.0	0.0	0.0	1.0	0.3333333333333333	1.0	0.3333333333333333	0.0	0.0	0.0	0.0	1.0	0.6666666666666666	1.0	1.0	1.0	1.0	51.0	0.6296296296296297	26.0	0.32098765432098764	4.0	0.04938271604938271	0.0	0.0	31.0	150.0	0.20666666666666667	30.0	0.37037037037037035	81.0	0.0	0.0	0.0	1.0	1.0	1.0	0.0	1.0	0.0	0.0	0.0	1.0	1.0	0.0	0.0	0.0	0.0	1.0	1.0	1.0	0.0	1.0	1.0	2.0	2018.0	"CAL"	0.20666666666666667	30.0	0.37037037037037035
"CAL31"	0.0	1.0	0.0	1.0	1.0	4.0	49.0	0.102	4.0	1.0	1.0	1.0	1.0	0.0	0.0	0.0	0.25	0.0	0.0	0.0	0.0	0.0	0.0	0.0	0.0	0.0	0.0	0.0	0.0	0.0	0.0	0.0	0.0	1.0	0.25	0.0	0.0	1.0	0.25	0.0	0.0	1.0	1.0	1.0	1.0	1.0	1.0	65.0	0.7831325301204819	16.0	0.1927710843373494	2.0	0.024096385542168676	0.0	0.0	34.0	155.0	0.21935483870967742	18.0	0.21686746987951808	83.0	1.0	0.0	0.0	0.0	1.0	1.0	1.0	0.0	0.0	0.0	0.0	1.0	1.0	0.0	0.0	0.0	0.0	1.0	1.0	0.0	0.0	0.0	0.0	3.0	2018.0	"CAL"	0.21935483870967742	18.0	0.21686746987951808
"CAL54"	1.0	1.0	0.0	0.0	1.0	3.0	61.0	0.13	4.0	1.0	1.0	1.0	1.0	0.0	0.3333333333333333	1.0	1.0	1.0	1.0	1.0	1.0	0.0	0.0	0.0	0.0	0.0	0.0	1.0	1.0	0.0	0.0	0.0	0.0	1.0	0.6666666666666666	1.0	0.6666666666666666	0.0	0.0	1.0	0.6666666666666666	0.0	0.3333333333333333	1.0	0.6666666666666666	1.0	0.3333333333333333	75.0	0.8064516129032258	15.0	0.16129032258064516	2.0	0.021505376344086023	1.0	0.010752688172043012	62.0	268.0	0.23134328358208955	17.0	0.1827956989247312	93.0	1.0	1.0	1.0	1.0	1.0	1.0	0.0	0.0	0.0	0.0	0.0	1.0	1.0	0.0	0.0	0.0	0.0	1.0	1.0	0.0	0.0	1.0	1.0	3.0	2018.0	"CAL"	0.23134328358208955	18.0	0.1935483870967742
"CAL431"	0.0	1.0	0.0	0.0	1.0	7.0	37.0	0.021	1.0	0.0	0.5714285714285714	0.0	0.7142857142857143	0.0	0.0	0.0	0.2857142857142857	1.0	0.8571428571428571	0.0	0.8571428571428571	0.0	0.2857142857142857	0.0	0.14285714285714285	0.0	0.14285714285714285	0.0	0.2857142857142857	0.0	0.0	0.0	0.0	1.0	0.14285714285714285	0.0	0.14285714285714285	0.0	0.0	0.0	0.14285714285714285	0.0	0.2857142857142857	0.0	0.42857142857142855	1.0	0.42857142857142855	141.0	0.6467889908256881	50.0	0.22935779816513763	12.0	0.05504587155963303	15.0	0.06880733944954129	150.0	575.0	0.2608695652173913	62.0	0.28440366972477066	218.0	1.0	0.0	1.0	1.0	1.0	1.0	1.0	0.0	0.0	0.0	0.0	1.0	1.0	0.0	0.0	0.0	0.0	1.0	1.0	1.0	0.0	1.0	1.0	2.0	2018.0	"CAL"	0.2608695652173913	77.0	0.3532110091743119
"CAL177"	0.0	1.0	0.0	0.0	1.0	5.0	45.0	0.054000000000000006	1.0	1.0	1.0	1.0	1.0	0.0	0.0	0.0	0.4	1.0	0.8	0.0	0.8	0.0	0.0	0.0	0.0	0.0	0.0	0.0	0.4	1.0	0.2	1.0	0.4	1.0	0.2	1.0	0.4	0.0	0.0	0.0	0.2	0.0	0.4	1.0	1.0	1.0	1.0	130.0	0.6074766355140186	70.0	0.32710280373831774	9.0	0.04205607476635514	5.0	0.02336448598130841	187.0	671.0	0.2786885245901639	79.0	0.3691588785046729	214.0	1.0	1.0	1.0	0.0	1.0	1.0	1.0	1.0	1.0	0.0	0.0	0.0	1.0	0.0	0.0	0.0	0.0	1.0	1.0	0.0	0.0	0.0	0.0	3.0	2018.0	"CAL"	0.2786885245901639	84.0	0.3925233644859813
"CAL319"	0.0	1.0	0.0	1.0	1.0	6.0	40.0	0.133	2.0	0.0	0.8333333333333334	1.0	1.0	0.0	0.3333333333333333	0.0	0.3333333333333333	0.0	0.3333333333333333	0.0	0.5	0.0	0.16666666666666666	0.0	0.0	0.0	0.0	0.0	0.3333333333333333	0.0	0.0	1.0	0.16666666666666666	1.0	0.16666666666666666	1.0	0.5	0.0	0.0	0.0	0.0	0.0	0.16666666666666666	0.0	0.16666666666666666	1.0	0.3333333333333333	78.0	0.45614035087719296	66.0	0.38596491228070173	25.0	0.14619883040935672	2.0	0.011695906432748537	130.0	330.0	0.3939393939393939	91.0	0.5321637426900585	171.0	1.0	0.0	1.0	0.0	1.0	1.0	1.0	1.0	0.0	0.0	1.0	1.0	1.0	0.0	1.0	0.0	0.0	1.0	1.0	1.0	0.0	0.0	0.0	2.0	2018.0	"CAL"	0.3939393939393939	93.0	0.543859649122807
"CAL254"	1.0	1.0	0.0	1.0	1.0	10.0	46.0	0.061	1.0	0.0	0.6	0.0	0.9	1.0	0.5	1.0	0.8	1.0	0.8	0.0	0.9	0.0	0.1	0.0	0.0	0.0	0.0	1.0	0.5	0.0	0.0	0.0	0.0	1.0	0.3	1.0	0.7	0.0	0.1	0.0	0.1	0.0	0.1	0.0	0.1	1.0	0.2	84.0	0.5454545454545454	59.0	0.38311688311688313	8.0	0.05194805194805195	3.0	0.01948051948051948	155.0	382.0	0.40575916230366493	67.0	0.43506493506493504	154.0	1.0	0.0	1.0	0.0	1.0	1.0	1.0	1.0	1.0	0.0	1.0	1.0	1.0	0.0	0.0	0.0	0.0	1.0	1.0	1.0	1.0	1.0	1.0	3.0	2018.0	"CAL"	0.40575916230366493	70.0	0.45454545454545453
"CAL214"	0.0	1.0	0.0	0.0	1.0	4.0	26.0	0.11199999999999999	2.0	0.0	0.5	1.0	1.0	0.0	0.0	0.0	0.25	1.0	0.5	1.0	1.0	0.0	0.0	0.0	0.0	0.0	0.0	1.0	0.5	0.0	0.0	0.0	0.0	1.0	0.25	0.0	0.0	0.0	0.0	1.0	0.5	1.0	0.5	0.0	0.0	1.0	0.25	85.0	0.6746031746031746	31.0	0.24603174603174602	8.0	0.06349206349206349	2.0	0.015873015873015872	166.0	357.0	0.4649859943977591	39.0	0.30952380952380953	126.0	1.0	0.0	1.0	0.0	1.0	0.0	0.0	1.0	0.0	0.0	0.0	1.0	1.0	0.0	0.0	0.0	0.0	1.0	1.0	0.0	0.0	1.0	1.0	2.0	2018.0	"CAL"	0.4649859943977591	41.0	0.3253968253968254
"CAL60"	1.0	1.0	0.0	0.0	1.0	5.0	32.0	0.08199999999999999	2.0	0.0	0.8	1.0	1.0	0.0	0.0	1.0	0.6	0.0	0.2	0.0	0.8	1.0	0.8	1.0	0.6	1.0	0.6	1.0	0.6	0.0	0.0	0.0	0.0	1.0	0.4	1.0	0.6	0.0	0.0	1.0	1.0	0.0	0.2	1.0	1.0	1.0	1.0	50.0	0.45045045045045046	60.0	0.5405405405405406	1.0	0.009009009009009009	0.0	0.0	175.0	373.0	0.4691689008042895	61.0	0.5495495495495496	111.0	1.0	0.0	1.0	1.0	1.0	1.0	0.0	0.0	0.0	0.0	0.0	0.0	1.0	0.0	0.0	0.0	0.0	1.0	1.0	0.0	0.0	1.0	1.0	3.0	2018.0	"CAL"	0.4691689008042895	61.0	0.5495495495495496
"CAL56"	1.0	1.0	0.0	1.0	1.0	13.0	55.0	0.196	4.0	0.0	0.46153846153846156	0.0	0.8461538461538461	0.0	0.23076923076923078	0.0	0.23076923076923078	1.0	0.7692307692307693	0.0	0.9230769230769231	0.0	0.0	0.0	0.0	0.0	0.0	0.0	0.46153846153846156	0.0	0.0	1.0	0.15384615384615385	1.0	0.15384615384615385	0.0	0.15384615384615385	0.0	0.0	0.0	0.0	0.0	0.07692307692307693	1.0	1.0	1.0	1.0	65.0	0.7065217391304348	27.0	0.29347826086956524	0.0	0.0	0.0	0.0	157.0	297.0	0.5286195286195287	27.0	0.29347826086956524	92.0	0.0	0.0	1.0	0.0	1.0	1.0	1.0	1.0	1.0	0.0	0.0	1.0	1.0	0.0	0.0	0.0	0.0	1.0	1.0	0.0	0.0	0.0	0.0	2.0	2018.0	"CAL"	0.5286195286195287	27.0	0.29347826086956524
"CAL343"	0.0	0.0	0.0	0.0	0.0	10.0	34.0	0.07200000000000001	1.0	0.0	0.2	0.0	0.9	0.0	0.0	0.0	0.1	1.0	0.9	1.0	1.0	0.0	0.0	0.0	0.0	0.0	0.0	0.0	0.3	0.0	0.0	1.0	0.1	1.0	0.1	0.0	0.0	0.0	0.0	0.0	0.2	0.0	0.1	0.0	0.0	0.0	0.0	78.0	0.78	21.0	0.21	1.0	0.01	0.0	0.0	177.0	320.0	0.553125	22.0	0.22	100.0	1.0	1.0	1.0	0.0	0.0	1.0	1.0	1.0	1.0	1.0	0.0	1.0	1.0	0.0	0.0	0.0	0.0	0.0	0.0	1.0	0.0	0.0	1.0	2.0	2018.0	"CAL"	0.553125	22.0	0.22
"LAV2744"	1.0	1.0	0.0	1.0	0.0	4.0	26.0	0.037000000000000005		0.0	0.0	1.0	0.0	0.0	0.75	1.0	1.0	1.0	0.0	1.0	0.0	0.0	0.75	0.0	0.75	0.0	0.25	0.0	0.0	0.0	0.0	1.0	0.0	1.0	0.25	0.0	0.25	0.0	0.25	1.0	0.25	1.0	0.5	1.0	0.25	0.0	0.0	63.0	0.84	10.0	0.13333333333333333	1.0	0.013333333333333334	1.0	0.013333333333333334	129.0	192.0	0.671875	11.0	0.14666666666666667	75.0	0.0	0.0	0.0	0.0	1.0	0.0	0.0	0.0	0.0	0.0	0.0	1.0	1.0	0.0	0.0	0.0	0.0	1.0	1.0	0.0	0.0	1.0	1.0	2.0	2019.0	"LAV"	0.671875	12.0	0.16
"LAV2746"	0.0	1.0	0.0	1.0	1.0	4.0	55.0	0.068		0.0	0.75	0.0	0.75	1.0	0.75	1.0	1.0	0.0	0.25	0.0	0.5	1.0	0.75	1.0	0.75	1.0	0.5	1.0	0.5	0.0	0.0	0.0	0.0	0.0	0.0	1.0	0.5	0.0	0.0	0.0	0.0	1.0	0.5	0.0	0.0	0.0	0.0	68.0	0.4594594594594595	31.0	0.20945945945945946	41.0	0.27702702702702703	8.0	0.05405405405405406	179.0	264.0	0.678030303030303	72.0	0.4864864864864865	148.0	1.0	1.0	0.0	0.0	1.0	0.0	0.0	0.0	1.0	0.0	0.0	1.0	0.0	0.0	0.0	0.0	0.0	1.0	1.0	0.0	0.0	0.0	1.0	3.0	2019.0	"LAV"	0.678030303030303	80.0	0.5405405405405406
"LAV2747"	0.0	1.0	0.0	1.0	1.0	5.0	27.0	0.08800000000000001		0.0	0.0	0.0	0.0	0.0	0.6	1.0	1.0	0.0	0.2	0.0	0.2	0.0	0.4	0.0	0.4	0.0	0.2	0.0	0.4	0.0	0.0	1.0	0.2	1.0	0.2	0.0	0.2	0.0	0.0	0.0	0.2	0.0	0.4	0.0	0.0	1.0	0.4	78.0	0.45614035087719296	75.0	0.43859649122807015	15.0	0.08771929824561403	3.0	0.017543859649122806	135.0	421.0	0.32066508313539194	90.0	0.5263157894736842	171.0	0.0	1.0	0.0	0.0	1.0	0.0	0.0	0.0	1.0	0.0	0.0	1.0	0.0	0.0	0.0	0.0	0.0	1.0	1.0	0.0	0.0	0.0	0.0	2.0	2019.0	"LAV"	0.32066508313539194	93.0	0.543859649122807
"LAV2748"	0.0	1.0	1.0	0.0	1.0	3.0	27.0	0.042		0.0	0.6666666666666665	0.0	0.6666666666666665	1.0	1.0	1.0	1.0	0.0	0.0	0.0	0.6666666666666665	1.0	0.6666666666666665	1.0	0.6666666666666665	1.0	0.6666666666666665	1.0	1.0	0.0	0.0	1.0	0.33333333333333326	1.0	0.6666666666666665	0.0	0.0	0.0	0.0	1.0	0.33333333333333326	1.0	0.6666666666666665	0.0	0.0	0.0	0.0	167.0	0.5661016949152542	100.0	0.3389830508474576	25.0	0.0847457627118644	3.0	0.010169491525423728	601.0	862.0	0.697215777262181	125.0	0.423728813559322	295.0	0.0	1.0	0.0	1.0	1.0	1.0	1.0	0.0	1.0	0.0	0.0	1.0	0.0	0.0	0.0	0.0	1.0	1.0	1.0	0.0	0.0	1.0	1.0	2.0	2019.0	"LAV"	0.697215777262181	128.0	0.43389830508474575
"LAV2751"	0.0	1.0	0.0	1.0	0.0	4.0	38.0	0.047		0.0	0.25	0.0	0.25	1.0	1.0	1.0	1.0	1.0	0.25	0.0	0.25	1.0	1.0	0.0	0.75	0.0	0.25	1.0	0.5	0.0	0.0	0.0	0.0	0.0	0.0	1.0	0.5	1.0	0.0	0.0	0.0	0.0	0.75	0.0	0.0	1.0	0.25	48.0	0.3779527559055118	63.0	0.49606299212598426	16.0	0.12598425196850394	0.0	0.0	294.0	558.0	0.5268817204301075	79.0	0.6220472440944882	127.0	0.0	1.0	0.0	0.0	0.0	0.0	0.0	1.0	0.0	0.0	0.0	0.0	1.0	0.0	0.0	0.0	0.0	1.0	1.0	0.0	0.0	0.0	0.0	2.0	2019.0	"LAV"	0.5268817204301075	79.0	0.6220472440944882
"LAV2752"	0.0	1.0	0.0	0.0	1.0	4.0	62.0	0.036000000000000004		0.0	0.0	0.0	0.25	1.0	1.0	1.0	0.75	0.0	0.0	0.0	0.25	1.0	1.0	1.0	1.0	1.0	0.75	0.0	0.5	0.0	0.0	1.0	0.0	1.0	0.5	0.0	0.25	0.0	0.0	0.0	0.0	0.0	0.25	0.0	0.0	1.0	0.25	65.0	0.42483660130718953	48.0	0.3137254901960784	40.0	0.26143790849673204	0.0	0.0	54.0	394.0	0.13705583756345177	88.0	0.5751633986928104	153.0	0.0	1.0	0.0	0.0	1.0	0.0	0.0	0.0	1.0	0.0	1.0	0.0	1.0	0.0	0.0	0.0	0.0	1.0	1.0	0.0	0.0	1.0	1.0	3.0	2019.0	"LAV"	0.13705583756345177	88.0	0.5751633986928104
"LAV2754"	0.0	1.0	0.0	0.0	1.0	3.0	55.0	0.022000000000000002		0.0	0.6666666666666665	0.0	0.6666666666666665	1.0	0.6666666666666665	1.0	1.0	0.0	0.33333333333333326	0.0	0.6666666666666665	1.0	0.6666666666666665	1.0	0.6666666666666665	1.0	0.6666666666666665	1.0	0.6666666666666665	0.0	0.0	1.0	0.33333333333333326	1.0	0.33333333333333326	1.0	0.33333333333333326	0.0	0.0	0.0	0.0	1.0	0.6666666666666665	0.0	0.0	1.0	0.33333333333333326	111.0	0.575129533678757	53.0	0.27461139896373055	28.0	0.14507772020725387	1.0	0.0051813471502590676	64.0	381.0	0.1679790026246719	81.0	0.41968911917098445	193.0	0.0	0.0	0.0	0.0	1.0	1.0	0.0	0.0	1.0	0.0	0.0	1.0	0.0	0.0	0.0	0.0	0.0	1.0	1.0	0.0	0.0	1.0	1.0	3.0	2019.0	"LAV"	0.1679790026246719	82.0	0.42487046632124353
"LAV2755"	0.0	1.0	0.0	1.0	1.0	3.0	37.0	0.041	1.0	0.0	0.0	1.0	1.0	0.0	0.3333333333333333	1.0	1.0	0.0	0.0	1.0	1.0	1.0	0.6666666666666666	1.0	0.6666666666666666	1.0	0.6666666666666666	1.0	0.6666666666666666	0.0	0.0	0.0	0.0	0.0	0.0	1.0	1.0	0.0	0.0	0.0	0.0	0.0	0.3333333333333333	1.0	1.0	0.0	0.0	129.0	0.7588235294117647	33.0	0.19411764705882353	8.0	0.047058823529411764	0.0	0.0	285.0	457.0	0.6236323851203501	41.0	0.2411764705882353	170.0	0.0	0.0	0.0	1.0	1.0	0.0	0.0	0.0	0.0	0.0	0.0	1.0	0.0	0.0	0.0	0.0	0.0	0.0	1.0	0.0	0.0	0.0	1.0	3.0	2018.0	"LAV"	0.6236323851203501	41.0	0.2411764705882353
"LAV2756"	1.0	1.0	0.0	0.0	1.0	4.0	44.0	0.040999999999999995	1.0	0.0	0.0	0.0	0.5	1.0	1.0	1.0	1.0	0.0	0.0	0.0	0.5	1.0	1.0	1.0	1.0	1.0	1.0	1.0	1.0	0.0	0.0	0.0	0.0	1.0	0.25	1.0	0.5	0.0	0.0	0.0	0.0	0.0	0.25	0.0	0.0	0.0	0.0	78.0	0.42162162162162165	65.0	0.35135135135135137	42.0	0.22702702702702704	0.0	0.0	317.0	578.0	0.5484429065743944	107.0	0.5783783783783784	185.0	1.0	0.0	0.0	1.0	1.0	1.0	0.0	0.0	0.0	0.0	0.0	0.0	1.0	0.0	0.0	0.0	0.0	0.0	1.0	0.0	0.0	0.0	1.0	2.0	2018.0	"LAV"	0.5484429065743944	107.0	0.5783783783783784
"LAV2757"	0.0	1.0	0.0	0.0	1.0	2.0	33.0	0.027999999999999997		0.0	1.0	1.0	1.0	1.0	1.0	1.0	1.0	1.0	1.0	1.0	1.0	1.0	1.0	1.0	1.0	1.0	0.5	1.0	0.5	0.0	0.0	0.0	0.0	1.0	0.5	1.0	0.5	0.0	0.0	0.0	0.0	1.0	0.5	1.0	0.5	0.0	0.0	103.0	0.38721804511278196	155.0	0.5827067669172933	6.0	0.022556390977443608	2.0	0.007518796992481203	4.0	400.0	0.01	161.0	0.6052631578947368	266.0	0.0	1.0	0.0	0.0	1.0	0.0	0.0	0.0	1.0	0.0	0.0	1.0	1.0	0.0	0.0	0.0	0.0	1.0	1.0	0.0	0.0	0.0	0.0	3.0	2019.0	"LAV"	0.01	163.0	0.6127819548872181
"LAV2759"	1.0	1.0	0.0	0.0	1.0	4.0	73.0	0.04		0.0	0.5	0.0	0.5	1.0	0.75	1.0	1.0	0.0	0.25	0.0	0.25	0.0	0.25	0.0	0.25	0.0	0.0	0.0	0.25	1.0	0.25	0.0	0.0	1.0	0.25	1.0	0.25	0.0	0.0	0.0	0.0	0.0	0.25	0.0	0.0	0.0	0.0	46.0	0.575	20.0	0.25	14.0	0.175	0.0	0.0	85.0	242.0	0.3512396694214876	34.0	0.425	80.0	0.0	1.0	0.0	0.0	0.0	0.0	0.0	0.0	0.0	0.0	0.0	0.0	1.0	0.0	0.0	0.0	0.0	1.0	1.0	0.0	0.0	0.0	0.0	2.0	2019.0	"LAV"	0.3512396694214876	34.0	0.425
"LAV2761"	1.0	1.0	0.0	1.0	0.0	3.0	77.0	0.087	4.0	1.0	1.0	1.0	1.0	1.0	1.0	1.0	1.0	1.0	1.0	1.0	1.0	1.0	1.0	1.0	1.0	0.0	0.3333333333333333	0.0	0.3333333333333333	0.0	0.0	0.0	0.0	0.0	0.0	1.0	0.6666666666666666	0.0	0.0	1.0	0.3333333333333333	0.0	0.3333333333333333	0.0	0.0	1.0	0.3333333333333333	29.0	0.8787878787878788	3.0	0.09090909090909091	1.0	0.030303030303030304	0.0	0.0	320.0	351.0	0.9116809116809117	4.0	0.12121212121212122	33.0	0.0	1.0	0.0	0.0	0.0	0.0	0.0	0.0	0.0	0.0	0.0	1.0	0.0	0.0	0.0	0.0	0.0	0.0	0.0	0.0	0.0	0.0	0.0	3.0	2018.0	"LAV"	0.9116809116809117	4.0	0.12121212121212122
"LAV2762"	0.0	1.0	0.0	0.0	1.0	5.0	58.0	0.044000000000000004		0.0	0.4	0.0	0.4	1.0	1.0	1.0	1.0	0.0	0.6	0.0	0.6	0.0	0.4	0.0	0.4	0.0	0.2	0.0	0.4	0.0	0.0	1.0	0.4	1.0	0.2	0.0	0.2	0.0	0.0	0.0	0.0	0.0	0.4	0.0	0.0	0.0	0.0	39.0	0.5	31.0	0.3974358974358974	6.0	0.07692307692307693	2.0	0.02564102564102564	212.0	334.0	0.6347305389221557	37.0	0.47435897435897434	78.0	0.0	1.0	0.0	0.0	0.0	0.0	0.0	0.0	0.0	0.0	0.0	1.0	1.0	0.0	0.0	0.0	0.0	0.0	0.0	0.0	0.0	0.0	0.0	2.0	2019.0	"LAV"	0.6347305389221557	39.0	0.5
"LAV2764"	0.0	1.0	0.0	0.0	1.0	3.0	60.0	0.038		0.0	1.0	1.0	1.0	1.0	1.0	1.0	1.0	1.0	0.6666666666666665	1.0	1.0	1.0	0.6666666666666665	1.0	0.6666666666666665	0.0	0.33333333333333326	1.0	0.6666666666666665	0.0	0.0	1.0	0.33333333333333326	0.0	0.0	0.0	0.0	0.0	0.0	1.0	0.33333333333333326	1.0	0.6666666666666665	0.0	0.33333333333333326	1.0	0.33333333333333326	169.0	0.7788018433179723	44.0	0.20276497695852536	4.0	0.018433179723502304	0.0	0.0	212.0	500.0	0.424	48.0	0.22119815668202766	217.0	1.0	1.0	0.0	1.0	1.0	0.0	0.0	0.0	1.0	0.0	0.0	1.0	0.0	0.0	0.0	0.0	0.0	1.0	1.0	1.0	0.0	1.0	1.0	2.0	2019.0	"LAV"	0.424	48.0	0.22119815668202766
"LAV2766"	0.0	1.0	0.0	1.0	0.0	4.0	76.0	0.11800000000000001		0.0	1.0	1.0	1.0	1.0	1.0	1.0	1.0	0.0	0.5	1.0	1.0	1.0	0.75	1.0	0.75	1.0	0.75	1.0	1.0	0.0	0.0	0.0	0.0	1.0	0.75	1.0	0.25	1.0	0.25	0.0	0.0	1.0	1.0	0.0	0.0	0.0	0.25	55.0	0.44	47.0	0.376	18.0	0.144	5.0	0.04	363.0	552.0	0.657608695652174	65.0	0.52	125.0	1.0	1.0	1.0	1.0	1.0	1.0	0.0	0.0	1.0	0.0	0.0	1.0	0.0	0.0	0.0	0.0	0.0	1.0	1.0	0.0	0.0	1.0	1.0	3.0	2019.0	"LAV"	0.657608695652174	70.0	0.56
"LAV2770"	0.0	1.0	0.0	0.0	0.0	3.0	69.0	0.021	3.0	0.0	0.0	0.0	0.0	1.0	1.0	1.0	1.0	0.0	0.0	0.0	0.0	1.0	1.0	1.0	1.0	0.0	0.3333333333333333	1.0	0.6666666666666666	0.0	0.0	0.0	0.0	0.0	0.0	1.0	0.6666666666666666	0.0	0.0	0.0	0.0	0.0	0.0	0.0	0.0	0.0	0.0	62.0	0.40789473684210525	78.0	0.5131578947368421	11.0	0.07236842105263158	1.0	0.006578947368421052	182.0	569.0	0.31985940246045697	89.0	0.5855263157894737	152.0	1.0	1.0	0.0	1.0	1.0	1.0	0.0	0.0	0.0	0.0	0.0	0.0	0.0	0.0	0.0	0.0	0.0	1.0	1.0	0.0	0.0	1.0	1.0	2.0	2018.0	"LAV"	0.31985940246045697	90.0	0.5921052631578947
"LAV2771"	0.0	1.0	0.0	0.0	1.0	4.0	34.0	0.022000000000000002		0.0	0.75	0.0	0.75	1.0	1.0	1.0	1.0	0.0	0.25	0.0	0.5	1.0	0.5	1.0	0.5	0.0	0.25	1.0	0.5	1.0	0.5	1.0	0.25	1.0	0.25	0.0	0.0	0.0	0.0	0.0	0.0	0.0	0.25	0.0	0.25	1.0	0.25	85.0	0.5029585798816568	75.0	0.4437869822485207	8.0	0.047337278106508875	1.0	0.005917159763313609	447.0	702.0	0.6367521367521367	83.0	0.4911242603550296	169.0	1.0	1.0	0.0	1.0	1.0	0.0	0.0	0.0	0.0	0.0	0.0	1.0	0.0	0.0	0.0	0.0	0.0	1.0	1.0	0.0	0.0	1.0	1.0	2.0	2019.0	"LAV"	0.6367521367521367	84.0	0.4970414201183432
"LAV2773"	0.0	1.0	1.0	0.0	1.0	3.0	28.0	0.02		0.0	1.0	1.0	1.0	1.0	0.6666666666666665	1.0	1.0	0.0	0.0	1.0	1.0	1.0	1.0	1.0	1.0	1.0	0.6666666666666665	1.0	0.6666666666666665	0.0	0.0	0.0	0.0	1.0	0.33333333333333326	1.0	1.0	0.0	0.0	0.0	0.0	1.0	0.6666666666666665	0.0	0.0	1.0	0.6666666666666665	88.0	0.7096774193548387	31.0	0.25	4.0	0.03225806451612903	1.0	0.008064516129032258	279.0	423.0	0.6595744680851063	35.0	0.28225806451612906	124.0	0.0	1.0	0.0	0.0	1.0	0.0	0.0	0.0	0.0	0.0	0.0	1.0	1.0	0.0	0.0	0.0	0.0	1.0	1.0	0.0	0.0	1.0	1.0	3.0	2019.0	"LAV"	0.6595744680851063	36.0	0.2903225806451613
"LAV2778"	0.0	1.0	0.0	0.0	1.0	3.0	52.0	0.044000000000000004		1.0	1.0	1.0	1.0	1.0	1.0	1.0	1.0	1.0	1.0	1.0	1.0	0.0	0.33333333333333326	0.0	0.33333333333333326	0.0	0.33333333333333326	1.0	1.0	0.0	0.0	0.0	0.0	1.0	0.33333333333333326	1.0	0.6666666666666665	0.0	0.0	0.0	0.0	1.0	0.6666666666666665	0.0	0.0	0.0	0.0	100.0	0.4608294930875576	90.0	0.4147465437788018	24.0	0.11059907834101383	3.0	0.013824884792626729	70.0	325.0	0.2153846153846154	114.0	0.5253456221198156	217.0	1.0	1.0	0.0	0.0	1.0	0.0	0.0	0.0	0.0	0.0	0.0	1.0	0.0	0.0	0.0	0.0	0.0	1.0	1.0	0.0	0.0	0.0	0.0	3.0	2019.0	"LAV"	0.2153846153846154	117.0	0.5391705069124424
"LAV2779"	0.0	1.0	0.0	1.0	1.0	5.0	69.0	0.053		1.0	1.0	1.0	1.0	1.0	1.0	1.0	1.0	0.0	0.6	0.0	0.6	0.0	0.4	0.0	0.2	0.0	0.0	0.0	0.4	0.0	0.0	0.0	0.0	0.0	0.2	0.0	0.4	0.0	0.0	0.0	0.2	0.0	0.4	0.0	0.0	1.0	0.2	56.0	0.9032258064516129	4.0	0.06451612903225806	2.0	0.03225806451612903	0.0	0.0	144.0	297.0	0.48484848484848486	6.0	0.0967741935483871	62.0	0.0	0.0	0.0	0.0	0.0	0.0	0.0	0.0	0.0	0.0	0.0	0.0	0.0	1.0	1.0	0.0	0.0	1.0	1.0	0.0	0.0	0.0	0.0	3.0	2019.0	"LAV"	0.48484848484848486	6.0	0.0967741935483871
"LAV2780"	0.0	1.0	0.0	1.0	1.0	3.0	31.0	0.057999999999999996		1.0	1.0	1.0	1.0	1.0	1.0	1.0	1.0	1.0	0.6666666666666665	1.0	1.0	1.0	0.6666666666666665	1.0	0.6666666666666665	1.0	0.6666666666666665	1.0	0.6666666666666665	0.0	0.0	0.0	0.0	1.0	0.33333333333333326	1.0	1.0	0.0	0.0	0.0	0.0	1.0	0.6666666666666665	0.0	0.0	1.0	0.33333333333333326	86.0	0.5341614906832298	71.0	0.4409937888198758	4.0	0.024844720496894408	0.0	0.0	91.0	417.0	0.2182254196642686	75.0	0.4658385093167702	161.0	0.0	1.0	0.0	0.0	1.0	0.0	0.0	0.0	0.0	0.0	0.0	1.0	0.0	0.0	0.0	0.0	0.0	1.0	1.0	0.0	0.0	0.0	0.0	3.0	2019.0	"LAV"	0.2182254196642686	75.0	0.4658385093167702
"LAV2782"	0.0	0.0	0.0	1.0	0.0	3.0	50.0	0.02		0.0	0.33333333333333326	0.0	0.33333333333333326	1.0	0.6666666666666665	1.0	1.0	0.0	0.0	0.0	0.33333333333333326	1.0	0.6666666666666665	1.0	0.6666666666666665	1.0	0.6666666666666665	1.0	0.6666666666666665	0.0	0.0	1.0	0.33333333333333326	0.0	0.0	1.0	0.33333333333333326	0.0	0.0	0.0	0.0	1.0	0.6666666666666665	0.0	0.0	0.0	0.0	67.0	0.5403225806451613	49.0	0.3951612903225806	7.0	0.056451612903225805	1.0	0.008064516129032258	531.0	775.0	0.6851612903225807	56.0	0.45161290322580644	124.0	1.0	1.0	0.0	1.0	1.0	1.0	1.0	1.0	1.0	0.0	0.0	1.0	0.0	1.0	1.0	0.0	0.0	1.0	1.0	0.0	0.0	1.0	1.0	3.0	2019.0	"LAV"	0.6851612903225807	57.0	0.4596774193548387
"LAV2783"	1.0	0.0	0.0	1.0	1.0	2.0	82.0	0.06		1.0	1.0	1.0	1.0	1.0	1.0	1.0	1.0	1.0	1.0	1.0	1.0	1.0	0.5	1.0	0.5	1.0	0.5	1.0	0.5	0.0	0.0	1.0	0.5	1.0	0.5	1.0	1.0	0.0	0.0	0.0	0.0	1.0	0.5	0.0	0.0	0.0	0.0	87.0	0.5506329113924051	50.0	0.31645569620253167	18.0	0.11392405063291139	3.0	0.0189873417721519	269.0	574.0	0.4686411149825784	68.0	0.43037974683544306	158.0	1.0	1.0	0.0	0.0	1.0	0.0	1.0	0.0	0.0	0.0	0.0	0.0	0.0	0.0	0.0	0.0	0.0	1.0	1.0	0.0	0.0	0.0	0.0	2.0	2019.0	"LAV"	0.4686411149825784	71.0	0.44936708860759494
"LAV2784"	1.0	1.0	0.0	1.0	1.0	10.0	32.0	0.1	2.0	0.0	0.4	0.0	0.5	1.0	1.0	1.0	1.0	1.0	0.5	0.0	0.6	0.0	0.4	0.0	0.3	0.0	0.2	0.0	0.2	0.0	0.0	0.0	0.0	0.0	0.0	1.0	0.3	0.0	0.0	1.0	0.6	0.0	0.0	0.0	0.0	0.0	0.0	192.0	0.8275862068965517	38.0	0.16379310344827586	1.0	0.004310344827586207	1.0	0.004310344827586207	352.0	695.0	0.5064748201438849	39.0	0.16810344827586207	232.0	1.0	1.0	0.0	1.0	1.0	1.0	0.0	0.0	0.0	0.0	0.0	0.0	0.0	0.0	0.0	0.0	0.0	0.0	0.0	0.0	0.0	1.0	1.0	3.0	2018.0	"LAV"	0.5064748201438849	40.0	0.1724137931034483
"LAV2785"	0.0	1.0	0.0	0.0	1.0	5.0	54.0	0.053		0.0	0.25	0.0	0.25	1.0	1.0	1.0	1.0	0.0	0.0	0.0	0.75	1.0	1.0	1.0	1.0	1.0	0.75	1.0	0.75	0.0	0.0	0.0	0.0	0.0	0.0	1.0	0.75	0.0	0.0	0.0	0.0	1.0	0.75	0.0	0.0	1.0	1.0	58.0	0.5979381443298969	32.0	0.32989690721649484	3.0	0.030927835051546393	4.0	0.041237113402061855	55.0	198.0	0.2777777777777778	35.0	0.36082474226804123	97.0	0.0	0.0	0.0	0.0	1.0	0.0	0.0	0.0	0.0	0.0	0.0	0.0	0.0	0.0	1.0	0.0	0.0	0.0	1.0	0.0	0.0	0.0	0.0	3.0	2019.0	"LAV"	0.2777777777777778	39.0	0.4020618556701031
"LAV2786"	0.0	1.0	0.0	0.0	1.0	4.0	65.0	0.07400000000000001		1.0	1.0	1.0	1.0	0.0	0.0	1.0	1.0	0.0	0.0	0.0	0.25	1.0	1.0	1.0	1.0	1.0	0.75	1.0	1.0	1.0	0.25	1.0	0.25	0.0	0.0	1.0	1.0	0.0	0.0	0.0	0.0	1.0	0.5	0.0	0.0	1.0	1.0	0.0	0.0	6.0	0.6666666666666666	2.0	0.2222222222222222	1.0	0.1111111111111111	12.0	158.0	0.0759493670886076	8.0	0.8888888888888888	9.0	0.0	0.0	0.0	0.0	1.0	0.0	0.0	0.0	0.0	0.0	0.0	1.0	0.0	0.0	1.0	0.0	0.0	0.0	1.0	0.0	0.0	0.0	1.0	3.0	2019.0	"LAV"	0.0759493670886076	9.0	1.0
"LAV2787"	1.0	1.0	0.0	1.0	1.0	4.0	52.0	0.049		0.0	1.0	1.0	1.0	1.0	1.0	0.0	1.0	1.0	0.75	1.0	1.0	1.0	1.0	1.0	1.0	1.0	1.0	1.0	1.0	0.0	0.5	1.0	0.0	1.0	0.0	1.0	0.25	0.0	0.0	0.0	0.0	1.0	0.75	0.0	0.0	1.0	0.25	56.0	0.3916083916083916	79.0	0.5524475524475524	8.0	0.055944055944055944	0.0	0.0	297.0	745.0	0.39865771812080536	87.0	0.6083916083916084	143.0	1.0	1.0	0.0	1.0	1.0	1.0	0.0	0.0	1.0	0.0	0.0	0.0	1.0	1.0	1.0	0.0	0.0	1.0	1.0	0.0	0.0	1.0	1.0	3.0	2019.0	"LAV"	0.39865771812080536	87.0	0.6083916083916084
"LAV2790"	0.0	1.0	0.0	0.0	1.0	3.0	62.0	0.052000000000000005		1.0	1.0	1.0	1.0	1.0	1.0	1.0	1.0	1.0	1.0	1.0	1.0	1.0	1.0	1.0	0.6666666666666665	1.0	0.6666666666666665	1.0	1.0	0.0	0.0	1.0	0.33333333333333326	1.0	0.33333333333333326	1.0	1.0	0.0	0.0	0.0	0.0	1.0	0.6666666666666665	0.0	0.0	0.0	0.0	79.0	0.4114583333333333	105.0	0.546875	7.0	0.036458333333333336	1.0	0.005208333333333333	75.0	359.0	0.20891364902506965	112.0	0.5833333333333334	192.0	1.0	1.0	0.0	1.0	1.0	1.0	0.0	0.0	0.0	0.0	0.0	1.0	0.0	0.0	0.0	0.0	0.0	1.0	1.0	0.0	0.0	1.0	1.0	2.0	2019.0	"LAV"	0.20891364902506965	113.0	0.5885416666666666
"LAV2791"	0.0	1.0	0.0	0.0	0.0	4.0	79.0	0.12		1.0	1.0	1.0	1.0	1.0	1.0	1.0	1.0	1.0	1.0	1.0	1.0	0.0	0.5	0.0	0.5	0.0	0.5	1.0	1.0	0.0	0.0	0.0	0.0	1.0	0.25	1.0	0.5	0.0	0.0	1.0	0.25	1.0	0.75	0.0	0.0	0.0	0.25	144.0	0.4198250728862974	193.0	0.5626822157434402	5.0	0.014577259475218658	1.0	0.0029154518950437317	184.0	634.0	0.2902208201892745	198.0	0.577259475218659	343.0	1.0	1.0	0.0	1.0	1.0	1.0	1.0	1.0	1.0	0.0	0.0	1.0	1.0	0.0	0.0	0.0	0.0	1.0	1.0	0.0	0.0	1.0	1.0	4.0	2019.0	"LAV"	0.2902208201892745	199.0	0.5801749271137027
"LAV2796"	0.0	1.0	1.0	1.0	0.0	2.0	20.0	0.09699999999999999		0.0	0.5	0.0	0.5	1.0	1.0	1.0	1.0	1.0	0.5	0.0	0.5	1.0	0.5	1.0	0.5	1.0	0.5	1.0	1.0	0.0	0.0	0.0	0.0	0.0	0.0	0.0	0.0	0.0	0.0	1.0	0.5	1.0	0.5	0.0	0.0	1.0	0.5	87.0	1.0	0.0	0.0	0.0	0.0	0.0	0.0	794.0	799.0	0.9937421777221527	0.0	0.0	87.0	0.0	0.0	0.0	0.0	0.0	0.0	0.0	0.0	0.0	0.0	0.0	0.0	0.0	0.0	0.0	0.0	0.0	0.0	0.0	0.0	0.0	0.0	0.0	2.0	2019.0	"LAV"	0.9937421777221527	0.0	0.0
"LAV2798"	0.0	1.0	0.0	0.0	0.0	3.0	70.0	0.034	3.0	1.0	1.0	1.0	1.0	1.0	1.0	1.0	1.0	1.0	1.0	1.0	1.0	1.0	1.0	1.0	0.6666666666666666	0.0	0.3333333333333333	1.0	0.6666666666666666	0.0	0.0	1.0	0.3333333333333333	0.0	0.0	1.0	0.3333333333333333	0.0	0.0	1.0	0.6666666666666666	0.0	0.3333333333333333	0.0	0.0	0.0	0.0	42.0	0.19004524886877827	178.0	0.8054298642533937	1.0	0.004524886877828055	0.0	0.0	37.0	371.0	0.09973045822102426	179.0	0.8099547511312217	221.0	0.0	1.0	0.0	0.0	1.0	1.0	0.0	0.0	1.0	0.0	1.0	1.0	0.0	1.0	1.0	0.0	0.0	0.0	1.0	0.0	0.0	0.0	0.0	2.0	2018.0	"LAV"	0.09973045822102426	179.0	0.8099547511312217
"LAV2799"	0.0	1.0	0.0	1.0	1.0	4.0	77.0	0.163	4.0	1.0	1.0	1.0	1.0	1.0	1.0	1.0	1.0	1.0	1.0	1.0	1.0	1.0	1.0	1.0	0.75	1.0	0.5	1.0	1.0	0.0	0.0	0.0	0.0	1.0	0.5	1.0	0.25	0.0	0.0	1.0	0.25	1.0	0.5	0.0	0.0	1.0	0.5	87.0	0.47540983606557374	90.0	0.4918032786885246	5.0	0.0273224043715847	1.0	0.00546448087431694	289.0	475.0	0.608421052631579	95.0	0.5191256830601093	183.0	0.0	1.0	0.0	1.0	1.0	1.0	0.0	0.0	1.0	1.0	0.0	1.0	1.0	0.0	0.0	0.0	0.0	1.0	1.0	1.0	0.0	1.0	1.0	3.0	2018.0	"LAV"	0.608421052631579	96.0	0.5245901639344263
"LAV2801"	0.0	1.0	0.0	1.0	0.0	4.0	79.0	0.11699999999999999		1.0	1.0	1.0	1.0	1.0	1.0	1.0	1.0	1.0	1.0	1.0	1.0	1.0	0.75	1.0	0.75	0.0	0.25	1.0	0.75	1.0	0.75	0.0	0.0	0.0	0.0	1.0	0.75	0.0	0.0	1.0	0.5	1.0	0.5	0.0	0.0	1.0	0.25	86.0	0.7543859649122807	28.0	0.24561403508771928	0.0	0.0	0.0	0.0	85.0	188.0	0.4521276595744681	28.0	0.24561403508771928	114.0	0.0	0.0	0.0	0.0	1.0	0.0	0.0	0.0	1.0	0.0	0.0	1.0	1.0	1.0	1.0	0.0	0.0	1.0	1.0	0.0	0.0	1.0	1.0	3.0	2019.0	"LAV"	0.4521276595744681	28.0	0.24561403508771928
"LAV2802"	0.0	1.0	0.0	0.0	1.0	5.0	75.0	0.259		1.0	1.0	1.0	1.0	1.0	1.0	1.0	1.0	1.0	1.0	1.0	1.0	0.0	0.6	0.0	0.6	0.0	0.2	0.0	0.6	1.0	0.2	0.0	0.0	0.0	0.0	0.0	0.0	0.0	0.2	1.0	0.8	1.0	0.6	0.0	0.2	1.0	0.4	57.0	0.30158730158730157	128.0	0.6772486772486772	3.0	0.015873015873015872	1.0	0.005291005291005291	165.0	380.0	0.43421052631579	131.0	0.6931216931216931	189.0	1.0	1.0	0.0	1.0	1.0	0.0	0.0	0.0	0.0	0.0	0.0	1.0	0.0	0.0	0.0	0.0	0.0	1.0	1.0	0.0	0.0	1.0	1.0	4.0	2019.0	"LAV"	0.43421052631579	132.0	0.6984126984126984
"LAV2806"	0.0	1.0	0.0	1.0	0.0	4.0	78.0	0.261		1.0	1.0	1.0	1.0	1.0	1.0	1.0	1.0	1.0	0.75	1.0	1.0	1.0	0.5	1.0	0.5	0.0	0.25	0.0	0.5	0.0	0.25	0.0	0.0	0.0	0.0	1.0	0.25	0.0	0.0	1.0	0.5	0.0	0.25	0.0	0.0	0.0	0.0	73.0	0.5793650793650794	52.0	0.4126984126984127	1.0	0.007936507936507936	0.0	0.0	364.0	438.0	0.8310502283105022	53.0	0.42063492063492064	126.0	1.0	0.0	0.0	1.0	1.0	1.0	1.0	0.0	1.0	0.0	0.0	1.0	0.0	0.0	0.0	0.0	0.0	1.0	1.0	0.0	0.0	0.0	1.0	3.0	2019.0	"LAV"	0.8310502283105022	53.0	0.42063492063492064
"LAV2807"	0.0	1.0	0.0	1.0	1.0	6.0	68.0	0.09		1.0	1.0	1.0	1.0	0.0	0.8333333333333335	1.0	1.0	1.0	1.0	1.0	1.0	1.0	0.6666666666666665	1.0	0.6666666666666665	1.0	0.5	0.0	0.5	1.0	0.33333333333333326	0.0	0.0	1.0	0.16666666666666663	0.0	0.33333333333333326	0.0	0.0	0.0	0.5	0.0	0.6666666666666665	0.0	0.0	0.0	0.0	122.0	0.41496598639455784	156.0	0.5306122448979592	16.0	0.05442176870748299	0.0	0.0	517.0	1069.0	0.48362956033676335	172.0	0.5850340136054422	294.0	1.0	1.0	0.0	1.0	1.0	1.0	0.0	0.0	1.0	0.0	0.0	1.0	0.0	1.0	0.0	0.0	0.0	1.0	1.0	0.0	0.0	1.0	1.0	3.0	2019.0	"LAV"	0.48362956033676335	172.0	0.5850340136054422
"LAV2808"	0.0	1.0	0.0	1.0	1.0	3.0	59.0	0.14300000000000002		1.0	1.0	1.0	1.0	1.0	1.0	1.0	1.0	1.0	1.0	1.0	1.0	1.0	1.0	1.0	1.0	1.0	0.6666666666666665	1.0	0.6666666666666665	0.0	0.0	0.0	0.0	0.0	0.0	1.0	1.0	0.0	0.0	0.0	0.0	0.0	0.33333333333333326	1.0	0.6666666666666665	0.0	0.0	76.0	0.6666666666666666	34.0	0.2982456140350877	4.0	0.03508771929824561	0.0	0.0	126.0	322.0	0.391304347826087	38.0	0.3333333333333333	114.0	1.0	1.0	0.0	1.0	1.0	0.0	0.0	0.0	1.0	0.0	0.0	1.0	0.0	0.0	0.0	0.0	0.0	1.0	1.0	0.0	0.0	1.0	1.0	3.0	2019.0	"LAV"	0.391304347826087	38.0	0.3333333333333333
"LAV2809"	0.0	1.0	0.0	0.0	1.0	6.0	56.0	0.075		0.0	0.5	0.0	0.5	1.0	1.0	1.0	1.0	0.0	0.16666666666666663	0.0	0.5	1.0	0.6666666666666665	1.0	0.5	0.0	0.33333333333333326	0.0	0.6666666666666665	0.0	0.0	0.0	0.0	1.0	0.16666666666666663	0.0	0.33333333333333326	0.0	0.0	0.0	0.0	0.0	0.5	0.0	0.0	0.0	0.0	131.0	0.6421568627450981	71.0	0.3480392156862745	2.0	0.00980392156862745	0.0	0.0	379.0	600.0	0.6316666666666667	73.0	0.35784313725490197	204.0	1.0	1.0	0.0	1.0	1.0	1.0	1.0	0.0	0.0	0.0	0.0	1.0	0.0	0.0	0.0	0.0	0.0	1.0	1.0	0.0	0.0	1.0	1.0	3.0	2019.0	"LAV"	0.6316666666666667	73.0	0.35784313725490197
"LAV2810"	0.0	1.0	0.0	1.0	1.0	4.0	75.0	0.022000000000000002		1.0	1.0	1.0	1.0	1.0	1.0	1.0	1.0	1.0	0.75	0.0	0.75	1.0	1.0	1.0	0.75	0.0	0.25	1.0	0.5	0.0	0.0	0.0	0.0	1.0	0.25	0.0	0.0	0.0	0.0	0.0	0.0	1.0	0.5	0.0	0.25	0.0	0.0	72.0	0.5901639344262295	40.0	0.32786885245901637	10.0	0.08196721311475409	0.0	0.0	219.0	332.0	0.6596385542168675	50.0	0.4098360655737705	122.0	1.0	0.0	0.0	0.0	1.0	0.0	0.0	0.0	1.0	0.0	0.0	1.0	1.0	0.0	0.0	0.0	0.0	1.0	1.0	0.0	0.0	0.0	0.0	3.0	2019.0	"LAV"	0.6596385542168675	50.0	0.4098360655737705
"LAV2811"	0.0	1.0	0.0	1.0	1.0	4.0	74.0	0.106	4.0	1.0	1.0	1.0	1.0	1.0	1.0	1.0	1.0	1.0	1.0	1.0	1.0	1.0	0.75	1.0	0.75	1.0	0.5	1.0	0.5	1.0	0.5	0.0	0.0	1.0	0.25	1.0	0.5	1.0	0.25	1.0	0.5	0.0	0.25	0.0	0.0	0.0	0.0	80.0	0.547945205479452	59.0	0.4041095890410959	6.0	0.0410958904109589	1.0	0.00684931506849315	90.0	331.0	0.2719033232628399	65.0	0.4452054794520548	146.0	1.0	1.0	0.0	0.0	1.0	1.0	0.0	1.0	0.0	0.0	0.0	1.0	0.0	0.0	0.0	0.0	0.0	1.0	1.0	0.0	0.0	0.0	0.0	2.0	2018.0	"LAV"	0.2719033232628399	66.0	0.4520547945205479
"LAV2814"	0.0	1.0	0.0	1.0	1.0	4.0	68.0	0.21		1.0	1.0	1.0	1.0	1.0	0.75	1.0	1.0	1.0	1.0	1.0	1.0	1.0	0.75	1.0	0.5	0.0	0.25	0.0	0.5	0.0	0.0	0.0	0.0	0.0	0.0	1.0	0.5	1.0	0.5	1.0	0.25	0.0	0.25	0.0	0.0	0.0	0.0	103.0	0.5786516853932584	51.0	0.28651685393258425	21.0	0.11797752808988764	3.0	0.016853932584269662	434.0	611.0	0.7103109656301145	72.0	0.4044943820224719	178.0	1.0	1.0	0.0	1.0	1.0	1.0	1.0	0.0	0.0	0.0	0.0	1.0	0.0	0.0	0.0	0.0	0.0	1.0	1.0	0.0	0.0	1.0	1.0	4.0	2019.0	"LAV"	0.7103109656301145	75.0	0.42134831460674155
"LAV2815"	1.0	1.0	0.0	0.0	1.0	6.0	71.0	0.037000000000000005	3.0	0.0	0.8333333333333334	0.0	0.8333333333333334	1.0	0.8333333333333334	1.0	1.0	1.0	0.8333333333333334	0.0	0.8333333333333334	0.0	0.3333333333333333	0.0	0.3333333333333333	0.0	0.16666666666666666	0.0	0.16666666666666666	0.0	0.0	0.0	0.0	0.0	0.0	1.0	0.3333333333333333	0.0	0.0	0.0	0.0	0.0	0.16666666666666666	0.0	0.0	1.0	0.16666666666666666	89.0	0.6312056737588653	49.0	0.3475177304964539	3.0	0.02127659574468085	0.0	0.0	358.0	449.0	0.7973273942093542	52.0	0.36879432624113473	141.0	1.0	0.0	0.0	1.0	1.0	1.0	1.0	0.0	0.0	0.0	0.0	1.0	1.0	0.0	0.0	0.0	0.0	1.0	1.0	1.0	0.0	1.0	1.0	3.0	2018.0	"LAV"	0.7973273942093542	52.0	0.36879432624113473
"LAV4401"	0.0	1.0	0.0	0.0	0.0	6.0	56.0	0.14800000000000002		1.0	1.0	1.0	1.0	1.0	1.0	1.0	1.0	1.0	0.6666666666666665	1.0	0.8333333333333335	0.0	0.33333333333333326	0.0	0.33333333333333326	0.0	0.0	0.0	0.6666666666666665	0.0	0.0	1.0	0.16666666666666663	1.0	0.16666666666666663	0.0	0.16666666666666663	0.0	0.0	0.0	0.33333333333333326	0.0	0.33333333333333326	0.0	0.33333333333333326	0.0	0.0	69.0	0.9583333333333334	3.0	0.041666666666666664	0.0	0.0	0.0	0.0	168.0	241.0	0.6970954356846473	3.0	0.041666666666666664	72.0	1.0	0.0	0.0	1.0	1.0	0.0	1.0	0.0	0.0	0.0	0.0	1.0	0.0	0.0	0.0	0.0	0.0	1.0	1.0	0.0	0.0	1.0	1.0	3.0	2019.0	"LAV"	0.6970954356846473	3.0	0.041666666666666664
"LAV4403"	0.0	1.0	0.0	1.0	0.0	6.0	58.0	0.09300000000000001	2.0	1.0	1.0	1.0	1.0	1.0	1.0	1.0	1.0	1.0	1.0	1.0	1.0	1.0	0.6666666666666666	1.0	0.5	0.0	0.3333333333333333	1.0	0.5	0.0	0.0	0.0	0.0	1.0	0.16666666666666666	0.0	0.0	0.0	0.0	1.0	0.8333333333333334	0.0	0.16666666666666666	1.0	0.6666666666666666	0.0	0.0	99.0	0.9801980198019802	2.0	0.019801980198019802	0.0	0.0	0.0	0.0	478.0	524.0	0.9122137404580153	2.0	0.019801980198019802	101.0	1.0	0.0	0.0	1.0	1.0	1.0	0.0	0.0	1.0	0.0	0.0	0.0	0.0	0.0	0.0	0.0	0.0	0.0	0.0	0.0	0.0	1.0	1.0	3.0	2018.0	"LAV"	0.9122137404580153	2.0	0.019801980198019802
"LAV4406"	1.0	1.0	1.0	1.0	0.0	7.0	73.0	0.171		0.0	1.0	1.0	1.0	0.0	0.8571428571428571	1.0	1.0	0.0	1.0	1.0	1.0	0.0	0.2857142857142857	0.0	0.2857142857142857	0.0	0.2857142857142857	0.0	0.42857142857142855	1.0	0.2857142857142857	0.0	0.0	1.0	0.14285714285714285	0.0	0.14285714285714285	0.0	0.0	1.0	0.42857142857142855	0.0	0.2857142857142857	0.0	0.0	0.0	0.0	74.0	0.9024390243902439	8.0	0.0975609756097561	0.0	0.0	0.0	0.0	270.0	315.0	0.8571428571428571	8.0	0.0975609756097561	82.0	0.0	0.0	0.0	1.0	1.0	0.0	0.0	0.0	0.0	0.0	0.0	0.0	0.0	0.0	0.0	0.0	0.0	1.0	1.0	0.0	0.0	1.0	1.0	4.0	2019.0	"LAV"	0.8571428571428571	8.0	0.0975609756097561
"LAV4415"	0.0	1.0	0.0	1.0	1.0	5.0	32.0	0.1	2.0	1.0	1.0	1.0	1.0	1.0	0.6	1.0	1.0	1.0	0.8	1.0	1.0	1.0	0.6	0.0	0.4	0.0	0.2	0.0	0.4	0.0	0.0	0.0	0.0	1.0	0.2	0.0	0.2	0.0	0.0	1.0	0.6	0.0	0.4	0.0	0.2	0.0	0.0	174.0	0.8207547169811321	35.0	0.1650943396226415	3.0	0.014150943396226415	0.0	0.0	369.0	527.0	0.7001897533206831	38.0	0.1792452830188679	212.0	1.0	1.0	0.0	0.0	0.0	0.0	0.0	0.0	0.0	0.0	0.0	0.0	0.0	0.0	0.0	0.0	0.0	1.0	0.0	1.0	0.0	0.0	0.0	3.0	2018.0	"LAV"	0.7001897533206831	38.0	0.1792452830188679
"LAV4417"	1.0	1.0	0.0	0.0	0.0	4.0	50.0	0.027000000000000003	1.0	0.0	0.0	0.0	0.5	1.0	1.0	1.0	1.0	0.0	0.0	0.0	0.5	1.0	1.0	1.0	1.0	1.0	0.5	1.0	0.75	0.0	0.0	0.0	0.0	1.0	0.5	1.0	0.25	0.0	0.0	1.0	0.25	0.0	0.25	0.0	0.0	0.0	0.0	46.0	0.7666666666666667	14.0	0.23333333333333334	0.0	0.0	0.0	0.0	364.0	438.0	0.8310502283105022	14.0	0.23333333333333334	60.0	1.0	0.0	0.0	1.0	1.0	1.0	0.0	0.0	1.0	0.0	0.0	1.0	0.0	0.0	0.0	0.0	0.0	0.0	1.0	0.0	0.0	0.0	1.0	3.0	2018.0	"LAV"	0.8310502283105022	14.0	0.23333333333333334
"LAV4421"	0.0	1.0	0.0	0.0	0.0	3.0	30.0	0.022000000000000002		0.0	0.6666666666666665	0.0	0.6666666666666665	1.0	1.0	1.0	1.0	0.0	0.33333333333333326	0.0	0.33333333333333326	1.0	1.0	1.0	0.6666666666666665	0.0	0.33333333333333326	1.0	0.6666666666666665	1.0	0.33333333333333326	1.0	0.33333333333333326	1.0	0.33333333333333326	0.0	0.0	0.0	0.0	0.0	0.0	1.0	0.6666666666666665	0.0	0.0	1.0	0.33333333333333326	148.0	0.8268156424581006	31.0	0.17318435754189945	0.0	0.0	0.0	0.0	348.0	428.0	0.8130841121495327	31.0	0.17318435754189945	179.0	1.0	1.0	0.0	0.0	1.0	0.0	0.0	0.0	1.0	0.0	0.0	1.0	0.0	0.0	0.0	0.0	0.0	1.0	1.0	0.0	0.0	1.0	1.0	2.0	2019.0	"LAV"	0.8130841121495327	31.0	0.17318435754189945
"LAV4423"	1.0	1.0	0.0	1.0	0.0	2.0	79.0	0.06		0.0	1.0	1.0	1.0	1.0	1.0	1.0	1.0	1.0	1.0	1.0	1.0	1.0	0.5	1.0	0.5	1.0	0.5	1.0	0.5	0.0	0.0	1.0	0.5	1.0	0.5	1.0	1.0	0.0	0.0	1.0	0.5	1.0	0.5	0.0	0.0	1.0	0.5	26.0	0.9285714285714286	2.0	0.07142857142857142	0.0	0.0	0.0	0.0	152.0	160.0	0.95	2.0	0.07142857142857142	28.0	0.0	0.0	0.0	0.0	1.0	0.0	0.0	0.0	0.0	0.0	0.0	0.0	1.0	1.0	1.0	0.0	0.0	1.0	1.0	0.0	0.0	0.0	0.0	2.0	2019.0	"LAV"	0.95	2.0	0.07142857142857142
"LAV4424"	0.0	0.0	0.0	0.0	0.0	4.0	60.0	0.145		1.0	1.0	1.0	1.0	1.0	1.0	1.0	1.0	1.0	1.0	1.0	1.0	0.0	0.5	0.0	0.5	0.0	0.25	1.0	1.0	0.0	0.0	0.0	0.25	0.0	0.25	0.0	0.0	0.0	0.0	0.0	0.0	0.0	0.5	0.0	0.0	0.0	0.0	8.0	1.0	0.0	0.0	0.0	0.0	0.0	0.0	152.0	160.0	0.95	0.0	0.0	8.0	0.0	0.0	0.0	0.0	1.0	0.0	0.0	0.0	0.0	0.0	0.0	0.0	0.0	0.0	0.0	0.0	0.0	1.0	1.0	0.0	0.0	0.0	0.0	3.0	2019.0	"LAV"	0.95	0.0	0.0
"MTL1244"	0.0	1.0	0.0	0.0	1.0	4.0	69.0	0.198	2.0	1.0	1.0	1.0	1.0	1.0	1.0	1.0	1.0	1.0	1.0	1.0	1.0	1.0	1.0	1.0	1.0	1.0	0.75	1.0	1.0	0.0	0.0	0.0	0.0	1.0	0.25	0.0	0.0	0.0	0.0	1.0	0.25	0.0	0.25	1.0	0.5	0.0	0.0	64.0	0.35555555555555557	106.0	0.5888888888888889	4.0	0.022222222222222223	6.0	0.03333333333333333	40.0	292.0	0.136986301369863	110.0	0.6111111111111112	180.0	1.0	1.0	0.0	1.0	1.0	1.0	0.0	0.0	1.0	0.0	0.0	1.0	0.0	0.0	0.0	0.0	0.0	1.0	1.0	0.0	0.0	1.0	1.0	3.0	2018.0	"MTL"	0.136986301369863	116.0	0.6444444444444445
"MTL1252"	0.0	1.0	0.0	1.0	0.0	5.0	83.0	0.126	3.0	1.0	1.0	1.0	1.0	1.0	1.0	1.0	1.0	1.0	1.0	1.0	1.0	1.0	1.0	1.0	0.8	1.0	0.6	1.0	0.8	0.0	0.0	0.0	0.0	1.0	0.2	1.0	0.8	0.0	0.0	1.0	0.4	0.0	0.2	0.0	0.2	0.0	0.0	63.0	0.2540322580645161	184.0	0.7419354838709677	1.0	0.004032258064516129	0.0	0.0	385.0	802.0	0.4800498753117207	185.0	0.7459677419354839	248.0	1.0	1.0	0.0	1.0	1.0	1.0	0.0	0.0	0.0	0.0	0.0	0.0	0.0	0.0	0.0	0.0	0.0	0.0	0.0	0.0	0.0	0.0	1.0	4.0	2018.0	"MTL"	0.4800498753117207	185.0	0.7459677419354839
"MTL1254"	1.0	1.0	0.0	0.0	0.0	3.0	67.0	0.195	2.0	1.0	1.0	1.0	1.0	1.0	1.0	1.0	1.0	1.0	1.0	1.0	1.0	1.0	1.0	1.0	1.0	1.0	1.0	1.0	0.6666666666666666	0.0	0.0	0.0	0.0	1.0	0.3333333333333333	1.0	1.0	0.0	0.0	1.0	0.6666666666666666	1.0	0.6666666666666666	0.0	0.3333333333333333	1.0	0.3333333333333333	90.0	0.48128342245989303	96.0	0.5133689839572193	1.0	0.0053475935828877	0.0	0.0	337.0	610.0	0.5524590163934426	97.0	0.5187165775401069	187.0	1.0	0.0	0.0	1.0	1.0	1.0	1.0	1.0	1.0	0.0	1.0	1.0	1.0	0.0	0.0	0.0	0.0	1.0	1.0	0.0	0.0	1.0	1.0	4.0	2018.0	"MTL"	0.5524590163934426	97.0	0.5187165775401069
"MTL1261"	0.0	1.0	0.0	0.0	1.0	5.0	66.0	0.134	1.0	0.0	0.8	1.0	1.0	1.0	1.0	1.0	1.0	1.0	0.8	1.0	1.0	1.0	1.0	1.0	0.8	1.0	0.8	1.0	0.6	0.0	0.0	1.0	0.2	0.0	0.0	0.0	0.0	0.0	0.0	1.0	1.0	0.0	0.4	0.0	0.2	1.0	0.2	29.0	0.12608695652173912	197.0	0.8565217391304348	4.0	0.017391304347826087	0.0	0.0	11.0	402.0	0.02736318407960199	201.0	0.8739130434782608	230.0	0.0	1.0	0.0	1.0	1.0	1.0	0.0	0.0	1.0	0.0	0.0	1.0	0.0	0.0	0.0	0.0	0.0	0.0	0.0	0.0	0.0	0.0	0.0	3.0	2018.0	"MTL"	0.02736318407960199	201.0	0.8739130434782608
"MTL1266"	0.0	1.0	0.0	0.0	0.0	4.0	30.0	0.087	1.0	1.0	1.0	1.0	1.0	1.0	1.0	1.0	1.0	1.0	1.0	1.0	1.0	1.0	0.75	1.0	0.75	1.0	0.75	1.0	1.0	0.0	0.0	0.0	0.0	1.0	0.25	0.0	0.0	0.0	0.0	1.0	0.75	0.0	0.25	0.0	0.0	1.0	0.25	53.0	0.4953271028037383	54.0	0.5046728971962616	0.0	0.0	0.0	0.0	239.0	363.0	0.6584022038567493	54.0	0.5046728971962616	107.0	1.0	0.0	0.0	1.0	1.0	1.0	0.0	0.0	0.0	0.0	0.0	1.0	0.0	0.0	0.0	0.0	0.0	1.0	1.0	0.0	0.0	0.0	1.0	3.0	2018.0	"MTL"	0.6584022038567493	54.0	0.5046728971962616
"MTL1269"	0.0	0.0	0.0	0.0	0.0	4.0	64.0	0.066	1.0	1.0	1.0	1.0	1.0	1.0	1.0	1.0	1.0	1.0	1.0	1.0	1.0	1.0	0.75	1.0	0.5	1.0	0.5	1.0	1.0	0.0	0.0	0.0	0.0	0.0	0.0	1.0	0.5	0.0	0.0	1.0	0.25	0.0	0.25	0.0	0.25	1.0	0.5	102.0	0.44541484716157204	126.0	0.5502183406113537	1.0	0.004366812227074236	0.0	0.0	179.0	523.0	0.3422562141491396	127.0	0.5545851528384279	229.0	1.0	1.0	0.0	1.0	1.0	1.0	0.0	0.0	1.0	0.0	0.0	1.0	0.0	0.0	0.0	0.0	0.0	0.0	0.0	0.0	0.0	0.0	0.0	3.0	2018.0	"MTL"	0.3422562141491396	127.0	0.5545851528384279
"MTL1272"	0.0	1.0	0.0	0.0	0.0	4.0	78.0	0.066	1.0	1.0	1.0	1.0	1.0	1.0	1.0	1.0	1.0	1.0	1.0	1.0	1.0	1.0	0.5	0.0	0.25	0.0	0.25	1.0	0.75	0.0	0.0	0.0	0.0	1.0	0.25	0.0	0.0	0.0	0.0	1.0	0.5	0.0	0.25	1.0	0.75	0.0	0.0	119.0	0.29095354523227385	286.0	0.6992665036674817	4.0	0.009779951100244499	0.0	0.0	81.0	649.0	0.12480739599383667	290.0	0.7090464547677262	409.0	1.0	1.0	0.0	1.0	1.0	1.0	0.0	0.0	1.0	0.0	0.0	0.0	0.0	0.0	0.0	0.0	0.0	0.0	0.0	0.0	0.0	1.0	1.0	4.0	2018.0	"MTL"	0.12480739599383667	290.0	0.7090464547677262
"MTL1282"	0.0	1.0	0.0	0.0	1.0	4.0	86.0	0.242	4.0	1.0	1.0	1.0	1.0	1.0	1.0	1.0	1.0	1.0	1.0	1.0	1.0	1.0	0.5	1.0	0.5	1.0	0.5	1.0	0.75	1.0	0.75	1.0	0.25	1.0	0.25	1.0	0.25	0.0	0.0	1.0	0.75	0.0	0.25	1.0	1.0	1.0	1.0	104.0	0.27154046997389036	279.0	0.7284595300261096	0.0	0.0	0.0	0.0	217.0	760.0	0.2855263157894737	279.0	0.7284595300261096	383.0	1.0	0.0	0.0	1.0	1.0	1.0	0.0	0.0	1.0	1.0	0.0	0.0	1.0	0.0	0.0	0.0	0.0	0.0	1.0	0.0	0.0	1.0	1.0	4.0	2018.0	"MTL"	0.2855263157894737	279.0	0.7284595300261096
"MTL1320"	0.0	0.0	0.0	0.0	1.0	4.0	82.0	0.172	4.0	1.0	1.0	1.0	1.0	1.0	1.0	1.0	1.0	1.0	1.0	1.0	1.0	1.0	0.75	1.0	0.75	1.0	0.75	1.0	0.75	0.0	0.0	0.0	0.0	0.0	0.0	1.0	0.75	1.0	0.25	1.0	0.25	1.0	0.5	1.0	0.5	0.0	0.0	43.0	0.17131474103585656	194.0	0.7729083665338645	6.0	0.02390438247011952	8.0	0.03187250996015936	3.0	384.0	0.0078125	200.0	0.796812749003984	251.0	1.0	1.0	0.0	1.0	1.0	1.0	0.0	0.0	0.0	0.0	0.0	0.0	0.0	0.0	0.0	0.0	0.0	1.0	1.0	1.0	0.0	1.0	1.0	4.0	2018.0	"MTL"	0.0078125	208.0	0.8286852589641435
"MTL1321"	0.0	0.0	0.0	0.0	1.0	4.0	78.0	0.5589999999999999	2.0	1.0	1.0	1.0	1.0	1.0	1.0	1.0	1.0	1.0	1.0	1.0	1.0	1.0	1.0	1.0	1.0	1.0	1.0	1.0	1.0	1.0	0.25	1.0	0.25	0.0	0.0	1.0	0.5	0.0	0.0	1.0	0.75	1.0	0.5	1.0	1.0	0.0	0.0	57.0	0.2446351931330472	147.0	0.630901287553648	28.0	0.12017167381974249	1.0	0.004291845493562232	48.0	644.0	0.07453416149068323	175.0	0.7510729613733905	233.0	1.0	1.0	0.0	1.0	1.0	0.0	0.0	0.0	0.0	0.0	0.0	0.0	1.0	0.0	0.0	0.0	0.0	0.0	1.0	0.0	0.0	0.0	0.0	4.0	2018.0	"MTL"	0.07453416149068323	176.0	0.7553648068669528
"MTL1328"	0.0	0.0	0.0	0.0	1.0	4.0	50.0	0.08900000000000001	1.0	1.0	1.0	1.0	1.0	1.0	1.0	1.0	1.0	1.0	1.0	1.0	1.0	1.0	0.75	1.0	0.75	1.0	0.75	1.0	0.75	1.0	0.5	0.0	0.0	0.0	0.0	0.0	0.0	1.0	0.25	1.0	0.5	1.0	0.75	1.0	0.75	0.0	0.0	29.0	0.1746987951807229	137.0	0.8253012048192772	0.0	0.0	0.0	0.0	0.0	255.0	0.0	137.0	0.8253012048192772	166.0	0.0	0.0	0.0	0.0	1.0	0.0	0.0	0.0	0.0	0.0	0.0	0.0	1.0	0.0	0.0	0.0	0.0	0.0	0.0	0.0	0.0	0.0	0.0	3.0	2018.0	"MTL"	0.0	137.0	0.8253012048192772
"MTL1332"	1.0	1.0	0.0	1.0	1.0	4.0	75.0	0.21100000000000002	2.0	1.0	1.0	1.0	1.0	1.0	1.0	1.0	1.0	1.0	1.0	1.0	1.0	1.0	1.0	1.0	1.0	0.0	0.25	1.0	0.5	1.0	0.25	1.0	0.5	1.0	0.5	1.0	0.5	1.0	0.75	1.0	1.0	0.0	0.25	0.0	0.25	1.0	0.25	61.0	0.273542600896861	152.0	0.6816143497757847	10.0	0.04484304932735426	0.0	0.0	108.0	483.0	0.2236024844720497	162.0	0.726457399103139	223.0	0.0	1.0	0.0	1.0	1.0	1.0	0.0	1.0	0.0	0.0	0.0	0.0	0.0	0.0	0.0	0.0	0.0	1.0	1.0	0.0	0.0	1.0	1.0	4.0	2018.0	"MTL"	0.2236024844720497	162.0	0.726457399103139
"MTL1335"	0.0	0.0	0.0	0.0	1.0	4.0	83.0	0.16699999999999998		1.0	1.0	1.0	1.0	1.0	1.0	1.0	1.0	1.0	1.0	1.0	1.0	1.0	0.75	1.0	0.75	1.0	0.75	0.0	0.5	0.0	0.0	0.0	0.25	0.0	0.25	1.0	0.5	0.0	0.0	0.0	0.0	1.0	0.75	0.0	0.5	0.0	0.0	60.0	0.31413612565445026	123.0	0.643979057591623	1.0	0.005235602094240838	7.0	0.03664921465968586	171.0	501.0	0.3413173652694611	124.0	0.6492146596858639	191.0	0.0	0.0	0.0	0.0	1.0	0.0	0.0	0.0	1.0	0.0	0.0	1.0	0.0	0.0	0.0	0.0	0.0	1.0	1.0	0.0	0.0	1.0	1.0	4.0	2019.0	"MTL"	0.3413173652694611	131.0	0.6858638743455497
"MTL1338"	0.0	0.0	0.0	1.0	1.0	4.0	75.0	0.18	2.0	1.0	1.0	1.0	1.0	1.0	1.0	1.0	1.0	1.0	1.0	1.0	1.0	1.0	0.5	1.0	0.5	1.0	0.5	1.0	0.75	0.0	0.0	1.0	0.5	0.0	0.0	1.0	0.5	0.0	0.0	1.0	0.25	0.0	0.25	1.0	0.75	1.0	0.25	78.0	0.22285714285714286	250.0	0.7142857142857143	21.0	0.06	1.0	0.002857142857142857	0.0	505.0	0.0	271.0	0.7742857142857142	350.0	0.0	1.0	0.0	1.0	1.0	1.0	0.0	0.0	1.0	0.0	0.0	0.0	0.0	0.0	0.0	0.0	0.0	0.0	0.0	0.0	0.0	1.0	1.0	4.0	2018.0	"MTL"	0.0	272.0	0.7771428571428571
"MTL1354"	0.0	0.0	0.0	0.0	1.0	4.0	84.0	0.226	4.0	1.0	1.0	1.0	1.0	1.0	1.0	1.0	1.0	1.0	1.0	1.0	1.0	1.0	0.75	1.0	0.5	1.0	0.5	1.0	0.75	0.0	0.0	1.0	0.5	1.0	0.25	0.0	0.0	1.0	0.25	1.0	0.25	0.0	0.25	1.0	0.5	0.0	0.0	43.0	0.1894273127753304	162.0	0.7136563876651982	13.0	0.05726872246696035	9.0	0.039647577092511016	85.0	364.0	0.23351648351648352	175.0	0.7709251101321586	227.0	1.0	1.0	0.0	1.0	1.0	1.0	0.0	0.0	0.0	0.0	0.0	0.0	0.0	0.0	1.0	0.0	0.0	1.0	1.0	0.0	0.0	1.0	1.0	5.0	2018.0	"MTL"	0.23351648351648352	184.0	0.8105726872246696
"MTL1357"	1.0	0.0	0.0	0.0	1.0	4.0	85.0	0.139	3.0	0.0	0.75	1.0	1.0	1.0	0.75	1.0	1.0	1.0	0.75	1.0	1.0	1.0	0.75	1.0	0.75	1.0	0.75	1.0	1.0	1.0	0.5	1.0	0.25	0.0	0.0	1.0	1.0	1.0	0.25	1.0	1.0	0.0	0.25	1.0	1.0	1.0	0.75	33.0	0.14601769911504425	192.0	0.8495575221238938	1.0	0.004424778761061947	0.0	0.0	183.0	699.0	0.26180257510729615	193.0	0.8539823008849557	226.0	0.0	0.0	0.0	1.0	0.0	0.0	0.0	0.0	0.0	0.0	0.0	0.0	0.0	1.0	1.0	0.0	0.0	0.0	0.0	1.0	0.0	0.0	0.0	5.0	2018.0	"MTL"	0.26180257510729615	193.0	0.8539823008849557
"MTL1359"	0.0	1.0	0.0	0.0	1.0	4.0	86.0	0.129	3.0	1.0	1.0	1.0	1.0	1.0	1.0	1.0	1.0	1.0	1.0	1.0	1.0	1.0	1.0	1.0	1.0	1.0	1.0	1.0	0.75	0.0	0.0	1.0	0.5	1.0	0.25	1.0	0.25	1.0	0.5	1.0	0.25	1.0	0.75	1.0	0.75	1.0	0.25	62.0	0.20666666666666667	207.0	0.69	13.0	0.043333333333333335	18.0	0.06	5.0	438.0	0.01141552511415525	220.0	0.7333333333333333	300.0	1.0	1.0	0.0	1.0	1.0	1.0	0.0	0.0	1.0	0.0	0.0	0.0	0.0	0.0	0.0	0.0	0.0	0.0	1.0	0.0	0.0	0.0	1.0	5.0	2018.0	"MTL"	0.01141552511415525	238.0	0.7933333333333333
"MTL1368"	0.0	0.0	0.0	1.0	0.0	4.0	87.0	0.248	4.0	1.0	1.0	1.0	1.0	1.0	1.0	1.0	1.0	1.0	1.0	1.0	1.0	1.0	0.75	1.0	0.75	1.0	0.75	1.0	1.0	0.0	0.0	0.0	0.0	0.0	0.0	1.0	0.75	0.0	0.0	1.0	0.75	0.0	0.25	1.0	1.0	1.0	1.0	78.0	0.3786407766990291	121.0	0.587378640776699	7.0	0.03398058252427184	0.0	0.0	2.0	297.0	0.006734006734006734	128.0	0.6213592233009708	206.0	0.0	1.0	0.0	0.0	1.0	1.0	1.0	0.0	0.0	0.0	0.0	0.0	0.0	0.0	0.0	0.0	0.0	1.0	1.0	1.0	0.0	0.0	1.0	4.0	2018.0	"MTL"	0.006734006734006734	128.0	0.6213592233009708
"MTL1372"	1.0	0.0	0.0	0.0	0.0	4.0	78.0	0.212	2.0	1.0	1.0	1.0	1.0	1.0	1.0	1.0	1.0	1.0	1.0	1.0	1.0	1.0	1.0	1.0	0.75	1.0	0.75	1.0	1.0	0.0	0.0	1.0	0.25	1.0	0.25	1.0	0.25	0.0	0.0	1.0	0.5	0.0	0.25	1.0	1.0	1.0	1.0	23.0	0.08778625954198473	237.0	0.9045801526717557	2.0	0.007633587786259542	0.0	0.0	23.0	426.0	0.0539906103286385	239.0	0.9122137404580153	262.0	0.0	1.0	0.0	1.0	1.0	1.0	0.0	0.0	0.0	0.0	0.0	1.0	0.0	0.0	0.0	0.0	0.0	0.0	0.0	0.0	0.0	0.0	0.0	4.0	2018.0	"MTL"	0.0539906103286385	239.0	0.9122137404580153
"MTL1373"	1.0	0.0	0.0	0.0	1.0	4.0	91.0	0.191	4.0	1.0	1.0	1.0	1.0	1.0	1.0	1.0	1.0	1.0	1.0	1.0	1.0	1.0	0.5	1.0	0.5	1.0	0.5	1.0	1.0	0.0	0.0	1.0	0.75	1.0	0.25	1.0	0.5	0.0	0.0	0.0	0.0	1.0	0.5	1.0	1.0	1.0	1.0	35.0	0.3333333333333333	60.0	0.5714285714285714	8.0	0.0761904761904762	2.0	0.01904761904761905	26.0	285.0	0.0912280701754386	68.0	0.6476190476190476	105.0	0.0	1.0	0.0	1.0	0.0	0.0	0.0	0.0	1.0	0.0	0.0	0.0	0.0	0.0	0.0	0.0	0.0	0.0	1.0	0.0	0.0	0.0	0.0	5.0	2018.0	"MTL"	0.0912280701754386	70.0	0.6666666666666666
"MTL1374"	1.0	1.0	0.0	0.0	1.0	4.0	90.0	0.13699999999999998	3.0	1.0	1.0	1.0	1.0	1.0	1.0	1.0	1.0	1.0	1.0	1.0	1.0	1.0	0.75	1.0	0.5	1.0	0.5	1.0	0.75	0.0	0.0	1.0	0.5	1.0	0.5	1.0	0.25	1.0	0.25	1.0	0.5	1.0	0.5	1.0	0.5	1.0	0.25	66.0	0.3	140.0	0.6363636363636364	12.0	0.05454545454545454	2.0	0.00909090909090909	0.0	522.0	0.0	152.0	0.6909090909090909	220.0	0.0	1.0	0.0	0.0	1.0	1.0	0.0	1.0	1.0	0.0	0.0	0.0	0.0	0.0	0.0	0.0	0.0	1.0	1.0	0.0	0.0	0.0	1.0	5.0	2018.0	"MTL"	0.0	154.0	0.7
"MTL1379"	1.0	0.0	0.0	1.0	1.0	4.0	81.0	0.25	4.0	0.0	0.75	1.0	1.0	1.0	1.0	1.0	1.0	1.0	0.75	1.0	1.0	1.0	1.0	1.0	0.5	1.0	0.5	1.0	0.75	0.0	0.0	1.0	0.5	1.0	0.25	1.0	0.25	0.0	0.0	1.0	0.75	1.0	0.5	1.0	0.5	0.0	0.0	108.0	0.4268774703557312	145.0	0.5731225296442688	0.0	0.0	0.0	0.0	0.0	405.0	0.0	145.0	0.5731225296442688	253.0	0.0	1.0	0.0	1.0	1.0	1.0	1.0	0.0	0.0	0.0	0.0	0.0	1.0	1.0	1.0	0.0	0.0	1.0	1.0	0.0	0.0	0.0	1.0	4.0	2018.0	"MTL"	0.0	145.0	0.5731225296442688
"MTL1384"	0.0	0.0	0.0	0.0	1.0	4.0	89.0	0.262	4.0	1.0	1.0	1.0	1.0	1.0	1.0	1.0	1.0	1.0	1.0	1.0	1.0	1.0	1.0	1.0	0.75	1.0	0.75	1.0	1.0	0.0	0.0	1.0	0.25	0.0	0.0	0.0	0.0	1.0	0.75	1.0	0.75	0.0	0.25	0.0	0.25	1.0	0.25	23.0	0.2	90.0	0.782608695652174	0.0	0.0	2.0	0.017391304347826087	39.0	238.0	0.1638655462184874	90.0	0.782608695652174	115.0	0.0	1.0	0.0	1.0	0.0	0.0	0.0	0.0	1.0	0.0	0.0	0.0	0.0	0.0	0.0	0.0	0.0	1.0	1.0	1.0	0.0	0.0	1.0	5.0	2018.0	"MTL"	0.1638655462184874	92.0	0.8
"MTL1388"	0.0	0.0	0.0	0.0	1.0	7.0	93.0	0.183	4.0	0.0	0.7142857142857143	0.0	0.7142857142857143	1.0	0.8571428571428571	1.0	0.8571428571428571	1.0	0.7142857142857143	0.0	0.7142857142857143	1.0	0.5714285714285714	1.0	0.5714285714285714	1.0	0.5714285714285714	0.0	0.42857142857142855	1.0	0.42857142857142855	1.0	0.2857142857142857	0.0	0.0	0.0	0.14285714285714285	1.0	0.7142857142857143	1.0	0.5714285714285714	0.0	0.14285714285714285	1.0	1.0	1.0	1.0	8.0	0.04419889502762431	133.0	0.7348066298342542	9.0	0.049723756906077346	31.0	0.1712707182320442	0.0	390.0	0.0	142.0	0.7845303867403315	181.0	0.0	1.0	0.0	0.0	0.0	0.0	0.0	0.0	0.0	0.0	0.0	0.0	0.0	0.0	0.0	0.0	0.0	0.0	0.0	0.0	0.0	0.0	0.0	5.0	2018.0	"MTL"	0.0	173.0	0.9558011049723757
"MTL1393"	0.0	0.0	0.0	0.0	1.0	4.0	78.0	0.218		1.0	1.0	1.0	1.0	1.0	1.0	1.0	1.0	1.0	1.0	1.0	1.0	1.0	0.5	0.0	0.25	0.0	0.25	1.0	0.5	0.0	0.0	1.0	0.75	1.0	0.25	0.0	0.0	0.0	0.0	0.0	0.0	1.0	0.5	0.0	0.5	0.0	0.0	53.0	0.24423963133640553	155.0	0.7142857142857143	5.0	0.02304147465437788	4.0	0.018433179723502304	0.0	448.0	0.0	160.0	0.7373271889400922	217.0	0.0	1.0	0.0	0.0	1.0	0.0	0.0	0.0	0.0	0.0	0.0	0.0	1.0	0.0	0.0	0.0	0.0	1.0	1.0	0.0	0.0	0.0	0.0	5.0	2019.0	"MTL"	0.0	164.0	0.7557603686635944
"MTL1394"	0.0	0.0	0.0	0.0	1.0	4.0	90.0	0.11699999999999999	3.0	1.0	1.0	1.0	1.0	1.0	1.0	1.0	1.0	1.0	1.0	1.0	1.0	1.0	0.5	1.0	0.5	1.0	0.5	1.0	0.75	0.0	0.0	1.0	0.5	1.0	0.25	1.0	0.75	1.0	1.0	1.0	0.75	0.0	0.25	1.0	0.5	1.0	0.5	29.0	0.13302752293577982	179.0	0.8211009174311926	4.0	0.01834862385321101	6.0	0.027522935779816515	41.0	429.0	0.09557109557109557	183.0	0.8394495412844036	218.0	1.0	1.0	0.0	1.0	1.0	1.0	0.0	0.0	1.0	1.0	0.0	0.0	0.0	0.0	0.0	0.0	0.0	1.0	1.0	0.0	0.0	1.0	1.0	5.0	2018.0	"MTL"	0.09557109557109557	189.0	0.8669724770642202
"MTL1406"	0.0	0.0	0.0	0.0	1.0	4.0	94.0	0.223	4.0	1.0	1.0	1.0	1.0	1.0	1.0	1.0	1.0	1.0	1.0	1.0	1.0	0.0	0.0	0.0	0.0	0.0	0.0	1.0	0.75	0.0	0.0	1.0	0.25	0.0	0.0	1.0	0.25	1.0	0.25	1.0	0.5	0.0	0.25	1.0	1.0	1.0	1.0	18.0	0.07792207792207792	166.0	0.7186147186147186	18.0	0.07792207792207792	29.0	0.12554112554112554	0.0	317.0	0.0	184.0	0.7965367965367965	231.0	0.0	0.0	0.0	0.0	0.0	0.0	0.0	0.0	0.0	0.0	0.0	0.0	1.0	0.0	0.0	0.0	0.0	0.0	0.0	0.0	0.0	0.0	0.0	5.0	2018.0	"MTL"	0.0	213.0	0.922077922077922
"MTL1409"	0.0	0.0	0.0	0.0	0.0	4.0	90.0	0.076	3.0	1.0	1.0	1.0	1.0	1.0	1.0	1.0	1.0	1.0	1.0	1.0	1.0	1.0	1.0	1.0	0.75	1.0	0.5	1.0	1.0	0.0	0.0	1.0	0.5	0.0	0.0	1.0	0.25	0.0	0.0	1.0	0.25	0.0	0.25	1.0	0.75	1.0	0.25	83.0	0.2634920634920635	222.0	0.7047619047619048	5.0	0.015873015873015872	5.0	0.015873015873015872	0.0	555.0	0.0	227.0	0.7206349206349206	315.0	1.0	1.0	0.0	1.0	1.0	1.0	1.0	0.0	0.0	0.0	0.0	0.0	0.0	1.0	1.0	0.0	0.0	0.0	0.0	0.0	0.0	1.0	1.0	4.0	2018.0	"MTL"	0.0	232.0	0.7365079365079366
"MTL1411"	0.0	0.0	0.0	1.0	1.0	4.0	97.0	0.13		1.0	1.0	1.0	1.0	1.0	1.0	1.0	1.0	1.0	1.0	1.0	1.0	1.0	1.0	1.0	0.75	1.0	0.75	0.0	0.25	0.0	0.0	1.0	0.25	1.0	0.25	1.0	0.5	1.0	0.5	1.0	0.5	0.0	0.25	1.0	0.5	1.0	0.5	35.0	0.0938337801608579	275.0	0.7372654155495979	49.0	0.13136729222520108	14.0	0.03753351206434316	23.0	465.0	0.04946236559139785	324.0	0.868632707774799	373.0	0.0	1.0	0.0	0.0	0.0	0.0	0.0	0.0	1.0	0.0	0.0	0.0	0.0	0.0	0.0	0.0	0.0	0.0	0.0	0.0	0.0	0.0	0.0	5.0	2019.0	"MTL"	0.04946236559139785	338.0	0.9061662198391421
"MTL1412"	0.0	0.0	0.0	0.0	1.0	4.0	95.0	0.287	4.0	1.0	1.0	1.0	1.0	1.0	1.0	1.0	1.0	1.0	1.0	1.0	1.0	1.0	1.0	1.0	0.75	1.0	0.5	1.0	0.5	0.0	0.0	1.0	0.25	1.0	0.25	0.0	0.0	1.0	0.25	1.0	1.0	0.0	0.25	1.0	0.75	1.0	0.25	28.0	0.26666666666666666	75.0	0.7142857142857143	2.0	0.01904761904761905	0.0	0.0	39.0	179.0	0.21787709497206703	77.0	0.7333333333333333	105.0	0.0	1.0	0.0	1.0	0.0	1.0	0.0	0.0	0.0	0.0	0.0	1.0	0.0	0.0	0.0	0.0	0.0	0.0	0.0	0.0	0.0	0.0	1.0	5.0	2018.0	"MTL"	0.21787709497206703	77.0	0.7333333333333333
"MTL1419"	0.0	0.0	0.0	0.0	1.0	4.0	82.0	0.125	3.0	1.0	1.0	1.0	1.0	1.0	1.0	1.0	1.0	1.0	1.0	1.0	1.0	1.0	0.75	0.0	0.25	0.0	0.25	1.0	1.0	1.0	0.5	1.0	0.5	0.0	0.0	1.0	0.25	0.0	0.0	1.0	0.25	1.0	0.75	1.0	1.0	1.0	1.0	39.0	0.15725806451612903	197.0	0.7943548387096774	9.0	0.036290322580645164	3.0	0.012096774193548387	0.0	323.0	0.0	206.0	0.8306451612903226	248.0	1.0	1.0	0.0	0.0	0.0	1.0	0.0	0.0	0.0	0.0	0.0	0.0	0.0	0.0	0.0	0.0	0.0	1.0	1.0	0.0	0.0	0.0	0.0	4.0	2018.0	"MTL"	0.0	209.0	0.842741935483871
"MTL1420"	0.0	0.0	0.0	0.0	1.0	6.0	97.0	0.31	4.0	0.0	0.6666666666666666	0.0	0.8333333333333334	1.0	1.0	1.0	1.0	1.0	0.8333333333333334	0.0	0.8333333333333334	0.0	0.3333333333333333	0.0	0.3333333333333333	0.0	0.3333333333333333	0.0	0.3333333333333333	0.0	0.0	1.0	0.3333333333333333	0.0	0.0	0.0	0.0	1.0	1.0	1.0	0.3333333333333333	1.0	0.6666666666666666	0.0	0.3333333333333333	1.0	0.16666666666666666	24.0	0.09022556390977443	202.0	0.7593984962406015	25.0	0.09398496240601503	15.0	0.05639097744360902	0.0	523.0	0.0	227.0	0.8533834586466166	266.0	0.0	1.0	0.0	1.0	1.0	1.0	0.0	0.0	1.0	0.0	0.0	1.0	1.0	0.0	0.0	0.0	0.0	0.0	0.0	0.0	0.0	0.0	1.0	5.0	2018.0	"MTL"	0.0	242.0	0.9097744360902256
"MTL1424"	0.0	0.0	0.0	0.0	1.0	4.0	93.0	0.111	3.0	1.0	1.0	1.0	1.0	1.0	1.0	1.0	1.0	1.0	1.0	1.0	1.0	1.0	0.5	1.0	0.5	1.0	0.5	1.0	1.0	0.0	0.0	1.0	0.25	1.0	0.25	0.0	0.0	0.0	0.0	1.0	0.25	0.0	0.25	1.0	0.5	1.0	0.25	47.0	0.15771812080536912	221.0	0.7416107382550335	25.0	0.08389261744966443	5.0	0.016778523489932886	0.0	422.0	0.0	246.0	0.825503355704698	298.0	0.0	1.0	0.0	1.0	0.0	0.0	0.0	0.0	0.0	0.0	1.0	0.0	1.0	0.0	0.0	0.0	0.0	0.0	0.0	0.0	0.0	1.0	1.0	5.0	2018.0	"MTL"	0.0	251.0	0.8422818791946308
"MTL1425"	0.0	0.0	0.0	0.0	1.0	4.0	98.0	0.16899999999999998		1.0	1.0	1.0	1.0	1.0	1.0	1.0	1.0	1.0	1.0	1.0	1.0	1.0	0.5	1.0	0.5	1.0	0.5	0.0	0.25	0.0	0.0	1.0	0.25	0.0	0.0	0.0	0.0	0.0	0.0	0.0	0.0	1.0	0.75	0.0	0.25	1.0	0.25	17.0	0.13076923076923078	80.0	0.6153846153846154	17.0	0.13076923076923078	16.0	0.12307692307692308	28.0	475.0	0.05894736842105263	97.0	0.7461538461538462	130.0	0.0	1.0	0.0	0.0	0.0	0.0	0.0	0.0	0.0	0.0	0.0	0.0	1.0	0.0	0.0	0.0	0.0	0.0	0.0	0.0	0.0	0.0	0.0	5.0	2019.0	"MTL"	0.05894736842105263	113.0	0.8692307692307693
"MTL1435"	1.0	0.0	0.0	0.0	1.0	4.0	88.0	0.14300000000000002	3.0	1.0	1.0	1.0	1.0	1.0	1.0	1.0	1.0	1.0	1.0	1.0	1.0	1.0	0.75	1.0	0.5	1.0	0.5	1.0	0.75	0.0	0.0	1.0	0.25	0.0	0.0	1.0	0.5	0.0	0.0	1.0	0.75	1.0	0.5	1.0	0.5	1.0	0.5	55.0	0.22448979591836735	157.0	0.6408163265306123	9.0	0.036734693877551024	24.0	0.09795918367346938	0.0	424.0	0.0	166.0	0.6775510204081633	245.0	0.0	1.0	0.0	0.0	0.0	0.0	0.0	0.0	0.0	0.0	0.0	0.0	0.0	0.0	0.0	1.0	0.0	0.0	0.0	0.0	0.0	0.0	0.0	4.0	2018.0	"MTL"	0.0	190.0	0.7755102040816326
"MTL1437"	0.0	0.0	0.0	0.0	1.0	6.0	86.0	0.193		1.0	1.0	1.0	1.0	1.0	1.0	1.0	1.0	1.0	1.0	1.0	1.0	0.0	0.6666666666666665	0.0	0.5	0.0	0.33333333333333326	0.0	0.5	0.0	0.33333333333333326	0.0	0.0	1.0	0.16666666666666663	0.0	0.5	0.0	0.0	1.0	0.33333333333333326	0.0	0.33333333333333326	0.0	0.6666666666666665	0.0	0.0	59.0	0.24380165289256198	173.0	0.7148760330578512	8.0	0.03305785123966942	2.0	0.008264462809917356	0.0	339.0	0.0	181.0	0.7479338842975206	242.0	0.0	1.0	0.0	1.0	1.0	0.0	0.0	0.0	0.0	0.0	0.0	1.0	1.0	0.0	0.0	0.0	0.0	1.0	1.0	1.0	0.0	1.0	1.0	4.0	2019.0	"MTL"	0.0	183.0	0.756198347107438
"MTL1443"	0.0	0.0	0.0	1.0	1.0	3.0	74.0	0.33	2.0	1.0	1.0	1.0	1.0	1.0	1.0	1.0	1.0	1.0	1.0	1.0	1.0	1.0	1.0	1.0	1.0	1.0	1.0	1.0	1.0	0.0	0.0	1.0	0.3333333333333333	1.0	0.3333333333333333	1.0	0.6666666666666666	0.0	0.0	1.0	0.6666666666666666	0.0	0.3333333333333333	0.0	0.3333333333333333	1.0	0.3333333333333333	20.0	0.05221932114882506	354.0	0.9242819843342036	8.0	0.020887728459530026	1.0	0.0026109660574412533	132.0	983.0	0.1342828077314344	362.0	0.9451697127937336	383.0	0.0	1.0	0.0	1.0	1.0	1.0	0.0	0.0	1.0	0.0	0.0	1.0	1.0	0.0	0.0	0.0	0.0	1.0	1.0	0.0	0.0	1.0	1.0	5.0	2018.0	"MTL"	0.1342828077314344	363.0	0.9477806788511749
"MTL1444"	0.0	1.0	0.0	0.0	0.0	4.0	85.0	0.221	4.0	1.0	1.0	1.0	1.0	1.0	1.0	1.0	1.0	1.0	1.0	1.0	1.0	1.0	0.75	1.0	0.75	1.0	0.75	1.0	1.0	0.0	0.0	1.0	0.25	0.0	0.0	1.0	1.0	1.0	0.25	1.0	0.75	0.0	0.25	1.0	0.5	1.0	0.5	14.0	0.04697986577181208	283.0	0.9496644295302014	0.0	0.0	1.0	0.003355704697986577	0.0	416.0	0.0	283.0	0.9496644295302014	298.0	0.0	1.0	0.0	1.0	1.0	1.0	0.0	0.0	0.0	0.0	0.0	0.0	0.0	0.0	0.0	0.0	0.0	1.0	1.0	0.0	0.0	1.0	1.0	5.0	2018.0	"MTL"	0.0	284.0	0.9530201342281879
"MTL1448"	0.0	1.0	0.0	0.0	1.0	4.0	72.0	0.21100000000000002	2.0	1.0	1.0	1.0	1.0	1.0	0.75	1.0	1.0	1.0	1.0	1.0	1.0	1.0	0.75	1.0	0.75	0.0	0.25	1.0	0.75	1.0	0.5	1.0	0.25	1.0	0.25	1.0	0.5	0.0	0.0	1.0	1.0	0.0	0.25	0.0	0.0	0.0	0.0	86.0	0.27129337539432175	221.0	0.6971608832807571	9.0	0.028391167192429023	1.0	0.0031545741324921135	583.0	1021.0	0.5710088148873653	230.0	0.7255520504731862	317.0	1.0	0.0	0.0	1.0	1.0	1.0	0.0	0.0	1.0	0.0	0.0	0.0	0.0	0.0	0.0	0.0	0.0	1.0	1.0	1.0	0.0	1.0	1.0	3.0	2018.0	"MTL"	0.5710088148873653	231.0	0.7287066246056783
"MTL1464"	0.0	0.0	0.0	0.0	1.0	4.0	92.0	0.205	4.0	1.0	1.0	1.0	1.0	1.0	1.0	1.0	1.0	1.0	1.0	1.0	1.0	1.0	0.75	1.0	0.75	1.0	0.75	1.0	1.0	1.0	0.25	1.0	0.25	0.0	0.0	1.0	0.25	1.0	0.25	1.0	1.0	1.0	0.5	1.0	1.0	1.0	1.0	54.0	0.21686746987951808	195.0	0.7831325301204819	0.0	0.0	0.0	0.0	2.0	335.0	0.005970149253731343	195.0	0.7831325301204819	249.0	1.0	1.0	0.0	1.0	1.0	1.0	0.0	0.0	0.0	0.0	0.0	0.0	0.0	0.0	0.0	0.0	0.0	1.0	1.0	0.0	0.0	1.0	1.0	5.0	2018.0	"MTL"	0.005970149253731343	195.0	0.7831325301204819
"MTL1472"	0.0	0.0	0.0	0.0	0.0	4.0	87.0	0.174		1.0	1.0	1.0	1.0	1.0	1.0	1.0	1.0	1.0	1.0	1.0	1.0	1.0	0.75	1.0	0.75	1.0	0.75	1.0	1.0	1.0	0.25	1.0	0.25	0.0	0.0	0.0	0.0	0.0	0.0	1.0	0.25	0.0	0.25	0.0	0.25	0.0	0.0	75.0	0.41208791208791207	96.0	0.5274725274725275	2.0	0.01098901098901099	9.0	0.04945054945054945	138.0	513.0	0.26900584795321636	98.0	0.5384615384615384	182.0	1.0	0.0	0.0	0.0	1.0	1.0	1.0	1.0	0.0	0.0	0.0	0.0	1.0	0.0	0.0	0.0	0.0	1.0	1.0	0.0	0.0	0.0	0.0	5.0	2019.0	"MTL"	0.26900584795321636	107.0	0.5879120879120879
"MTL1485"	0.0	1.0	0.0	0.0	1.0	4.0	75.0	0.21600000000000003	2.0	1.0	1.0	1.0	1.0	1.0	1.0	1.0	1.0	1.0	1.0	1.0	1.0	1.0	0.5	1.0	0.5	1.0	0.5	1.0	1.0	0.0	0.0	1.0	0.25	0.0	0.0	1.0	0.75	1.0	0.5	1.0	0.75	1.0	0.5	1.0	1.0	1.0	1.0	79.0	0.25901639344262295	208.0	0.6819672131147541	17.0	0.05573770491803279	1.0	0.003278688524590164	64.0	471.0	0.13588110403397027	225.0	0.7377049180327869	305.0	0.0	1.0	0.0	1.0	1.0	1.0	0.0	0.0	0.0	0.0	0.0	1.0	0.0	0.0	0.0	0.0	0.0	1.0	1.0	0.0	0.0	0.0	1.0	4.0	2018.0	"MTL"	0.13588110403397027	226.0	0.740983606557377
"MTL1587"	1.0	0.0	0.0	0.0	1.0	4.0	82.0	0.085	3.0	1.0	1.0	1.0	1.0	1.0	1.0	1.0	1.0	1.0	1.0	1.0	1.0	1.0	1.0	1.0	1.0	1.0	0.5	1.0	1.0	0.0	0.0	1.0	0.25	0.0	0.0	0.0	0.0	0.0	0.0	0.0	0.0	1.0	0.5	1.0	0.5	1.0	0.5	69.0	0.26744186046511625	179.0	0.6937984496124031	8.0	0.031007751937984496	2.0	0.007751937984496124	406.0	807.0	0.5030978934324659	187.0	0.7248062015503876	258.0	0.0	0.0	0.0	1.0	1.0	0.0	1.0	0.0	0.0	0.0	0.0	0.0	1.0	0.0	0.0	0.0	0.0	0.0	1.0	0.0	0.0	0.0	1.0	4.0	2018.0	"MTL"	0.5030978934324659	189.0	0.7325581395348837
"MTL1589"	1.0	1.0	0.0	0.0	1.0	6.0	79.0	0.23	2.0	1.0	1.0	1.0	1.0	1.0	1.0	1.0	1.0	1.0	1.0	1.0	1.0	1.0	1.0	1.0	1.0	1.0	0.6666666666666666	1.0	0.6666666666666666	0.0	0.0	1.0	0.3333333333333333	0.0	0.0	0.0	0.0	0.0	0.0	1.0	0.5	0.0	0.16666666666666666	0.0	0.3333333333333333	1.0	0.3333333333333333	31.0	0.10616438356164383	259.0	0.886986301369863	2.0	0.00684931506849315	0.0	0.0	0.0	635.0	0.0	261.0	0.8938356164383562	292.0	1.0	1.0	0.0	1.0	1.0	1.0	0.0	0.0	0.0	0.0	0.0	0.0	0.0	0.0	0.0	0.0	0.0	1.0	1.0	0.0	0.0	0.0	0.0	4.0	2018.0	"MTL"	0.0	261.0	0.8938356164383562
"MTL1596"	0.0	0.0	0.0	1.0	1.0	4.0	96.0	0.11800000000000001	3.0	1.0	1.0	1.0	1.0	1.0	1.0	1.0	1.0	1.0	1.0	1.0	1.0	1.0	0.5	1.0	0.5	1.0	0.5	1.0	0.5	0.0	0.0	1.0	0.25	1.0	0.25	0.0	0.0	0.0	0.0	1.0	0.5	1.0	0.75	0.0	0.0	0.0	0.0	47.0	0.17153284671532848	191.0	0.6970802919708029	17.0	0.06204379562043796	19.0	0.06934306569343066	269.0	541.0	0.49722735674676527	208.0	0.7591240875912408	274.0	1.0	1.0	0.0	1.0	1.0	1.0	0.0	0.0	0.0	0.0	0.0	0.0	0.0	0.0	0.0	0.0	0.0	0.0	0.0	0.0	0.0	0.0	1.0	4.0	2018.0	"MTL"	0.49722735674676527	227.0	0.8284671532846716
"MTL1597"	0.0	0.0	0.0	1.0	1.0	5.0	85.0	0.062	3.0	1.0	1.0	1.0	1.0	1.0	1.0	1.0	1.0	1.0	1.0	1.0	1.0	1.0	1.0	1.0	1.0	1.0	0.8	1.0	1.0	0.0	0.0	0.0	0.0	1.0	0.2	0.0	0.2	0.0	0.0	0.0	0.2	0.0	0.2	0.0	0.2	0.0	0.0	33.0	0.3402061855670103	64.0	0.6597938144329897	0.0	0.0	0.0	0.0	348.0	506.0	0.6877470355731226	64.0	0.6597938144329897	97.0	1.0	0.0	0.0	1.0	1.0	1.0	0.0	0.0	1.0	0.0	0.0	1.0	0.0	0.0	0.0	0.0	0.0	0.0	0.0	0.0	0.0	0.0	0.0	3.0	2018.0	"MTL"	0.6877470355731226	64.0	0.6597938144329897
"MTL1600"	1.0	0.0	0.0	0.0	1.0	4.0	92.0	0.073	3.0	1.0	1.0	1.0	1.0	1.0	1.0	1.0	1.0	1.0	1.0	1.0	1.0	1.0	0.75	1.0	0.75	1.0	0.75	1.0	0.5	0.0	0.0	1.0	0.5	0.0	0.0	1.0	0.25	0.0	0.0	1.0	0.25	0.0	0.25	1.0	0.5	1.0	0.5	32.0	0.20512820512820512	70.0	0.44871794871794873	32.0	0.20512820512820512	22.0	0.14102564102564102	0.0	268.0	0.0	102.0	0.6538461538461539	156.0	0.0	1.0	0.0	0.0	1.0	0.0	0.0	0.0	0.0	0.0	0.0	0.0	0.0	0.0	0.0	0.0	0.0	1.0	1.0	0.0	0.0	0.0	0.0	5.0	2018.0	"MTL"	0.0	124.0	0.7948717948717948
"MTL1605"	0.0	1.0	0.0	0.0	1.0	5.0	45.0	0.115	1.0	0.0	0.8	1.0	1.0	1.0	1.0	1.0	1.0	1.0	1.0	1.0	1.0	1.0	0.8	1.0	0.8	1.0	0.8	0.0	0.2	1.0	0.2	1.0	0.2	0.0	0.0	1.0	0.8	0.0	0.0	0.0	0.0	0.0	0.2	1.0	0.8	1.0	0.2	51.0	0.26424870466321243	118.0	0.6113989637305699	23.0	0.11917098445595854	1.0	0.0051813471502590676	274.0	520.0	0.5269230769230769	141.0	0.7305699481865285	193.0	1.0	0.0	0.0	1.0	1.0	1.0	1.0	0.0	1.0	0.0	0.0	1.0	0.0	0.0	0.0	0.0	0.0	1.0	1.0	0.0	0.0	1.0	1.0	3.0	2018.0	"MTL"	0.5269230769230769	142.0	0.7357512953367875
"MTL1619"	0.0	0.0	0.0	0.0	1.0	4.0	71.0	0.121	1.0	1.0	1.0	1.0	1.0	1.0	1.0	1.0	1.0	1.0	1.0	1.0	1.0	1.0	0.75	1.0	0.75	1.0	0.75	1.0	0.75	0.0	0.0	0.0	0.0	0.0	0.0	1.0	0.75	1.0	0.25	0.0	0.0	1.0	0.75	1.0	0.5	0.0	0.0	45.0	0.3333333333333333	70.0	0.5185185185185185	7.0	0.05185185185185185	13.0	0.0962962962962963	37.0	241.0	0.15352697095435686	77.0	0.5703703703703704	135.0	0.0	1.0	0.0	0.0	1.0	1.0	1.0	0.0	0.0	0.0	0.0	0.0	0.0	0.0	0.0	0.0	0.0	1.0	1.0	0.0	0.0	1.0	1.0	1.0	2018.0	"MTL"	0.15352697095435686	90.0	0.6666666666666666
"MTL1620"	1.0	1.0	0.0	1.0	1.0	4.0	49.0	0.132	1.0	1.0	1.0	1.0	1.0	1.0	1.0	1.0	1.0	1.0	1.0	1.0	1.0	1.0	0.75	1.0	0.75	1.0	0.75	1.0	0.75	0.0	0.0	1.0	0.5	1.0	0.25	1.0	0.25	1.0	0.25	1.0	0.5	0.0	0.25	1.0	1.0	1.0	1.0	72.0	0.46153846153846156	74.0	0.47435897435897434	8.0	0.05128205128205128	2.0	0.01282051282051282	168.0	301.0	0.5581395348837209	82.0	0.5256410256410257	156.0	1.0	1.0	0.0	1.0	1.0	1.0	0.0	0.0	0.0	0.0	0.0	1.0	0.0	0.0	0.0	0.0	0.0	0.0	0.0	0.0	0.0	0.0	0.0	3.0	2018.0	"MTL"	0.5581395348837209	84.0	0.5384615384615384
"MTL1628"	0.0	1.0	0.0	0.0	1.0	3.0	71.0	0.263	2.0	1.0	1.0	1.0	1.0	1.0	1.0	1.0	1.0	1.0	1.0	1.0	1.0	1.0	0.6666666666666666	1.0	0.6666666666666666	1.0	0.6666666666666666	1.0	0.6666666666666666	0.0	0.0	0.0	0.0	1.0	0.3333333333333333	0.0	0.0	0.0	0.0	1.0	0.3333333333333333	1.0	0.6666666666666666	0.0	0.0	0.0	0.0	24.0	0.1610738255033557	123.0	0.825503355704698	2.0	0.013422818791946308	0.0	0.0	14.0	211.0	0.06635071090047394	125.0	0.8389261744966443	149.0	0.0	1.0	0.0	1.0	1.0	1.0	0.0	0.0	1.0	0.0	0.0	1.0	1.0	0.0	0.0	0.0	0.0	0.0	1.0	0.0	0.0	0.0	1.0	3.0	2018.0	"MTL"	0.06635071090047394	125.0	0.8389261744966443
"MTL1635"	0.0	0.0	0.0	0.0	1.0	4.0	95.0	0.312	4.0	1.0	1.0	1.0	1.0	1.0	1.0	1.0	1.0	1.0	1.0	1.0	1.0	1.0	0.75	1.0	0.75	1.0	0.5	1.0	0.5	1.0	0.25	0.0	0.0	0.0	0.0	1.0	0.5	1.0	0.25	1.0	0.25	0.0	0.25	0.0	0.25	1.0	0.5	21.0	0.1693548387096774	94.0	0.7580645161290323	2.0	0.016129032258064516	7.0	0.056451612903225805	4.0	275.0	0.014545454545454545	96.0	0.7741935483870968	124.0	0.0	1.0	0.0	0.0	0.0	0.0	0.0	0.0	0.0	0.0	0.0	0.0	1.0	0.0	0.0	0.0	0.0	0.0	0.0	1.0	0.0	0.0	0.0	5.0	2018.0	"MTL"	0.014545454545454545	103.0	0.8306451612903226
"MTL1640"	0.0	1.0	0.0	0.0	1.0	5.0	66.0	0.095	1.0	0.0	0.8	1.0	1.0	1.0	1.0	1.0	1.0	1.0	0.8	1.0	1.0	1.0	0.6	1.0	0.6	1.0	0.6	0.0	0.4	0.0	0.0	1.0	0.2	1.0	0.2	1.0	0.4	0.0	0.0	0.0	0.2	0.0	0.2	0.0	0.2	1.0	0.2	77.0	0.24367088607594936	191.0	0.6044303797468354	32.0	0.10126582278481013	16.0	0.05063291139240506	22.0	410.0	0.05365853658536585	223.0	0.7056962025316456	316.0	1.0	1.0	0.0	1.0	1.0	1.0	0.0	0.0	0.0	0.0	0.0	1.0	0.0	0.0	0.0	0.0	0.0	1.0	1.0	0.0	0.0	1.0	1.0	3.0	2018.0	"MTL"	0.05365853658536585	239.0	0.7563291139240507
"MTL1647"	0.0	1.0	0.0	0.0	1.0	3.0	54.0	0.205	2.0	1.0	1.0	1.0	1.0	1.0	1.0	1.0	1.0	1.0	1.0	1.0	1.0	1.0	1.0	1.0	0.6666666666666666	1.0	0.6666666666666666	0.0	0.3333333333333333	0.0	0.0	1.0	0.3333333333333333	1.0	0.3333333333333333	1.0	0.3333333333333333	0.0	0.0	1.0	0.3333333333333333	0.0	0.3333333333333333	1.0	1.0	1.0	1.0	30.0	0.17647058823529413	140.0	0.8235294117647058	0.0	0.0	0.0	0.0	36.0	298.0	0.12080536912751678	140.0	0.8235294117647058	170.0	0.0	1.0	0.0	1.0	1.0	1.0	0.0	1.0	0.0	0.0	0.0	1.0	1.0	0.0	0.0	0.0	0.0	1.0	1.0	0.0	0.0	0.0	1.0	3.0	2018.0	"MTL"	0.12080536912751678	140.0	0.8235294117647058
"MTL1649"	1.0	1.0	0.0	0.0	1.0	4.0	73.0	0.196	2.0	1.0	1.0	1.0	1.0	1.0	1.0	1.0	1.0	1.0	1.0	1.0	1.0	1.0	1.0	1.0	1.0	1.0	1.0	1.0	1.0	0.0	0.0	1.0	0.25	1.0	0.25	1.0	0.25	0.0	0.0	0.0	0.0	1.0	0.75	0.0	0.0	0.0	0.0	29.0	0.4461538461538462	34.0	0.5230769230769231	2.0	0.03076923076923077	0.0	0.0	569.0	600.0	0.9483333333333334	36.0	0.5538461538461539	65.0	1.0	0.0	0.0	1.0	1.0	1.0	0.0	1.0	0.0	0.0	0.0	0.0	1.0	0.0	0.0	0.0	0.0	1.0	1.0	0.0	0.0	1.0	1.0	4.0	2018.0	"MTL"	0.9483333333333334	36.0	0.5538461538461539
"MTL1661"	1.0	1.0	0.0	0.0	1.0	5.0	34.0	0.031	1.0	0.0	0.0	0.0	0.4	0.0	0.2	0.0	0.4	0.0	0.0	0.0	0.4	1.0	0.8	1.0	0.8	0.0	0.2	1.0	0.8	0.0	0.0	1.0	0.2	1.0	0.2	0.0	0.0	0.0	0.0	0.0	0.0	0.0	0.2	0.0	0.2	1.0	0.4	147.0	0.7033492822966507	39.0	0.18660287081339713	22.0	0.10526315789473684	1.0	0.004784688995215311	78.0	436.0	0.17889908256880735	61.0	0.291866028708134	209.0	1.0	1.0	0.0	1.0	1.0	0.0	1.0	1.0	0.0	0.0	0.0	0.0	0.0	1.0	1.0	0.0	0.0	0.0	0.0	0.0	0.0	1.0	1.0	2.0	2018.0	"MTL"	0.17889908256880735	62.0	0.2966507177033493
"MTL1663"	1.0	1.0	0.0	0.0	0.0	3.0	60.0	0.054000000000000006	1.0	0.0	0.3333333333333333	1.0	1.0	1.0	1.0	1.0	1.0	0.0	0.3333333333333333	1.0	1.0	1.0	1.0	1.0	1.0	1.0	0.6666666666666666	1.0	0.6666666666666666	0.0	0.0	1.0	0.3333333333333333	1.0	0.3333333333333333	0.0	0.0	0.0	0.0	1.0	0.3333333333333333	0.0	0.3333333333333333	0.0	0.3333333333333333	0.0	0.0	104.0	0.5445026178010471	78.0	0.4083769633507853	9.0	0.04712041884816754	0.0	0.0	113.0	344.0	0.32848837209302323	87.0	0.45549738219895286	191.0	1.0	1.0	0.0	1.0	0.0	0.0	0.0	0.0	0.0	0.0	0.0	1.0	0.0	0.0	0.0	0.0	0.0	0.0	0.0	0.0	0.0	0.0	0.0	3.0	2018.0	"MTL"	0.32848837209302323	87.0	0.45549738219895286
"MTL1673"	1.0	1.0	0.0	1.0	1.0	4.0	40.0	0.16699999999999998	2.0	1.0	1.0	1.0	1.0	1.0	1.0	1.0	1.0	1.0	1.0	1.0	1.0	1.0	0.75	1.0	0.5	0.0	0.25	1.0	0.5	0.0	0.0	0.0	0.0	1.0	0.25	1.0	0.25	0.0	0.0	0.0	0.0	0.0	0.25	0.0	0.0	1.0	0.25	84.0	0.5121951219512195	76.0	0.4634146341463415	4.0	0.024390243902439025	0.0	0.0	362.0	538.0	0.6728624535315985	80.0	0.4878048780487805	164.0	1.0	1.0	0.0	1.0	1.0	1.0	0.0	0.0	0.0	0.0	0.0	0.0	0.0	0.0	0.0	0.0	0.0	0.0	0.0	0.0	0.0	0.0	0.0	3.0	2018.0	"MTL"	0.6728624535315985	80.0	0.4878048780487805
"MTL4493"	0.0	1.0	0.0	0.0	1.0	3.0	70.0	0.12300000000000001	1.0	1.0	1.0	1.0	1.0	1.0	0.6666666666666666	1.0	0.6666666666666666	1.0	1.0	1.0	1.0	1.0	0.6666666666666666	1.0	0.6666666666666666	0.0	0.3333333333333333	0.0	0.3333333333333333	0.0	0.0	0.0	0.0	1.0	0.3333333333333333	0.0	0.0	0.0	0.0	1.0	1.0	0.0	0.3333333333333333	0.0	0.0	1.0	0.3333333333333333	57.0	0.5327102803738317	48.0	0.4485981308411215	2.0	0.018691588785046728	0.0	0.0	209.0	302.0	0.6920529801324503	50.0	0.4672897196261682	107.0	1.0	0.0	0.0	0.0	1.0	1.0	0.0	1.0	0.0	0.0	0.0	1.0	0.0	1.0	1.0	0.0	0.0	1.0	1.0	0.0	0.0	0.0	0.0	4.0	2018.0	"MTL"	0.6920529801324503	50.0	0.4672897196261682
"MTL4506"	1.0	1.0	0.0	0.0	0.0	6.0	85.0	0.12		1.0	1.0	1.0	1.0	1.0	1.0	1.0	1.0	1.0	1.0	1.0	1.0	1.0	1.0	1.0	0.8333333333333335	1.0	0.8333333333333335	1.0	1.0	0.0	0.0	1.0	0.33333333333333326	1.0	0.33333333333333326	1.0	0.8333333333333335	0.0	0.0	0.0	0.33333333333333326	0.0	0.16666666666666663	1.0	0.6666666666666665	0.0	0.0	31.0	0.6078431372549019	19.0	0.37254901960784315	1.0	0.0196078431372549	0.0	0.0	82.0	164.0	0.5	20.0	0.39215686274509803	51.0	1.0	1.0	0.0	1.0	1.0	0.0	0.0	0.0	1.0	0.0	0.0	1.0	0.0	0.0	0.0	0.0	0.0	1.0	1.0	0.0	0.0	1.0	1.0	4.0	2019.0	"MTL"	0.5	20.0	0.39215686274509803
"MTL4518"	0.0	0.0	0.0	0.0	0.0	4.0	86.0	0.34600000000000003	4.0	1.0	1.0	1.0	1.0	1.0	1.0	1.0	1.0	1.0	1.0	1.0	1.0	1.0	0.75	1.0	0.5	1.0	0.5	1.0	0.75	1.0	0.25	1.0	0.5	1.0	0.25	1.0	0.75	0.0	0.0	1.0	0.5	0.0	0.25	1.0	1.0	0.0	0.0	37.0	0.3854166666666667	54.0	0.5625	4.0	0.041666666666666664	1.0	0.010416666666666666	127.0	315.0	0.4031746031746032	58.0	0.6041666666666666	96.0	1.0	1.0	0.0	0.0	1.0	1.0	1.0	0.0	1.0	0.0	0.0	1.0	0.0	1.0	0.0	0.0	0.0	1.0	1.0	0.0	0.0	0.0	1.0	5.0	2018.0	"MTL"	0.4031746031746032	59.0	0.6145833333333334
"MTL4520"	0.0	0.0	0.0	0.0	1.0	4.0	86.0	0.084	3.0	1.0	1.0	1.0	1.0	1.0	1.0	1.0	1.0	1.0	1.0	1.0	1.0	1.0	0.75	1.0	0.75	1.0	0.75	1.0	1.0	0.0	0.0	1.0	0.25	0.0	0.0	1.0	0.25	0.0	0.0	1.0	0.25	1.0	0.75	1.0	1.0	0.0	0.0	60.0	0.3973509933774834	78.0	0.5165562913907285	7.0	0.046357615894039736	6.0	0.039735099337748346	109.0	506.0	0.21541501976284586	85.0	0.5629139072847682	151.0	1.0	1.0	0.0	1.0	1.0	1.0	1.0	0.0	1.0	0.0	0.0	0.0	1.0	0.0	0.0	0.0	0.0	1.0	1.0	1.0	0.0	1.0	1.0	5.0	2018.0	"MTL"	0.21541501976284586	91.0	0.6026490066225165
"MTL4526"	0.0	1.0	0.0	0.0	0.0	4.0	78.0	0.306		1.0	1.0	1.0	1.0	1.0	1.0	1.0	1.0	1.0	1.0	1.0	1.0	1.0	1.0	1.0	1.0	1.0	1.0	1.0	1.0	0.0	0.0	0.0	0.0	0.0	0.25	1.0	1.0	0.0	0.0	0.0	0.0	0.0	0.5	1.0	0.75	0.0	0.0	50.0	0.6329113924050633	29.0	0.3670886075949367	0.0	0.0	0.0	0.0	57.0	170.0	0.3352941176470588	29.0	0.3670886075949367	79.0	1.0	0.0	0.0	1.0	1.0	1.0	0.0	0.0	0.0	1.0	0.0	1.0	0.0	0.0	0.0	0.0	0.0	1.0	1.0	0.0	0.0	1.0	1.0	4.0	2019.0	"MTL"	0.3352941176470588	29.0	0.3670886075949367
"MTL4585"	1.0	1.0	0.0	1.0	0.0	5.0	46.0	0.012	1.0	0.0	0.2	0.0	0.6	0.0	0.2	0.0	0.2	0.0	0.2	0.0	0.6	1.0	0.8	1.0	0.8	0.0	0.4	0.0	0.4	0.0	0.0	1.0	0.2	1.0	0.2	1.0	0.4	0.0	0.0	0.0	0.0	0.0	0.2	0.0	0.0	0.0	0.0	85.0	0.7798165137614679	23.0	0.21100917431192662	1.0	0.009174311926605505	0.0	0.0	155.0	292.0	0.5308219178082192	24.0	0.22018348623853212	109.0	0.0	0.0	0.0	1.0	0.0	1.0	1.0	0.0	0.0	0.0	0.0	0.0	0.0	0.0	0.0	0.0	0.0	0.0	0.0	0.0	0.0	1.0	1.0	3.0	2018.0	"MTL"	0.5308219178082192	24.0	0.22018348623853212
"MTL4589"	1.0	1.0	0.0	0.0	1.0	4.0	47.0	0.034	1.0	0.0	0.0	0.0	0.5	0.0	0.25	1.0	1.0	0.0	0.0	0.0	0.5	1.0	1.0	1.0	1.0	0.0	0.25	1.0	0.75	0.0	0.0	1.0	0.25	1.0	0.25	1.0	0.25	0.0	0.0	0.0	0.0	0.0	0.25	0.0	0.0	0.0	0.0	52.0	0.6582278481012658	21.0	0.26582278481012656	6.0	0.0759493670886076	0.0	0.0	156.0	272.0	0.5735294117647058	27.0	0.34177215189873417	79.0	0.0	0.0	0.0	0.0	1.0	0.0	0.0	0.0	0.0	0.0	0.0	1.0	0.0	0.0	0.0	0.0	0.0	0.0	0.0	0.0	0.0	0.0	0.0	3.0	2018.0	"MTL"	0.5735294117647058	27.0	0.34177215189873417
"MTL4633"	0.0	1.0	0.0	0.0	0.0	8.0	51.0	0.047	1.0	0.0	0.0	0.0	0.25	0.0	0.25	0.0	0.25	0.0	0.0	0.0	0.25	1.0	0.75	1.0	0.75	0.0	0.375	0.0	0.375	0.0	0.0	1.0	0.125	1.0	0.125	1.0	0.25	0.0	0.0	0.0	0.0	0.0	0.25	0.0	0.0	1.0	0.125	90.0	0.8035714285714286	22.0	0.19642857142857142	0.0	0.0	0.0	0.0	279.0	383.0	0.7284595300261096	22.0	0.19642857142857142	112.0	0.0	0.0	0.0	0.0	1.0	1.0	0.0	0.0	0.0	0.0	0.0	0.0	0.0	0.0	0.0	0.0	0.0	1.0	1.0	0.0	0.0	1.0	1.0	3.0	2018.0	"MTL"	0.7284595300261096	22.0	0.19642857142857142
"MTL4636"	1.0	1.0	0.0	0.0	1.0	3.0	81.0	0.141	3.0	1.0	1.0	1.0	1.0	1.0	1.0	1.0	1.0	1.0	1.0	1.0	1.0	1.0	1.0	1.0	1.0	1.0	1.0	1.0	1.0	0.0	0.0	0.0	0.0	1.0	0.3333333333333333	0.0	0.0	1.0	0.3333333333333333	1.0	1.0	0.0	0.3333333333333333	0.0	0.0	0.0	0.0	38.0	0.6031746031746031	25.0	0.3968253968253968	0.0	0.0	0.0	0.0	215.0	379.0	0.5672823218997362	25.0	0.3968253968253968	63.0	1.0	1.0	0.0	1.0	1.0	1.0	0.0	0.0	0.0	0.0	0.0	1.0	0.0	0.0	0.0	0.0	0.0	1.0	1.0	1.0	0.0	1.0	1.0	4.0	2018.0	"MTL"	0.5672823218997362	25.0	0.3968253968253968
"PEL1"	0.0	0.0	0.0	1.0	1.0	4.0	73.0	0.047	3.0	1.0	1.0	1.0	1.0	1.0	0.5	1.0	0.75	0.0	0.0	0.0	0.0	1.0	0.75	1.0	0.75	0.0	0.0	1.0	1.0	0.0	0.0	1.0	0.75	0.0	0.0	1.0	0.5	0.0	0.0	0.0	0.0	1.0	0.75	0.0	0.0	0.0	0.0	65.0	0.3987730061349693	85.0	0.5214723926380368	9.0	0.05521472392638037	4.0	0.024539877300613498	44.0	213.0	0.20657276995305165	94.0	0.5766871165644172	163.0	1.0	1.0	0.0	0.0	1.0	0.0	0.0	0.0	0.0	0.0	0.0	1.0	0.0	0.0	0.0	0.0	0.0	1.0	0.0	1.0	1.0	0.0	0.0	3.0	2018.0	"PEL"	0.20657276995305165	98.0	0.6012269938650306
"PEL10"	0.0	1.0	0.0	0.0	0.0	4.0	51.0	0.16399999999999998	4.0	0.0	0.75	0.0	0.75	0.0	0.25	1.0	0.5	0.0	0.0	0.0	0.0	1.0	0.5	1.0	0.5	0.0	0.0	0.0	0.25	0.0	0.0	1.0	0.25	0.0	0.0	0.0	0.0	0.0	0.0	0.0	0.0	0.0	0.0	1.0	1.0	1.0	1.0	107.0	0.481981981981982	97.0	0.4369369369369369	18.0	0.08108108108108109	0.0	0.0	2.0	371.0	0.005390835579514825	115.0	0.5180180180180181	222.0	1.0	1.0	0.0	0.0	1.0	1.0	1.0	1.0	0.0	0.0	1.0	0.0	0.0	0.0	0.0	0.0	1.0	0.0	1.0	0.0	0.0	0.0	0.0	3.0	2018.0	"PEL"	0.005390835579514825	115.0	0.5180180180180181
"PEL11"	1.0	1.0	0.0	1.0	0.0	3.0	80.0	0.179	4.0	1.0	1.0	1.0	1.0	1.0	1.0	1.0	1.0	0.0	0.0	0.0	0.0	1.0	0.6666666666666666	1.0	0.6666666666666666	0.0	0.0	1.0	1.0	0.0	0.0	1.0	0.3333333333333333	1.0	0.3333333333333333	0.0	0.0	0.0	0.0	0.0	0.0	0.0	0.3333333333333333	1.0	1.0	1.0	1.0	55.0	0.34810126582278483	103.0	0.6518987341772152	0.0	0.0	0.0	0.0	165.0	392.0	0.42091836734693877	103.0	0.6518987341772152	158.0	0.0	1.0	0.0	0.0	0.0	1.0	0.0	0.0	1.0	0.0	0.0	0.0	0.0	0.0	0.0	0.0	0.0	0.0	0.0	0.0	0.0	0.0	0.0	3.0	2018.0	"PEL"	0.42091836734693877	103.0	0.6518987341772152
"PEL117"	0.0	1.0	0.0	0.0	1.0	4.0	21.0	0.055	1.0	0.0	0.5	1.0	1.0	0.0	0.25	1.0	0.75	0.0	0.0	0.0	0.25	1.0	0.5	1.0	0.5	0.0	0.0	1.0	1.0	1.0	0.5	0.0	0.0	0.0	0.0	0.0	0.0	0.0	0.0	0.0	0.0	1.0	0.75	0.0	0.0	0.0	0.0	115.0	0.46747967479674796	81.0	0.32926829268292684	44.0	0.17886178861788618	6.0	0.024390243902439025	111.0	374.0	0.2967914438502674	125.0	0.508130081300813	246.0	1.0	0.0	0.0	0.0	1.0	1.0	1.0	0.0	1.0	0.0	0.0	0.0	0.0	0.0	0.0	0.0	0.0	1.0	1.0	0.0	0.0	0.0	0.0	2.0	2018.0	"PEL"	0.2967914438502674	131.0	0.532520325203252
"PEL119"	1.0	1.0	0.0	1.0	0.0	3.0	42.0	0.065	1.0	1.0	1.0	1.0	1.0	1.0	0.6666666666666666	1.0	0.6666666666666666	0.0	0.0	0.0	0.0	0.0	0.3333333333333333	0.0	0.0	0.0	0.0	0.0	0.0	1.0	0.3333333333333333	0.0	0.0	0.0	0.0	0.0	0.0	0.0	0.0	0.0	0.0	0.0	0.3333333333333333	0.0	0.0	0.0	0.0	62.0	0.44285714285714284	68.0	0.4857142857142857	6.0	0.04285714285714286	4.0	0.02857142857142857	23.0	216.0	0.10648148148148148	74.0	0.5285714285714286	140.0	0.0	0.0	0.0	0.0	0.0	1.0	0.0	1.0	1.0	0.0	0.0	1.0	0.0	0.0	0.0	0.0	0.0	0.0	1.0	0.0	0.0	0.0	0.0	3.0	2018.0	"PEL"	0.10648148148148148	78.0	0.5571428571428572
"PEL121"	0.0	1.0	0.0	0.0	1.0	3.0	46.0	0.07	1.0	1.0	1.0	1.0	1.0	1.0	1.0	1.0	1.0	1.0	0.6666666666666666	1.0	1.0	1.0	1.0	1.0	1.0	0.0	0.0	1.0	0.6666666666666666	0.0	0.0	1.0	0.3333333333333333	0.0	0.0	1.0	0.3333333333333333	0.0	0.0	0.0	0.0	1.0	1.0	1.0	1.0	1.0	1.0	82.0	0.21354166666666666	281.0	0.7317708333333334	15.0	0.0390625	6.0	0.015625	7.0	413.0	0.01694915254237288	296.0	0.7708333333333334	384.0	0.0	1.0	0.0	0.0	1.0	0.0	0.0	0.0	0.0	0.0	0.0	0.0	1.0	1.0	0.0	0.0	0.0	1.0	1.0	0.0	1.0	0.0	0.0	3.0	2018.0	"PEL"	0.01694915254237288	302.0	0.7864583333333334
"PEL124"	0.0	1.0	0.0	0.0	0.0	4.0	37.0	0.131	2.0	0.0	0.5	0.0	0.5	0.0	0.25	1.0	0.75	0.0	0.0	0.0	0.0	1.0	0.5	1.0	0.5	0.0	0.0	0.0	0.25	1.0	0.5	1.0	0.25	1.0	0.25	0.0	0.0	0.0	0.0	0.0	0.0	1.0	0.5	0.0	0.0	0.0	0.0	44.0	0.37606837606837606	70.0	0.5982905982905983	1.0	0.008547008547008548	2.0	0.017094017094017096	335.0	491.0	0.6822810590631364	71.0	0.6068376068376068	117.0	1.0	0.0	0.0	0.0	1.0	1.0	0.0	1.0	1.0	0.0	0.0	1.0	0.0	1.0	1.0	0.0	0.0	1.0	1.0	1.0	1.0	0.0	0.0	2.0	2018.0	"PEL"	0.6822810590631364	73.0	0.6239316239316239
"PEL125"	0.0	1.0	0.0	0.0	1.0	3.0	63.0	0.225	4.0	0.0	0.6666666666666666	1.0	1.0	1.0	1.0	1.0	1.0	0.0	0.0	0.0	0.0	1.0	0.6666666666666666	1.0	0.6666666666666666	0.0	0.0	1.0	0.6666666666666666	1.0	0.3333333333333333	1.0	0.3333333333333333	1.0	0.3333333333333333	1.0	0.6666666666666666	0.0	0.0	0.0	0.0	1.0	1.0	0.0	0.0	0.0	0.0	69.0	0.27058823529411763	169.0	0.6627450980392157	9.0	0.03529411764705882	8.0	0.03137254901960784	57.0	364.0	0.1565934065934066	178.0	0.6980392156862745	255.0	0.0	1.0	0.0	0.0	1.0	0.0	0.0	0.0	0.0	0.0	0.0	0.0	1.0	0.0	0.0	0.0	0.0	0.0	1.0	0.0	0.0	1.0	1.0	3.0	2018.0	"PEL"	0.1565934065934066	186.0	0.7294117647058823
"PEL13"	1.0	1.0	0.0	1.0	1.0	5.0	45.0	0.077	1.0	0.0	0.4	1.0	1.0	0.0	0.4	0.0	0.4	0.0	0.0	0.0	0.0	0.0	0.4	0.0	0.4	0.0	0.0	0.0	0.4	0.0	0.0	1.0	0.2	1.0	0.2	0.0	0.0	0.0	0.0	0.0	0.0	1.0	0.8	0.0	0.0	1.0	0.2	64.0	0.3855421686746988	98.0	0.5903614457831325	2.0	0.012048192771084338	2.0	0.012048192771084338	88.0	378.0	0.2328042328042328	100.0	0.6024096385542169	166.0	0.0	0.0	0.0	0.0	0.0	1.0	0.0	0.0	1.0	0.0	0.0	1.0	0.0	0.0	0.0	0.0	0.0	1.0	1.0	0.0	0.0	0.0	0.0	3.0	2018.0	"PEL"	0.2328042328042328	102.0	0.6144578313253012
"PEL130"	0.0	1.0	1.0	0.0	1.0	4.0	31.0	0.07200000000000001	1.0	0.0	0.5	0.0	0.5	0.0	0.25	0.0	0.25	0.0	0.25	0.0	0.25	1.0	0.5	1.0	0.5	0.0	0.0	0.0	0.25	1.0	0.5	1.0	0.25	1.0	0.25	0.0	0.0	0.0	0.0	0.0	0.0	0.0	0.25	1.0	0.5	0.0	0.0	272.0	0.6252873563218391	162.0	0.3724137931034483	0.0	0.0	1.0	0.0022988505747126436	149.0	661.0	0.2254160363086233	162.0	0.3724137931034483	435.0	1.0	1.0	0.0	0.0	0.0	1.0	0.0	0.0	0.0	1.0	1.0	0.0	0.0	0.0	0.0	0.0	0.0	0.0	0.0	1.0	1.0	0.0	0.0	2.0	2018.0	"PEL"	0.2254160363086233	163.0	0.37471264367816093
"PEL132"	0.0	1.0	1.0	0.0	1.0	3.0	34.0	0.08199999999999999	2.0	1.0	1.0	1.0	1.0	0.0	0.3333333333333333	1.0	0.6666666666666666	0.0	0.0	0.0	0.3333333333333333	1.0	0.6666666666666666	1.0	0.6666666666666666	0.0	0.0	1.0	0.6666666666666666	0.0	0.0	1.0	0.3333333333333333	1.0	0.3333333333333333	1.0	0.3333333333333333	0.0	0.0	0.0	0.0	0.0	0.3333333333333333	0.0	0.0	0.0	0.0	211.0	0.4953051643192488	212.0	0.49765258215962443	3.0	0.007042253521126761	0.0	0.0	120.0	588.0	0.20408163265306123	215.0	0.5046948356807511	426.0	1.0	1.0	0.0	0.0	1.0	1.0	1.0	0.0	1.0	0.0	0.0	1.0	1.0	0.0	0.0	0.0	0.0	1.0	1.0	0.0	0.0	0.0	0.0	2.0	2018.0	"PEL"	0.20408163265306123	215.0	0.5046948356807511
"PEL133"	0.0	1.0	0.0	0.0	1.0	4.0	54.0	0.07	3.0	0.0	0.5	1.0	1.0	1.0	0.5	1.0	0.5	0.0	0.0	0.0	0.0	0.0	0.25	0.0	0.25	0.0	0.0	1.0	0.5	0.0	0.0	1.0	0.25	1.0	0.25	0.0	0.0	0.0	0.0	0.0	0.0	1.0	0.5	1.0	1.0	0.0	0.0	246.0	0.3153846153846154	519.0	0.6653846153846154	11.0	0.014102564102564103	4.0	0.005128205128205128	11.0	663.0	0.016591251885369532	530.0	0.6794871794871795	780.0	1.0	1.0	0.0	1.0	1.0	1.0	1.0	1.0	1.0	0.0	1.0	1.0	1.0	0.0	0.0	0.0	0.0	1.0	1.0	0.0	0.0	1.0	1.0	3.0	2018.0	"PEL"	0.016591251885369532	534.0	0.6846153846153846
"PEL135"	0.0	1.0	0.0	0.0	0.0	4.0	27.0	0.065	1.0	0.0	0.5	1.0	1.0	0.0	0.25	1.0	0.75	1.0	0.75	0.0	0.75	0.0	0.25	0.0	0.25	0.0	0.0	0.0	0.25	0.0	0.0	1.0	0.25	0.0	0.0	0.0	0.0	0.0	0.0	0.0	0.0	1.0	0.5	0.0	0.25	0.0	0.0	276.0	0.71875	107.0	0.2786458333333333	1.0	0.0026041666666666665	0.0	0.0	543.0	1100.0	0.49363636363636365	108.0	0.28125	384.0	1.0	0.0	0.0	0.0	1.0	1.0	0.0	0.0	0.0	0.0	1.0	0.0	0.0	0.0	0.0	0.0	0.0	1.0	1.0	0.0	0.0	0.0	0.0	1.0	2018.0	"PEL"	0.49363636363636365	108.0	0.28125
"PEL136"	1.0	1.0	0.0	0.0	1.0	4.0	44.0	0.076	1.0	0.0	0.75	1.0	1.0	0.0	0.25	0.0	0.25	0.0	0.0	0.0	0.25	1.0	0.5	1.0	0.5	0.0	0.0	1.0	0.5	0.0	0.0	1.0	0.25	1.0	0.25	0.0	0.0	0.0	0.0	0.0	0.0	1.0	0.75	0.0	0.0	0.0	0.0	161.0	0.28097731239092494	400.0	0.6980802792321117	12.0	0.020942408376963352	0.0	0.0	112.0	842.0	0.1330166270783848	412.0	0.7190226876090751	573.0	1.0	1.0	0.0	1.0	1.0	1.0	0.0	0.0	0.0	0.0	0.0	1.0	1.0	1.0	1.0	0.0	0.0	1.0	1.0	1.0	0.0	0.0	0.0	2.0	2018.0	"PEL"	0.1330166270783848	412.0	0.7190226876090751
"PEL137"	0.0	1.0	0.0	0.0	1.0	3.0	21.0	0.078	1.0	1.0	1.0	1.0	1.0	0.0	0.0	0.0	0.3333333333333333	0.0	0.0	0.0	0.0	1.0	1.0	1.0	1.0	0.0	0.0	1.0	1.0	0.0	0.0	1.0	0.6666666666666666	1.0	0.3333333333333333	1.0	0.3333333333333333	0.0	0.0	0.0	0.0	1.0	1.0	0.0	0.3333333333333333	0.0	0.0	213.0	0.3397129186602871	377.0	0.6012759170653907	35.0	0.05582137161084529	2.0	0.003189792663476874	100.0	768.0	0.13020833333333334	412.0	0.6570972886762361	627.0	1.0	1.0	0.0	0.0	1.0	1.0	1.0	0.0	1.0	0.0	1.0	1.0	1.0	1.0	1.0	0.0	0.0	1.0	1.0	1.0	0.0	1.0	1.0	2.0	2018.0	"PEL"	0.13020833333333334	414.0	0.6602870813397129
"PEL14"	0.0	1.0	0.0	0.0	1.0	4.0	59.0	0.040999999999999995	3.0	0.0	0.75	1.0	1.0	0.0	0.0	0.0	0.25	0.0	0.0	0.0	0.0	0.0	0.25	0.0	0.25	0.0	0.0	0.0	0.0	1.0	0.75	1.0	0.25	0.0	0.0	0.0	0.0	0.0	0.0	0.0	0.0	0.0	0.25	0.0	0.0	0.0	0.0	54.0	0.6428571428571429	18.0	0.21428571428571427	10.0	0.11904761904761904	2.0	0.023809523809523808	0.0	126.0	0.0	28.0	0.3333333333333333	84.0	0.0	0.0	0.0	0.0	1.0	1.0	0.0	1.0	0.0	0.0	0.0	1.0	0.0	0.0	0.0	0.0	0.0	1.0	1.0	0.0	0.0	0.0	0.0	3.0	2018.0	"PEL"	0.0	30.0	0.35714285714285715
"PEL16"	0.0	1.0	0.0	0.0	1.0	1.0	47.0	0.084	2.0	1.0	1.0	1.0	1.0	0.0	0.0	1.0	1.0	0.0	0.0	0.0	0.0	1.0	1.0	1.0	1.0	0.0	0.0	1.0	1.0	0.0	0.0	0.0	0.0	0.0	0.0	1.0	1.0	0.0	0.0	0.0	0.0	1.0	1.0	0.0	0.0	0.0	0.0	75.0	0.5905511811023622	47.0	0.3700787401574803	5.0	0.03937007874015748	0.0	0.0	57.0	241.0	0.23651452282157676	52.0	0.4094488188976378	127.0	1.0	1.0	0.0	1.0	1.0	1.0	0.0	0.0	0.0	0.0	0.0	1.0	0.0	0.0	0.0	0.0	0.0	1.0	1.0	1.0	0.0	1.0	1.0	3.0	2018.0	"PEL"	0.23651452282157676	52.0	0.4094488188976378
"PEL17"	0.0	1.0	0.0	0.0	0.0	1.0	52.0	0.045	3.0	0.0	0.0	0.0	0.0	1.0	1.0	1.0	1.0	1.0	1.0	1.0	1.0	1.0	1.0	1.0	1.0	0.0	0.0	1.0	1.0	0.0	0.0	0.0	0.0	0.0	0.0	1.0	1.0	0.0	0.0	0.0	0.0	1.0	1.0	0.0	0.0	0.0	0.0	50.0	0.5494505494505495	32.0	0.3516483516483517	4.0	0.04395604395604396	5.0	0.054945054945054944	195.0	282.0	0.6914893617021277	36.0	0.3956043956043956	91.0	0.0	1.0	0.0	0.0	0.0	0.0	0.0	0.0	0.0	0.0	0.0	1.0	0.0	0.0	0.0	0.0	0.0	1.0	1.0	0.0	0.0	0.0	0.0	2.0	2018.0	"PEL"	0.6914893617021277	41.0	0.45054945054945056
"PEL18"	0.0	1.0	1.0	0.0	1.0	1.0	63.0	0.09699999999999999	4.0	1.0	1.0	1.0	1.0	1.0	1.0	1.0	1.0	0.0	0.0	0.0	0.0	1.0	1.0	1.0	1.0	0.0	0.0	1.0	1.0	0.0	0.0	1.0	1.0	0.0	0.0	0.0	0.0	0.0	0.0	0.0	0.0	1.0	1.0	0.0	0.0	0.0	0.0	82.0	0.3744292237442922	125.0	0.5707762557077626	8.0	0.0365296803652968	4.0	0.0182648401826484	141.0	569.0	0.2478031634446397	133.0	0.6073059360730594	219.0	1.0	1.0	0.0	0.0	0.0	1.0	0.0	0.0	0.0	0.0	0.0	0.0	0.0	0.0	0.0	0.0	0.0	0.0	0.0	1.0	1.0	0.0	0.0	5.0	2018.0	"PEL"	0.2478031634446397	137.0	0.6255707762557078
"PEL19"	0.0	1.0	0.0	0.0	0.0	4.0	68.0	0.051	3.0	1.0	1.0	1.0	1.0	0.0	0.25	0.0	0.25	0.0	0.0	0.0	0.0	0.0	0.25	0.0	0.25	0.0	0.0	0.0	0.25	0.0	0.0	1.0	0.25	1.0	0.25	0.0	0.0	0.0	0.0	1.0	0.25	1.0	0.75	0.0	0.0	0.0	0.0	82.0	0.27702702702702703	210.0	0.7094594594594594	4.0	0.013513513513513514	0.0	0.0	331.0	708.0	0.4675141242937853	214.0	0.722972972972973	296.0	1.0	1.0	0.0	0.0	0.0	1.0	0.0	1.0	0.0	0.0	0.0	0.0	0.0	0.0	0.0	0.0	0.0	0.0	0.0	0.0	0.0	1.0	1.0	3.0	2018.0	"PEL"	0.4675141242937853	214.0	0.722972972972973
"PEL20"	1.0	1.0	0.0	0.0	1.0	4.0	46.0	0.064	1.0	1.0	1.0	1.0	1.0	0.0	0.25	0.0	0.25	0.0	0.0	0.0	0.0	1.0	0.5	1.0	0.5	0.0	0.0	1.0	0.5	0.0	0.0	1.0	0.25	1.0	0.25	1.0	0.25	0.0	0.0	0.0	0.0	1.0	0.5	1.0	1.0	1.0	1.0	105.0	0.603448275862069	63.0	0.3620689655172414	5.0	0.028735632183908046	1.0	0.005747126436781609	294.0	412.0	0.7135922330097088	68.0	0.39080459770114945	174.0	1.0	0.0	0.0	1.0	1.0	1.0	0.0	0.0	1.0	0.0	0.0	1.0	0.0	0.0	0.0	0.0	0.0	1.0	1.0	0.0	0.0	1.0	1.0	3.0	2018.0	"PEL"	0.7135922330097088	69.0	0.39655172413793105
"PEL21"	0.0	1.0	0.0	1.0	1.0	4.0	35.0	0.067	1.0	0.0	0.5	0.0	0.5	1.0	0.5	1.0	0.5	0.0	0.0	0.0	0.0	0.0	0.25	0.0	0.25	0.0	0.0	0.0	0.25	0.0	0.0	1.0	0.25	1.0	0.25	0.0	0.0	0.0	0.0	0.0	0.0	1.0	0.5	0.0	0.25	0.0	0.0	63.0	0.38181818181818183	93.0	0.5636363636363636	5.0	0.030303030303030304	4.0	0.024242424242424242	78.0	235.0	0.33191489361702126	98.0	0.593939393939394	165.0	0.0	1.0	0.0	0.0	0.0	0.0	0.0	0.0	0.0	1.0	1.0	0.0	1.0	0.0	0.0	0.0	0.0	1.0	1.0	0.0	0.0	0.0	0.0	3.0	2018.0	"PEL"	0.33191489361702126	102.0	0.6181818181818182
"PEL23"	0.0	1.0	0.0	0.0	0.0	2.0	54.0	0.16899999999999998	4.0	0.0	0.5	1.0	1.0	1.0	0.5	1.0	0.5	0.0	0.0	0.0	0.0	1.0	0.5	1.0	0.5	0.0	0.0	1.0	0.5	0.0	0.0	1.0	0.5	0.0	0.0	0.0	0.0	0.0	0.0	1.0	0.5	1.0	1.0	1.0	1.0	1.0	1.0	51.0	0.2698412698412698	122.0	0.6455026455026455	10.0	0.05291005291005291	6.0	0.031746031746031744	2.0	226.0	0.008849557522123894	132.0	0.6984126984126984	189.0	0.0	1.0	0.0	0.0	0.0	0.0	0.0	0.0	0.0	0.0	0.0	0.0	0.0	0.0	0.0	0.0	0.0	0.0	0.0	1.0	0.0	0.0	0.0	3.0	2018.0	"PEL"	0.008849557522123894	138.0	0.7301587301587301
"PEL27"	0.0	0.0	0.0	0.0	1.0	2.0	48.0	0.111	2.0	1.0	1.0	1.0	1.0	0.0	0.0	1.0	1.0	0.0	0.0	0.0	0.0	1.0	0.5	1.0	0.5	0.0	0.0	1.0	1.0	0.0	0.0	1.0	0.5	1.0	0.5	1.0	0.5	0.0	0.0	1.0	0.5	1.0	0.5	1.0	1.0	1.0	0.5	69.0	0.49640287769784175	70.0	0.5035971223021583	0.0	0.0	0.0	0.0	267.0	375.0	0.712	70.0	0.5035971223021583	139.0	1.0	1.0	0.0	1.0	0.0	1.0	1.0	0.0	1.0	0.0	0.0	1.0	0.0	1.0	1.0	0.0	0.0	1.0	1.0	1.0	0.0	1.0	1.0	1.0	2018.0	"PEL"	0.712	70.0	0.5035971223021583
"PEL28"	1.0	1.0	1.0	1.0	0.0	7.0	81.0	0.051	3.0	0.0	0.14285714285714285	0.0	0.5714285714285714	1.0	0.5714285714285714	1.0	0.5714285714285714	0.0	0.0	0.0	0.0	0.0	0.42857142857142855	0.0	0.2857142857142857	0.0	0.0	0.0	0.14285714285714285	1.0	0.14285714285714285	0.0	0.0	0.0	0.0	0.0	0.14285714285714285	0.0	0.0	0.0	0.0	0.0	0.2857142857142857	1.0	0.7142857142857143	0.0	0.0	131.0	0.4962121212121212	133.0	0.5037878787878788	0.0	0.0	0.0	0.0	65.0	602.0	0.1079734219269103	133.0	0.5037878787878788	264.0	1.0	1.0	0.0	1.0	0.0	1.0	0.0	1.0	0.0	0.0	0.0	0.0	0.0	0.0	0.0	0.0	0.0	0.0	0.0	1.0	0.0	1.0	1.0	3.0	2018.0	"PEL"	0.1079734219269103	133.0	0.5037878787878788
"PEL29"	0.0	1.0	0.0	0.0	1.0	4.0	41.0	0.071	1.0	0.0	0.5	0.0	0.5	0.0	0.25	0.0	0.25	0.0	0.0	0.0	0.0	1.0	0.5	1.0	0.5	0.0	0.0	1.0	0.5	0.0	0.0	1.0	0.25	1.0	0.25	0.0	0.0	0.0	0.0	0.0	0.0	1.0	0.5	1.0	1.0	1.0	1.0	91.0	0.39565217391304347	139.0	0.6043478260869565	0.0	0.0	0.0	0.0	62.0	294.0	0.2108843537414966	139.0	0.6043478260869565	230.0	1.0	1.0	0.0	0.0	1.0	1.0	0.0	0.0	0.0	0.0	0.0	1.0	0.0	0.0	0.0	0.0	0.0	1.0	1.0	0.0	0.0	1.0	1.0	3.0	2018.0	"PEL"	0.2108843537414966	139.0	0.6043478260869565
"PEL3"	0.0	1.0	0.0	0.0	1.0	4.0	72.0	0.051	3.0	1.0	1.0	1.0	1.0	0.0	0.25	0.0	0.25	0.0	0.25	0.0	0.25	0.0	0.0	0.0	0.0	0.0	0.0	1.0	1.0	0.0	0.0	1.0	1.0	0.0	0.0	0.0	0.0	0.0	0.0	0.0	0.0	1.0	0.75	0.0	0.0	0.0	0.0	94.0	0.25268817204301075	265.0	0.7123655913978495	8.0	0.021505376344086023	5.0	0.013440860215053764	58.0	400.0	0.145	273.0	0.7338709677419355	372.0	1.0	1.0	0.0	0.0	1.0	1.0	1.0	0.0	0.0	0.0	0.0	1.0	1.0	0.0	0.0	0.0	0.0	1.0	1.0	0.0	0.0	1.0	1.0	4.0	2018.0	"PEL"	0.145	278.0	0.7473118279569892
"PEL30"	1.0	1.0	0.0	0.0	1.0	4.0	38.0	0.16699999999999998	2.0	1.0	1.0	1.0	1.0	0.0	0.25	1.0	0.5	0.0	0.0	0.0	0.0	1.0	0.5	1.0	0.5	0.0	0.0	1.0	0.5	0.0	0.0	0.0	0.0	1.0	0.25	1.0	0.25	0.0	0.0	0.0	0.0	0.0	0.25	0.0	0.0	0.0	0.0	80.0	0.2588996763754045	226.0	0.7313915857605178	2.0	0.006472491909385114	1.0	0.003236245954692557	331.0	648.0	0.5108024691358025	228.0	0.7378640776699029	309.0	1.0	0.0	0.0	0.0	1.0	1.0	0.0	1.0	1.0	0.0	0.0	0.0	0.0	0.0	0.0	0.0	0.0	0.0	0.0	0.0	0.0	0.0	0.0	3.0	2018.0	"PEL"	0.5108024691358025	229.0	0.7411003236245954
"PEL31"	1.0	1.0	0.0	0.0	1.0	2.0	54.0	0.08	4.0	0.0	0.5	1.0	1.0	0.0	0.0	1.0	1.0	1.0	1.0	1.0	1.0	1.0	1.0	1.0	1.0	0.0	0.0	1.0	0.5	0.0	0.0	1.0	0.5	1.0	0.5	0.0	0.0	0.0	0.0	0.0	0.0	1.0	1.0	0.0	0.0	0.0	0.0	69.0	0.3317307692307692	134.0	0.6442307692307693	4.0	0.019230769230769232	1.0	0.004807692307692308	67.0	326.0	0.20552147239263804	138.0	0.6634615384615384	208.0	1.0	0.0	0.0	1.0	1.0	1.0	0.0	0.0	1.0	0.0	0.0	1.0	0.0	0.0	0.0	0.0	0.0	0.0	0.0	1.0	0.0	1.0	1.0	3.0	2018.0	"PEL"	0.20552147239263804	139.0	0.6682692307692307
"PEL34"	1.0	1.0	0.0	0.0	1.0	1.0	27.0	0.059000000000000004	1.0	1.0	1.0	1.0	1.0	0.0	0.0	1.0	1.0	0.0	0.0	0.0	0.0	1.0	1.0	1.0	1.0	0.0	0.0	1.0	1.0	0.0	0.0	1.0	1.0	1.0	1.0	1.0	1.0	0.0	0.0	0.0	0.0	1.0	1.0	0.0	0.0	0.0	0.0	109.0	0.6411764705882353	41.0	0.2411764705882353	19.0	0.11176470588235295	1.0	0.0058823529411764705	151.0	345.0	0.43768115942028984	60.0	0.35294117647058826	170.0	0.0	1.0	0.0	0.0	0.0	1.0	0.0	0.0	0.0	0.0	1.0	0.0	0.0	0.0	0.0	0.0	0.0	1.0	1.0	1.0	1.0	1.0	1.0	3.0	2018.0	"PEL"	0.43768115942028984	61.0	0.3588235294117647
"PEL37"	1.0	1.0	0.0	1.0	0.0	5.0	29.0	0.081	2.0	0.0	0.4	1.0	1.0	1.0	0.8	1.0	0.8	0.0	0.0	0.0	0.0	0.0	0.2	0.0	0.2	0.0	0.0	0.0	0.2	0.0	0.0	0.0	0.0	0.0	0.0	0.0	0.0	0.0	0.0	0.0	0.0	0.0	0.2	0.0	0.0	0.0	0.0	86.0	0.5443037974683544	71.0	0.44936708860759494	1.0	0.006329113924050633	0.0	0.0	164.0	298.0	0.5503355704697986	72.0	0.45569620253164556	158.0	1.0	1.0	0.0	0.0	1.0	1.0	1.0	1.0	1.0	0.0	0.0	1.0	0.0	0.0	0.0	0.0	0.0	0.0	0.0	0.0	0.0	0.0	0.0	3.0	2018.0	"PEL"	0.5503355704697986	72.0	0.45569620253164556
"PEL39"	0.0	1.0	0.0	0.0	1.0	3.0	30.0	0.034	1.0	0.0	0.3333333333333333	0.0	0.6666666666666666	0.0	0.3333333333333333	0.0	0.3333333333333333	0.0	0.0	0.0	0.0	1.0	0.6666666666666666	1.0	0.6666666666666666	0.0	0.0	1.0	0.6666666666666666	1.0	0.3333333333333333	1.0	0.3333333333333333	0.0	0.0	0.0	0.0	0.0	0.0	1.0	0.3333333333333333	1.0	0.6666666666666666	0.0	0.0	0.0	0.0	33.0	0.2185430463576159	87.0	0.5761589403973509	18.0	0.11920529801324503	13.0	0.08609271523178808	30.0	214.0	0.14018691588785046	105.0	0.695364238410596	151.0	0.0	0.0	0.0	0.0	0.0	0.0	0.0	0.0	0.0	0.0	0.0	0.0	0.0	0.0	0.0	0.0	0.0	0.0	0.0	0.0	0.0	0.0	0.0	2.0	2018.0	"PEL"	0.14018691588785046	118.0	0.7814569536423841
"PEL4"	0.0	1.0	0.0	0.0	0.0	5.0	55.0	0.032	3.0	0.0	0.0	0.0	0.2	0.0	0.2	1.0	0.8	0.0	0.0	0.0	0.0	0.0	0.4	0.0	0.4	0.0	0.0	1.0	0.6	0.0	0.0	0.0	0.0	1.0	0.2	0.0	0.0	0.0	0.0	0.0	0.0	1.0	0.6	0.0	0.0	0.0	0.0	45.0	0.6338028169014085	26.0	0.36619718309859156	0.0	0.0	0.0	0.0	259.0	289.0	0.8961937716262975	26.0	0.36619718309859156	71.0	0.0	0.0	0.0	0.0	1.0	0.0	0.0	1.0	1.0	0.0	0.0	1.0	1.0	0.0	0.0	0.0	0.0	1.0	1.0	0.0	0.0	1.0	1.0	1.0	2018.0	"PEL"	0.8961937716262975	26.0	0.36619718309859156
"PEL41"	0.0	1.0	0.0	0.0	1.0	5.0	58.0	0.10300000000000001	4.0	0.0	0.2	0.0	0.4	0.0	0.2	0.0	0.2	0.0	0.0	0.0	0.0	0.0	0.4	0.0	0.4	0.0	0.0	0.0	0.4	0.0	0.0	0.0	0.0	1.0	0.2	0.0	0.0	0.0	0.0	0.0	0.0	0.0	0.2	0.0	0.0	0.0	0.0	210.0	0.5965909090909091	135.0	0.3835227272727273	7.0	0.019886363636363636	0.0	0.0	269.0	578.0	0.46539792387543255	142.0	0.4034090909090909	352.0	1.0	1.0	0.0	0.0	1.0	1.0	1.0	1.0	1.0	0.0	0.0	1.0	0.0	0.0	0.0	0.0	0.0	1.0	1.0	1.0	0.0	0.0	0.0	3.0	2018.0	"PEL"	0.46539792387543255	142.0	0.4034090909090909
"PEL42"	1.0	1.0	0.0	0.0	0.0	4.0	59.0	0.17300000000000001	4.0	1.0	1.0	1.0	1.0	1.0	0.5	1.0	0.5	0.0	0.0	0.0	0.0	0.0	0.25	0.0	0.25	0.0	0.0	1.0	0.5	0.0	0.0	1.0	0.25	1.0	0.25	1.0	0.5	0.0	0.0	0.0	0.0	0.0	0.25	1.0	1.0	1.0	1.0	161.0	0.46131805157593125	171.0	0.4899713467048711	10.0	0.02865329512893983	7.0	0.02005730659025788	35.0	459.0	0.07625272331154684	181.0	0.5186246418338109	349.0	1.0	1.0	0.0	0.0	0.0	1.0	1.0	0.0	1.0	0.0	0.0	1.0	1.0	0.0	0.0	0.0	0.0	0.0	0.0	0.0	0.0	1.0	1.0	3.0	2018.0	"PEL"	0.07625272331154684	188.0	0.5386819484240688
"PEL43"	0.0	1.0	0.0	0.0	1.0	4.0	70.0	0.031	3.0	0.0	0.25	0.0	0.5	0.0	0.25	0.0	0.25	0.0	0.25	0.0	0.75	0.0	0.25	0.0	0.25	0.0	0.0	1.0	0.75	0.0	0.0	1.0	0.25	1.0	0.25	0.0	0.0	0.0	0.0	0.0	0.0	1.0	0.75	1.0	1.0	1.0	1.0	45.0	0.1724137931034483	206.0	0.789272030651341	7.0	0.02681992337164751	3.0	0.011494252873563218	249.0	452.0	0.5508849557522124	213.0	0.8160919540229885	261.0	1.0	1.0	0.0	0.0	0.0	1.0	1.0	0.0	0.0	0.0	0.0	1.0	0.0	0.0	0.0	0.0	0.0	1.0	1.0	1.0	0.0	0.0	0.0	2.0	2018.0	"PEL"	0.5508849557522124	216.0	0.8275862068965517
"PEL44"	0.0	1.0	0.0	1.0	1.0	4.0	57.0	0.08800000000000001	4.0	0.0	0.25	0.0	0.5	0.0	0.25	1.0	0.5	0.0	0.0	0.0	0.0	0.0	0.25	0.0	0.25	0.0	0.0	1.0	0.5	1.0	0.25	1.0	0.25	1.0	0.25	1.0	0.5	0.0	0.0	0.0	0.0	1.0	0.5	1.0	1.0	1.0	1.0	42.0	0.4666666666666667	48.0	0.5333333333333333	0.0	0.0	0.0	0.0	197.0	309.0	0.6375404530744336	48.0	0.5333333333333333	90.0	1.0	1.0	0.0	0.0	1.0	0.0	0.0	1.0	0.0	0.0	0.0	0.0	0.0	0.0	0.0	0.0	0.0	0.0	0.0	1.0	0.0	0.0	0.0	3.0	2018.0	"PEL"	0.6375404530744336	48.0	0.5333333333333333
"PEL46"	0.0	1.0	1.0	0.0	1.0	1.0	49.0	0.04	3.0	1.0	1.0	1.0	1.0	0.0	0.0	1.0	1.0	0.0	0.0	0.0	0.0	1.0	1.0	1.0	1.0	0.0	0.0	1.0	1.0	0.0	0.0	1.0	1.0	0.0	0.0	0.0	0.0	0.0	0.0	0.0	0.0	1.0	1.0	0.0	0.0	0.0	0.0	118.0	0.6982248520710059	49.0	0.28994082840236685	2.0	0.011834319526627219	0.0	0.0	343.0	529.0	0.6483931947069943	51.0	0.30177514792899407	169.0	1.0	1.0	0.0	1.0	1.0	1.0	0.0	0.0	0.0	0.0	0.0	0.0	0.0	0.0	0.0	0.0	0.0	1.0	1.0	0.0	0.0	0.0	1.0	3.0	2018.0	"PEL"	0.6483931947069943	51.0	0.30177514792899407
"PEL47"	0.0	1.0	0.0	0.0	1.0	3.0	53.0	0.043	3.0	1.0	1.0	1.0	1.0	0.0	0.3333333333333333	1.0	0.6666666666666666	0.0	0.0	0.0	0.0	1.0	0.6666666666666666	1.0	0.6666666666666666	0.0	0.0	1.0	0.6666666666666666	0.0	0.0	1.0	0.3333333333333333	1.0	0.3333333333333333	0.0	0.0	0.0	0.0	0.0	0.0	0.0	0.3333333333333333	1.0	1.0	1.0	1.0	114.0	0.8837209302325582	9.0	0.06976744186046512	6.0	0.046511627906976744	0.0	0.0	203.0	309.0	0.656957928802589	15.0	0.11627906976744186	129.0	1.0	0.0	0.0	1.0	1.0	1.0	0.0	0.0	0.0	0.0	0.0	1.0	0.0	0.0	0.0	0.0	0.0	1.0	1.0	1.0	0.0	1.0	1.0	3.0	2018.0	"PEL"	0.656957928802589	15.0	0.11627906976744186
"PEL48"	0.0	0.0	0.0	0.0	1.0	3.0	37.0	0.102	2.0	0.0	0.6666666666666666	1.0	1.0	0.0	0.3333333333333333	1.0	0.6666666666666666	0.0	0.0	0.0	0.3333333333333333	1.0	1.0	1.0	1.0	0.0	0.0	0.0	0.3333333333333333	0.0	0.0	1.0	0.3333333333333333	1.0	0.3333333333333333	1.0	0.3333333333333333	0.0	0.0	1.0	0.3333333333333333	1.0	1.0	0.0	0.3333333333333333	0.0	0.0	324.0	0.5595854922279793	249.0	0.43005181347150256	6.0	0.010362694300518135	0.0	0.0	301.0	817.0	0.3684210526315789	255.0	0.44041450777202074	579.0	1.0	1.0	0.0	1.0	1.0	1.0	1.0	0.0	0.0	0.0	0.0	0.0	1.0	0.0	0.0	0.0	0.0	1.0	1.0	0.0	0.0	1.0	1.0	2.0	2018.0	"PEL"	0.3684210526315789	255.0	0.44041450777202074
"PEL49"	0.0	1.0	1.0	1.0	0.0	4.0	63.0	0.175	4.0	0.0	0.5	0.0	0.5	1.0	0.5	1.0	0.5	0.0	0.0	0.0	0.0	0.0	0.25	0.0	0.25	0.0	0.0	1.0	0.5	0.0	0.0	1.0	0.25	1.0	0.25	0.0	0.0	0.0	0.0	0.0	0.0	1.0	0.5	1.0	0.5	0.0	0.0	90.0	0.6666666666666666	45.0	0.3333333333333333	0.0	0.0	0.0	0.0	225.0	388.0	0.5798969072164949	45.0	0.3333333333333333	135.0	0.0	1.0	0.0	0.0	0.0	0.0	0.0	0.0	0.0	0.0	0.0	0.0	0.0	0.0	0.0	0.0	0.0	0.0	0.0	0.0	0.0	0.0	0.0	2.0	2018.0	"PEL"	0.5798969072164949	45.0	0.3333333333333333
"PEL5"	0.0	1.0	1.0	0.0	0.0	1.0	58.0	0.019	3.0	1.0	1.0	1.0	1.0	1.0	1.0	1.0	1.0	0.0	0.0	0.0	0.0	1.0	1.0	1.0	1.0	0.0	0.0	0.0	0.0	1.0	1.0	1.0	1.0	1.0	1.0	0.0	0.0	0.0	0.0	0.0	0.0	1.0	1.0	0.0	0.0	0.0	0.0	63.0	0.5478260869565217	51.0	0.4434782608695652	1.0	0.008695652173913044	0.0	0.0	239.0	342.0	0.6988304093567251	52.0	0.45217391304347826	115.0	1.0	0.0	0.0	0.0	0.0	0.0	0.0	0.0	0.0	0.0	0.0	0.0	0.0	0.0	0.0	0.0	0.0	1.0	1.0	1.0	0.0	0.0	0.0	2.0	2018.0	"PEL"	0.6988304093567251	52.0	0.45217391304347826
"PEL50"	0.0	1.0	0.0	0.0	0.0	2.0	59.0	0.14	4.0	0.0	0.5	1.0	1.0	1.0	0.5	1.0	0.5	0.0	0.0	0.0	0.0	1.0	0.5	1.0	0.5	0.0	0.0	1.0	0.5	0.0	0.0	1.0	0.5	1.0	0.5	1.0	0.5	0.0	0.0	0.0	0.0	1.0	0.5	1.0	1.0	1.0	1.0	101.0	0.25	302.0	0.7475247524752475	1.0	0.0024752475247524753	0.0	0.0	96.0	474.0	0.20253164556962025	303.0	0.75	404.0	1.0	1.0	0.0	1.0	1.0	1.0	0.0	1.0	1.0	1.0	1.0	1.0	1.0	0.0	0.0	0.0	0.0	1.0	1.0	1.0	0.0	0.0	0.0	3.0	2018.0	"PEL"	0.20253164556962025	303.0	0.75
"PEL51"	1.0	1.0	1.0	0.0	1.0	3.0	55.0	0.071	3.0	1.0	1.0	1.0	1.0	0.0	0.3333333333333333	0.0	0.3333333333333333	0.0	0.0	0.0	0.0	1.0	0.6666666666666666	1.0	0.6666666666666666	0.0	0.0	1.0	0.6666666666666666	1.0	0.3333333333333333	1.0	0.3333333333333333	1.0	0.3333333333333333	1.0	0.3333333333333333	0.0	0.0	1.0	1.0	0.0	0.3333333333333333	1.0	1.0	1.0	1.0	280.0	0.4886561954624782	288.0	0.5026178010471204	4.0	0.006980802792321117	1.0	0.0017452006980802793	295.0	826.0	0.35714285714285715	292.0	0.5095986038394416	573.0	1.0	1.0	0.0	1.0	1.0	1.0	1.0	1.0	1.0	0.0	0.0	1.0	1.0	0.0	0.0	0.0	0.0	0.0	0.0	0.0	0.0	1.0	1.0	3.0	2018.0	"PEL"	0.35714285714285715	293.0	0.5113438045375218
"PEL52"	1.0	1.0	0.0	1.0	1.0	4.0	52.0	0.11599999999999999	4.0	0.0	0.5	1.0	1.0	0.0	0.25	1.0	0.5	0.0	0.0	0.0	0.25	0.0	0.25	0.0	0.25	0.0	0.0	1.0	0.75	0.0	0.0	1.0	0.25	0.0	0.0	0.0	0.0	0.0	0.0	0.0	0.0	1.0	0.75	0.0	0.25	0.0	0.0	243.0	0.4394213381555154	292.0	0.5280289330922242	16.0	0.028933092224231464	2.0	0.003616636528028933	82.0	827.0	0.09915356711003627	308.0	0.5569620253164557	553.0	1.0	1.0	0.0	0.0	1.0	0.0	0.0	0.0	0.0	0.0	0.0	0.0	0.0	0.0	0.0	0.0	0.0	1.0	1.0	0.0	0.0	0.0	0.0	3.0	2018.0	"PEL"	0.09915356711003627	310.0	0.5605786618444847
"PEL53"	1.0	1.0	0.0	1.0	1.0	3.0	62.0	0.098	4.0	1.0	1.0	1.0	1.0	0.0	0.3333333333333333	0.0	0.3333333333333333	0.0	0.0	0.0	0.0	1.0	0.6666666666666666	1.0	0.6666666666666666	0.0	0.0	0.0	0.3333333333333333	1.0	0.3333333333333333	0.0	0.0	0.0	0.0	0.0	0.0	0.0	0.0	0.0	0.0	0.0	0.3333333333333333	0.0	0.0	0.0	0.0	120.0	0.6451612903225806	66.0	0.3548387096774194	0.0	0.0	0.0	0.0	130.0	428.0	0.3037383177570093	66.0	0.3548387096774194	186.0	1.0	1.0	0.0	1.0	0.0	0.0	0.0	0.0	1.0	0.0	0.0	1.0	0.0	0.0	0.0	0.0	0.0	0.0	0.0	0.0	0.0	0.0	1.0	3.0	2018.0	"PEL"	0.3037383177570093	66.0	0.3548387096774194
"PEL54"	0.0	1.0	1.0	0.0	1.0	2.0	62.0	0.076	3.0	1.0	1.0	1.0	1.0	1.0	0.5	1.0	0.5	0.0	0.0	0.0	0.0	1.0	1.0	1.0	0.5	0.0	0.0	1.0	0.5	0.0	0.0	0.0	0.0	1.0	0.5	0.0	0.0	0.0	0.0	0.0	0.0	1.0	1.0	0.0	0.0	0.0	0.0	290.0	0.5272727272727272	239.0	0.43454545454545457	18.0	0.03272727272727273	3.0	0.005454545454545455	78.0	539.0	0.14471243042671614	257.0	0.4672727272727273	550.0	1.0	1.0	0.0	0.0	1.0	0.0	0.0	0.0	0.0	0.0	0.0	0.0	1.0	1.0	1.0	0.0	0.0	1.0	1.0	0.0	1.0	0.0	0.0	3.0	2018.0	"PEL"	0.14471243042671614	260.0	0.4727272727272727
"PEL55"	0.0	1.0	0.0	0.0	1.0	3.0	57.0	0.14800000000000002	4.0	0.0	0.3333333333333333	1.0	1.0	0.0	0.3333333333333333	0.0	0.3333333333333333	0.0	0.0	0.0	0.0	0.0	0.3333333333333333	0.0	0.3333333333333333	0.0	0.0	0.0	0.3333333333333333	0.0	0.0	1.0	0.3333333333333333	1.0	0.3333333333333333	1.0	0.3333333333333333	0.0	0.0	0.0	0.0	1.0	1.0	0.0	0.0	0.0	0.0	425.0	0.661993769470405	205.0	0.31931464174454827	12.0	0.018691588785046728	0.0	0.0	32.0	520.0	0.06153846153846154	217.0	0.338006230529595	642.0	1.0	1.0	0.0	0.0	0.0	1.0	0.0	0.0	0.0	0.0	0.0	0.0	0.0	0.0	0.0	0.0	0.0	0.0	0.0	0.0	0.0	0.0	0.0	3.0	2018.0	"PEL"	0.06153846153846154	217.0	0.338006230529595
"PEL56"	0.0	1.0	0.0	1.0	1.0	3.0	42.0	0.14800000000000002	2.0	1.0	1.0	1.0	1.0	1.0	0.6666666666666666	1.0	0.6666666666666666	1.0	0.6666666666666666	0.0	0.6666666666666666	1.0	0.6666666666666666	0.0	0.3333333333333333	0.0	0.0	1.0	1.0	0.0	0.0	0.0	0.0	0.0	0.0	1.0	0.6666666666666666	0.0	0.0	0.0	0.0	1.0	0.6666666666666666	0.0	0.3333333333333333	0.0	0.0	202.0	0.554945054945055	152.0	0.4175824175824176	10.0	0.027472527472527472	0.0	0.0	74.0	548.0	0.13503649635036497	162.0	0.44505494505494503	364.0	1.0	1.0	0.0	0.0	0.0	1.0	0.0	0.0	0.0	0.0	1.0	0.0	1.0	0.0	0.0	0.0	0.0	1.0	1.0	1.0	0.0	1.0	1.0	3.0	2018.0	"PEL"	0.13503649635036497	162.0	0.44505494505494503
"PEL57"	1.0	0.0	1.0	0.0	1.0	3.0	22.0	0.016	1.0	1.0	1.0	1.0	1.0	0.0	0.3333333333333333	1.0	0.6666666666666666	0.0	0.0	0.0	0.0	1.0	1.0	0.0	0.0	0.0	0.0	1.0	0.6666666666666666	0.0	0.0	0.0	0.0	1.0	0.3333333333333333	0.0	0.0	0.0	0.0	0.0	0.0	1.0	0.6666666666666666	0.0	0.0	0.0	0.0	131.0	0.6208530805687204	72.0	0.3412322274881517	8.0	0.037914691943127965	0.0	0.0	329.0	513.0	0.6413255360623782	80.0	0.3791469194312796	211.0	1.0	1.0	0.0	0.0	0.0	0.0	0.0	1.0	0.0	0.0	0.0	0.0	0.0	0.0	0.0	1.0	1.0	0.0	0.0	1.0	0.0	1.0	1.0	2.0	2018.0	"PEL"	0.6413255360623782	80.0	0.3791469194312796
"PEL58"	0.0	1.0	0.0	0.0	0.0	4.0	76.0	0.20600000000000002	4.0	1.0	1.0	1.0	1.0	1.0	1.0	1.0	1.0	0.0	0.0	0.0	0.0	1.0	0.5	0.0	0.0	0.0	0.0	1.0	0.75	1.0	0.25	1.0	0.25	1.0	0.25	1.0	0.5	0.0	0.0	0.0	0.0	0.0	0.25	1.0	1.0	1.0	1.0	81.0	0.253125	239.0	0.746875	0.0	0.0	0.0	0.0	78.0	498.0	0.1566265060240964	239.0	0.746875	320.0	0.0	1.0	0.0	0.0	0.0	1.0	0.0	0.0	0.0	0.0	0.0	0.0	0.0	0.0	0.0	0.0	0.0	0.0	0.0	0.0	0.0	1.0	1.0	5.0	2018.0	"PEL"	0.1566265060240964	239.0	0.746875
"PEL59"	1.0	1.0	0.0	1.0	0.0	3.0	39.0	0.10400000000000001	2.0	0.0	0.6666666666666666	0.0	0.6666666666666666	1.0	0.6666666666666666	1.0	0.6666666666666666	0.0	0.0	0.0	0.0	0.0	0.3333333333333333	0.0	0.3333333333333333	0.0	0.0	0.0	0.3333333333333333	0.0	0.0	1.0	0.3333333333333333	1.0	0.3333333333333333	0.0	0.0	0.0	0.0	0.0	0.0	1.0	0.6666666666666666	0.0	0.0	0.0	0.0	185.0	0.5040871934604905	171.0	0.4659400544959128	11.0	0.02997275204359673	0.0	0.0	266.0	555.0	0.47927927927927927	182.0	0.49591280653950953	367.0	1.0	1.0	0.0	1.0	1.0	1.0	0.0	0.0	1.0	0.0	0.0	0.0	0.0	0.0	0.0	0.0	0.0	1.0	1.0	0.0	0.0	1.0	1.0	3.0	2018.0	"PEL"	0.47927927927927927	182.0	0.49591280653950953
"PEL6"	1.0	1.0	0.0	1.0	0.0	4.0	25.0	0.053	1.0	0.0	0.5	1.0	1.0	1.0	0.5	1.0	0.5	0.0	0.0	0.0	0.0	0.0	0.0	0.0	0.0	0.0	0.0	0.0	0.25	1.0	0.5	0.0	0.0	0.0	0.0	1.0	0.5	0.0	0.0	0.0	0.0	1.0	0.5	1.0	1.0	1.0	1.0	104.0	0.6709677419354839	43.0	0.27741935483870966	7.0	0.04516129032258064	1.0	0.0064516129032258064	316.0	470.0	0.6723404255319149	50.0	0.3225806451612903	155.0	1.0	1.0	0.0	1.0	1.0	1.0	0.0	0.0	0.0	0.0	0.0	1.0	0.0	1.0	1.0	0.0	0.0	1.0	1.0	1.0	0.0	1.0	1.0	3.0	2018.0	"PEL"	0.6723404255319149	51.0	0.32903225806451614
"PEL60"	0.0	1.0	1.0	0.0	1.0	1.0	61.0	0.063	3.0	1.0	1.0	1.0	1.0	1.0	1.0	1.0	1.0	0.0	0.0	0.0	0.0	1.0	1.0	1.0	1.0	0.0	0.0	1.0	1.0	0.0	0.0	1.0	1.0	1.0	1.0	0.0	0.0	0.0	0.0	0.0	0.0	1.0	1.0	0.0	0.0	0.0	0.0	148.0	0.5051194539249146	134.0	0.45733788395904434	8.0	0.027303754266211604	3.0	0.010238907849829351	101.0	523.0	0.1931166347992352	142.0	0.48464163822525597	293.0	1.0	0.0	0.0	1.0	1.0	1.0	0.0	0.0	1.0	0.0	0.0	1.0	0.0	1.0	1.0	0.0	0.0	1.0	1.0	1.0	0.0	1.0	1.0	3.0	2018.0	"PEL"	0.1931166347992352	145.0	0.4948805460750853
"PEL61"	1.0	1.0	0.0	0.0	0.0	6.0	54.0	0.21899999999999997	4.0	1.0	1.0	1.0	1.0	0.0	0.16666666666666666	1.0	0.5	0.0	0.0	0.0	0.0	0.0	0.16666666666666666	0.0	0.16666666666666666	0.0	0.0	1.0	0.8333333333333334	1.0	0.16666666666666666	1.0	0.16666666666666666	0.0	0.0	0.0	0.16666666666666666	0.0	0.0	0.0	0.0	1.0	0.5	0.0	0.3333333333333333	0.0	0.0	76.0	0.3958333333333333	115.0	0.5989583333333334	1.0	0.005208333333333333	0.0	0.0	0.0	252.0	0.0	116.0	0.6041666666666666	192.0	1.0	0.0	0.0	0.0	1.0	1.0	1.0	1.0	1.0	0.0	0.0	1.0	0.0	0.0	0.0	0.0	0.0	1.0	1.0	0.0	0.0	1.0	1.0	3.0	2018.0	"PEL"	0.0	116.0	0.6041666666666666
"PEL64"	0.0	1.0	0.0	0.0	1.0	1.0	49.0	0.259	4.0	0.0	0.0	1.0	1.0	0.0	0.0	0.0	0.0	0.0	0.0	0.0	0.0	1.0	1.0	1.0	1.0	0.0	0.0	1.0	1.0	0.0	0.0	1.0	1.0	0.0	0.0	0.0	0.0	0.0	0.0	0.0	0.0	1.0	1.0	0.0	0.0	0.0	0.0	121.0	0.5789473684210527	82.0	0.3923444976076555	3.0	0.014354066985645933	3.0	0.014354066985645933	144.0	440.0	0.32727272727272727	85.0	0.40669856459330145	209.0	1.0	1.0	0.0	0.0	1.0	1.0	0.0	0.0	0.0	0.0	0.0	0.0	0.0	0.0	0.0	0.0	0.0	1.0	1.0	1.0	0.0	1.0	1.0	4.0	2018.0	"PEL"	0.32727272727272727	88.0	0.42105263157894735
"PEL65"	1.0	1.0	0.0	0.0	0.0	3.0	47.0	0.053	1.0	0.0	0.6666666666666666	0.0	0.6666666666666666	0.0	0.3333333333333333	0.0	0.3333333333333333	0.0	0.0	0.0	0.0	0.0	0.3333333333333333	0.0	0.3333333333333333	0.0	0.0	1.0	0.6666666666666666	1.0	0.3333333333333333	1.0	0.3333333333333333	1.0	0.3333333333333333	1.0	0.3333333333333333	0.0	0.0	0.0	0.0	1.0	1.0	0.0	0.0	0.0	0.0	95.0	0.7089552238805971	34.0	0.2537313432835821	5.0	0.03731343283582089	0.0	0.0	295.0	427.0	0.6908665105386417	39.0	0.291044776119403	134.0	1.0	1.0	0.0	0.0	0.0	1.0	0.0	0.0	0.0	0.0	0.0	0.0	0.0	0.0	0.0	0.0	0.0	0.0	0.0	0.0	0.0	0.0	0.0	2.0	2018.0	"PEL"	0.6908665105386417	39.0	0.291044776119403
"PEL66"	1.0	1.0	0.0	0.0	1.0	3.0	38.0	0.043	1.0	0.0	0.0	0.0	0.3333333333333333	0.0	0.3333333333333333	0.0	0.3333333333333333	0.0	0.0	0.0	0.0	1.0	0.6666666666666666	1.0	0.6666666666666666	0.0	0.0	1.0	0.6666666666666666	0.0	0.0	1.0	0.3333333333333333	1.0	0.3333333333333333	0.0	0.0	0.0	0.0	0.0	0.0	1.0	1.0	0.0	0.3333333333333333	0.0	0.0	122.0	0.5104602510460251	107.0	0.4476987447698745	8.0	0.03347280334728033	2.0	0.008368200836820083	96.0	302.0	0.31788079470198677	115.0	0.4811715481171548	239.0	1.0	0.0	0.0	0.0	1.0	1.0	1.0	1.0	1.0	0.0	0.0	1.0	0.0	1.0	1.0	0.0	0.0	1.0	1.0	1.0	0.0	1.0	0.0	3.0	2018.0	"PEL"	0.31788079470198677	117.0	0.4895397489539749
"PEL67"	0.0	1.0	0.0	0.0	1.0	4.0	55.0	0.07200000000000001	3.0	0.0	0.25	0.0	0.5	0.0	0.0	1.0	0.5	0.0	0.0	0.0	0.0	0.0	0.25	0.0	0.25	0.0	0.0	1.0	0.5	1.0	0.75	1.0	0.25	1.0	0.25	1.0	0.25	0.0	0.0	0.0	0.0	1.0	0.75	0.0	0.0	0.0	0.0	91.0	0.4595959595959596	105.0	0.5303030303030303	2.0	0.010101010101010102	0.0	0.0	48.0	250.0	0.192	107.0	0.5404040404040404	198.0	0.0	1.0	0.0	0.0	1.0	1.0	0.0	0.0	1.0	0.0	0.0	1.0	0.0	0.0	0.0	0.0	0.0	0.0	0.0	0.0	0.0	1.0	1.0	3.0	2018.0	"PEL"	0.192	107.0	0.5404040404040404
"PEL69"	1.0	1.0	0.0	0.0	1.0	2.0	49.0	0.043	3.0	0.0	0.5	0.0	0.5	1.0	0.5	1.0	0.5	0.0	0.0	0.0	0.0	1.0	0.5	0.0	0.0	0.0	0.0	1.0	0.5	0.0	0.0	1.0	0.5	1.0	0.5	0.0	0.0	0.0	0.0	0.0	0.0	1.0	1.0	1.0	0.5	0.0	0.0	94.0	0.46534653465346537	99.0	0.4900990099009901	8.0	0.039603960396039604	1.0	0.0049504950495049506	166.0	361.0	0.4598337950138504	107.0	0.5297029702970297	202.0	1.0	0.0	0.0	1.0	0.0	1.0	1.0	0.0	1.0	0.0	0.0	1.0	0.0	0.0	0.0	0.0	0.0	1.0	1.0	0.0	0.0	1.0	1.0	3.0	2018.0	"PEL"	0.4598337950138504	108.0	0.5346534653465347
"PEL70"	0.0	1.0	0.0	0.0	1.0	4.0	50.0	0.068	3.0	0.0	0.5	0.0	0.75	1.0	0.5	1.0	0.5	0.0	0.0	0.0	0.0	1.0	0.75	0.0	0.25	0.0	0.0	1.0	0.5	0.0	0.0	1.0	0.25	1.0	0.25	1.0	0.25	0.0	0.0	0.0	0.0	1.0	0.75	1.0	1.0	0.0	0.0	83.0	0.14981949458483754	469.0	0.8465703971119134	2.0	0.0036101083032490976	0.0	0.0	71.0	304.0	0.23355263157894737	471.0	0.8501805054151624	554.0	1.0	1.0	0.0	0.0	1.0	1.0	1.0	1.0	0.0	0.0	0.0	1.0	0.0	0.0	0.0	0.0	0.0	0.0	0.0	0.0	0.0	0.0	0.0	3.0	2018.0	"PEL"	0.23355263157894737	471.0	0.8501805054151624
"PEL71"	0.0	1.0	0.0	0.0	0.0	3.0	55.0	0.107	4.0	0.0	0.6666666666666666	0.0	0.6666666666666666	0.0	0.3333333333333333	0.0	0.3333333333333333	0.0	0.0	0.0	0.3333333333333333	0.0	0.3333333333333333	0.0	0.0	0.0	0.0	0.0	0.3333333333333333	0.0	0.0	0.0	0.0	1.0	0.3333333333333333	0.0	0.0	0.0	0.0	0.0	0.0	0.0	0.3333333333333333	0.0	0.0	0.0	0.0	42.0	0.5915492957746479	22.0	0.30985915492957744	6.0	0.08450704225352113	1.0	0.014084507042253521	61.0	113.0	0.5398230088495575	28.0	0.39436619718309857	71.0	0.0	0.0	0.0	0.0	0.0	1.0	0.0	0.0	0.0	0.0	0.0	1.0	0.0	0.0	0.0	0.0	0.0	0.0	1.0	0.0	0.0	0.0	0.0	2.0	2018.0	"PEL"	0.5398230088495575	29.0	0.4084507042253521
"PEL72"	1.0	1.0	0.0	0.0	1.0	2.0	47.0	0.198	2.0	1.0	1.0	1.0	1.0	1.0	0.5	1.0	1.0	0.0	0.0	0.0	0.5	1.0	0.5	1.0	0.5	0.0	0.0	1.0	1.0	0.0	0.0	0.0	0.0	0.0	0.0	0.0	0.0	0.0	0.0	1.0	0.5	1.0	1.0	0.0	0.0	0.0	0.0	102.0	0.36428571428571427	166.0	0.5928571428571429	11.0	0.039285714285714285	1.0	0.0035714285714285713	45.0	507.0	0.08875739644970414	177.0	0.6321428571428571	280.0	1.0	1.0	0.0	1.0	1.0	1.0	1.0	1.0	0.0	0.0	0.0	0.0	0.0	1.0	1.0	0.0	0.0	1.0	1.0	1.0	0.0	0.0	1.0	4.0	2018.0	"PEL"	0.08875739644970414	178.0	0.6357142857142857
"PEL78"	0.0	1.0	0.0	0.0	0.0	1.0	40.0	0.113	2.0	1.0	1.0	1.0	1.0	1.0	1.0	1.0	1.0	0.0	0.0	0.0	0.0	1.0	1.0	1.0	1.0	0.0	0.0	1.0	1.0	0.0	0.0	0.0	0.0	1.0	1.0	0.0	0.0	0.0	0.0	0.0	0.0	1.0	1.0	0.0	0.0	0.0	0.0	38.0	0.29457364341085274	89.0	0.689922480620155	0.0	0.0	2.0	0.015503875968992248	233.0	336.0	0.6934523809523809	89.0	0.689922480620155	129.0	1.0	0.0	0.0	1.0	1.0	1.0	0.0	0.0	1.0	0.0	0.0	1.0	1.0	1.0	1.0	0.0	0.0	1.0	1.0	0.0	0.0	1.0	1.0	2.0	2018.0	"PEL"	0.6934523809523809	91.0	0.7054263565891473
"PEL79"	0.0	1.0	0.0	0.0	0.0	5.0	39.0	0.11800000000000001	2.0	0.0	0.6	1.0	1.0	0.0	0.4	1.0	0.8	0.0	0.0	0.0	0.0	0.0	0.4	0.0	0.4	0.0	0.0	0.0	0.4	0.0	0.0	1.0	0.2	1.0	0.2	0.0	0.0	0.0	0.0	0.0	0.0	1.0	0.8	0.0	0.0	0.0	0.0	157.0	0.5358361774744027	128.0	0.43686006825938567	8.0	0.027303754266211604	0.0	0.0	161.0	684.0	0.23538011695906433	136.0	0.4641638225255973	293.0	1.0	1.0	0.0	0.0	0.0	1.0	0.0	1.0	0.0	0.0	0.0	0.0	0.0	0.0	0.0	0.0	0.0	0.0	0.0	0.0	0.0	0.0	0.0	2.0	2018.0	"PEL"	0.23538011695906433	136.0	0.4641638225255973
"PEL8"	1.0	1.0	0.0	0.0	1.0	4.0	41.0	0.095	2.0	0.0	0.5	1.0	1.0	1.0	0.5	1.0	0.5	0.0	0.0	0.0	0.0	0.0	0.25	0.0	0.25	0.0	0.0	1.0	0.5	0.0	0.0	1.0	0.25	1.0	0.25	1.0	0.5	0.0	0.0	0.0	0.0	1.0	0.75	1.0	1.0	0.0	0.0	209.0	0.2956152758132956	493.0	0.6973125884016973	4.0	0.005657708628005658	1.0	0.0014144271570014145	96.0	933.0	0.10289389067524116	497.0	0.7029702970297029	707.0	1.0	1.0	0.0	1.0	1.0	1.0	1.0	0.0	1.0	0.0	1.0	1.0	1.0	0.0	0.0	0.0	0.0	1.0	1.0	1.0	1.0	0.0	0.0	3.0	2018.0	"PEL"	0.10289389067524116	498.0	0.7043847241867044
"PEL80"	1.0	1.0	0.0	0.0	0.0	7.0	36.0	0.08199999999999999	2.0	0.0	0.7142857142857143	1.0	1.0	0.0	0.2857142857142857	0.0	0.42857142857142855	1.0	0.8571428571428571	1.0	1.0	0.0	0.2857142857142857	0.0	0.2857142857142857	0.0	0.0	0.0	0.42857142857142855	1.0	0.14285714285714285	1.0	0.14285714285714285	1.0	0.14285714285714285	0.0	0.0	0.0	0.0	1.0	0.2857142857142857	1.0	0.5714285714285714	1.0	1.0	1.0	1.0	110.0	0.3728813559322034	182.0	0.6169491525423729	0.0	0.0	3.0	0.010169491525423728	97.0	489.0	0.1983640081799591	182.0	0.6169491525423729	295.0	0.0	1.0	0.0	0.0	1.0	0.0	0.0	0.0	0.0	0.0	0.0	0.0	0.0	0.0	0.0	0.0	0.0	0.0	0.0	0.0	0.0	0.0	0.0	3.0	2018.0	"PEL"	0.1983640081799591	185.0	0.6271186440677966
"PEL82"	0.0	1.0	0.0	0.0	1.0	3.0	42.0	0.057	1.0	0.0	0.3333333333333333	1.0	1.0	0.0	0.3333333333333333	0.0	0.3333333333333333	0.0	0.0	0.0	0.0	0.0	0.3333333333333333	0.0	0.3333333333333333	0.0	0.0	0.0	0.3333333333333333	0.0	0.0	1.0	0.3333333333333333	1.0	0.3333333333333333	0.0	0.0	0.0	0.0	0.0	0.0	0.0	0.3333333333333333	0.0	0.0	0.0	0.0	140.0	0.3645833333333333	223.0	0.5807291666666666	18.0	0.046875	3.0	0.0078125	61.0	495.0	0.12323232323232323	241.0	0.6276041666666666	384.0	1.0	1.0	0.0	0.0	1.0	0.0	0.0	1.0	1.0	0.0	0.0	1.0	1.0	0.0	0.0	0.0	0.0	1.0	1.0	0.0	0.0	0.0	0.0	2.0	2018.0	"PEL"	0.12323232323232323	244.0	0.6354166666666666
"PEL84"	1.0	1.0	0.0	1.0	1.0	4.0	52.0	0.078	3.0	0.0	0.75	1.0	1.0	0.0	0.25	0.0	0.25	0.0	0.25	0.0	0.5	0.0	0.25	0.0	0.25	0.0	0.0	0.0	0.25	0.0	0.0	1.0	0.25	1.0	0.25	1.0	0.25	0.0	0.0	0.0	0.0	1.0	0.5	0.0	0.0	1.0	0.25	143.0	0.46579804560260585	154.0	0.501628664495114	9.0	0.029315960912052116	1.0	0.003257328990228013	153.0	495.0	0.3090909090909091	163.0	0.5309446254071661	307.0	0.0	0.0	0.0	1.0	1.0	1.0	0.0	0.0	0.0	0.0	0.0	1.0	0.0	0.0	0.0	0.0	0.0	1.0	1.0	1.0	0.0	1.0	1.0	2.0	2018.0	"PEL"	0.3090909090909091	164.0	0.5342019543973942
"PEL87"	1.0	1.0	0.0	1.0	1.0	4.0	52.0	0.095	4.0	0.0	0.75	0.0	0.75	1.0	0.75	1.0	1.0	0.0	0.0	0.0	0.0	1.0	0.75	1.0	0.75	0.0	0.0	1.0	0.5	0.0	0.0	0.0	0.0	0.0	0.0	1.0	0.25	0.0	0.0	1.0	0.25	0.0	0.25	1.0	1.0	1.0	1.0	20.0	0.136986301369863	108.0	0.7397260273972602	16.0	0.1095890410958904	2.0	0.0136986301369863	46.0	279.0	0.16487455197132617	124.0	0.8493150684931506	146.0	0.0	1.0	0.0	0.0	0.0	1.0	0.0	0.0	1.0	0.0	0.0	1.0	0.0	0.0	0.0	0.0	0.0	0.0	0.0	0.0	0.0	0.0	0.0	3.0	2018.0	"PEL"	0.16487455197132617	126.0	0.863013698630137
"PEL88"	0.0	1.0	0.0	0.0	1.0	3.0	35.0	0.022000000000000002	1.0	0.0	0.0	0.0	0.6666666666666666	0.0	0.3333333333333333	0.0	0.3333333333333333	0.0	0.0	0.0	0.0	0.0	0.3333333333333333	0.0	0.3333333333333333	0.0	0.0	0.0	0.3333333333333333	0.0	0.0	0.0	0.0	0.0	0.0	0.0	0.0	0.0	0.0	0.0	0.0	1.0	0.6666666666666666	0.0	0.0	0.0	0.0	41.0	0.41414141414141414	45.0	0.45454545454545453	8.0	0.08080808080808081	5.0	0.050505050505050504	341.0	441.0	0.7732426303854876	53.0	0.5353535353535354	99.0	0.0	0.0	1.0	0.0	1.0	0.0	0.0	0.0	0.0	0.0	0.0	1.0	0.0	0.0	0.0	0.0	0.0	1.0	1.0	0.0	0.0	0.0	0.0	3.0	2018.0	"PEL"	0.7732426303854876	58.0	0.5858585858585859
"SUR101"	0.0	1.0	0.0	0.0	1.0	4.0	58.0	0.175		0.0	1.0	1.0	1.0	1.0	0.75	1.0	1.0	0.0	0.25	0.0	0.25	1.0	0.75	1.0	0.5	1.0	0.5	1.0	1.0	0.0	0.0	1.0	0.75	0.0	0.0	1.0	0.5	0.0	0.0	1.0	0.5	1.0	0.5	0.0	0.0	1.0	0.25	92.0	0.42990654205607476	121.0	0.5654205607476636	0.0	0.0	1.0	0.004672897196261682	0.0	428.0	0.0	121.0	0.5654205607476636	214.0	0.0	1.0	0.0	0.0	0.0	1.0	0.0	1.0	1.0	0.0	0.0	0.0	0.0	0.0	0.0	0.0	0.0	0.0	0.0	0.0	0.0	0.0	1.0	3.0	2019.0	"SUR"	0.0	122.0	0.5700934579439252
"SUR102"	0.0	1.0	1.0	0.0	1.0	4.0	50.0	0.066		0.0	0.75	0.0	0.75	0.0	0.25	0.0	1.0	1.0	0.75	1.0	1.0	0.0	0.25	0.0	0.25	0.0	0.25	0.0	0.25	0.0	0.0	1.0	0.25	1.0	0.25	1.0	0.5	0.0	0.0	0.0	0.0	1.0	0.5	0.0	0.25	1.0	0.25	134.0	0.5296442687747036	101.0	0.39920948616600793	15.0	0.05928853754940711	3.0	0.011857707509881422	0.0	310.0	0.0	116.0	0.45849802371541504	253.0	1.0	1.0	0.0	1.0	1.0	1.0	0.0	1.0	0.0	0.0	0.0	1.0	0.0	0.0	0.0	0.0	0.0	1.0	1.0	0.0	0.0	1.0	1.0	2.0	2019.0	"SUR"	0.0	119.0	0.47035573122529645
"SUR105"	0.0	1.0	0.0	1.0	1.0	6.0	56.0	0.044000000000000004		0.0	0.6666666666666665	0.0	0.6666666666666665	1.0	0.6666666666666665	1.0	1.0	0.0	0.33333333333333326	0.0	0.5	1.0	0.5	0.0	0.33333333333333326	0.0	0.33333333333333326	0.0	0.33333333333333326	0.0	0.0	1.0	0.16666666666666663	0.0	0.0	0.0	0.16666666666666663	0.0	0.0	0.0	0.16666666666666663	0.0	0.16666666666666663	0.0	0.16666666666666663	1.0	0.16666666666666663	139.0	0.4793103448275862	137.0	0.4724137931034483	4.0	0.013793103448275862	10.0	0.034482758620689655	0.0	455.0	0.0	141.0	0.4862068965517241	290.0	1.0	0.0	0.0	0.0	1.0	1.0	1.0	0.0	0.0	0.0	0.0	0.0	0.0	0.0	0.0	0.0	0.0	1.0	1.0	0.0	0.0	0.0	0.0	2.0	2019.0	"SUR"	0.0	151.0	0.5206896551724138
"SUR106"	1.0	1.0	0.0	1.0	1.0	5.0	33.0	0.1		0.0	0.8	0.0	0.8	0.0	0.2	0.0	1.0	0.0	0.2	0.0	0.4	1.0	0.6	1.0	0.6	1.0	0.6	1.0	0.8	0.0	0.0	1.0	0.4	0.0	0.0	1.0	0.8	0.0	0.0	0.0	0.0	1.0	0.6	0.0	0.2	0.0	0.0	75.0	0.30991735537190085	166.0	0.6859504132231405	1.0	0.004132231404958678	0.0	0.0	0.0	521.0	0.0	167.0	0.6900826446280992	242.0	1.0	1.0	0.0	1.0	1.0	1.0	0.0	0.0	0.0	0.0	0.0	1.0	0.0	0.0	0.0	0.0	0.0	1.0	1.0	0.0	0.0	0.0	0.0	3.0	2019.0	"SUR"	0.0	167.0	0.6900826446280992
"SUR107"	0.0	1.0	0.0	0.0	1.0	7.0	17.0	0.128		0.0	0.7142857142857143	0.0	0.7142857142857143	1.0	0.7142857142857143	1.0	1.0	1.0	1.0	1.0	1.0	1.0	0.7142857142857143	1.0	0.42857142857142855	1.0	0.42857142857142855	1.0	0.7142857142857143	0.0	0.0	1.0	0.2857142857142857	1.0	0.2857142857142857	1.0	0.7142857142857143	0.0	0.0	0.0	0.0	0.0	0.2857142857142857	1.0	0.42857142857142855	1.0	0.2857142857142857	265.0	0.6432038834951457	94.0	0.22815533980582525	40.0	0.0970873786407767	13.0	0.03155339805825243	0.0	349.0	0.0	134.0	0.32524271844660196	412.0	3.0	0.0	0.0	1.0	1.0	1.0	0.0	0.0	3.0	0.0	0.0	1.0	0.0	0.0	0.0	0.0	0.0	3.0	1.0	0.0	0.0	0.0	1.0	1.0	2019.0	"SUR"	0.0	147.0	0.3567961165048544
"SUR108"	1.0	1.0	0.0	0.0	1.0	3.0	45.0	0.165		0.0	0.6666666666666665	0.0	0.6666666666666665	1.0	1.0	1.0	1.0	1.0	0.6666666666666665	1.0	1.0	0.0	0.33333333333333326	0.0	0.33333333333333326	0.0	0.33333333333333326	1.0	0.6666666666666665	0.0	0.0	1.0	0.6666666666666665	0.0	0.0	1.0	0.33333333333333326	0.0	0.0	0.0	0.0	1.0	1.0	0.0	0.33333333333333326	1.0	0.33333333333333326	65.0	0.3385416666666667	126.0	0.65625	0.0	0.0	1.0	0.005208333333333333	0.0	416.0	0.0	126.0	0.65625	192.0	1.0	1.0	0.0	0.0	1.0	1.0	0.0	0.0	0.0	0.0	0.0	1.0	1.0	0.0	0.0	0.0	0.0	0.0	0.0	0.0	0.0	0.0	0.0	3.0	2019.0	"SUR"	0.0	127.0	0.6614583333333334
"SUR109"	0.0	1.0	0.0	0.0	1.0	2.0	50.0	0.136		0.0	0.5	0.0	0.5	1.0	0.5	1.0	1.0	1.0	0.5	0.0	0.5	1.0	0.5	1.0	0.5	1.0	0.5	1.0	0.5	0.0	0.0	1.0	0.5	0.0	0.0	1.0	0.5	0.0	0.0	0.0	0.0	1.0	0.5	0.0	0.0	1.0	0.5	126.0	0.6395939086294417	64.0	0.3248730964467005	5.0	0.025380710659898477	2.0	0.01015228426395939	0.0	328.0	0.0	69.0	0.350253807106599	197.0	1.0	0.0	0.0	1.0	1.0	1.0	1.0	1.0	0.0	0.0	0.0	1.0	0.0	0.0	0.0	0.0	0.0	1.0	1.0	0.0	0.0	0.0	0.0	2.0	2019.0	"SUR"	0.0	71.0	0.3604060913705584
"SUR11"	0.0	1.0	0.0	0.0	1.0	2.0	16.0	0.075		0.0	0.5	0.0	0.5	1.0	0.5	1.0	1.0	1.0	0.5	1.0	1.0	1.0	0.5	0.0	0.0	0.0	0.0	1.0	0.5	1.0	0.5	1.0	0.5	0.0	0.0	0.0	0.0	0.0	0.0	1.0	0.5	1.0	0.5	0.0	0.0	0.0	0.0	96.0	0.7804878048780488	27.0	0.21951219512195122	0.0	0.0	0.0	0.0	0.0	223.0	0.0	27.0	0.21951219512195122	123.0	1.0	1.0	0.0	1.0	1.0	1.0	0.0	0.0	1.0	1.0	0.0	0.0	0.0	0.0	0.0	0.0	0.0	1.0	1.0	0.0	0.0	0.0	0.0	1.0	2019.0	"SUR"	0.0	27.0	0.21951219512195122
"SUR113"	0.0	1.0	0.0	0.0	1.0	7.0	38.0	0.128		0.0	0.5714285714285714	0.0	0.5714285714285714	0.0	0.2857142857142857	1.0	1.0	1.0	0.5714285714285714	0.0	0.7142857142857143	0.0	0.14285714285714285	0.0	0.14285714285714285	0.0	0.14285714285714285	0.0	0.14285714285714285	0.0	0.0	1.0	0.14285714285714285	0.0	0.0	0.0	0.14285714285714285	0.0	0.0	0.0	0.0	0.0	0.14285714285714285	1.0	0.5714285714285714	1.0	0.2857142857142857	140.0	0.5072463768115942	134.0	0.4855072463768116	2.0	0.007246376811594203	0.0	0.0	0.0	525.0	0.0	136.0	0.4927536231884058	276.0	1.0	1.0	0.0	1.0	1.0	1.0	0.0	1.0	0.0	1.0	0.0	1.0	0.0	0.0	0.0	0.0	0.0	0.0	1.0	0.0	0.0	0.0	1.0	2.0	2019.0	"SUR"	0.0	136.0	0.4927536231884058
"SUR115"	1.0	1.0	0.0	1.0	1.0	4.0	69.0	0.207		0.0	1.0	1.0	1.0	1.0	0.5	1.0	1.0	0.0	0.0	0.0	0.25	1.0	1.0	1.0	0.5	1.0	0.5	1.0	0.75	0.0	0.0	1.0	0.75	1.0	0.25	1.0	0.25	0.0	0.0	0.0	0.0	1.0	0.5	1.0	0.75	1.0	0.75	101.0	0.4950980392156863	94.0	0.46078431372549017	6.0	0.029411764705882353	3.0	0.014705882352941176	0.0	374.0	0.0	100.0	0.49019607843137253	204.0	0.0	1.0	0.0	1.0	0.0	1.0	0.0	1.0	0.0	0.0	0.0	0.0	0.0	0.0	0.0	0.0	0.0	0.0	0.0	0.0	1.0	0.0	1.0	3.0	2019.0	"SUR"	0.0	103.0	0.5049019607843137
"SUR116"	1.0	1.0	0.0	0.0	0.0	4.0	75.0	0.322		0.0	1.0	1.0	1.0	1.0	1.0	1.0	1.0	0.0	0.0	0.0	0.0	1.0	1.0	1.0	0.75	1.0	0.75	1.0	1.0	0.0	0.0	1.0	0.5	0.0	0.0	1.0	0.5	1.0	0.25	1.0	1.0	1.0	1.0	1.0	0.75	1.0	1.0	132.0	0.2129032258064516	481.0	0.7758064516129032	3.0	0.004838709677419355	4.0	0.0064516129032258064	0.0	575.0	0.0	484.0	0.7806451612903226	620.0	3.0	1.0	0.0	1.0	3.0	3.0	0.0	1.0	1.0	0.0	0.0	3.0	1.0	0.0	0.0	0.0	0.0	3.0	3.0	1.0	1.0	3.0	3.0	4.0	2019.0	"SUR"	0.0	488.0	0.7870967741935484
"SUR117"	0.0	1.0	0.0	0.0	1.0	4.0	68.0	0.163		1.0	1.0	1.0	1.0	1.0	0.5	1.0	1.0	0.0	0.25	0.0	0.25	1.0	0.5	0.0	0.25	0.0	0.25	1.0	1.0	1.0	0.25	1.0	0.25	0.0	0.0	1.0	0.75	0.0	0.0	1.0	0.5	0.0	0.25	0.0	0.25	1.0	0.5	42.0	0.2441860465116279	130.0	0.7558139534883721	0.0	0.0	0.0	0.0	0.0	288.0	0.0	130.0	0.7558139534883721	172.0	0.0	0.0	0.0	1.0	1.0	1.0	1.0	1.0	0.0	0.0	0.0	1.0	0.0	0.0	0.0	0.0	0.0	1.0	1.0	0.0	0.0	1.0	1.0	3.0	2019.0	"SUR"	0.0	130.0	0.7558139534883721
"SUR118"	1.0	1.0	0.0	0.0	1.0	4.0	58.0	0.08		0.0	1.0	1.0	1.0	1.0	0.5	1.0	1.0	1.0	0.75	0.0	0.75	1.0	0.5	1.0	0.5	1.0	0.5	1.0	0.75	0.0	0.0	1.0	0.25	0.0	0.0	1.0	0.25	0.0	0.0	1.0	0.25	1.0	0.5	1.0	1.0	0.0	0.0	117.0	0.5154185022026432	102.0	0.44933920704845814	6.0	0.02643171806167401	2.0	0.00881057268722467	0.0	364.0	0.0	108.0	0.47577092511013214	227.0	1.0	1.0	0.0	1.0	1.0	1.0	1.0	1.0	1.0	0.0	0.0	0.0	0.0	0.0	0.0	0.0	0.0	1.0	1.0	0.0	0.0	1.0	1.0	2.0	2019.0	"SUR"	0.0	110.0	0.4845814977973568
"SUR119"	0.0	1.0	0.0	1.0	1.0	4.0	65.0	0.228		0.0	1.0	1.0	1.0	0.0	0.25	1.0	1.0	0.0	0.0	0.0	0.5	1.0	0.75	1.0	0.75	1.0	0.75	1.0	1.0	0.0	0.0	1.0	0.5	0.0	0.0	1.0	0.5	0.0	0.0	0.0	0.0	1.0	0.75	1.0	1.0	0.0	0.0	171.0	0.5856164383561644	104.0	0.3561643835616438	12.0	0.0410958904109589	5.0	0.017123287671232876	0.0	461.0	0.0	116.0	0.3972602739726027	292.0	1.0	0.0	0.0	0.0	1.0	1.0	0.0	0.0	0.0	0.0	0.0	1.0	0.0	0.0	0.0	0.0	0.0	1.0	1.0	0.0	0.0	1.0	1.0	2.0	2019.0	"SUR"	0.0	121.0	0.4143835616438356
"SUR12"	0.0	1.0	0.0	1.0	1.0	4.0	39.0	0.040999999999999995		0.0	1.0	1.0	1.0	1.0	0.75	1.0	1.0	0.0	0.0	0.0	0.0	1.0	0.5	1.0	0.5	1.0	0.5	1.0	0.5	0.0	0.0	1.0	0.25	0.0	0.0	1.0	0.5	0.0	0.0	0.0	0.0	1.0	0.5	1.0	0.5	1.0	0.5	148.0	0.4868421052631579	152.0	0.5	2.0	0.006578947368421052	2.0	0.006578947368421052	0.0	551.0	0.0	154.0	0.506578947368421	304.0	1.0	1.0	1.0	1.0	1.0	1.0	0.0	0.0	1.0	0.0	0.0	1.0	1.0	0.0	0.0	0.0	0.0	0.0	1.0	0.0	0.0	0.0	1.0	2.0	2019.0	"SUR"	0.0	156.0	0.5131578947368421
"SUR120"	0.0	1.0	0.0	0.0	1.0	4.0	40.0	0.138		0.0	0.75	0.0	0.75	0.0	0.0	1.0	1.0	1.0	0.5	0.0	0.5	1.0	0.5	1.0	0.5	1.0	0.5	1.0	0.5	0.0	0.0	1.0	0.5	0.0	0.0	0.0	0.0	1.0	0.25	1.0	0.75	1.0	0.5	1.0	0.75	0.0	0.0	61.0	0.5	61.0	0.5	0.0	0.0	0.0	0.0	0.0	172.0	0.0	61.0	0.5	122.0	0.0	0.0	0.0	1.0	1.0	1.0	0.0	0.0	1.0	0.0	0.0	1.0	0.0	0.0	0.0	0.0	0.0	1.0	1.0	0.0	0.0	1.0	1.0	2.0	2019.0	"SUR"	0.0	61.0	0.5
"SUR121"	0.0	1.0	1.0	0.0	1.0	4.0	49.0	0.067		0.0	1.0	1.0	1.0	0.0	0.25	1.0	1.0	1.0	1.0	1.0	1.0	0.0	0.25	0.0	0.25	0.0	0.25	0.0	0.25	0.0	0.0	1.0	0.25	0.0	0.0	1.0	0.5	0.0	0.0	0.0	0.0	1.0	0.5	1.0	0.5	0.0	0.0	110.0	0.3900709219858156	172.0	0.6099290780141844	0.0	0.0	0.0	0.0	0.0	380.0	0.0	172.0	0.6099290780141844	282.0	0.0	0.0	0.0	0.0	1.0	0.0	0.0	0.0	0.0	0.0	0.0	0.0	0.0	0.0	0.0	0.0	0.0	1.0	1.0	0.0	0.0	0.0	0.0	3.0	2019.0	"SUR"	0.0	172.0	0.6099290780141844
"SUR123"	0.0	1.0	1.0	0.0	1.0	4.0	50.0	0.122		0.0	1.0	1.0	1.0	0.0	0.25	1.0	1.0	1.0	0.5	0.0	0.5	0.0	0.25	0.0	0.25	0.0	0.25	0.0	0.25	0.0	0.0	1.0	0.25	0.0	0.0	0.0	0.0	0.0	0.0	1.0	0.5	1.0	0.75	1.0	0.5	0.0	0.0	141.0	0.40285714285714286	209.0	0.5971428571428572	0.0	0.0	0.0	0.0	0.0	482.0	0.0	209.0	0.5971428571428572	350.0	0.0	1.0	1.0	1.0	1.0	1.0	0.0	0.0	1.0	1.0	1.0	1.0	1.0	0.0	0.0	0.0	0.0	1.0	1.0	1.0	1.0	1.0	1.0	3.0	2019.0	"SUR"	0.0	209.0	0.5971428571428572
"SUR125"	0.0	1.0	0.0	0.0	1.0	3.0	61.0	0.142		0.0	1.0	1.0	1.0	1.0	1.0	1.0	1.0	0.0	0.33333333333333326	0.0	0.6666666666666665	0.0	0.33333333333333326	0.0	0.33333333333333326	0.0	0.33333333333333326	0.0	0.33333333333333326	0.0	0.0	1.0	0.6666666666666665	0.0	0.0	1.0	0.33333333333333326	0.0	0.0	1.0	0.33333333333333326	1.0	0.6666666666666665	0.0	0.0	1.0	0.33333333333333326	90.0	0.4411764705882353	113.0	0.553921568627451	1.0	0.004901960784313725	0.0	0.0	0.0	398.0	0.0	114.0	0.5588235294117647	204.0	1.0	0.0	0.0	1.0	1.0	1.0	0.0	0.0	0.0	0.0	0.0	0.0	0.0	0.0	0.0	0.0	0.0	1.0	1.0	0.0	0.0	0.0	0.0	3.0	2019.0	"SUR"	0.0	114.0	0.5588235294117647
"SUR127"	1.0	1.0	0.0	0.0	1.0	8.0	43.0	0.125		0.0	0.375	0.0	0.375	0.0	0.25	1.0	1.0	0.0	0.375	0.0	0.5	0.0	0.25	0.0	0.25	0.0	0.25	0.0	0.125	0.0	0.0	1.0	0.125	0.0	0.0	0.0	0.125	0.0	0.0	0.0	0.0	0.0	0.25	0.0	0.25	0.0	0.0	199.0	0.5734870317002881	147.0	0.42363112391930835	1.0	0.002881844380403458	0.0	0.0	0.0	359.0	0.0	148.0	0.4265129682997118	347.0	1.0	1.0	0.0	0.0	0.0	1.0	0.0	1.0	0.0	0.0	1.0	0.0	0.0	0.0	0.0	0.0	0.0	0.0	1.0	1.0	0.0	0.0	0.0	2.0	2019.0	"SUR"	0.0	148.0	0.4265129682997118
"SUR128"	0.0	1.0	0.0	0.0	1.0	4.0	51.0	0.039		0.0	1.0	1.0	1.0	1.0	0.75	1.0	1.0	0.0	0.0	0.0	0.0	1.0	0.5	1.0	0.5	1.0	0.5	0.0	0.25	0.0	0.0	1.0	0.25	0.0	0.0	1.0	0.5	0.0	0.0	0.0	0.0	0.0	0.25	1.0	0.5	0.0	0.0	121.0	0.5062761506276151	118.0	0.49372384937238495	0.0	0.0	0.0	0.0	0.0	511.0	0.0	118.0	0.49372384937238495	239.0	0.0	0.0	0.0	1.0	1.0	0.0	0.0	0.0	1.0	0.0	0.0	1.0	0.0	0.0	0.0	0.0	0.0	1.0	1.0	0.0	1.0	0.0	0.0	2.0	2019.0	"SUR"	0.0	118.0	0.49372384937238495
"SUR129"	0.0	1.0	0.0	0.0	1.0	2.0	71.0	0.11199999999999999		0.0	1.0	1.0	1.0	1.0	0.5	1.0	1.0	1.0	0.5	0.0	0.5	1.0	0.5	1.0	0.5	1.0	0.5	1.0	0.5	0.0	0.0	1.0	0.5	0.0	0.0	0.0	0.0	0.0	0.0	0.0	0.0	1.0	0.5	1.0	0.5	0.0	0.0	89.0	0.326007326007326	184.0	0.673992673992674	0.0	0.0	0.0	0.0	0.0	396.0	0.0	184.0	0.673992673992674	273.0	1.0	1.0	0.0	1.0	0.0	1.0	0.0	1.0	1.0	0.0	0.0	1.0	1.0	0.0	0.0	0.0	0.0	1.0	1.0	0.0	0.0	1.0	1.0	3.0	2019.0	"SUR"	0.0	184.0	0.673992673992674
"SUR13"	0.0	1.0	0.0	0.0	1.0	4.0	54.0	0.071		0.0	0.5	0.0	0.5	1.0	1.0	1.0	1.0	0.0	0.25	0.0	0.25	1.0	0.5	1.0	0.5	1.0	0.5	1.0	0.5	0.0	0.0	1.0	0.25	0.0	0.0	0.0	0.0	0.0	0.0	0.0	0.0	1.0	0.75	1.0	0.75	1.0	0.25	119.0	0.40476190476190477	170.0	0.5782312925170068	3.0	0.01020408163265306	2.0	0.006802721088435374	0.0	406.0	0.0	173.0	0.5884353741496599	294.0	1.0	1.0	0.0	1.0	0.0	1.0	0.0	0.0	0.0	0.0	0.0	1.0	1.0	0.0	0.0	0.0	0.0	1.0	1.0	0.0	0.0	0.0	0.0	2.0	2019.0	"SUR"	0.0	175.0	0.5952380952380952
"SUR130"	0.0	1.0	0.0	1.0	1.0	3.0	76.0	0.16899999999999998		0.0	1.0	1.0	1.0	1.0	1.0	1.0	1.0	0.0	0.0	0.0	0.6666666666666665	1.0	0.6666666666666665	1.0	0.6666666666666665	1.0	0.6666666666666665	0.0	0.33333333333333326	0.0	0.0	1.0	0.6666666666666665	0.0	0.0	1.0	0.33333333333333326	0.0	0.0	1.0	1.0	1.0	0.6666666666666665	1.0	0.6666666666666665	1.0	0.33333333333333326	132.0	0.5	128.0	0.48484848484848486	3.0	0.011363636363636364	1.0	0.003787878787878788	0.0	373.0	0.0	131.0	0.4962121212121212	264.0	1.0	0.0	0.0	1.0	1.0	0.0	1.0	0.0	1.0	0.0	0.0	1.0	0.0	0.0	0.0	0.0	0.0	1.0	1.0	0.0	0.0	0.0	0.0	3.0	2019.0	"SUR"	0.0	132.0	0.5
"SUR131"	0.0	1.0	1.0	0.0	1.0	4.0	59.0	0.039		0.0	0.75	0.0	0.75	0.0	0.25	0.0	1.0	1.0	1.0	1.0	1.0	1.0	0.5	1.0	0.5	1.0	0.5	1.0	0.5	0.0	0.0	1.0	0.25	1.0	0.25	1.0	0.25	0.0	0.0	1.0	0.5	1.0	0.5	1.0	0.5	0.0	0.0	139.0	0.6780487804878049	66.0	0.32195121951219513	0.0	0.0	0.0	0.0	0.0	268.0	0.0	66.0	0.32195121951219513	205.0	0.0	0.0	0.0	0.0	1.0	1.0	0.0	0.0	0.0	0.0	0.0	0.0	0.0	0.0	0.0	0.0	0.0	0.0	0.0	0.0	0.0	0.0	0.0	3.0	2019.0	"SUR"	0.0	66.0	0.32195121951219513
"SUR132"	0.0	1.0	0.0	1.0	1.0	4.0	45.0	0.08199999999999999		0.0	0.75	0.0	0.75	0.0	0.25	1.0	1.0	0.0	0.0	0.0	0.25	1.0	0.75	1.0	0.5	1.0	0.5	1.0	0.5	0.0	0.0	1.0	0.75	0.0	0.0	0.0	0.0	0.0	0.0	1.0	0.25	1.0	0.75	1.0	0.5	0.0	0.0	93.0	0.5224719101123596	83.0	0.46629213483146065	2.0	0.011235955056179775	0.0	0.0	0.0	374.0	0.0	85.0	0.47752808988764045	178.0	0.0	0.0	0.0	1.0	1.0	1.0	0.0	0.0	1.0	0.0	0.0	1.0	1.0	0.0	0.0	0.0	0.0	1.0	1.0	0.0	0.0	1.0	0.0	3.0	2019.0	"SUR"	0.0	85.0	0.47752808988764045
"SUR133"	1.0	1.0	0.0	1.0	1.0	4.0	24.0	0.11		0.0	0.5	0.0	0.5	0.0	0.25	1.0	1.0	1.0	0.75	0.0	0.75	0.0	0.25	0.0	0.25	0.0	0.25	1.0	0.5	0.0	0.0	0.0	0.0	0.0	0.0	1.0	0.25	0.0	0.0	0.0	0.0	0.0	0.25	0.0	0.25	1.0	0.25	121.0	0.5931372549019608	78.0	0.38235294117647056	3.0	0.014705882352941176	2.0	0.00980392156862745	0.0	343.0	0.0	81.0	0.39705882352941174	204.0	0.0	1.0	0.0	1.0	1.0	1.0	0.0	0.0	1.0	0.0	0.0	1.0	1.0	0.0	0.0	0.0	0.0	1.0	1.0	0.0	1.0	0.0	0.0	2.0	2019.0	"SUR"	0.0	83.0	0.4068627450980392
"SUR136"	0.0	1.0	0.0	1.0	1.0	4.0	21.0	0.08900000000000001		0.0	1.0	1.0	1.0	1.0	0.5	1.0	1.0	0.0	0.25	0.0	0.75	0.0	0.25	0.0	0.25	0.0	0.25	0.0	0.25	0.0	0.0	1.0	0.5	0.0	0.0	1.0	0.75	0.0	0.0	1.0	0.25	1.0	0.5	1.0	0.5	0.0	0.0	116.0	0.5248868778280543	100.0	0.45248868778280543	5.0	0.02262443438914027	0.0	0.0	0.0	268.0	0.0	105.0	0.4751131221719457	221.0	1.0	0.0	0.0	0.0	1.0	1.0	0.0	0.0	1.0	1.0	1.0	1.0	0.0	1.0	0.0	0.0	0.0	1.0	1.0	1.0	1.0	1.0	1.0	2.0	2019.0	"SUR"	0.0	105.0	0.4751131221719457
"SUR137"	0.0	1.0	0.0	0.0	1.0	3.0	29.0	0.049		0.0	1.0	1.0	1.0	0.0	0.33333333333333326	0.0	1.0	1.0	1.0	1.0	1.0	0.0	0.33333333333333326	0.0	0.33333333333333326	0.0	0.33333333333333326	0.0	0.33333333333333326	0.0	0.0	1.0	0.33333333333333326	0.0	0.0	0.0	0.0	0.0	0.0	0.0	0.0	0.0	0.33333333333333326	0.0	0.33333333333333326	0.0	0.0	115.0	0.5450236966824644	80.0	0.3791469194312796	7.0	0.03317535545023697	9.0	0.04265402843601896	0.0	348.0	0.0	87.0	0.41232227488151657	211.0	1.0	1.0	0.0	0.0	1.0	1.0	0.0	0.0	0.0	0.0	0.0	1.0	0.0	0.0	0.0	0.0	0.0	0.0	0.0	0.0	0.0	0.0	0.0	2.0	2019.0	"SUR"	0.0	96.0	0.4549763033175355
"SUR14"	0.0	1.0	0.0	0.0	1.0	4.0	90.0	0.098		0.0	1.0	1.0	1.0	1.0	0.5	1.0	1.0	0.0	0.0	0.0	0.0	0.0	0.25	0.0	0.25	0.0	0.25	1.0	1.0	0.0	0.0	1.0	0.25	0.0	0.0	0.0	0.0	0.0	0.0	0.0	0.0	1.0	0.5	0.0	0.0	1.0	0.25	134.0	0.4944649446494465	132.0	0.4870848708487085	3.0	0.01107011070110701	2.0	0.007380073800738007	0.0	476.0	0.0	135.0	0.4981549815498155	271.0	0.0	1.0	0.0	0.0	0.0	1.0	0.0	0.0	1.0	0.0	0.0	0.0	1.0	0.0	0.0	0.0	0.0	1.0	1.0	0.0	0.0	0.0	0.0	4.0	2019.0	"SUR"	0.0	137.0	0.5055350553505535
"SUR140"	0.0	1.0	1.0	0.0	1.0	4.0	17.0	0.064		0.0	0.5	0.0	0.5	0.0	0.0	1.0	1.0	1.0	0.5	0.0	0.5	0.0	0.25	0.0	0.25	0.0	0.25	0.0	0.25	0.0	0.0	1.0	0.25	1.0	0.25	0.0	0.0	0.0	0.0	1.0	0.25	0.0	0.25	0.0	0.25	0.0	0.0	107.0	0.5169082125603864	98.0	0.47342995169082125	2.0	0.00966183574879227	0.0	0.0	0.0	308.0	0.0	100.0	0.4830917874396135	207.0	0.0	0.0	0.0	0.0	1.0	1.0	1.0	0.0	1.0	0.0	0.0	0.0	0.0	0.0	0.0	0.0	0.0	1.0	1.0	1.0	0.0	0.0	1.0	2.0	2019.0	"SUR"	0.0	100.0	0.4830917874396135
"SUR141"	0.0	1.0	0.0	1.0	1.0	7.0	36.0	0.027000000000000003		0.0	0.7142857142857143	0.0	0.7142857142857143	1.0	0.7142857142857143	1.0	1.0	0.0	0.2857142857142857	0.0	0.2857142857142857	0.0	0.14285714285714285	0.0	0.14285714285714285	0.0	0.14285714285714285	0.0	0.14285714285714285	0.0	0.0	1.0	0.14285714285714285	0.0	0.0	1.0	0.2857142857142857	0.0	0.0	0.0	0.0	0.0	0.14285714285714285	0.0	0.42857142857142855	0.0	0.0	125.0	0.5707762557077626	87.0	0.3972602739726027	6.0	0.0273972602739726	1.0	0.0045662100456621	0.0	455.0	0.0	93.0	0.4246575342465753	219.0	0.0	1.0	1.0	1.0	0.0	1.0	0.0	0.0	0.0	0.0	0.0	1.0	0.0	0.0	0.0	0.0	0.0	0.0	0.0	0.0	0.0	0.0	0.0	2.0	2019.0	"SUR"	0.0	94.0	0.4292237442922374
"SUR143"	0.0	1.0	0.0	1.0	1.0	1.0	63.0	0.10099999999999999		0.0	0.6666666666666665	0.0	0.6666666666666665	0.0	0.33333333333333326	0.0	1.0	0.0	0.33333333333333326	0.0	0.6666666666666665	0.0	0.33333333333333326	0.0	0.33333333333333326	0.0	0.33333333333333326	0.0	0.33333333333333326	0.0	0.0	1.0	0.33333333333333326	0.0	0.0	1.0	0.6666666666666665	0.0	0.0	0.0	0.0	0.0	0.33333333333333326	0.0	0.33333333333333326	0.0	0.0	133.0	0.31002331002331	266.0	0.62004662004662	12.0	0.027972027972027972	18.0	0.04195804195804196	0.0	663.0	0.0	278.0	0.6480186480186481	429.0	1.0	1.0	1.0	1.0	1.0	1.0	0.0	1.0	1.0	0.0	0.0	0.0	0.0	0.0	0.0	0.0	0.0	1.0	1.0	0.0	0.0	0.0	1.0	3.0	2019.0	"SUR"	0.0	296.0	0.6899766899766899
"SUR144"	0.0	1.0	0.0	0.0	1.0	4.0	24.0	0.055		1.0	1.0	1.0	1.0	1.0	0.5	1.0	1.0	0.0	0.0	0.0	0.5	0.0	0.0	0.0	0.0	0.0	0.0	1.0	0.5	0.0	0.0	1.0	1.0	0.0	0.0	1.0	0.5	0.0	0.0	1.0	0.5	1.0	1.0	1.0	1.0	1.0	0.5	137.0	0.40175953079178883	194.0	0.5689149560117303	9.0	0.026392961876832845	1.0	0.002932551319648094	0.0	356.0	0.0	203.0	0.5953079178885631	341.0	1.0	1.0	0.0	1.0	1.0	1.0	0.0	0.0	1.0	0.0	1.0	1.0	0.0	1.0	0.0	0.0	0.0	1.0	1.0	1.0	1.0	1.0	1.0	2.0	2019.0	"SUR"	0.0	204.0	0.5982404692082112
"SUR145"	0.0	1.0	0.0	0.0	1.0	5.0	28.0	0.149		0.0	0.6	0.0	0.6	0.0	0.4	0.0	1.0	1.0	1.0	1.0	1.0	0.0	0.2	0.0	0.2	0.0	0.2	0.0	0.2	0.0	0.0	1.0	0.2	0.0	0.0	0.0	0.0	0.0	0.0	0.0	0.0	0.0	0.4	0.0	0.4	0.0	0.0	100.0	0.7936507936507936	25.0	0.1984126984126984	0.0	0.0	1.0	0.007936507936507936	0.0	211.0	0.0	25.0	0.1984126984126984	126.0	0.0	0.0	0.0	1.0	1.0	1.0	0.0	1.0	1.0	0.0	0.0	0.0	0.0	0.0	0.0	0.0	0.0	0.0	1.0	0.0	0.0	1.0	1.0	1.0	2019.0	"SUR"	0.0	26.0	0.20634920634920634
"SUR15"	0.0	1.0	0.0	0.0	1.0	4.0	47.0	0.071		0.0	1.0	1.0	1.0	0.0	0.25	1.0	1.0	0.0	0.25	0.0	0.25	1.0	0.5	1.0	0.5	1.0	0.5	1.0	1.0	0.0	0.0	1.0	0.25	0.0	0.0	0.0	0.0	0.0	0.0	0.0	0.0	0.0	0.25	1.0	0.75	1.0	0.5	164.0	0.42159383033419023	210.0	0.5398457583547558	7.0	0.017994858611825194	8.0	0.02056555269922879	0.0	544.0	0.0	217.0	0.5578406169665809	389.0	1.0	0.0	0.0	0.0	1.0	1.0	0.0	0.0	0.0	0.0	0.0	0.0	0.0	0.0	0.0	0.0	0.0	0.0	1.0	0.0	0.0	0.0	1.0	3.0	2019.0	"SUR"	0.0	225.0	0.5784061696658098
"SUR150"	1.0	1.0	0.0	1.0	1.0	6.0	33.0	0.08800000000000001		1.0	1.0	1.0	1.0	1.0	1.0	1.0	1.0	0.0	0.0	0.0	0.0	0.0	0.16666666666666663	0.0	0.16666666666666663	0.0	0.16666666666666663	1.0	0.5	0.0	0.0	1.0	0.16666666666666663	0.0	0.0	1.0	0.6666666666666665	0.0	0.0	0.0	0.16666666666666663	0.0	0.16666666666666663	1.0	0.5	1.0	0.33333333333333326	225.0	0.5382775119617225	193.0	0.46172248803827753	0.0	0.0	0.0	0.0	0.0	593.0	0.0	193.0	0.46172248803827753	418.0	1.0	1.0	0.0	1.0	1.0	0.0	0.0	0.0	0.0	0.0	0.0	0.0	0.0	0.0	0.0	0.0	0.0	1.0	1.0	0.0	0.0	0.0	0.0	3.0	2019.0	"SUR"	0.0	193.0	0.46172248803827753
"SUR151"	0.0	1.0	1.0	1.0	1.0	7.0	39.0	0.149		0.0	0.5714285714285714	0.0	0.5714285714285714	0.0	0.14285714285714285	0.0	1.0	1.0	0.7142857142857143	0.0	0.8571428571428571	0.0	0.14285714285714285	0.0	0.14285714285714285	0.0	0.14285714285714285	0.0	0.2857142857142857	0.0	0.0	1.0	0.14285714285714285	0.0	0.0	0.0	0.14285714285714285	0.0	0.14285714285714285	1.0	0.2857142857142857	0.0	0.2857142857142857	0.0	0.42857142857142855	1.0	0.2857142857142857	122.0	0.5570776255707762	91.0	0.4155251141552511	6.0	0.0273972602739726	0.0	0.0	0.0	460.0	0.0	97.0	0.4429223744292237	219.0	1.0	1.0	0.0	1.0	0.0	1.0	0.0	0.0	1.0	0.0	1.0	1.0	1.0	0.0	0.0	0.0	0.0	0.0	0.0	0.0	0.0	0.0	1.0	3.0	2019.0	"SUR"	0.0	97.0	0.4429223744292237
"SUR152"	0.0	1.0	0.0	1.0	1.0	5.0	58.0	0.049		1.0	1.0	1.0	1.0	1.0	0.6	1.0	1.0	0.0	0.0	0.0	0.0	0.0	0.4	0.0	0.4	0.0	0.4	1.0	0.6	0.0	0.0	1.0	0.4	0.0	0.0	1.0	0.6	0.0	0.0	0.0	0.0	0.0	0.4	0.0	0.4	0.0	0.0	79.0	0.30859375	171.0	0.66796875	0.0	0.0	6.0	0.0234375	0.0	595.0	0.0	171.0	0.66796875	256.0	1.0	0.0	0.0	0.0	1.0	1.0	0.0	0.0	1.0	0.0	0.0	1.0	1.0	0.0	0.0	0.0	0.0	0.0	1.0	0.0	0.0	0.0	1.0	3.0	2019.0	"SUR"	0.0	177.0	0.69140625
"SUR153"	0.0	1.0	0.0	1.0	1.0	7.0	39.0	0.079		0.0	0.7142857142857143	0.0	0.7142857142857143	0.0	0.0	0.0	1.0	0.0	0.2857142857142857	0.0	0.2857142857142857	0.0	0.2857142857142857	0.0	0.2857142857142857	0.0	0.2857142857142857	0.0	0.14285714285714285	0.0	0.0	1.0	0.14285714285714285	1.0	0.14285714285714285	1.0	0.2857142857142857	0.0	0.0	0.0	0.0	0.0	0.2857142857142857	0.0	0.14285714285714285	1.0	0.14285714285714285	31.0	0.26956521739130435	81.0	0.7043478260869566	3.0	0.02608695652173913	0.0	0.0	0.0	348.0	0.0	84.0	0.7304347826086957	115.0	0.0	1.0	0.0	0.0	1.0	0.0	0.0	0.0	1.0	0.0	1.0	0.0	1.0	0.0	0.0	0.0	0.0	0.0	0.0	0.0	0.0	0.0	0.0	3.0	2019.0	"SUR"	0.0	84.0	0.7304347826086957
"SUR155"	0.0	1.0	1.0	0.0	1.0	3.0	71.0	0.059000000000000004		0.0	0.6666666666666665	0.0	0.6666666666666665	1.0	0.6666666666666665	1.0	1.0	1.0	0.6666666666666665	1.0	1.0	0.0	0.33333333333333326	0.0	0.33333333333333326	0.0	0.33333333333333326	0.0	0.33333333333333326	0.0	0.0	1.0	0.33333333333333326	0.0	0.0	0.0	0.0	0.0	0.0	0.0	0.0	1.0	0.6666666666666665	0.0	0.33333333333333326	0.0	0.0	134.0	0.4110429447852761	186.0	0.5705521472392638	0.0	0.0	6.0	0.018404907975460124	0.0	614.0	0.0	186.0	0.5705521472392638	326.0	1.0	0.0	0.0	0.0	1.0	1.0	0.0	1.0	1.0	0.0	1.0	1.0	1.0	1.0	0.0	0.0	0.0	1.0	1.0	0.0	0.0	0.0	0.0	3.0	2019.0	"SUR"	0.0	192.0	0.588957055214724
"SUR157"	0.0	1.0	0.0	0.0	1.0	4.0	43.0	0.142		0.0	1.0	1.0	1.0	1.0	0.5	1.0	1.0	0.0	0.25	0.0	0.25	1.0	0.75	1.0	0.5	1.0	0.5	1.0	0.5	0.0	0.0	1.0	0.25	1.0	0.25	0.0	0.0	0.0	0.0	1.0	0.25	0.0	0.25	1.0	0.75	1.0	0.25	97.0	0.31699346405228757	195.0	0.6372549019607843	9.0	0.029411764705882353	5.0	0.016339869281045753	0.0	510.0	0.0	204.0	0.6666666666666666	306.0	1.0	0.0	0.0	1.0	1.0	1.0	0.0	1.0	1.0	0.0	0.0	1.0	0.0	0.0	0.0	0.0	0.0	1.0	1.0	0.0	0.0	1.0	1.0	3.0	2019.0	"SUR"	0.0	209.0	0.6830065359477124
"SUR16"	0.0	1.0	0.0	0.0	1.0	5.0	65.0	0.076		0.0	0.8	0.0	0.8	0.0	0.2	0.0	1.0	0.0	0.2	0.0	0.4	1.0	0.6	0.0	0.4	0.0	0.4	1.0	0.6	0.0	0.0	1.0	0.2	0.0	0.0	1.0	0.6	0.0	0.0	0.0	0.2	0.0	0.4	0.0	0.4	0.0	0.0	93.0	0.34572490706319703	172.0	0.6394052044609665	3.0	0.011152416356877323	1.0	0.0037174721189591076	0.0	499.0	0.0	175.0	0.6505576208178439	269.0	0.0	1.0	0.0	0.0	1.0	1.0	0.0	0.0	1.0	1.0	0.0	1.0	0.0	0.0	0.0	0.0	0.0	0.0	1.0	0.0	0.0	0.0	1.0	3.0	2019.0	"SUR"	0.0	176.0	0.654275092936803
"SUR161"	0.0	1.0	0.0	0.0	1.0	4.0	40.0	0.054000000000000006		0.0	1.0	1.0	1.0	0.0	0.25	0.0	1.0	1.0	0.75	1.0	1.0	0.0	0.25	0.0	0.25	0.0	0.25	0.0	0.25	0.0	0.0	1.0	0.25	0.0	0.0	0.0	0.0	0.0	0.0	0.0	0.0	0.0	0.25	0.0	0.25	0.0	0.0	126.0	0.4271186440677966	163.0	0.5525423728813559	5.0	0.01694915254237288	1.0	0.003389830508474576	0.0	590.0	0.0	168.0	0.5694915254237288	295.0	1.0	1.0	0.0	0.0	1.0	1.0	1.0	0.0	0.0	0.0	0.0	1.0	0.0	0.0	0.0	0.0	0.0	0.0	0.0	0.0	0.0	0.0	0.0	2.0	2019.0	"SUR"	0.0	169.0	0.5728813559322034
"SUR18"	1.0	1.0	0.0	1.0	1.0	4.0	19.0	0.157		0.0	1.0	1.0	1.0	1.0	0.75	1.0	1.0	0.0	0.25	0.0	0.5	1.0	0.5	1.0	0.5	1.0	0.5	1.0	0.5	0.0	0.0	1.0	0.5	0.0	0.0	1.0	0.5	0.0	0.0	0.0	0.0	1.0	0.5	0.0	0.25	1.0	0.25	142.0	0.38482384823848237	218.0	0.5907859078590786	5.0	0.013550135501355014	4.0	0.01084010840108401	0.0	537.0	0.0	223.0	0.6043360433604336	369.0	1.0	0.0	0.0	1.0	1.0	1.0	0.0	1.0	0.0	0.0	0.0	1.0	0.0	0.0	0.0	0.0	0.0	1.0	1.0	0.0	0.0	1.0	1.0	3.0	2019.0	"SUR"	0.0	227.0	0.6151761517615176
"SUR19"	0.0	1.0	0.0	0.0	1.0	9.0	49.0	0.073		0.0	0.5555555555555556	0.0	0.5555555555555556	0.0	0.4444444444444444	1.0	1.0	1.0	0.6666666666666665	1.0	1.0	0.0	0.33333333333333326	0.0	0.33333333333333326	0.0	0.4444444444	0.0	0.33333333333333326	0.0	0.0	1.0	0.1111111111111111	0.0	0.0	0.0	0.0	0.0	0.0	0.0	0.0	0.0	0.4444444444444444	0.0	0.2222222222222222	0.0	0.0	130.0	0.4676258992805755	147.0	0.5287769784172662	1.0	0.0035971223021582736	0.0	0.0	0.0	391.0	0.0	148.0	0.5323741007194245	278.0	1.0	0.0	0.0	1.0	1.0	1.0	0.0	1.0	1.0	0.0	0.0	1.0	0.0	0.0	0.0	0.0	0.0	1.0	1.0	0.0	0.0	1.0	1.0	3.0	2019.0	"SUR"	0.0	148.0	0.5323741007194245
"SUR20"	0.0	1.0	0.0	0.0	1.0	4.0	29.0	0.08800000000000001		0.0	0.75	0.0	0.75	1.0	0.75	1.0	1.0	1.0	0.75	0.0	0.75	1.0	0.5	0.0	0.25	0.0	0.25	0.0	0.25	0.0	0.0	1.0	0.25	0.0	0.0	1.0	0.25	0.0	0.0	0.0	0.0	0.0	0.25	0.0	0.25	1.0	0.25	124.0	0.5876777251184834	86.0	0.4075829383886256	1.0	0.004739336492890996	0.0	0.0	0.0	400.0	0.0	87.0	0.41232227488151657	211.0	0.0	1.0	0.0	0.0	1.0	0.0	0.0	0.0	0.0	0.0	0.0	1.0	0.0	0.0	0.0	0.0	0.0	1.0	1.0	0.0	0.0	0.0	0.0	3.0	2019.0	"SUR"	0.0	87.0	0.41232227488151657
"SUR22"	0.0	1.0	0.0	0.0	1.0	5.0	35.0	0.12		0.0	0.6	0.0	0.6	0.0	0.2	1.0	1.0	0.0	0.0	0.0	0.4	0.0	0.2	0.0	0.2	0.0	0.2	0.0	0.2	0.0	0.0	0.0	0.0	0.0	0.0	0.0	0.0	0.0	0.0	1.0	0.4	1.0	0.6	0.0	0.4	0.0	0.0	48.0	0.5454545454545454	37.0	0.42045454545454547	3.0	0.03409090909090909	0.0	0.0	0.0	154.0	0.0	40.0	0.45454545454545453	88.0	0.0	0.0	0.0	0.0	0.0	0.0	0.0	0.0	0.0	0.0	0.0	0.0	0.0	0.0	0.0	0.0	0.0	0.0	0.0	0.0	0.0	0.0	0.0	2.0	2019.0	"SUR"	0.0	40.0	0.45454545454545453
"SUR25"	1.0	1.0	0.0	0.0	1.0	4.0	55.0	0.113		0.0	0.75	0.0	0.75	1.0	0.5	1.0	1.0	0.0	0.25	0.0	0.25	0.0	0.25	0.0	0.0	0.0	0.0	0.0	0.25	0.0	0.0	0.0	0.0	0.0	0.0	1.0	0.25	0.0	0.0	1.0	0.25	0.0	0.25	0.0	0.0	1.0	0.25	125.0	0.5165289256198347	110.0	0.45454545454545453	1.0	0.004132231404958678	6.0	0.024793388429752067	0.0	435.0	0.0	111.0	0.45867768595041325	242.0	1.0	1.0	0.0	1.0	0.0	0.0	0.0	0.0	0.0	0.0	0.0	0.0	0.0	0.0	0.0	0.0	0.0	0.0	0.0	0.0	0.0	1.0	1.0	2.0	2019.0	"SUR"	0.0	117.0	0.4834710743801653
"SUR26"	0.0	1.0	1.0	0.0	1.0	3.0	48.0	0.124		0.0	1.0	1.0	1.0	1.0	0.6666666666666665	1.0	1.0	0.0	0.0	0.0	0.33333333333333326	0.0	0.33333333333333326	0.0	0.33333333333333326	0.0	0.33333333333333326	1.0	0.6666666666666665	1.0	0.33333333333333326	1.0	0.6666666666666665	1.0	0.33333333333333326	0.0	0.0	0.0	0.0	0.0	0.0	1.0	1.0	1.0	1.0	1.0	0.6666666666666665	102.0	0.3968871595330739	153.0	0.5953307392996109	1.0	0.0038910505836575876	1.0	0.0038910505836575876	0.0	804.0	0.0	154.0	0.5992217898832685	257.0	1.0	1.0	0.0	0.0	1.0	0.0	0.0	0.0	0.0	0.0	0.0	0.0	1.0	0.0	0.0	0.0	0.0	0.0	0.0	1.0	0.0	0.0	0.0	3.0	2019.0	"SUR"	0.0	155.0	0.603112840466926
"SUR27"	1.0	1.0	1.0	1.0	1.0	5.0	42.0	0.08		0.0	0.8	0.0	0.8	0.0	0.2	0.0	1.0	1.0	0.6	0.0	0.6	1.0	0.8	1.0	0.8	1.0	0.8	0.0	0.4	0.0	0.0	1.0	0.2	1.0	0.2	0.0	0.2	0.0	0.0	0.0	0.0	0.0	0.2	0.0	0.2	0.0	0.0	112.0	0.4409448818897638	128.0	0.5039370078740157	11.0	0.04330708661417323	3.0	0.011811023622047244	0.0	451.0	0.0	139.0	0.547244094488189	254.0	1.0	1.0	0.0	0.0	0.0	1.0	0.0	1.0	1.0	0.0	0.0	1.0	0.0	0.0	0.0	0.0	0.0	0.0	0.0	0.0	1.0	0.0	0.0	3.0	2019.0	"SUR"	0.0	142.0	0.5590551181102362
"SUR3"	0.0	1.0	0.0	0.0	1.0	4.0	42.0	0.13699999999999998		0.0	0.75	0.0	0.75	1.0	0.75	1.0	1.0	1.0	0.5	0.0	0.75	0.0	0.25	0.0	0.25	0.0	0.25	0.0	0.25	0.0	0.0	1.0	0.5	0.0	0.0	0.0	0.0	0.0	0.0	0.0	0.0	1.0	0.75	1.0	0.5	0.0	0.0	143.0	0.562992125984252	99.0	0.38976377952755903	6.0	0.023622047244094488	6.0	0.023622047244094488	0.0	547.0	0.0	105.0	0.41338582677165353	254.0	0.0	1.0	0.0	1.0	0.0	1.0	0.0	0.0	1.0	0.0	0.0	0.0	0.0	0.0	0.0	0.0	0.0	0.0	0.0	0.0	0.0	0.0	0.0	2.0	2019.0	"SUR"	0.0	111.0	0.43700787401574803
"SUR31"	0.0	1.0	0.0	1.0	1.0	2.0	11.0	0.11		0.0	1.0	1.0	1.0	1.0	1.0	1.0	1.0	1.0	1.0	1.0	1.0	1.0	1.0	1.0	0.5	1.0	0.5	1.0	1.0	0.0	0.0	0.0	0.0	0.0	0.0	0.0	0.0	0.0	0.0	0.0	0.0	1.0	1.0	0.0	0.0	0.0	0.0	56.0	0.7777777777777778	16.0	0.2222222222222222	0.0	0.0	0.0	0.0	0.0	35.0	0.0	16.0	0.2222222222222222	72.0	0.0	1.0	0.0	0.0	0.0	0.0	0.0	0.0	0.0	0.0	0.0	0.0	0.0	0.0	0.0	0.0	0.0	0.0	0.0	0.0	0.0	0.0	0.0	1.0	2019.0	"SUR"	0.0	16.0	0.2222222222222222
"SUR35"	1.0	1.0	0.0	1.0	1.0	4.0	51.0	0.061		0.0	0.75	0.0	0.75	1.0	0.75	1.0	1.0	0.0	0.0	0.0	0.0	0.0	0.25	0.0	0.25	0.0	0.25	1.0	0.5	0.0	0.0	1.0	0.25	0.0	0.0	1.0	0.25	0.0	0.0	1.0	0.5	1.0	0.5	1.0	0.5	1.0	0.25	125.0	0.5434782608695652	105.0	0.45652173913043476	0.0	0.0	0.0	0.0	0.0	283.0	0.0	105.0	0.45652173913043476	230.0	1.0	1.0	1.0	0.0	1.0	1.0	0.0	0.0	0.0	0.0	1.0	1.0	0.0	0.0	0.0	1.0	1.0	1.0	1.0	1.0	1.0	1.0	1.0	1.0	2019.0	"SUR"	0.0	105.0	0.45652173913043476
"SUR4"	0.0	1.0	0.0	0.0	1.0	3.0	39.0	0.066		0.0	1.0	1.0	1.0	1.0	0.6666666666666665	1.0	1.0	0.0	0.0	0.0	0.0	1.0	0.6666666666666665	1.0	0.6666666666666665	1.0	0.6666666666666665	1.0	0.6666666666666665	0.0	0.0	1.0	0.33333333333333326	0.0	0.0	1.0	0.33333333333333326	0.0	0.0	0.0	0.0	1.0	0.6666666666666665	1.0	0.6666666666666665	0.0	0.0	179.0	0.6006711409395973	115.0	0.3859060402684564	2.0	0.006711409395973154	2.0	0.006711409395973154	0.0	428.0	0.0	117.0	0.3926174496644295	298.0	1.0	1.0	0.0	0.0	1.0	0.0	0.0	0.0	1.0	0.0	0.0	1.0	0.0	0.0	0.0	0.0	0.0	1.0	1.0	0.0	0.0	0.0	0.0	2.0	2019.0	"SUR"	0.0	119.0	0.39932885906040266
"SUR41"	0.0	1.0	1.0	1.0	1.0	3.0	27.0	0.08800000000000001		0.0	1.0	1.0	1.0	1.0	0.6666666666666665	1.0	1.0	0.0	0.0	0.0	0.33333333333333326	0.0	0.33333333333333326	0.0	0.33333333333333326	0.0	0.33333333333333326	0.0	0.33333333333333326	0.0	0.0	1.0	0.33333333333333326	0.0	0.0	0.0	0.0	0.0	0.0	0.0	0.0	0.0	0.33333333333333326	1.0	0.6666666666666665	1.0	0.33333333333333326	170.0	0.43256997455470736	219.0	0.5572519083969466	3.0	0.007633587786259542	1.0	0.002544529262086514	0.0	678.0	0.0	222.0	0.5648854961832062	393.0	1.0	1.0	1.0	1.0	1.0	1.0	0.0	0.0	0.0	0.0	0.0	0.0	0.0	0.0	0.0	0.0	0.0	1.0	1.0	0.0	0.0	0.0	0.0	3.0	2019.0	"SUR"	0.0	223.0	0.5674300254452926
"SUR43"	0.0	1.0	0.0	0.0	1.0	5.0	76.0	0.071		0.0	1.0	1.0	1.0	0.0	0.4	1.0	1.0	0.0	0.0	0.0	0.0	0.0	0.4	0.0	0.0	0.0	0.0	1.0	0.6	0.0	0.0	1.0	0.4	0.0	0.0	0.0	0.2	0.0	0.0	1.0	0.6	1.0	0.6	0.0	0.4	1.0	0.4	140.0	0.46357615894039733	162.0	0.5364238410596026	0.0	0.0	0.0	0.0	0.0	515.0	0.0	162.0	0.5364238410596026	302.0	1.0	0.0	0.0	1.0	1.0	1.0	0.0	0.0	1.0	0.0	1.0	1.0	0.0	0.0	0.0	0.0	0.0	1.0	1.0	1.0	1.0	0.0	1.0	2.0	2019.0	"SUR"	0.0	162.0	0.5364238410596026
"SUR44"	0.0	1.0	0.0	1.0	1.0	6.0	50.0	0.13		0.0	0.6666666666666665	0.0	0.6666666666666665	0.0	0.16666666666666663	0.0	1.0	0.0	0.33333333333333326	0.0	0.5	1.0	0.6666666666666665	1.0	0.6666666666666665	1.0	0.6666666666666665	0.0	0.33333333333333326	0.0	0.0	1.0	0.33333333333333326	0.0	0.0	0.0	0.16666666666666663	0.0	0.0	0.0	0.16666666666666663	0.0	0.33333333333333326	0.0	0.33333333333333326	0.0	0.0	118.0	0.39864864864864863	172.0	0.581081081081081	5.0	0.016891891891891893	1.0	0.0033783783783783786	0.0	494.0	0.0	177.0	0.597972972972973	296.0	1.0	1.0	0.0	1.0	1.0	1.0	0.0	1.0	1.0	0.0	0.0	1.0	0.0	0.0	0.0	0.0	0.0	1.0	1.0	0.0	0.0	1.0	1.0	3.0	2019.0	"SUR"	0.0	178.0	0.6013513513513513
"SUR45"	0.0	1.0	0.0	0.0	1.0	3.0	38.0	0.094		0.0	0.42857142857142855	0.0	0.42857142857142855	0.0	0.2857142857142857	0.0	1.0	0.0	0.14285714285714285	0.0	0.2857142857142857	0.0	0.14285714285714285	0.0	0.14285714285714285	0.0	0.14285714285714285	0.0	0.14285714285714285	0.0	0.0	1.0	0.14285714285714285	0.0	0.0	0.0	0.14285714285714285	0.0	0.0	0.0	0.14285714285714285	0.0	0.14285714285714285	0.0	0.14285714285714285	0.0	0.0	123.0	0.5442477876106194	102.0	0.45132743362831856	1.0	0.004424778761061947	0.0	0.0	0.0	409.0	0.0	103.0	0.4557522123893805	226.0	1.0	1.0	0.0	0.0	1.0	0.0	0.0	0.0	1.0	0.0	1.0	1.0	0.0	0.0	0.0	0.0	1.0	1.0	1.0	1.0	1.0	1.0	1.0	3.0	2019.0	"SUR"	0.0	103.0	0.4557522123893805
"SUR46"	0.0	1.0	0.0	0.0	1.0	7.0	36.0	0.085		0.0	1.0	1.0	1.0	1.0	0.6666666666666665	1.0	1.0	1.0	0.6666666666666665	1.0	1.0	1.0	1.0	0.0	0.33333333333333326	0.0	0.33333333333333326	1.0	0.6666666666666665	0.0	0.0	1.0	0.33333333333333326	0.0	0.0	1.0	0.33333333333333326	0.0	0.0	1.0	0.33333333333333326	0.0	0.33333333333333326	1.0	0.6666666666666665	1.0	0.33333333333333326	124.0	0.5145228215767634	111.0	0.4605809128630705	6.0	0.024896265560165973	0.0	0.0	0.0	529.0	0.0	117.0	0.4854771784232365	241.0	1.0	0.0	0.0	0.0	1.0	1.0	0.0	0.0	1.0	0.0	0.0	1.0	0.0	0.0	0.0	0.0	0.0	1.0	1.0	0.0	0.0	0.0	0.0	3.0	2019.0	"SUR"	0.0	117.0	0.4854771784232365
"SUR47"	0.0	1.0	0.0	0.0	1.0	5.0	80.0	0.28600000000000003		0.0	0.6	0.0	0.6	0.0	0.2	0.0	1.0	0.0	0.0	0.0	0.2	1.0	0.6	0.0	0.4	0.0	0.4	0.0	0.4	0.0	0.0	1.0	0.2	0.0	0.0	1.0	0.4	0.0	0.0	1.0	0.4	0.0	0.4	0.0	0.2	1.0	0.2	33.0	0.2	131.0	0.793939393939394	1.0	0.006060606060606061	0.0	0.0	0.0	245.0	0.0	132.0	0.8	165.0	0.0	1.0	0.0	0.0	0.0	1.0	0.0	0.0	0.0	0.0	0.0	0.0	0.0	0.0	0.0	0.0	0.0	1.0	1.0	1.0	1.0	0.0	0.0	3.0	2019.0	"SUR"	0.0	132.0	0.8
"SUR48"	1.0	1.0	0.0	0.0	1.0	4.0	61.0	0.11		0.0	1.0	1.0	1.0	1.0	0.5	1.0	1.0	0.0	0.25	0.0	0.5	0.0	0.0	0.0	0.0	0.0	0.0	1.0	0.5	0.0	0.0	1.0	0.75	0.0	0.0	0.0	0.0	0.0	0.0	0.0	0.0	1.0	0.5	1.0	0.5	1.0	0.25	57.0	0.26635514018691586	157.0	0.7336448598130841	0.0	0.0	0.0	0.0	0.0	426.0	0.0	157.0	0.7336448598130841	214.0	1.0	1.0	1.0	1.0	1.0	1.0	0.0	0.0	1.0	0.0	0.0	1.0	1.0	0.0	0.0	0.0	0.0	1.0	1.0	0.0	0.0	0.0	0.0	2.0	2019.0	"SUR"	0.0	157.0	0.7336448598130841
"SUR50"	0.0	1.0	0.0	1.0	1.0	4.0	40.0	0.095		1.0	1.0	1.0	1.0	1.0	1.0	1.0	1.0	0.0	0.0	0.0	0.0	1.0	0.75	1.0	0.75	1.0	0.75	1.0	1.0	0.0	0.0	1.0	0.5	0.0	0.0	1.0	0.75	0.0	0.0	0.0	0.0	1.0	0.5	1.0	1.0	1.0	0.75	140.0	0.3645833333333333	208.0	0.5416666666666666	12.0	0.03125	24.0	0.0625	0.0	578.0	0.0	220.0	0.5729166666666666	384.0	1.0	0.0	0.0	0.0	1.0	0.0	0.0	0.0	1.0	0.0	0.0	0.0	0.0	0.0	0.0	0.0	0.0	1.0	1.0	0.0	0.0	0.0	0.0	3.0	2019.0	"SUR"	0.0	244.0	0.6354166666666666
"SUR51"	0.0	1.0	0.0	0.0	1.0	1.0	9.0	0.031		0.0	0.0	0.0	0.0	1.0	1.0	1.0	1.0	1.0	1.0	1.0	1.0	1.0	1.0	1.0	1.0	1.0	1.0	1.0	1.0	0.0	0.0	1.0	1.0	0.0	0.0	0.0	0.0	0.0	0.0	0.0	0.0	1.0	1.0	0.0	0.0	0.0	0.0	109.0	1.0	0.0	0.0	0.0	0.0	0.0	0.0	98.0	139.0	0.7050359712230215	0.0	0.0	109.0	0.0	0.0	0.0	0.0	0.0	0.0	0.0	0.0	1.0	0.0	0.0	0.0	0.0	0.0	0.0	0.0	0.0	0.0	0.0	0.0	0.0	0.0	0.0	1.0	2019.0	"SUR"	0.7050359712230215	0.0	0.0
"SUR52"	0.0	1.0	0.0	0.0	1.0	5.0	43.0	0.14		0.0	0.8	0.0	0.8	0.0	0.4	0.0	1.0	1.0	0.6	0.0	0.8	0.0	0.4	0.0	0.2	0.0	0.2	1.0	0.6	0.0	0.0	1.0	0.2	0.0	0.0	0.0	0.0	0.0	0.0	0.0	0.2	1.0	0.6	0.0	0.0	0.0	0.0	231.0	0.6676300578034682	111.0	0.3208092485549133	4.0	0.011560693641618497	0.0	0.0	0.0	528.0	0.0	115.0	0.33236994219653176	346.0	1.0	1.0	0.0	1.0	0.0	1.0	1.0	1.0	1.0	0.0	0.0	1.0	1.0	0.0	0.0	0.0	0.0	0.0	0.0	0.0	0.0	0.0	1.0	3.0	2019.0	"SUR"	0.0	115.0	0.33236994219653176
"SUR53"	0.0	1.0	0.0	1.0	1.0	2.0	40.0	0.142		1.0	1.0	1.0	1.0	1.0	1.0	1.0	1.0	1.0	0.5	1.0	1.0	1.0	1.0	1.0	0.5	1.0	0.5	1.0	1.0	0.0	0.0	1.0	1.0	0.0	0.0	0.0	0.0	0.0	0.0	0.0	0.0	1.0	1.0	1.0	0.5	1.0	1.0	140.0	0.6008583690987125	85.0	0.3648068669527897	8.0	0.034334763948497854	0.0	0.0	0.0	367.0	0.0	93.0	0.39914163090128757	233.0	0.0	1.0	0.0	0.0	1.0	0.0	0.0	1.0	1.0	0.0	0.0	1.0	1.0	0.0	0.0	0.0	0.0	1.0	1.0	0.0	0.0	0.0	0.0	2.0	2019.0	"SUR"	0.0	93.0	0.39914163090128757
"SUR54"	0.0	1.0	0.0	0.0	1.0	6.0	52.0	0.158		0.0	0.6666666666666665	0.0	0.6666666666666665	0.0	0.33333333333333326	1.0	1.0	0.0	0.16666666666666663	0.0	0.5	0.0	0.33333333333333326	0.0	0.33333333333333326	0.0	0.33333333333333326	0.0	0.33333333333333326	0.0	0.0	1.0	0.33333333333333326	0.0	0.0	0.0	0.0	0.0	0.0	0.0	0.16666666666666663	0.0	0.33333333333333326	0.0	0.33333333333333326	1.0	0.16666666666666663	62.0	0.3463687150837989	111.0	0.6201117318435754	6.0	0.0335195530726257	0.0	0.0	0.0	384.0	0.0	117.0	0.6536312849162011	179.0	1.0	0.0	0.0	1.0	0.0	1.0	0.0	0.0	0.0	0.0	0.0	0.0	0.0	0.0	0.0	0.0	0.0	1.0	1.0	0.0	0.0	0.0	1.0	3.0	2019.0	"SUR"	0.0	117.0	0.6536312849162011
"SUR57"	1.0	1.0	1.0	0.0	1.0	2.0	53.0	0.126		0.0	1.0	1.0	1.0	1.0	0.5	1.0	1.0	0.0	0.0	0.0	0.5	1.0	0.5	1.0	0.5	1.0	0.5	1.0	0.5	1.0	0.5	1.0	0.5	0.0	0.0	1.0	0.5	0.0	0.0	1.0	1.0	1.0	0.5	1.0	0.5	0.0	0.0	77.0	0.29844961240310075	181.0	0.7015503875968992	0.0	0.0	0.0	0.0	0.0	481.0	0.0	181.0	0.7015503875968992	258.0	1.0	1.0	0.0	0.0	1.0	1.0	0.0	1.0	0.0	0.0	1.0	1.0	0.0	0.0	0.0	0.0	1.0	1.0	1.0	0.0	0.0	1.0	1.0	3.0	2019.0	"SUR"	0.0	181.0	0.7015503875968992
"SUR58"	0.0	1.0	0.0	0.0	1.0	8.0	39.0	0.069		0.0	0.75	0.0	0.75	0.0	0.125	0.0	1.0	0.0	0.25	0.0	0.5	0.0	0.25	0.0	0.25	0.0	0.25	0.0	0.25	0.0	0.0	1.0	0.25	0.0	0.0	0.0	0.0	0.0	0.0	0.0	0.0	0.0	0.25	0.0	0.125	0.0	0.0	99.0	0.4248927038626609	129.0	0.5536480686695279	5.0	0.02145922746781116	0.0	0.0	0.0	454.0	0.0	134.0	0.575107296137339	233.0	1.0	1.0	0.0	1.0	1.0	1.0	0.0	0.0	1.0	0.0	0.0	0.0	0.0	0.0	0.0	0.0	0.0	1.0	1.0	0.0	0.0	0.0	1.0	3.0	2019.0	"SUR"	0.0	134.0	0.575107296137339
"SUR60"	0.0	1.0	0.0	0.0	1.0	4.0	37.0	0.051		0.0	0.75	0.0	0.75	1.0	0.5	1.0	1.0	1.0	0.75	1.0	1.0	1.0	0.5	1.0	0.5	1.0	0.5	1.0	0.5	0.0	0.0	1.0	0.25	0.0	0.0	0.0	0.0	0.0	0.0	0.0	0.0	0.0	0.25	1.0	0.5	1.0	0.5	142.0	0.7135678391959799	52.0	0.2613065326633166	5.0	0.02512562814070352	0.0	0.0	0.0	305.0	0.0	57.0	0.2864321608040201	199.0	1.0	1.0	0.0	0.0	0.0	0.0	0.0	0.0	0.0	0.0	0.0	0.0	1.0	0.0	0.0	0.0	0.0	0.0	0.0	0.0	1.0	0.0	0.0	2.0	2019.0	"SUR"	0.0	57.0	0.2864321608040201
"SUR61"	0.0	1.0	0.0	0.0	1.0	1.0	6.0	0.109		0.0	1.0	1.0	1.0	1.0	1.0	1.0	1.0	1.0	0.0	1.0	1.0	1.0	1.0	1.0	1.0	1.0	1.0	1.0	1.0	1.0	1.0	1.0	1.0	0.0	0.0	1.0	0.0	0.0	0.0	1.0	1.0	1.0	1.0	1.0	1.0	0.0	0.0	166.0	0.680327868852459	74.0	0.30327868852459017	4.0	0.01639344262295082	0.0	0.0	0.0	347.0	0.0	78.0	0.319672131147541	244.0	1.0	0.0	0.0	1.0	1.0	0.0	0.0	0.0	1.0	0.0	0.0	1.0	1.0	0.0	0.0	0.0	0.0	1.0	1.0	0.0	1.0	1.0	1.0	1.0	2019.0	"SUR"	0.0	78.0	0.319672131147541
"SUR63"	0.0	1.0	0.0	0.0	1.0	6.0	32.0	0.085		0.0	0.6666666666666665	0.0	0.6666666666666665	0.0	0.16666666666666663	0.0	1.0	1.0	0.5	0.0	0.5	0.0	0.33333333333333326	0.0	0.33333333333333326	0.0	0.33333333333333326	0.0	0.33333333333333326	0.0	0.0	1.0	0.33333333333333326	0.0	0.0	1.0	0.33333333333333326	0.0	0.0	0.0	0.0	1.0	0.5	0.0	0.33333333333333326	0.0	0.0	76.0	0.4578313253012048	86.0	0.5180722891566265	4.0	0.024096385542168676	0.0	0.0	0.0	351.0	0.0	90.0	0.5421686746987951	166.0	1.0	0.0	0.0	0.0	1.0	1.0	0.0	0.0	0.0	0.0	0.0	1.0	0.0	0.0	0.0	0.0	0.0	1.0	1.0	0.0	0.0	1.0	1.0	2.0	2019.0	"SUR"	0.0	90.0	0.5421686746987951
"SUR64"	1.0	1.0	0.0	0.0	1.0	3.0	29.0	0.165		0.0	1.0	1.0	1.0	0.0	0.33333333333333326	1.0	1.0	1.0	0.6666666666666665	0.0	0.6666666666666665	0.0	0.33333333333333326	0.0	0.33333333333333326	0.0	0.33333333333333326	1.0	0.6666666666666665	0.0	0.0	0.0	0.0	0.0	0.0	0.0	0.0	0.0	0.0	1.0	0.33333333333333326	1.0	0.6666666666666665	1.0	1.0	0.0	0.0	100.0	0.31446540880503143	213.0	0.6698113207547169	4.0	0.012578616352201259	1.0	0.0031446540880503146	0.0	495.0	0.0	217.0	0.6823899371069182	318.0	0.0	0.0	0.0	0.0	1.0	1.0	1.0	1.0	1.0	0.0	0.0	1.0	0.0	0.0	0.0	0.0	0.0	1.0	1.0	0.0	0.0	0.0	1.0	3.0	2019.0	"SUR"	0.0	218.0	0.6855345911949685
"SUR65"	0.0	1.0	0.0	0.0	1.0	10.0	33.0	0.028999999999999998		0.0	0.8	0.0	0.8	0.0	0.4	1.0	1.0	1.0	0.8	1.0	1.0	0.0	0.2	0.0	0.2	0.0	0.2	0.0	0.2	0.0	0.0	1.0	0.1	0.0	0.0	0.0	0.2	0.0	0.0	0.0	0.1	0.0	0.2	0.0	0.1	0.0	0.0	135.0	0.5421686746987951	104.0	0.41767068273092367	5.0	0.020080321285140562	5.0	0.020080321285140562	0.0	325.0	0.0	109.0	0.43775100401606426	249.0	1.0	0.0	0.0	0.0	1.0	0.0	0.0	0.0	0.0	0.0	0.0	0.0	0.0	0.0	0.0	0.0	0.0	1.0	1.0	0.0	0.0	0.0	0.0	2.0	2019.0	"SUR"	0.0	114.0	0.4578313253012048
"SUR66"	1.0	1.0	0.0	0.0	1.0	7.0	71.0	0.126		0.0	0.5714285714285714	0.0	0.5714285714285714	0.0	0.14285714285714285	0.0	1.0	0.0	0.0	0.0	0.2857142857142857	0.0	0.0	0.0	0.0	0.0	0.0	0.0	0.14285714285714285	0.0	0.0	1.0	0.14285714285714285	0.0	0.0	0.0	0.14285714285714285	0.0	0.0	0.0	0.14285714285714285	0.0	0.14285714285714285	0.0	0.14285714285714285	0.0	0.0	94.0	0.35074626865671643	166.0	0.6194029850746269	6.0	0.022388059701492536	2.0	0.007462686567164179	0.0	416.0	0.0	172.0	0.6417910447761194	268.0	1.0	0.0	0.0	1.0	1.0	1.0	0.0	0.0	1.0	0.0	1.0	0.0	0.0	1.0	0.0	0.0	0.0	1.0	1.0	0.0	0.0	1.0	1.0	3.0	2019.0	"SUR"	0.0	174.0	0.6492537313432836
"SUR68"	1.0	1.0	0.0	0.0	1.0	8.0	64.0	0.109		0.0	0.75	0.0	0.75	0.0	0.375	1.0	1.0	1.0	0.625	0.0	0.75	0.0	0.25	0.0	0.25	0.0	0.25	0.0	0.25	0.0	0.0	1.0	0.25	0.0	0.0	0.0	0.125	0.0	0.0	0.0	0.0	0.0	0.25	0.0	0.125	1.0	0.125	123.0	0.643979057591623	59.0	0.3089005235602094	5.0	0.02617801047120419	4.0	0.020942408376963352	0.0	259.0	0.0	64.0	0.33507853403141363	191.0	1.0	1.0	0.0	1.0	1.0	1.0	0.0	0.0	0.0	0.0	0.0	0.0	0.0	0.0	0.0	0.0	0.0	0.0	1.0	0.0	0.0	0.0	0.0	2.0	2019.0	"SUR"	0.0	68.0	0.35602094240837695
"SUR7"	0.0	1.0	0.0	0.0	1.0	5.0	47.0	0.1		1.0	1.0	1.0	1.0	1.0	0.6	1.0	1.0	0.0	0.0	0.0	0.0	0.0	0.4	0.0	0.4	0.0	0.4	0.0	0.4	0.0	0.0	1.0	0.4	0.0	0.0	0.0	0.2	0.0	0.0	0.0	0.0	0.0	0.2	1.0	0.8	0.0	0.0	146.0	0.2885375494071146	340.0	0.6719367588932806	9.0	0.017786561264822136	11.0	0.021739130434782608	0.0	690.0	0.0	349.0	0.6897233201581028	506.0	1.0	1.0	0.0	1.0	0.0	0.0	0.0	1.0	1.0	0.0	0.0	1.0	0.0	0.0	0.0	0.0	0.0	0.0	1.0	0.0	0.0	0.0	0.0	3.0	2019.0	"SUR"	0.0	360.0	0.7114624505928854
"SUR73"	0.0	1.0	0.0	0.0	1.0	2.0	68.0	0.09699999999999999		0.0	1.0	1.0	1.0	1.0	1.0	1.0	1.0	0.0	0.0	0.0	0.0	1.0	0.5	1.0	0.5	1.0	0.5	1.0	1.0	0.0	0.0	1.0	1.0	0.0	0.0	1.0	0.5	0.0	0.0	0.0	0.0	1.0	1.0	1.0	1.0	0.0	0.0	103.0	0.569060773480663	78.0	0.430939226519337	0.0	0.0	0.0	0.0	0.0	300.0	0.0	78.0	0.430939226519337	181.0	1.0	0.0	0.0	1.0	1.0	1.0	0.0	0.0	0.0	0.0	0.0	1.0	0.0	0.0	0.0	0.0	0.0	1.0	1.0	0.0	0.0	0.0	1.0	3.0	2019.0	"SUR"	0.0	78.0	0.430939226519337
"SUR74"	0.0	1.0	0.0	0.0	1.0	9.0	41.0	0.083		0.0	0.4444444444444444	0.0	0.4444444444444444	0.0	0.0	1.0	1.0	0.0	0.2222222222222222	0.0	0.4444444444444444	0.0	0.4444444444444444	0.0	0.2222222222222222	0.0	0.2222222222222222	1.0	0.5555555555555556	0.0	0.0	1.0	0.2222222222222222	0.0	0.0	0.0	0.1111111111111111	0.0	0.0	0.0	0.0	0.0	0.4444444444444444	0.0	0.1111111111111111	0.0	0.0	76.0	0.3377777777777778	149.0	0.6622222222222223	0.0	0.0	0.0	0.0	0.0	434.0	0.0	149.0	0.6622222222222223	225.0	1.0	1.0	0.0	1.0	1.0	0.0	0.0	0.0	0.0	0.0	0.0	0.0	0.0	0.0	0.0	0.0	0.0	0.0	1.0	0.0	0.0	0.0	0.0	3.0	2019.0	"SUR"	0.0	149.0	0.6622222222222223
"SUR75"	0.0	1.0	0.0	0.0	1.0	6.0	15.0	0.065		0.0	0.16666666666666663	0.0	0.16666666666666663	1.0	0.5	1.0	1.0	1.0	0.8333333333333335	0.0	0.8333333333333335	0.0	0.33333333333333326	0.0	0.33333333333333326	0.0	0.33333333333333326	0.0	0.33333333333333326	0.0	0.0	1.0	0.16666666666666663	0.0	0.0	1.0	0.33333333333333326	0.0	0.0	0.0	0.0	0.0	0.16666666666666663	0.0	0.33333333333333326	0.0	0.0	99.0	0.668918918918919	49.0	0.3310810810810811	0.0	0.0	0.0	0.0	0.0	239.0	0.0	49.0	0.3310810810810811	148.0	1.0	1.0	1.0	0.0	1.0	0.0	0.0	0.0	0.0	0.0	0.0	1.0	0.0	0.0	0.0	0.0	0.0	1.0	1.0	1.0	0.0	1.0	1.0	1.0	2019.0	"SUR"	0.0	49.0	0.3310810810810811
"SUR77"	0.0	1.0	1.0	0.0	1.0	7.0	78.0	0.09		0.0	0.42857142857142855	0.0	0.42857142857142855	0.0	0.42857142857142855	1.0	1.0	0.0	0.14285714285714285	0.0	0.2857142857142857	0.0	0.14285714285714285	0.0	0.14285714285714285	0.0	0.14285714285714285	0.0	0.42857142857142855	1.0	0.14285714285714285	1.0	0.14285714285714285	0.0	0.0	0.0	0.0	0.0	0.14285714285714285	0.0	0.14285714285714285	0.0	0.14285714285714285	0.0	0.0	1.0	0.5714285714285714	162.0	0.5015479876160991	161.0	0.4984520123839009	0.0	0.0	0.0	0.0	0.0	463.0	0.0	161.0	0.4984520123839009	323.0	1.0	1.0	0.0	1.0	1.0	1.0	0.0	0.0	1.0	0.0	0.0	1.0	1.0	0.0	0.0	0.0	0.0	1.0	1.0	0.0	0.0	1.0	1.0	3.0	2019.0	"SUR"	0.0	161.0	0.4984520123839009
"SUR79"	1.0	1.0	1.0	1.0	1.0	4.0	55.0	0.157		0.0	1.0	1.0	1.0	1.0	0.75	1.0	1.0	0.0	0.0	0.0	0.0	0.0	0.25	0.0	0.0	0.0	0.0	0.0	0.25	0.0	0.0	1.0	0.75	1.0	0.25	1.0	0.5	0.0	0.0	0.0	0.0	1.0	0.5	0.0	0.0	1.0	0.5	304.0	0.7378640776699029	108.0	0.2621359223300971	0.0	0.0	0.0	0.0	0.0	589.0	0.0	108.0	0.2621359223300971	412.0	1.0	1.0	0.0	1.0	0.0	1.0	0.0	0.0	0.0	0.0	0.0	1.0	1.0	0.0	0.0	0.0	0.0	0.0	0.0	0.0	0.0	1.0	1.0	2.0	2019.0	"SUR"	0.0	108.0	0.2621359223300971
"SUR80"	0.0	1.0	0.0	0.0	1.0	5.0	25.0	0.084		0.0	0.4	0.0	0.4	0.0	0.4	0.0	1.0	1.0	0.6	0.0	0.6	0.0	0.2	0.0	0.2	0.0	0.2	0.0	0.2	0.0	0.0	1.0	0.4	0.0	0.0	0.0	0.2	0.0	0.0	0.0	0.0	1.0	0.6	0.0	0.2	0.0	0.0	87.0	0.514792899408284	81.0	0.47928994082840237	1.0	0.005917159763313609	0.0	0.0	0.0	686.0	0.0	82.0	0.48520710059171596	169.0	1.0	1.0	0.0	1.0	1.0	1.0	0.0	0.0	1.0	0.0	0.0	1.0	1.0	0.0	0.0	0.0	0.0	0.0	0.0	1.0	0.0	1.0	1.0	3.0	2019.0	"SUR"	0.0	82.0	0.48520710059171596
"SUR82"	0.0	1.0	0.0	0.0	1.0	5.0	71.0	0.071		0.0	0.6	0.0	0.6	0.0	0.4	0.0	1.0	1.0	0.8	0.0	0.8	0.0	0.4	0.0	0.4	0.0	0.4	0.0	0.4	0.0	0.0	1.0	0.2	0.0	0.0	0.0	0.2	0.0	0.0	0.0	0.0	0.0	0.2	0.0	0.2	1.0	0.2	98.0	0.5664739884393064	71.0	0.41040462427745666	2.0	0.011560693641618497	2.0	0.011560693641618497	0.0	323.0	0.0	73.0	0.42196531791907516	173.0	1.0	0.0	0.0	0.0	1.0	1.0	0.0	0.0	0.0	0.0	0.0	0.0	0.0	0.0	0.0	0.0	0.0	0.0	1.0	0.0	0.0	0.0	0.0	3.0	2019.0	"SUR"	0.0	75.0	0.43352601156069365
"SUR83"	1.0	1.0	0.0	0.0	1.0	3.0	11.0	0.083		0.0	0.6666666666666665	0.0	0.6666666666666665	0.0	0.33333333333333326	0.0	1.0	1.0	0.6666666666666665	0.0	0.6666666666666665	0.0	0.33333333333333326	0.0	0.33333333333333326	0.0	0.33333333333333326	0.0	0.33333333333333326	0.0	0.0	1.0	0.33333333333333326	0.0	0.0	1.0	0.33333333333333326	0.0	0.0	1.0	0.33333333333333326	0.0	0.33333333333333326	0.0	0.0	0.0	0.0	72.0	0.9230769230769231	3.0	0.038461538461538464	3.0	0.038461538461538464	0.0	0.0	0.0	108.0	0.0	6.0	0.07692307692307693	78.0	0.0	0.0	0.0	0.0	0.0	0.0	0.0	0.0	0.0	0.0	1.0	0.0	0.0	0.0	0.0	0.0	0.0	0.0	0.0	0.0	0.0	0.0	1.0	1.0	2019.0	"SUR"	0.0	6.0	0.07692307692307693
"SUR84"	1.0	1.0	0.0	0.0	1.0	6.0	47.0	0.141		0.0	0.8333333333333335	0.0	0.8333333333333335	0.0	0.0	1.0	1.0	0.0	0.33333333333333326	0.0	0.5	1.0	0.5	1.0	0.5	1.0	0.5	1.0	0.5	0.0	0.0	1.0	0.5	0.0	0.0	0.0	0.0	0.0	0.0	1.0	0.5	1.0	0.6666666666666665	0.0	0.33333333333333326	0.0	0.0	71.0	0.3463414634146341	128.0	0.624390243902439	2.0	0.00975609756097561	4.0	0.01951219512195122	0.0	415.0	0.0	130.0	0.6341463414634146	205.0	1.0	1.0	0.0	1.0	1.0	1.0	1.0	0.0	0.0	0.0	0.0	0.0	1.0	0.0	0.0	0.0	0.0	1.0	1.0	1.0	1.0	1.0	1.0	2.0	2019.0	"SUR"	0.0	134.0	0.6536585365853659
"SUR86"	0.0	1.0	1.0	0.0	1.0	4.0	54.0	0.131		0.0	0.5	0.0	0.5	0.0	0.0	0.0	1.0	1.0	0.75	0.0	0.75	0.0	0.25	0.0	0.25	0.0	0.25	0.0	0.25	1.0	0.25	1.0	0.25	1.0	0.25	0.0	0.0	0.0	0.0	0.0	0.0	1.0	0.5	0.0	0.25	0.0	0.0	70.0	0.3465346534653465	131.0	0.6485148514851485	1.0	0.0049504950495049506	0.0	0.0	0.0	355.0	0.0	132.0	0.6534653465346535	202.0	1.0	1.0	0.0	1.0	0.0	1.0	0.0	0.0	1.0	0.0	0.0	0.0	1.0	0.0	0.0	0.0	1.0	0.0	0.0	0.0	0.0	0.0	1.0	3.0	2019.0	"SUR"	0.0	132.0	0.6534653465346535
"SUR88"	0.0	1.0	1.0	0.0	1.0	2.0	62.0	0.128		0.0	1.0	1.0	1.0	1.0	0.5	1.0	1.0	1.0	0.5	1.0	1.0	1.0	0.5	1.0	0.5	1.0	0.5	1.0	0.5	0.0	0.0	1.0	0.5	0.0	0.0	1.0	0.5	0.0	0.0	1.0	0.5	1.0	1.0	0.0	0.0	0.0	0.0	74.0	0.7956989247311828	18.0	0.1935483870967742	1.0	0.010752688172043012	0.0	0.0	0.0	136.0	0.0	19.0	0.20430107526881722	93.0	1.0	0.0	0.0	0.0	1.0	0.0	0.0	0.0	0.0	0.0	0.0	0.0	0.0	0.0	0.0	0.0	0.0	0.0	1.0	0.0	0.0	0.0	1.0	2.0	2019.0	"SUR"	0.0	19.0	0.20430107526881722
"SUR9"	0.0	1.0	0.0	1.0	1.0	3.0	54.0	0.063		1.0	1.0	1.0	1.0	1.0	1.0	1.0	1.0	0.0	0.0	0.0	0.0	1.0	0.6666666666666665	1.0	0.6666666666666665	1.0	0.6666666666666665	1.0	1.0	0.0	0.0	1.0	0.33333333333333326	0.0	0.0	1.0	0.6666666666666665	0.0	0.0	0.0	0.0	1.0	1.0	1.0	1.0	0.0	0.0	106.0	0.3719298245614035	175.0	0.6140350877192983	0.0	0.0	4.0	0.014035087719298246	0.0	664.0	0.0	175.0	0.6140350877192983	285.0	1.0	1.0	0.0	0.0	1.0	1.0	0.0	0.0	0.0	0.0	0.0	1.0	0.0	0.0	0.0	0.0	0.0	1.0	1.0	0.0	0.0	0.0	1.0	3.0	2019.0	"SUR"	0.0	179.0	0.6280701754385964
"SUR90"	0.0	1.0	0.0	1.0	1.0	4.0	33.0	0.14400000000000002		0.0	0.75	0.0	0.75	0.0	0.0	1.0	1.0	0.0	0.25	0.0	0.75	0.0	0.25	0.0	0.25	0.0	0.25	1.0	0.5	1.0	0.25	1.0	0.25	0.0	0.0	1.0	0.25	0.0	0.0	1.0	0.5	0.0	0.25	1.0	0.75	1.0	0.25	175.0	0.43103448275862066	224.0	0.5517241379310345	2.0	0.0049261083743842365	5.0	0.012315270935960592	0.0	644.0	0.0	226.0	0.5566502463054187	406.0	1.0	1.0	0.0	1.0	1.0	1.0	1.0	1.0	1.0	0.0	0.0	1.0	1.0	0.0	0.0	0.0	0.0	1.0	1.0	0.0	0.0	1.0	1.0	2.0	2019.0	"SUR"	0.0	231.0	0.5689655172413793
"SUR91"	0.0	1.0	0.0	0.0	1.0	2.0	27.0	0.121		0.0	0.5	0.0	0.5	1.0	0.5	1.0	1.0	0.0	0.0	0.0	0.0	1.0	0.5	1.0	0.5	1.0	0.5	1.0	0.5	0.0	0.0	1.0	0.5	0.0	0.0	1.0	1.0	0.0	0.0	0.0	0.0	1.0	1.0	1.0	1.0	1.0	0.5	110.0	0.3832752613240418	177.0	0.6167247386759582	0.0	0.0	0.0	0.0	0.0	557.0	0.0	177.0	0.6167247386759582	287.0	1.0	1.0	0.0	0.0	1.0	1.0	0.0	0.0	0.0	0.0	0.0	0.0	1.0	0.0	0.0	0.0	0.0	1.0	0.0	1.0	0.0	1.0	1.0	3.0	2019.0	"SUR"	0.0	177.0	0.6167247386759582
"SUR92"	0.0	1.0	0.0	0.0	1.0	3.0	39.0	0.11599999999999999		0.0	1.0	1.0	1.0	0.0	0.33333333333333326	0.0	1.0	0.0	0.33333333333333326	0.0	0.33333333333333326	0.0	0.33333333333333326	0.0	0.33333333333333326	0.0	0.33333333333333326	1.0	0.6666666666666665	0.0	0.0	0.0	0.0	0.0	0.0	0.0	0.0	0.0	0.0	0.0	0.0	0.0	0.33333333333333326	0.0	0.33333333333333326	0.0	0.0	77.0	0.3581395348837209	138.0	0.641860465116279	0.0	0.0	0.0	0.0	0.0	281.0	0.0	138.0	0.641860465116279	215.0	1.0	1.0	0.0	1.0	1.0	1.0	0.0	0.0	0.0	0.0	0.0	0.0	0.0	0.0	0.0	0.0	0.0	1.0	1.0	1.0	0.0	0.0	1.0	3.0	2019.0	"SUR"	0.0	138.0	0.641860465116279
"SUR95"	0.0	1.0	0.0	0.0	1.0	2.0	42.0	0.09300000000000001		0.0	0.5	0.0	0.5	1.0	0.5	1.0	1.0	1.0	1.0	1.0	1.0	1.0	0.5	1.0	0.5	1.0	0.5	1.0	0.5	0.0	0.0	1.0	0.5	0.0	0.0	0.0	0.0	0.0	0.0	0.0	0.0	1.0	0.5	1.0	0.5	0.0	0.0	131.0	0.48518518518518516	126.0	0.4666666666666667	10.0	0.037037037037037035	3.0	0.011111111111111112	0.0	321.0	0.0	136.0	0.5037037037037037	270.0	1.0	0.0	0.0	0.0	1.0	1.0	0.0	0.0	1.0	0.0	0.0	1.0	0.0	0.0	0.0	0.0	0.0	1.0	1.0	0.0	0.0	1.0	1.0	2.0	2019.0	"SUR"	0.0	139.0	0.5148148148148148
"SUR96"	0.0	1.0	0.0	0.0	1.0	4.0	70.0	0.066		0.0	0.5714285714285714	0.0	0.5714285714285714	1.0	0.7142857142857143	1.0	1.0	0.0	0.42857142857142855	0.0	0.42857142857142855	0.0	0.14285714285714285	0.0	0.14285714285714285	0.0	0.14285714285714285	0.0	0.2857142857142857	0.0	0.0	1.0	0.14285714285714285	0.0	0.0	1.0	0.2857142857142857	0.0	0.0	1.0	0.2857142857142857	0.0	0.14285714285714285	1.0	0.5714285714285714	0.0	0.0	123.0	0.4241379310344828	166.0	0.5724137931034483	0.0	0.0	1.0	0.0034482758620689655	0.0	361.0	0.0	166.0	0.5724137931034483	290.0	1.0	0.0	1.0	0.0	1.0	1.0	0.0	1.0	1.0	0.0	1.0	1.0	0.0	1.0	1.0	0.0	0.0	1.0	1.0	1.0	1.0	0.0	1.0	3.0	2019.0	"SUR"	0.0	167.0	0.5758620689655173
"SUR97"	0.0	1.0	1.0	0.0	1.0	5.0	56.0	0.105		0.0	0.4	0.0	0.6	0.0	0.2	0.0	0.8	1.0	1.0	1.0	1.0	0.0	0.4	0.0	0.4	0.0	0.4	0.0	0.4	0.0	0.0	0.0	0.0	0.0	0.0	0.0	0.0	0.0	0.0	0.0	0.0	0.0	0.2	0.0	0.4	1.0	0.4	93.0	0.484375	95.0	0.4947916666666667	4.0	0.020833333333333332	0.0	0.0	0.0	356.0	0.0	99.0	0.515625	192.0	1.0	1.0	0.0	1.0	1.0	1.0	0.0	1.0	1.0	0.0	1.0	1.0	0.0	0.0	0.0	0.0	0.0	1.0	1.0	0.0	0.0	1.0	1.0	3.0	2019.0	"SUR"	0.0	99.0	0.515625
"SUR98"	1.0	1.0	0.0	0.0	1.0	6.0	68.0	0.242		0.0	0.5	0.0	0.6666666666666665	0.0	0.16666666666666663	1.0	1.0	1.0	0.6666666666666665	0.0	0.8333333333333335	0.0	0.33333333333333326	0.0	0.33333333333333326	0.0	0.33333333333333326	1.0	0.5	0.0	0.0	1.0	0.8333333333333335	1.0	0.16666666666666663	0.0	0.0	0.0	0.0	1.0	0.5	1.0	0.8333333333333335	0.0	0.0	1.0	0.333333333333333	86.0	0.4387755102040816	108.0	0.5510204081632653	2.0	0.01020408163265306	0.0	0.0	0.0	450.0	0.0	110.0	0.5612244897959183	196.0	0.0	0.0	0.0	1.0	0.0	1.0	0.0	1.0	1.0	0.0	0.0	1.0	1.0	0.0	0.0	0.0	0.0	0.0	0.0	0.0	0.0	1.0	1.0	3.0	2019.0	"SUR"	0.0	110.0	0.5612244897959183
"TOR100"	0.0	1.0	1.0	0.0	0.0	5.0	67.0	0.253	4.0	0.0	0.8	1.0	1.0	1.0	1.0	1.0	1.0	1.0	0.8	1.0	1.0	1.0	0.6	0.0	0.4	0.0	0.0	1.0	0.6	1.0	0.2	1.0	0.2	1.0	0.2	1.0	0.6	0.0	0.0	0.0	0.2	0.0	0.2	1.0	0.8	0.0	0.0	198.0	0.31781701444622795	425.0	0.6821829855537721	0.0	0.0	0.0	0.0	3.0	710.0	0.004225352112676056	425.0	0.6821829855537721	623.0	1.0	0.0	0.0	1.0	1.0	1.0	0.0	0.0	1.0	0.0	0.0	1.0	0.0	0.0	0.0	0.0	0.0	1.0	1.0	0.0	0.0	1.0	1.0	4.0	2018.0	"TOR"	0.004225352112676056	425.0	0.6821829855537721
"TOR1013"	0.0	1.0	0.0	0.0	1.0	4.0	48.0	0.165	2.0	0.0	0.75	1.0	1.0	1.0	0.5	1.0	0.5	0.0	0.0	0.0	0.0	1.0	1.0	1.0	1.0	0.0	0.0	1.0	0.5	0.0	0.0	1.0	0.5	0.0	0.0	1.0	0.25	0.0	0.0	0.0	0.0	1.0	0.5	0.0	0.0	0.0	0.0	97.0	0.38645418326693226	136.0	0.5418326693227091	17.0	0.06772908366533864	1.0	0.00398406374501992	98.0	450.0	0.21777777777777776	153.0	0.6095617529880478	251.0	0.0	1.0	1.0	0.0	1.0	0.0	0.0	0.0	1.0	0.0	0.0	0.0	0.0	0.0	0.0	0.0	0.0	1.0	1.0	0.0	1.0	0.0	0.0	4.0	2018.0	"TOR"	0.21777777777777776	154.0	0.6135458167330677
"TOR1069"	0.0	1.0	0.0	1.0	0.0	3.0	78.0	0.212	4.0	1.0	1.0	1.0	1.0	1.0	0.6666666666666666	1.0	1.0	1.0	0.6666666666666666	1.0	1.0	1.0	1.0	1.0	1.0	1.0	0.6666666666666666	0.0	0.3333333333333333	1.0	0.3333333333333333	0.0	0.0	1.0	0.6666666666666666	0.0	0.0	0.0	0.0	1.0	0.6666666666666666	1.0	0.6666666666666666	0.0	0.3333333333333333	1.0	0.3333333333333333	31.0	0.20394736842105263	117.0	0.7697368421052632	2.0	0.013157894736842105	2.0	0.013157894736842105	97.0	497.0	0.19517102615694165	119.0	0.7828947368421053	152.0	1.0	0.0	0.0	1.0	1.0	1.0	0.0	0.0	1.0	0.0	0.0	1.0	1.0	0.0	0.0	0.0	0.0	1.0	1.0	1.0	0.0	1.0	1.0	4.0	2018.0	"TOR"	0.19517102615694165	121.0	0.7960526315789473
"TOR1077"	0.0	1.0	0.0	0.0	1.0	4.0	88.0	0.076	3.0	1.0	1.0	1.0	1.0	1.0	1.0	1.0	1.0	0.0	0.0	0.0	0.5	1.0	1.0	1.0	0.75	0.0	0.0	1.0	1.0	0.0	0.0	1.0	0.25	0.0	0.0	1.0	0.25	1.0	0.25	1.0	0.75	1.0	0.75	0.0	0.0	0.0	0.0	46.0	0.215962441314554	146.0	0.6854460093896714	10.0	0.046948356807511735	11.0	0.051643192488262914	0.0	361.0	0.0	156.0	0.7323943661971831	213.0	1.0	1.0	0.0	0.0	1.0	1.0	0.0	0.0	0.0	0.0	0.0	1.0	0.0	0.0	0.0	0.0	0.0	0.0	1.0	0.0	0.0	1.0	1.0	5.0	2018.0	"TOR"	0.0	167.0	0.784037558685446
"TOR1081"	0.0	1.0	1.0	1.0	0.0	3.0	54.0	0.14400000000000002	2.0	1.0	1.0	1.0	1.0	0.0	0.0	1.0	1.0	1.0	1.0	1.0	1.0	1.0	1.0	0.0	0.3333333333333333	0.0	0.0	1.0	1.0	0.0	0.0	1.0	0.3333333333333333	1.0	0.3333333333333333	1.0	0.3333333333333333	0.0	0.0	1.0	0.3333333333333333	0.0	0.3333333333333333	0.0	0.0	0.0	0.0	154.0	0.3657957244655582	250.0	0.5938242280285035	11.0	0.026128266033254157	6.0	0.014251781472684086	33.0	487.0	0.06776180698151951	261.0	0.6199524940617577	421.0	1.0	0.0	0.0	1.0	1.0	1.0	0.0	0.0	1.0	0.0	0.0	1.0	1.0	1.0	1.0	0.0	0.0	1.0	1.0	1.0	1.0	1.0	1.0	3.0	2018.0	"TOR"	0.06776180698151951	267.0	0.6342042755344418
"TOR1102"	0.0	0.0	0.0	0.0	1.0	4.0	88.0	0.121	3.0	1.0	1.0	1.0	1.0	1.0	1.0	1.0	1.0	1.0	1.0	1.0	1.0	1.0	0.75	1.0	0.75	1.0	0.75	1.0	0.5	0.0	0.0	0.0	0.0	1.0	0.25	0.0	0.0	1.0	0.75	1.0	0.5	1.0	0.75	1.0	1.0	1.0	1.0	54.0	0.20074349442379183	210.0	0.7806691449814126	2.0	0.007434944237918215	3.0	0.011152416356877323	4.0	448.0	0.008928571428571428	212.0	0.7881040892193308	269.0	1.0	1.0	0.0	1.0	1.0	1.0	0.0	0.0	1.0	0.0	0.0	1.0	1.0	0.0	0.0	0.0	0.0	1.0	1.0	1.0	0.0	1.0	1.0	5.0	2018.0	"TOR"	0.008928571428571428	215.0	0.7992565055762082
"TOR1108"	0.0	0.0	0.0	1.0	0.0	4.0	91.0	0.203	4.0	1.0	1.0	1.0	1.0	1.0	1.0	1.0	1.0	0.0	0.0	0.0	0.0	1.0	1.0	1.0	0.75	0.0	0.0	1.0	0.5	0.0	0.0	1.0	0.5	1.0	0.25	1.0	0.5	0.0	0.0	1.0	0.25	1.0	0.5	1.0	1.0	1.0	1.0	85.0	0.21573604060913706	270.0	0.6852791878172588	17.0	0.04314720812182741	22.0	0.05583756345177665	0.0	758.0	0.0	287.0	0.7284263959390863	394.0	1.0	1.0	1.0	1.0	1.0	1.0	1.0	1.0	1.0	0.0	0.0	1.0	0.0	0.0	0.0	0.0	0.0	1.0	1.0	0.0	0.0	1.0	1.0	4.0	2018.0	"TOR"	0.0	309.0	0.7842639593908629
"TOR118"	0.0	0.0	0.0	0.0	0.0	4.0	76.0	0.138	4.0	1.0	1.0	1.0	1.0	0.0	0.0	1.0	0.5	0.0	0.0	0.0	0.0	0.0	0.25	0.0	0.25	0.0	0.0	1.0	0.5	0.0	0.0	0.0	0.0	0.0	0.0	1.0	0.25	0.0	0.0	0.0	0.0	1.0	0.5	1.0	0.5	0.0	0.0	61.0	0.1967741935483871	248.0	0.8	1.0	0.0032258064516129032	0.0	0.0	35.0	464.0	0.07543103448275862	249.0	0.8032258064516129	310.0	1.0	0.0	0.0	0.0	1.0	1.0	0.0	0.0	1.0	0.0	1.0	1.0	0.0	0.0	0.0	0.0	0.0	1.0	1.0	1.0	1.0	1.0	1.0	3.0	2018.0	"TOR"	0.07543103448275862	249.0	0.8032258064516129
"TOR127"	0.0	1.0	0.0	1.0	1.0	2.0	46.0	0.049	1.0	1.0	1.0	1.0	1.0	1.0	1.0	1.0	1.0	0.0	0.0	0.0	0.0	1.0	1.0	1.0	0.5	0.0	0.0	0.0	0.0	1.0	0.5	1.0	0.5	1.0	0.5	0.0	0.0	0.0	0.0	0.0	0.0	1.0	0.5	1.0	1.0	1.0	1.0	136.0	0.3655913978494624	231.0	0.6209677419354839	4.0	0.010752688172043012	1.0	0.002688172043010753	7.0	680.0	0.010294117647058823	235.0	0.6317204301075269	372.0	1.0	1.0	0.0	0.0	0.0	1.0	0.0	0.0	0.0	0.0	0.0	0.0	0.0	1.0	1.0	0.0	0.0	1.0	1.0	1.0	0.0	0.0	0.0	3.0	2018.0	"TOR"	0.010294117647058823	236.0	0.6344086021505376
"TOR142"	1.0	1.0	1.0	0.0	0.0	2.0	62.0	0.19899999999999998	2.0	1.0	1.0	1.0	1.0	1.0	1.0	1.0	1.0	1.0	1.0	1.0	1.0	1.0	1.0	1.0	0.5	0.0	0.0	1.0	0.5	0.0	0.0	1.0	0.5	1.0	0.5	1.0	1.0	0.0	0.0	1.0	1.0	1.0	0.5	1.0	0.5	1.0	0.5	106.0	0.22795698924731184	353.0	0.7591397849462366	5.0	0.010752688172043012	1.0	0.002150537634408602	101.0	888.0	0.11373873873873874	358.0	0.7698924731182796	465.0	1.0	1.0	0.0	1.0	1.0	1.0	1.0	1.0	1.0	0.0	0.0	1.0	1.0	1.0	0.0	0.0	0.0	1.0	1.0	1.0	0.0	1.0	1.0	4.0	2018.0	"TOR"	0.11373873873873874	359.0	0.7720430107526882
"TOR152"	0.0	1.0	0.0	0.0	0.0	4.0	77.0	0.09	3.0	1.0	1.0	1.0	1.0	1.0	0.5	1.0	0.75	0.0	0.0	0.0	0.0	1.0	0.75	1.0	0.75	0.0	0.0	1.0	0.75	1.0	0.25	0.0	0.0	0.0	0.0	0.0	0.0	0.0	0.0	0.0	0.0	1.0	0.5	1.0	1.0	1.0	1.0	41.0	0.3474576271186441	69.0	0.5847457627118644	5.0	0.0423728813559322	3.0	0.025423728813559324	0.0	153.0	0.0	74.0	0.6271186440677966	118.0	0.0	1.0	0.0	1.0	1.0	1.0	1.0	0.0	1.0	0.0	0.0	1.0	0.0	1.0	1.0	0.0	0.0	1.0	1.0	1.0	0.0	1.0	1.0	4.0	2018.0	"TOR"	0.0	77.0	0.652542372881356
"TOR156"	0.0	1.0	0.0	0.0	1.0	4.0	94.0	0.09	3.0	1.0	1.0	1.0	1.0	1.0	1.0	1.0	1.0	1.0	0.5	0.0	0.5	1.0	0.75	1.0	0.75	1.0	0.75	1.0	0.5	1.0	0.25	1.0	0.25	0.0	0.0	0.0	0.0	1.0	0.25	1.0	1.0	1.0	0.75	1.0	0.5	1.0	0.25	46.0	0.23958333333333334	124.0	0.6458333333333334	11.0	0.057291666666666664	11.0	0.057291666666666664	14.0	331.0	0.04229607250755287	135.0	0.703125	192.0	1.0	1.0	0.0	1.0	1.0	1.0	0.0	0.0	1.0	0.0	0.0	1.0	1.0	1.0	1.0	0.0	0.0	1.0	1.0	0.0	0.0	1.0	1.0	5.0	2018.0	"TOR"	0.04229607250755287	146.0	0.7604166666666666
"TOR157"	0.0	1.0	1.0	1.0	0.0	4.0	58.0	0.222	2.0	1.0	1.0	1.0	1.0	1.0	1.0	1.0	1.0	1.0	1.0	1.0	1.0	1.0	0.75	1.0	0.5	0.0	0.0	1.0	0.5	0.0	0.0	1.0	0.5	0.0	0.0	1.0	0.5	0.0	0.0	1.0	0.5	0.0	0.25	1.0	0.75	0.0	0.0	179.0	0.4292565947242206	236.0	0.565947242206235	1.0	0.002398081534772182	1.0	0.002398081534772182	37.0	549.0	0.06739526411657559	237.0	0.5683453237410072	417.0	1.0	0.0	0.0	1.0	1.0	1.0	1.0	0.0	0.0	0.0	0.0	0.0	0.0	0.0	0.0	0.0	0.0	1.0	1.0	0.0	0.0	1.0	1.0	3.0	2018.0	"TOR"	0.06739526411657559	238.0	0.5707434052757794
"TOR170"	0.0	1.0	0.0	0.0	0.0	6.0	60.0	0.145	2.0	1.0	1.0	1.0	1.0	0.0	0.3333333333333333	1.0	0.8333333333333334	0.0	0.0	0.0	0.0	0.0	0.3333333333333333	0.0	0.16666666666666666	0.0	0.0	1.0	0.8333333333333334	0.0	0.0	0.0	0.0	1.0	0.16666666666666666	1.0	0.6666666666666666	0.0	0.0	1.0	0.6666666666666666	0.0	0.3333333333333333	0.0	0.0	0.0	0.0	38.0	0.2835820895522388	96.0	0.7164179104477612	0.0	0.0	0.0	0.0	27.0	184.0	0.14673913043478262	96.0	0.7164179104477612	134.0	0.0	1.0	1.0	0.0	0.0	0.0	0.0	1.0	0.0	0.0	1.0	0.0	0.0	0.0	0.0	0.0	0.0	0.0	0.0	1.0	0.0	1.0	1.0	3.0	2018.0	"TOR"	0.14673913043478262	96.0	0.7164179104477612
"TOR174"	0.0	1.0	0.0	0.0	0.0	4.0	72.0	0.11599999999999999	3.0	1.0	1.0	1.0	1.0	1.0	1.0	1.0	1.0	1.0	1.0	1.0	1.0	1.0	1.0	1.0	1.0	0.0	0.0	0.0	0.25	0.0	0.0	0.0	0.0	1.0	0.25	0.0	0.0	0.0	0.0	1.0	0.25	1.0	0.75	1.0	0.5	0.0	0.0	32.0	0.2206896551724138	112.0	0.7724137931034483	1.0	0.006896551724137931	0.0	0.0	24.0	314.0	0.07643312101910828	113.0	0.7793103448275862	145.0	1.0	1.0	0.0	0.0	1.0	1.0	0.0	0.0	1.0	0.0	0.0	0.0	1.0	1.0	1.0	0.0	0.0	1.0	1.0	0.0	0.0	1.0	1.0	4.0	2018.0	"TOR"	0.07643312101910828	113.0	0.7793103448275862
"TOR189"	0.0	1.0	0.0	0.0	1.0	4.0	84.0	0.16	4.0	1.0	1.0	1.0	1.0	1.0	1.0	1.0	1.0	1.0	1.0	1.0	1.0	1.0	0.75	1.0	0.75	1.0	0.75	0.0	0.25	0.0	0.0	0.0	0.0	0.0	0.0	0.0	0.0	0.0	0.0	1.0	0.25	1.0	0.75	1.0	1.0	0.0	0.0	22.0	0.09606986899563319	205.0	0.8951965065502183	2.0	0.008733624454148471	0.0	0.0	10.0	325.0	0.03076923076923077	207.0	0.9039301310043668	229.0	0.0	0.0	0.0	0.0	0.0	0.0	0.0	0.0	0.0	0.0	0.0	1.0	1.0	1.0	0.0	0.0	0.0	1.0	1.0	1.0	0.0	0.0	0.0	5.0	2018.0	"TOR"	0.03076923076923077	207.0	0.9039301310043668
"TOR198"	0.0	1.0	1.0	1.0	0.0	4.0	65.0	0.094	3.0	1.0	1.0	1.0	1.0	1.0	0.5	1.0	0.5	1.0	1.0	1.0	1.0	1.0	0.5	1.0	0.5	0.0	0.0	1.0	0.75	0.0	0.0	1.0	0.5	1.0	0.25	1.0	0.25	0.0	0.0	0.0	0.0	0.0	0.25	1.0	0.5	1.0	0.25	161.0	0.5348837209302325	138.0	0.4584717607973422	1.0	0.0033222591362126247	1.0	0.0033222591362126247	1.0	343.0	0.0029154518950437317	139.0	0.46179401993355484	301.0	1.0	0.0	0.0	1.0	1.0	1.0	1.0	1.0	0.0	0.0	1.0	1.0	0.0	0.0	0.0	0.0	0.0	1.0	1.0	0.0	0.0	1.0	1.0	4.0	2018.0	"TOR"	0.0029154518950437317	140.0	0.46511627906976744
"TOR206"	0.0	1.0	1.0	1.0	0.0	6.0	57.0	0.248	2.0	0.0	0.8333333333333334	1.0	1.0	1.0	0.6666666666666666	1.0	0.8333333333333334	1.0	1.0	1.0	1.0	1.0	0.6666666666666666	0.0	0.3333333333333333	0.0	0.0	1.0	0.5	1.0	0.3333333333333333	1.0	0.16666666666666666	1.0	0.16666666666666666	1.0	0.3333333333333333	0.0	0.0	0.0	0.0	0.0	0.16666666666666666	1.0	0.5	0.0	0.0	44.0	0.16236162361623616	226.0	0.8339483394833949	0.0	0.0	1.0	0.0036900369003690036	0.0	310.0	0.0	226.0	0.8339483394833949	271.0	0.0	0.0	0.0	0.0	0.0	0.0	0.0	0.0	0.0	0.0	0.0	1.0	0.0	0.0	0.0	0.0	0.0	1.0	1.0	0.0	0.0	0.0	0.0	4.0	2018.0	"TOR"	0.0	227.0	0.8376383763837638
"TOR21"	1.0	1.0	0.0	0.0	1.0	4.0	82.0	0.049	3.0	0.0	0.75	0.0	0.75	0.0	0.0	1.0	1.0	1.0	1.0	1.0	1.0	1.0	1.0	1.0	1.0	0.0	0.0	0.0	0.25	1.0	0.75	0.0	0.0	1.0	0.25	0.0	0.0	0.0	0.0	0.0	0.0	1.0	0.75	0.0	0.0	0.0	0.0	45.0	0.16666666666666666	163.0	0.6037037037037037	38.0	0.14074074074074075	24.0	0.08888888888888889	14.0	511.0	0.0273972602739726	201.0	0.7444444444444445	270.0	1.0	0.0	0.0	1.0	1.0	1.0	1.0	1.0	0.0	0.0	0.0	0.0	0.0	1.0	1.0	0.0	0.0	1.0	1.0	1.0	0.0	1.0	1.0	4.0	2018.0	"TOR"	0.0273972602739726	225.0	0.8333333333333334
"TOR220"	0.0	1.0	0.0	1.0	0.0	5.0	72.0	0.155	4.0	0.0	0.4	0.0	0.4	1.0	0.6	1.0	0.6	0.0	0.4	0.0	0.4	0.0	0.4	0.0	0.0	0.0	0.0	1.0	0.8	1.0	0.4	0.0	0.0	0.0	0.0	0.0	0.2	0.0	0.0	0.0	0.2	0.0	0.2	1.0	1.0	1.0	1.0	70.0	0.6481481481481481	36.0	0.3333333333333333	2.0	0.018518518518518517	0.0	0.0	16.0	232.0	0.06896551724137931	38.0	0.35185185185185186	108.0	1.0	1.0	0.0	1.0	0.0	1.0	0.0	0.0	0.0	0.0	0.0	1.0	0.0	0.0	0.0	0.0	0.0	0.0	0.0	0.0	0.0	0.0	0.0	2.0	2018.0	"TOR"	0.06896551724137931	38.0	0.35185185185185186
"TOR225"	0.0	1.0	0.0	1.0	0.0	4.0	49.0	0.11900000000000001	1.0	1.0	1.0	1.0	1.0	1.0	0.75	1.0	1.0	1.0	0.75	1.0	1.0	1.0	1.0	1.0	1.0	0.0	0.0	1.0	1.0	0.0	0.0	0.0	0.0	1.0	0.25	1.0	0.25	0.0	0.0	1.0	0.75	1.0	0.5	1.0	1.0	1.0	1.0	47.0	0.41964285714285715	60.0	0.5357142857142857	4.0	0.03571428571428571	1.0	0.008928571428571428	26.0	145.0	0.1793103448275862	64.0	0.5714285714285714	112.0	0.0	0.0	0.0	0.0	1.0	0.0	0.0	0.0	1.0	0.0	0.0	1.0	1.0	0.0	0.0	0.0	0.0	1.0	1.0	0.0	0.0	1.0	1.0	3.0	2018.0	"TOR"	0.1793103448275862	65.0	0.5803571428571429
"TOR273"	0.0	1.0	0.0	0.0	0.0	5.0	72.0	0.055	3.0	0.0	0.6	0.0	0.6	1.0	0.6	1.0	0.6	1.0	0.6	0.0	0.6	1.0	0.6	0.0	0.4	0.0	0.2	1.0	0.6	1.0	0.2	1.0	0.2	0.0	0.0	0.0	0.0	0.0	0.2	1.0	0.5	0.0	0.2	1.0	1.0	1.0	1.0	67.0	0.5447154471544715	51.0	0.4146341463414634	4.0	0.032520325203252036	1.0	0.008130081300813009	0.0	259.0	0.0	55.0	0.44715447154471544	123.0	1.0	0.0	0.0	1.0	1.0	1.0	0.0	0.0	1.0	0.0	0.0	1.0	1.0	0.0	0.0	0.0	0.0	1.0	1.0	0.0	1.0	1.0	1.0	5.0	2018.0	"TOR"	0.0	56.0	0.45528455284552843
"TOR276"	1.0	1.0	0.0	1.0	0.0	5.0	49.0	0.06	1.0	0.0	0.6	1.0	1.0	0.0	0.4	1.0	0.8	1.0	0.8	1.0	1.0	0.0	0.4	0.0	0.4	0.0	0.0	1.0	0.6	0.0	0.0	1.0	0.2	0.0	0.0	1.0	0.4	0.0	0.0	0.0	0.2	0.0	0.2	0.0	0.0	0.0	0.0	107.0	0.535	93.0	0.465	0.0	0.0	0.0	0.0	0.0	257.0	0.0	93.0	0.465	200.0	1.0	1.0	1.0	1.0	0.0	1.0	0.0	0.0	1.0	0.0	0.0	1.0	1.0	1.0	1.0	0.0	0.0	1.0	1.0	0.0	0.0	0.0	0.0	2.0	2018.0	"TOR"	0.0	93.0	0.465
"TOR278"	1.0	0.0	0.0	0.0	0.0	3.0	59.0	0.129	2.0	0.0	0.3333333333333333	0.0	0.6666666666666666	0.0	0.0	0.0	0.3333333333333333	0.0	0.0	0.0	0.0	0.0	0.0	0.0	0.0	0.0	0.0	0.0	0.0	0.0	0.0	0.0	0.0	0.0	0.0	0.0	0.0	0.0	0.0	0.0	0.0	1.0	0.6666666666666666	0.0	0.0	0.0	0.0	50.0	0.3816793893129771	74.0	0.5648854961832062	4.0	0.030534351145038167	3.0	0.022900763358778626	19.0	194.0	0.0979381443298969	78.0	0.5954198473282443	131.0	0.0	0.0	0.0	0.0	0.0	0.0	0.0	0.0	1.0	0.0	0.0	1.0	0.0	0.0	0.0	0.0	0.0	0.0	0.0	0.0	0.0	0.0	0.0	3.0	2018.0	"TOR"	0.0979381443298969	81.0	0.6183206106870229
"TOR296"	1.0	1.0	0.0	0.0	0.0	5.0	82.0	0.057	3.0	1.0	1.0	1.0	1.0	1.0	0.6	1.0	0.8	1.0	1.0	1.0	1.0	0.0	0.4	0.0	0.4	0.0	0.4	0.0	0.2	0.0	0.0	1.0	0.2	1.0	0.2	1.0	0.4	0.0	0.0	1.0	0.4	0.0	0.4	0.0	0.2	0.0	0.0	60.0	0.4166666666666667	83.0	0.5763888888888888	0.0	0.0	1.0	0.006944444444444444	43.0	262.0	0.16412213740458015	83.0	0.5763888888888888	144.0	1.0	1.0	0.0	1.0	1.0	1.0	1.0	0.0	1.0	0.0	0.0	1.0	1.0	0.0	0.0	0.0	0.0	1.0	1.0	0.0	1.0	1.0	1.0	3.0	2018.0	"TOR"	0.16412213740458015	84.0	0.5833333333333334
"TOR333"	0.0	1.0	0.0	0.0	1.0	4.0	80.0	0.059000000000000004	3.0	0.0	0.5	1.0	1.0	1.0	0.5	1.0	1.0	0.0	0.0	0.0	0.0	1.0	0.75	1.0	0.75	0.0	0.0	0.0	0.25	0.0	0.0	1.0	0.5	1.0	0.25	1.0	0.25	0.0	0.0	0.0	0.0	1.0	0.5	1.0	1.0	1.0	1.0	146.0	0.39037433155080214	214.0	0.5721925133689839	7.0	0.01871657754010695	7.0	0.01871657754010695	16.0	553.0	0.028933092224231464	221.0	0.5909090909090909	374.0	1.0	1.0	1.0	1.0	1.0	1.0	1.0	1.0	1.0	0.0	0.0	1.0	1.0	1.0	1.0	0.0	0.0	1.0	1.0	0.0	0.0	1.0	1.0	4.0	2018.0	"TOR"	0.028933092224231464	228.0	0.6096256684491979
"TOR339"	0.0	1.0	0.0	0.0	0.0	6.0	39.0	0.18600000000000003	2.0	0.0	0.0	0.0	0.3333333333333333	0.0	0.16666666666666666	0.0	0.16666666666666666	0.0	0.0	0.0	0.0	0.0	0.3333333333333333	0.0	0.3333333333333333	0.0	0.16666666666666666	0.0	0.16666666666666666	1.0	0.16666666666666666	1.0	0.16666666666666666	1.0	0.16666666666666666	0.0	0.0	0.0	0.0	0.0	0.0	1.0	0.5	1.0	1.0	1.0	1.0	89.0	0.6592592592592592	46.0	0.34074074074074073	0.0	0.0	0.0	0.0	147.0	276.0	0.532608695652174	46.0	0.34074074074074073	135.0	1.0	0.0	0.0	1.0	1.0	1.0	0.0	1.0	1.0	0.0	0.0	1.0	0.0	0.0	0.0	0.0	0.0	1.0	1.0	1.0	0.0	1.0	1.0	3.0	2018.0	"TOR"	0.532608695652174	46.0	0.34074074074074073
"TOR349"	0.0	1.0	1.0	0.0	0.0	5.0	45.0	0.257	2.0	0.0	0.0	0.0	0.2	1.0	0.6	1.0	0.8	1.0	0.6	0.0	0.6	0.0	0.4	0.0	0.4	0.0	0.0	1.0	0.8	1.0	0.6	1.0	0.2	1.0	0.2	0.0	0.2	0.0	0.0	1.0	0.4	0.0	0.2	0.0	0.4	1.0	0.2	81.0	0.6044776119402985	46.0	0.34328358208955223	7.0	0.05223880597014925	0.0	0.0	17.0	155.0	0.10967741935483871	53.0	0.39552238805970147	134.0	1.0	1.0	0.0	1.0	1.0	1.0	0.0	0.0	1.0	0.0	0.0	1.0	1.0	0.0	0.0	0.0	0.0	1.0	1.0	0.0	0.0	1.0	1.0	3.0	2018.0	"TOR"	0.10967741935483871	53.0	0.39552238805970147
"TOR37"	0.0	1.0	0.0	0.0	0.0	4.0	82.0	0.08	3.0	0.0	0.5	1.0	1.0	1.0	0.5	1.0	1.0	1.0	1.0	1.0	1.0	1.0	0.75	1.0	0.75	0.0	0.0	1.0	0.75	1.0	0.25	1.0	0.25	1.0	0.25	0.0	0.0	0.0	0.0	1.0	0.5	1.0	0.5	1.0	0.5	0.0	0.0	72.0	0.35121951219512193	113.0	0.551219512195122	6.0	0.02926829268292683	14.0	0.06829268292682927	4.0	298.0	0.013422818791946308	119.0	0.5804878048780487	205.0	1.0	0.0	0.0	1.0	1.0	1.0	0.0	0.0	1.0	0.0	0.0	1.0	0.0	0.0	1.0	0.0	0.0	1.0	1.0	1.0	1.0	1.0	1.0	4.0	2018.0	"TOR"	0.013422818791946308	133.0	0.6487804878048781
"TOR4"	0.0	1.0	0.0	0.0	0.0	4.0	56.0	0.075	1.0	0.0	0.75	1.0	1.0	1.0	0.75	1.0	0.75	0.0	0.0	0.0	0.0	1.0	0.75	1.0	0.5	0.0	0.0	1.0	0.5	0.0	0.0	0.0	0.0	0.0	0.0	0.0	0.0	0.0	0.0	0.0	0.0	0.0	0.25	0.0	0.0	0.0	0.0	61.0	0.4552238805970149	70.0	0.5223880597014925	3.0	0.022388059701492536	0.0	0.0	16.0	224.0	0.07142857142857142	73.0	0.5447761194029851	134.0	1.0	0.0	1.0	0.0	1.0	1.0	0.0	0.0	1.0	0.0	0.0	1.0	0.0	0.0	0.0	0.0	0.0	1.0	1.0	0.0	0.0	0.0	0.0	4.0	2018.0	"TOR"	0.07142857142857142	73.0	0.5447761194029851
"TOR411"	0.0	1.0	1.0	1.0	0.0	4.0	35.0	0.065	1.0	1.0	1.0	1.0	1.0	0.0	0.25	1.0	0.75	1.0	0.75	1.0	1.0	1.0	1.0	1.0	0.75	0.0	0.0	1.0	1.0	0.0	0.0	1.0	0.25	1.0	0.25	0.0	0.0	0.0	0.0	0.0	0.0	0.0	0.25	1.0	1.0	0.0	0.0	121.0	0.4898785425101215	117.0	0.47368421052631576	8.0	0.032388663967611336	1.0	0.004048582995951417	18.0	326.0	0.05521472392638037	125.0	0.5060728744939271	247.0	1.0	0.0	0.0	0.0	1.0	0.0	0.0	0.0	1.0	0.0	0.0	1.0	1.0	0.0	0.0	0.0	0.0	1.0	1.0	0.0	0.0	0.0	0.0	2.0	2018.0	"TOR"	0.05521472392638037	126.0	0.5101214574898786
"TOR42"	0.0	0.0	0.0	0.0	0.0	4.0	71.0	0.13	4.0	1.0	1.0	1.0	1.0	1.0	0.5	1.0	0.5	1.0	0.75	0.0	0.75	1.0	0.5	0.0	0.25	0.0	0.0	1.0	0.75	0.0	0.0	1.0	0.25	1.0	0.25	1.0	0.25	0.0	0.0	0.0	0.0	0.0	0.25	0.0	0.0	0.0	0.0	80.0	0.3755868544600939	133.0	0.6244131455399061	0.0	0.0	0.0	0.0	8.0	230.0	0.034782608695652174	133.0	0.6244131455399061	213.0	1.0	0.0	0.0	1.0	1.0	1.0	1.0	1.0	1.0	0.0	0.0	1.0	0.0	1.0	1.0	0.0	0.0	1.0	1.0	0.0	0.0	1.0	1.0	3.0	2018.0	"TOR"	0.034782608695652174	133.0	0.6244131455399061
"TOR427"	0.0	0.0	0.0	1.0	1.0	5.0	100.0	0.171	4.0	1.0	1.0	1.0	1.0	0.0	0.4	1.0	0.8	1.0	0.8	1.0	1.0	1.0	0.8	1.0	0.8	0.0	0.0	0.0	0.4	1.0	0.4	0.0	0.0	0.0	0.0	0.0	0.0	1.0	0.4	1.0	0.8	0.0	0.2	0.0	0.4	1.0	0.4	82.0	0.41414141414141414	111.0	0.5606060606060606	0.0	0.0	5.0	0.025252525252525252	10.0	483.0	0.020703933747412008	111.0	0.5606060606060606	198.0	0.0	1.0	0.0	0.0	1.0	1.0	0.0	0.0	0.0	0.0	0.0	0.0	1.0	1.0	1.0	0.0	0.0	1.0	1.0	1.0	1.0	0.0	1.0	5.0	2018.0	"TOR"	0.020703933747412008	116.0	0.5858585858585859
"TOR441"	0.0	1.0	0.0	0.0	0.0	4.0	75.0	0.17	4.0	0.0	0.75	0.0	0.75	1.0	1.0	1.0	1.0	1.0	1.0	1.0	1.0	0.0	0.25	0.0	0.25	0.0	0.0	0.0	0.25	0.0	0.0	0.0	0.0	1.0	0.25	0.0	0.0	0.0	0.0	1.0	0.25	0.0	0.25	0.0	0.0	0.0	0.0	22.0	0.2716049382716049	58.0	0.7160493827160493	1.0	0.012345679012345678	0.0	0.0	12.0	138.0	0.08695652173913043	59.0	0.7283950617283951	81.0	0.0	1.0	0.0	0.0	1.0	1.0	0.0	0.0	0.0	0.0	0.0	1.0	1.0	0.0	0.0	0.0	0.0	1.0	1.0	1.0	0.0	0.0	0.0	4.0	2018.0	"TOR"	0.08695652173913043	59.0	0.7283950617283951
"TOR444"	1.0	0.0	0.0	0.0	1.0	4.0	97.0	0.396	4.0	1.0	1.0	1.0	1.0	1.0	1.0	1.0	1.0	1.0	0.75	1.0	1.0	1.0	1.0	1.0	1.0	1.0	0.75	1.0	0.5	1.0	0.5	1.0	0.25	1.0	0.25	1.0	0.25	1.0	0.5	1.0	1.0	1.0	0.5	1.0	1.0	1.0	1.0	6.0	0.06060606060606061	80.0	0.8080808080808081	7.0	0.0707070707070707	6.0	0.06060606060606061	15.0	137.0	0.10948905109489052	87.0	0.8787878787878788	99.0	1.0	0.0	0.0	1.0	0.0	0.0	0.0	0.0	1.0	0.0	0.0	0.0	0.0	0.0	0.0	0.0	0.0	0.0	0.0	0.0	0.0	0.0	0.0	5.0	2018.0	"TOR"	0.10948905109489052	93.0	0.9393939393939394
"TOR449"	0.0	1.0	0.0	0.0	0.0	4.0	87.0	0.09699999999999999	3.0	1.0	1.0	1.0	1.0	1.0	1.0	1.0	1.0	1.0	1.0	1.0	1.0	1.0	1.0	1.0	1.0	1.0	0.5	0.0	0.25	1.0	0.5	1.0	0.25	0.0	0.0	1.0	0.75	1.0	0.25	1.0	0.25	1.0	0.75	1.0	0.5	1.0	0.25	38.0	0.20212765957446807	131.0	0.6968085106382979	14.0	0.07446808510638298	5.0	0.026595744680851064	0.0	266.0	0.0	145.0	0.7712765957446809	188.0	1.0	1.0	0.0	1.0	1.0	1.0	1.0	1.0	1.0	0.0	0.0	1.0	0.0	0.0	0.0	0.0	0.0	1.0	1.0	1.0	0.0	1.0	1.0	4.0	2018.0	"TOR"	0.0	150.0	0.7978723404255319
"TOR452"	0.0	1.0	0.0	0.0	0.0	4.0	57.0	0.14800000000000002	2.0	1.0	1.0	1.0	1.0	0.0	0.25	1.0	1.0	0.0	0.25	0.0	0.25	1.0	0.75	1.0	0.75	0.0	0.0	0.0	0.25	1.0	0.25	1.0	0.25	1.0	0.25	1.0	0.5	0.0	0.0	1.0	0.25	0.0	0.25	0.0	0.0	1.0	0.25	21.0	0.11052631578947368	163.0	0.8578947368421053	3.0	0.015789473684210527	3.0	0.015789473684210527	12.0	220.0	0.05454545454545454	166.0	0.8736842105263158	190.0	0.0	0.0	0.0	0.0	0.0	0.0	0.0	1.0	0.0	0.0	0.0	0.0	0.0	0.0	0.0	0.0	0.0	0.0	0.0	1.0	0.0	0.0	0.0	4.0	2018.0	"TOR"	0.05454545454545454	169.0	0.8894736842105263
"TOR459"	0.0	1.0	0.0	1.0	0.0	3.0	63.0	0.094	1.0	0.0	0.3333333333333333	0.0	0.6666666666666666	1.0	0.6666666666666666	1.0	0.6666666666666666	0.0	0.0	0.0	0.0	1.0	0.6666666666666666	0.0	0.3333333333333333	0.0	0.0	0.0	0.3333333333333333	0.0	0.0	1.0	0.3333333333333333	0.0	0.0	0.0	0.0	0.0	0.0	0.0	0.0	1.0	0.6666666666666666	0.0	0.0	0.0	0.0	46.0	0.2754491017964072	113.0	0.6766467065868264	7.0	0.041916167664670656	1.0	0.005988023952095809	57.0	274.0	0.20802919708029197	120.0	0.718562874251497	167.0	1.0	1.0	1.0	1.0	0.0	1.0	0.0	1.0	0.0	0.0	0.0	1.0	1.0	0.0	0.0	0.0	0.0	0.0	1.0	1.0	0.0	0.0	0.0	3.0	2018.0	"TOR"	0.20802919708029197	121.0	0.7245508982035929
"TOR460"	0.0	1.0	1.0	0.0	1.0	4.0	78.0	0.109	3.0	1.0	1.0	1.0	1.0	1.0	0.75	1.0	0.75	1.0	1.0	1.0	1.0	1.0	0.75	1.0	0.75	0.0	0.0	1.0	0.5	1.0	0.25	1.0	0.25	1.0	0.5	1.0	0.25	0.0	0.0	0.0	0.0	0.0	0.25	1.0	0.75	0.0	0.0	146.0	0.46496815286624205	162.0	0.5159235668789809	3.0	0.009554140127388535	3.0	0.009554140127388535	18.0	377.0	0.04774535809018567	165.0	0.5254777070063694	314.0	1.0	1.0	0.0	0.0	1.0	1.0	0.0	1.0	0.0	0.0	0.0	1.0	0.0	0.0	0.0	0.0	0.0	1.0	1.0	0.0	0.0	0.0	0.0	4.0	2018.0	"TOR"	0.04774535809018567	168.0	0.535031847133758
"TOR461"	0.0	1.0	0.0	0.0	0.0	4.0	92.0	0.021	3.0	1.0	1.0	1.0	1.0	1.0	0.75	1.0	1.0	1.0	1.0	1.0	1.0	1.0	1.0	1.0	1.0	1.0	1.0	1.0	0.75	1.0	0.25	1.0	0.25	1.0	0.25	1.0	0.5	1.0	0.25	0.0	0.0	1.0	0.75	1.0	0.75	0.0	0.0	75.0	0.2066115702479339	262.0	0.721763085399449	17.0	0.046831955922865015	9.0	0.024793388429752067	0.0	637.0	0.0	279.0	0.768595041322314	363.0	1.0	1.0	0.0	1.0	1.0	1.0	0.0	1.0	1.0	0.0	0.0	1.0	1.0	0.0	0.0	0.0	0.0	1.0	1.0	1.0	0.0	1.0	1.0	4.0	2018.0	"TOR"	0.0	288.0	0.7933884297520661
"TOR48"	1.0	0.0	0.0	0.0	0.0	5.0	53.0	0.107	1.0	0.0	0.8	1.0	1.0	0.0	0.2	0.0	0.2	1.0	0.6	0.0	0.8	0.0	0.4	0.0	0.4	0.0	0.0	0.0	0.4	0.0	0.0	1.0	0.2	0.0	0.0	0.0	0.2	0.0	0.2	0.0	0.2	0.0	0.2	1.0	1.0	1.0	1.0	45.0	0.1836734693877551	186.0	0.7591836734693878	9.0	0.036734693877551024	5.0	0.02040816326530612	61.0	419.0	0.14558472553699284	195.0	0.7959183673469388	245.0	1.0	0.0	0.0	0.0	0.0	1.0	0.0	0.0	0.0	0.0	0.0	1.0	0.0	0.0	0.0	0.0	0.0	0.0	0.0	0.0	0.0	0.0	0.0	3.0	2018.0	"TOR"	0.14558472553699284	200.0	0.8163265306122449
"TOR49"	1.0	1.0	1.0	0.0	0.0	4.0	59.0	0.16699999999999998	2.0	1.0	1.0	1.0	1.0	1.0	0.5	1.0	1.0	1.0	1.0	1.0	1.0	1.0	0.5	1.0	0.5	0.0	0.0	1.0	0.75	1.0	0.25	1.0	0.25	1.0	0.25	0.0	0.0	0.0	0.0	0.0	0.0	0.0	0.25	1.0	1.0	1.0	1.0	125.0	0.5506607929515418	93.0	0.40969162995594716	5.0	0.022026431718061675	4.0	0.01762114537444934	7.0	208.0	0.03365384615384615	98.0	0.43171806167400884	227.0	1.0	0.0	1.0	0.0	1.0	1.0	1.0	0.0	1.0	0.0	0.0	1.0	0.0	0.0	0.0	0.0	0.0	1.0	1.0	0.0	0.0	1.0	1.0	3.0	2018.0	"TOR"	0.03365384615384615	102.0	0.44933920704845814
"TOR505"	0.0	1.0	0.0	0.0	0.0	4.0	61.0	0.41	2.0	1.0	1.0	1.0	1.0	1.0	0.75	1.0	0.75	1.0	1.0	1.0	1.0	1.0	0.5	0.0	0.25	0.0	0.0	1.0	0.75	1.0	0.25	1.0	0.25	1.0	0.5	1.0	0.5	1.0	0.5	1.0	1.0	0.0	0.25	1.0	1.0	1.0	1.0	55.0	0.2777777777777778	141.0	0.7121212121212122	2.0	0.010101010101010102	0.0	0.0	10.0	416.0	0.02403846153846154	143.0	0.7222222222222222	198.0	1.0	1.0	0.0	1.0	0.0	0.0	0.0	0.0	0.0	0.0	0.0	1.0	1.0	0.0	0.0	0.0	0.0	1.0	1.0	0.0	1.0	0.0	0.0	4.0	2018.0	"TOR"	0.02403846153846154	143.0	0.7222222222222222
"TOR506"	0.0	0.0	0.0	0.0	1.0	3.0	54.0	0.45899999999999996	2.0	0.0	0.6666666666666666	1.0	1.0	0.0	0.0	1.0	1.0	0.0	0.0	0.0	0.3333333333333333	1.0	0.6666666666666666	1.0	0.6666666666666666	0.0	0.3333333333333333	1.0	0.6666666666666666	0.0	0.0	0.0	0.0	0.0	0.0	0.0	0.0	0.0	0.0	0.0	0.0	1.0	1.0	0.0	0.0	0.0	0.0	37.0	0.3217391304347826	72.0	0.6260869565217392	4.0	0.034782608695652174	2.0	0.017391304347826087	6.0	209.0	0.028708133971291867	76.0	0.6608695652173913	115.0	0.0	0.0	0.0	0.0	1.0	0.0	0.0	0.0	0.0	0.0	1.0	1.0	0.0	0.0	0.0	0.0	0.0	1.0	1.0	1.0	0.0	1.0	1.0	3.0	2018.0	"TOR"	0.028708133971291867	78.0	0.6782608695652174
"TOR509"	0.0	0.0	1.0	0.0	0.0	2.0	57.0	0.043	1.0	1.0	1.0	1.0	1.0	1.0	1.0	1.0	1.0	0.0	0.0	0.0	0.0	1.0	0.5	1.0	0.5	0.0	0.0	1.0	0.5	0.0	0.0	0.0	0.0	1.0	0.5	1.0	1.0	0.0	0.0	0.0	0.0	1.0	0.5	0.0	0.0	0.0	0.0	48.0	0.5333333333333333	39.0	0.43333333333333335	0.0	0.0	3.0	0.03333333333333333	22.0	152.0	0.14473684210526316	39.0	0.43333333333333335	90.0	0.0	0.0	0.0	1.0	1.0	1.0	0.0	0.0	0.0	0.0	0.0	1.0	0.0	0.0	0.0	0.0	0.0	1.0	1.0	0.0	0.0	1.0	1.0	3.0	2018.0	"TOR"	0.14473684210526316	42.0	0.4666666666666667
"TOR513"	0.0	0.0	0.0	0.0	1.0	5.0	26.0	0.043	1.0	1.0	1.0	1.0	1.0	0.0	0.4	0.0	0.4	0.0	0.0	0.0	0.0	1.0	0.6	1.0	0.6	0.0	0.0	0.0	0.4	0.0	0.0	0.0	0.0	0.0	0.0	0.0	0.2	0.0	0.0	0.0	0.0	0.0	0.2	1.0	1.0	1.0	1.0	128.0	0.4740740740740741	136.0	0.5037037037037037	6.0	0.022222222222222223	0.0	0.0	9.0	460.0	0.01956521739130435	142.0	0.5259259259259259	270.0	1.0	0.0	0.0	0.0	1.0	1.0	1.0	1.0	1.0	1.0	1.0	1.0	1.0	1.0	1.0	0.0	0.0	1.0	1.0	1.0	1.0	1.0	1.0	3.0	2018.0	"TOR"	0.01956521739130435	142.0	0.5259259259259259
"TOR514"	0.0	1.0	0.0	0.0	0.0	4.0	52.0	0.038	1.0	0.0	0.5	1.0	1.0	1.0	0.75	1.0	1.0	0.0	0.0	0.0	0.0	1.0	0.75	1.0	0.75	1.0	0.5	1.0	0.75	0.0	0.0	1.0	0.25	0.0	0.0	0.0	0.0	0.0	0.0	0.0	0.0	1.0	1.0	0.0	0.0	0.0	0.0	52.0	0.3270440251572327	99.0	0.6226415094339622	6.0	0.03773584905660377	2.0	0.012578616352201259	0.0	547.0	0.0	105.0	0.660377358490566	159.0	1.0	1.0	0.0	1.0	1.0	1.0	1.0	1.0	1.0	0.0	1.0	1.0	1.0	0.0	0.0	0.0	0.0	0.0	0.0	0.0	0.0	1.0	0.0	4.0	2018.0	"TOR"	0.0	107.0	0.6729559748427673
"TOR515"	0.0	1.0	1.0	0.0	1.0	3.0	50.0	0.033	1.0	0.0	0.0	0.0	0.0	0.0	0.3333333333333333	0.0	0.3333333333333333	0.0	0.0	0.0	0.0	1.0	0.6666666666666666	1.0	0.6666666666666666	0.0	0.0	1.0	0.6666666666666666	1.0	0.3333333333333333	1.0	0.3333333333333333	1.0	0.3333333333333333	1.0	0.3333333333333333	0.0	0.0	0.0	0.0	0.0	0.3333333333333333	0.0	0.3333333333333333	0.0	0.0	158.0	0.7559808612440191	45.0	0.215311004784689	3.0	0.014354066985645933	3.0	0.014354066985645933	11.0	295.0	0.03728813559322034	48.0	0.22966507177033493	209.0	1.0	0.0	0.0	1.0	1.0	1.0	0.0	0.0	0.0	0.0	0.0	1.0	0.0	0.0	0.0	0.0	0.0	1.0	1.0	0.0	0.0	0.0	0.0	2.0	2018.0	"TOR"	0.03728813559322034	51.0	0.24401913875598086
"TOR521"	1.0	1.0	0.0	0.0	0.0	4.0	81.0	0.125	4.0	0.0	0.75	0.0	0.75	1.0	0.75	1.0	1.0	1.0	0.75	0.0	0.75	0.0	0.0	0.0	0.0	0.0	0.0	1.0	0.75	1.0	0.75	1.0	0.25	0.0	0.0	1.0	0.25	0.0	0.0	1.0	0.25	1.0	0.5	1.0	1.0	1.0	1.0	126.0	0.56	99.0	0.44	0.0	0.0	0.0	0.0	29.0	381.0	0.07611548556430446	99.0	0.44	225.0	1.0	1.0	0.0	1.0	1.0	1.0	1.0	1.0	1.0	0.0	0.0	1.0	0.0	1.0	1.0	0.0	0.0	1.0	1.0	1.0	1.0	1.0	1.0	3.0	2018.0	"TOR"	0.07611548556430446	99.0	0.44
"TOR525"	0.0	1.0	0.0	0.0	0.0	2.0	38.0	0.043	1.0	0.0	0.5	1.0	1.0	0.0	0.0	1.0	0.5	1.0	1.0	1.0	1.0	1.0	1.0	1.0	1.0	1.0	1.0	1.0	1.0	1.0	0.5	1.0	0.5	1.0	0.5	0.0	0.0	1.0	0.5	0.0	0.0	1.0	1.0	0.0	0.0	1.0	0.5	58.0	0.2885572139303483	117.0	0.582089552238806	7.0	0.03482587064676617	19.0	0.0945273631840796	1.0	288.0	0.003472222222222222	124.0	0.6169154228855721	201.0	1.0	1.0	0.0	1.0	1.0	1.0	0.0	1.0	1.0	0.0	0.0	0.0	1.0	0.0	0.0	0.0	0.0	1.0	1.0	1.0	0.0	1.0	1.0	2.0	2018.0	"TOR"	0.003472222222222222	143.0	0.7114427860696517
"TOR528"	0.0	1.0	0.0	1.0	1.0	4.0	82.0	0.122	3.0	1.0	1.0	1.0	1.0	1.0	0.75	1.0	1.0	1.0	1.0	1.0	1.0	1.0	0.75	1.0	0.75	1.0	0.5	1.0	0.75	1.0	0.25	1.0	0.25	1.0	0.5	1.0	0.25	0.0	0.0	1.0	0.25	1.0	0.5	1.0	0.75	1.0	0.25	76.0	0.3584905660377358	125.0	0.589622641509434	6.0	0.02830188679245283	5.0	0.02358490566037736	10.0	362.0	0.027624309392265192	131.0	0.6179245283018868	212.0	1.0	1.0	0.0	1.0	1.0	1.0	0.0	0.0	1.0	0.0	0.0	1.0	1.0	1.0	1.0	0.0	0.0	1.0	1.0	1.0	0.0	1.0	1.0	4.0	2018.0	"TOR"	0.027624309392265192	136.0	0.6415094339622641
"TOR534"	0.0	1.0	1.0	0.0	0.0	5.0	43.0	0.069	1.0	1.0	1.0	1.0	1.0	1.0	0.6	1.0	0.8	1.0	1.0	1.0	1.0	1.0	0.6	1.0	0.6	0.0	0.0	1.0	0.8	0.0	0.0	1.0	0.2	1.0	0.2	0.0	0.0	0.0	0.0	0.0	0.0	0.0	0.0	0.0	0.4	0.0	0.0	120.0	0.3858520900321543	191.0	0.6141479099678456	0.0	0.0	0.0	0.0	1.0	381.0	0.0026246719160104987	191.0	0.6141479099678456	311.0	1.0	1.0	0.0	1.0	1.0	1.0	0.0	0.0	1.0	0.0	0.0	1.0	0.0	0.0	0.0	0.0	0.0	1.0	1.0	0.0	0.0	1.0	1.0	3.0	2018.0	"TOR"	0.0026246719160104987	191.0	0.6141479099678456
"TOR55"	0.0	0.0	0.0	0.0	1.0	4.0	98.0	0.354	4.0	1.0	1.0	1.0	1.0	1.0	0.75	1.0	1.0	1.0	0.5	0.0	0.75	1.0	0.75	1.0	0.75	1.0	0.75	1.0	1.0	1.0	0.25	1.0	0.25	0.0	0.0	0.0	0.0	1.0	0.25	0.0	0.0	1.0	0.75	0.0	0.0	0.0	0.0	59.0	0.19798657718120805	237.0	0.7953020134228188	2.0	0.006711409395973154	0.0	0.0	1.0	434.0	0.002304147465437788	239.0	0.802013422818792	298.0	1.0	1.0	0.0	1.0	1.0	1.0	0.0	0.0	1.0	0.0	0.0	1.0	1.0	0.0	0.0	0.0	0.0	1.0	1.0	0.0	0.0	1.0	1.0	5.0	2018.0	"TOR"	0.002304147465437788	239.0	0.802013422818792
"TOR555"	1.0	1.0	1.0	1.0	0.0	7.0	59.0	0.307	2.0	1.0	1.0	1.0	1.0	1.0	0.8571428571428571	1.0	1.0	1.0	1.0	1.0	1.0	1.0	0.7142857142857143	0.0	0.42857142857142855	0.0	0.0	0.0	0.42857142857142855	1.0	0.14285714285714285	1.0	0.2857142857142857	1.0	0.2857142857142857	1.0	0.42857142857142855	0.0	0.0	0.0	0.14285714285714285	0.0	0.14285714285714285	0.0	0.42857142857142855	0.0	0.0	276.0	0.592274678111588	181.0	0.388412017167382	7.0	0.015021459227467811	2.0	0.004291845493562232	5.0	690.0	0.007246376811594203	188.0	0.4034334763948498	466.0	1.0	0.0	0.0	1.0	1.0	1.0	0.0	0.0	1.0	0.0	0.0	1.0	0.0	0.0	0.0	0.0	0.0	1.0	1.0	0.0	0.0	1.0	1.0	3.0	2018.0	"TOR"	0.007246376811594203	190.0	0.40772532188841204
"TOR581"	1.0	1.0	0.0	0.0	1.0	7.0	43.0	0.069	1.0	0.0	0.42857142857142855	0.0	0.7142857142857143	0.0	0.14285714285714285	0.0	0.42857142857142855	0.0	0.0	0.0	0.0	0.0	0.42857142857142855	0.0	0.42857142857142855	0.0	0.0	0.0	0.14285714285714285	0.0	0.0	1.0	0.14285714285714285	1.0	0.14285714285714285	0.0	0.14285714285714285	0.0	0.0	0.0	0.0	0.0	0.2857142857142857	0.0	0.0	0.0	0.0	33.0	0.15492957746478872	161.0	0.755868544600939	17.0	0.07981220657276995	2.0	0.009389671361502348	8.0	300.0	0.02666666666666667	178.0	0.8356807511737089	213.0	1.0	0.0	0.0	1.0	0.0	1.0	1.0	0.0	1.0	0.0	0.0	1.0	0.0	0.0	0.0	0.0	0.0	0.0	0.0	0.0	0.0	1.0	1.0	3.0	2018.0	"TOR"	0.02666666666666667	180.0	0.8450704225352113
"TOR587"	1.0	1.0	0.0	1.0	1.0	5.0	47.0	0.11800000000000001	1.0	0.0	0.6	1.0	1.0	0.0	0.4	1.0	0.6	0.0	0.0	0.0	0.0	0.0	0.2	0.0	0.2	0.0	0.0	0.0	0.4	0.0	0.0	1.0	0.2	0.0	0.0	0.0	0.2	0.0	0.0	0.0	0.0	1.0	0.6	0.0	0.4	0.0	0.0	141.0	0.5850622406639004	99.0	0.4107883817427386	0.0	0.0	1.0	0.004149377593360996	20.0	398.0	0.05025125628140704	99.0	0.4107883817427386	241.0	1.0	0.0	0.0	0.0	1.0	1.0	1.0	1.0	1.0	0.0	0.0	1.0	1.0	0.0	0.0	0.0	0.0	1.0	1.0	1.0	0.0	0.0	1.0	3.0	2018.0	"TOR"	0.05025125628140704	100.0	0.4149377593360996
"TOR609"	1.0	1.0	0.0	1.0	0.0	2.0	71.0	0.319	4.0	1.0	1.0	1.0	1.0	1.0	0.5	1.0	1.0	1.0	1.0	1.0	1.0	1.0	0.5	1.0	0.5	0.0	0.0	1.0	0.5	1.0	1.0	1.0	0.5	1.0	0.5	1.0	1.0	0.0	0.0	1.0	1.0	1.0	0.5	1.0	0.5	1.0	0.5	9.0	0.007929515418502203	1122.0	0.9885462555066079	3.0	0.0026431718061674008	1.0	8.81057268722467E-4	6.0	1482.0	0.004048582995951417	1125.0	0.9911894273127754	1135.0	1.0	1.0	0.0	1.0	0.0	1.0	0.0	1.0	1.0	0.0	0.0	0.0	0.0	1.0	1.0	0.0	1.0	1.0	1.0	0.0	0.0	0.0	1.0	4.0	2018.0	"TOR"	0.004048582995951417	1126.0	0.9920704845814978
"TOR677"	0.0	1.0	0.0	1.0	1.0	4.0	57.0	0.062	1.0	1.0	1.0	1.0	1.0	0.0	0.25	1.0	0.75	1.0	0.75	1.0	1.0	1.0	0.75	1.0	0.75	0.0	0.25	0.0	0.0	0.0	0.0	1.0	0.25	0.0	0.0	1.0	0.75	0.0	0.0	0.0	0.0	1.0	0.75	1.0	1.0	1.0	1.0	70.0	0.4268292682926829	91.0	0.5548780487804879	2.0	0.012195121951219513	1.0	0.006097560975609756	20.0	272.0	0.07352941176470588	93.0	0.5670731707317073	164.0	0.0	1.0	0.0	0.0	1.0	1.0	0.0	0.0	0.0	0.0	1.0	1.0	0.0	0.0	0.0	0.0	0.0	1.0	1.0	1.0	0.0	1.0	1.0	3.0	2018.0	"TOR"	0.07352941176470588	94.0	0.573170731707317
"TOR698"	1.0	1.0	0.0	1.0	0.0	4.0	87.0	0.179	4.0	0.0	0.75	1.0	1.0	1.0	1.0	1.0	1.0	1.0	0.5	0.0	0.75	1.0	0.75	1.0	0.75	1.0	0.5	1.0	0.75	1.0	0.25	1.0	0.25	1.0	0.25	1.0	0.75	0.0	0.0	1.0	1.0	1.0	0.75	1.0	1.0	1.0	1.0	42.0	0.09744779582366589	383.0	0.888631090487239	3.0	0.0069605568445475635	3.0	0.0069605568445475635	109.0	804.0	0.13557213930348258	386.0	0.8955916473317865	431.0	1.0	1.0	0.0	0.0	1.0	1.0	0.0	0.0	1.0	0.0	0.0	1.0	1.0	0.0	0.0	0.0	0.0	1.0	1.0	1.0	1.0	1.0	1.0	5.0	2018.0	"TOR"	0.13557213930348258	389.0	0.9025522041763341
"TOR72"	0.0	1.0	1.0	0.0	0.0	6.0	80.0	0.07	3.0	1.0	1.0	1.0	1.0	0.0	0.3333333333333333	0.0	0.3333333333333333	1.0	1.0	1.0	1.0	0.0	0.16666666666666666	0.0	0.16666666666666666	0.0	0.0	1.0	0.8333333333333334	1.0	0.16666666666666666	1.0	0.16666666666666666	1.0	0.16666666666666666	0.0	0.16666666666666666	0.0	0.0	0.0	0.0	0.0	0.16666666666666666	0.0	0.16666666666666666	0.0	0.0	134.0	0.30385487528344673	304.0	0.6893424036281179	2.0	0.0045351473922902496	1.0	0.0022675736961451248	175.0	745.0	0.2348993288590604	306.0	0.6938775510204082	441.0	1.0	0.0	0.0	1.0	1.0	1.0	0.0	1.0	1.0	1.0	0.0	1.0	1.0	1.0	1.0	1.0	1.0	1.0	1.0	0.0	0.0	1.0	1.0	3.0	2018.0	"TOR"	0.2348993288590604	307.0	0.6961451247165533
"TOR733"	0.0	1.0	1.0	0.0	0.0	4.0	39.0	0.067	1.0	0.0	0.75	1.0	1.0	0.0	0.25	1.0	0.75	1.0	0.5	0.0	0.5	1.0	0.75	1.0	0.75	0.0	0.0	1.0	0.5	0.0	0.0	1.0	0.25	0.0	0.0	0.0	0.0	0.0	0.0	0.0	0.0	0.0	0.25	0.0	0.25	0.0	0.0	161.0	0.5940959409594095	109.0	0.4022140221402214	1.0	0.0036900369003690036	0.0	0.0	20.0	324.0	0.06172839506172839	110.0	0.4059040590405904	271.0	1.0	1.0	1.0	1.0	1.0	0.0	0.0	0.0	0.0	0.0	0.0	1.0	1.0	0.0	0.0	0.0	0.0	1.0	1.0	0.0	0.0	1.0	1.0	2.0	2018.0	"TOR"	0.06172839506172839	110.0	0.4059040590405904
"TOR747"	0.0	1.0	0.0	0.0	1.0	5.0	91.0	0.062	3.0	1.0	1.0	1.0	1.0	1.0	1.0	1.0	1.0	1.0	0.6	0.0	0.6	1.0	0.8	1.0	0.8	0.0	0.0	1.0	0.6	0.0	0.0	1.0	0.4	1.0	0.4	0.0	0.0	0.0	0.0	1.0	0.6	0.0	0.4	0.0	0.2	1.0	0.2	11.0	0.09565217391304348	99.0	0.8608695652173913	2.0	0.017391304347826087	3.0	0.02608695652173913	5.0	231.0	0.021645021645021644	101.0	0.8782608695652174	115.0	0.0	1.0	0.0	0.0	1.0	1.0	0.0	0.0	0.0	0.0	0.0	0.0	0.0	0.0	0.0	0.0	0.0	1.0	1.0	0.0	0.0	1.0	1.0	5.0	2018.0	"TOR"	0.021645021645021644	104.0	0.9043478260869565
"TOR754"	0.0	1.0	0.0	0.0	0.0	3.0	48.0	0.04	1.0	0.0	0.6666666666666666	1.0	1.0	0.0	0.3333333333333333	0.0	0.3333333333333333	0.0	0.0	0.0	0.0	0.0	0.3333333333333333	0.0	0.3333333333333333	0.0	0.0	0.0	0.0	0.0	0.0	0.0	0.0	1.0	0.3333333333333333	1.0	0.3333333333333333	0.0	0.0	0.0	0.0	0.0	0.3333333333333333	0.0	0.0	0.0	0.0	78.0	0.5735294117647058	57.0	0.41911764705882354	1.0	0.007352941176470588	0.0	0.0	17.0	226.0	0.0752212389380531	58.0	0.4264705882352941	136.0	1.0	0.0	0.0	1.0	1.0	1.0	1.0	1.0	1.0	1.0	1.0	1.0	0.0	1.0	1.0	0.0	0.0	1.0	1.0	1.0	1.0	1.0	1.0	4.0	2018.0	"TOR"	0.0752212389380531	58.0	0.4264705882352941
"TOR783"	1.0	1.0	0.0	0.0	1.0	4.0	97.0	0.172	4.0	1.0	1.0	1.0	1.0	1.0	1.0	1.0	1.0	1.0	1.0	1.0	1.0	1.0	1.0	1.0	1.0	1.0	0.5	1.0	1.0	0.0	0.0	1.0	0.25	0.0	0.0	1.0	0.25	0.0	0.0	1.0	0.75	1.0	0.75	1.0	1.0	1.0	1.0	47.0	0.1865079365079365	172.0	0.6825396825396826	19.0	0.07539682539682539	14.0	0.05555555555555555	0.0	315.0	0.0	191.0	0.7579365079365079	252.0	0.0	1.0	0.0	1.0	1.0	1.0	0.0	0.0	0.0	0.0	0.0	0.0	1.0	1.0	1.0	0.0	0.0	1.0	1.0	1.0	0.0	0.0	0.0	5.0	2018.0	"TOR"	0.0	205.0	0.8134920634920635
"TOR79"	0.0	1.0	1.0	1.0	0.0	3.0	68.0	0.179	4.0	0.0	0.6666666666666666	1.0	1.0	0.0	0.3333333333333333	0.0	0.3333333333333333	0.0	0.0	0.0	0.3333333333333333	1.0	0.6666666666666666	1.0	0.6666666666666666	0.0	0.0	1.0	0.6666666666666666	1.0	0.3333333333333333	0.0	0.0	0.0	0.0	1.0	0.3333333333333333	1.0	0.3333333333333333	1.0	0.6666666666666666	1.0	0.6666666666666666	1.0	1.0	1.0	0.3333333333333333	23.0	0.05021834061135371	435.0	0.9497816593886463	0.0	0.0	0.0	0.0	3.0	607.0	0.004942339373970346	435.0	0.9497816593886463	458.0	1.0	0.0	0.0	0.0	0.0	0.0	0.0	0.0	0.0	0.0	0.0	0.0	1.0	0.0	0.0	0.0	0.0	1.0	1.0	1.0	0.0	1.0	1.0	5.0	2018.0	"TOR"	0.004942339373970346	435.0	0.9497816593886463
"TOR814"	1.0	1.0	0.0	0.0	1.0	6.0	62.0	0.175	2.0	1.0	1.0	1.0	1.0	1.0	0.5	1.0	0.8333333333333334	0.0	0.0	0.0	0.0	1.0	0.5	1.0	0.5	0.0	0.0	1.0	0.5	1.0	0.16666666666666666	1.0	0.16666666666666666	1.0	0.16666666666666666	0.0	0.0	1.0	0.3333333333333333	0.0	0.0	1.0	0.5	1.0	0.6666666666666666	0.0	0.0	110.0	0.5445544554455446	83.0	0.41089108910891087	7.0	0.034653465346534656	2.0	0.009900990099009901	231.0	446.0	0.5179372197309418	90.0	0.44554455445544555	202.0	1.0	1.0	0.0	0.0	0.0	1.0	1.0	1.0	1.0	0.0	0.0	1.0	0.0	0.0	0.0	0.0	0.0	0.0	0.0	0.0	0.0	0.0	0.0	3.0	2018.0	"TOR"	0.5179372197309418	92.0	0.45544554455445546
"TOR829"	0.0	1.0	1.0	0.0	1.0	5.0	56.0	0.129	2.0	1.0	1.0	1.0	1.0	0.0	0.2	1.0	0.8	1.0	0.8	0.0	0.8	0.0	0.4	0.0	0.4	0.0	0.0	1.0	0.6	0.0	0.0	1.0	0.4	1.0	0.2	0.0	0.2	0.0	0.0	1.0	0.4	0.0	0.2	1.0	0.6	1.0	0.2	86.0	0.49142857142857144	86.0	0.49142857142857144	3.0	0.017142857142857144	0.0	0.0	6.0	227.0	0.02643171806167401	89.0	0.5085714285714286	175.0	1.0	0.0	0.0	0.0	1.0	1.0	1.0	1.0	1.0	0.0	0.0	1.0	0.0	1.0	1.0	0.0	0.0	1.0	1.0	0.0	0.0	1.0	1.0	3.0	2018.0	"TOR"	0.02643171806167401	89.0	0.5085714285714286
"TOR87"	0.0	1.0	0.0	0.0	0.0	4.0	65.0	0.111	3.0	1.0	1.0	1.0	1.0	1.0	0.75	1.0	0.75	1.0	1.0	1.0	1.0	1.0	0.5	1.0	0.5	0.0	0.0	1.0	0.75	0.0	0.0	1.0	0.25	1.0	0.25	1.0	0.25	1.0	0.25	0.0	0.0	0.0	0.25	0.0	0.0	0.0	0.0	76.0	0.24516129032258063	230.0	0.7419354838709677	1.0	0.0032258064516129032	3.0	0.00967741935483871	5.0	509.0	0.009823182711198428	231.0	0.7451612903225806	310.0	1.0	1.0	0.0	1.0	1.0	1.0	0.0	0.0	1.0	0.0	0.0	1.0	0.0	0.0	1.0	0.0	0.0	1.0	1.0	0.0	0.0	1.0	1.0	4.0	2018.0	"TOR"	0.009823182711198428	234.0	0.7548387096774194
"TOR908"	1.0	1.0	0.0	1.0	1.0	2.0	23.0	0.244	2.0	1.0	1.0	1.0	1.0	1.0	0.5	1.0	1.0	1.0	1.0	1.0	1.0	1.0	1.0	1.0	1.0	0.0	0.0	1.0	1.0	0.0	0.0	0.0	0.0	0.0	0.0	0.0	0.0	0.0	0.0	0.0	0.0	1.0	1.0	0.0	0.0	0.0	0.0	35.0	0.3684210526315789	59.0	0.6210526315789474	1.0	0.010526315789473684	0.0	0.0	52.0	195.0	0.26666666666666666	60.0	0.631578947368421	95.0	0.0	0.0	0.0	1.0	1.0	1.0	0.0	0.0	0.0	0.0	0.0	1.0	0.0	1.0	1.0	0.0	0.0	1.0	1.0	0.0	0.0	1.0	1.0	3.0	2018.0	"TOR"	0.26666666666666666	60.0	0.631578947368421
"TOR913"	0.0	1.0	0.0	1.0	0.0	4.0	84.0	0.066	3.0	1.0	1.0	1.0	1.0	1.0	1.0	1.0	1.0	0.0	0.25	1.0	1.0	1.0	0.75	1.0	0.75	0.0	0.0	1.0	1.0	0.0	0.0	1.0	0.25	1.0	0.25	1.0	0.25	1.0	0.5	1.0	0.5	1.0	0.5	0.0	0.25	1.0	0.25	16.0	0.22535211267605634	55.0	0.7746478873239436	0.0	0.0	0.0	0.0	2.0	120.0	0.016666666666666666	55.0	0.7746478873239436	71.0	1.0	1.0	0.0	1.0	1.0	0.0	0.0	0.0	0.0	0.0	1.0	1.0	0.0	0.0	0.0	0.0	0.0	1.0	1.0	0.0	0.0	0.0	0.0	4.0	2018.0	"TOR"	0.016666666666666666	55.0	0.7746478873239436
"TOR915"	1.0	1.0	0.0	1.0	0.0	4.0	94.0	0.266	4.0	1.0	1.0	1.0	1.0	1.0	1.0	1.0	1.0	1.0	1.0	1.0	1.0	1.0	0.75	1.0	0.5	0.0	0.0	1.0	1.0	1.0	0.5	0.0	0.0	0.0	0.0	1.0	0.25	1.0	0.25	1.0	0.5	1.0	0.5	0.0	0.0	0.0	0.0	85.0	0.36796536796536794	140.0	0.6060606060606061	4.0	0.017316017316017316	2.0	0.008658008658008658	15.0	256.0	0.05859375	144.0	0.6233766233766234	231.0	1.0	1.0	0.0	1.0	1.0	0.0	1.0	0.0	0.0	0.0	0.0	1.0	1.0	0.0	1.0	0.0	0.0	1.0	1.0	0.0	1.0	1.0	1.0	4.0	2018.0	"TOR"	0.05859375	146.0	0.6320346320346321
"TOR925"	1.0	1.0	0.0	1.0	0.0	5.0	40.0	0.22399999999999998	2.0	0.0	0.4	1.0	1.0	1.0	0.6	1.0	0.6	0.0	0.0	0.0	0.0	1.0	0.6	0.0	0.2	0.0	0.0	1.0	0.6	0.0	0.0	1.0	0.2	0.0	0.0	0.0	0.2	0.0	0.0	0.0	0.0	0.0	0.2	1.0	1.0	1.0	1.0	124.0	0.6595744680851063	63.0	0.3351063829787234	0.0	0.0	1.0	0.005319148936170213	79.0	309.0	0.255663430420712	63.0	0.3351063829787234	188.0	1.0	1.0	0.0	1.0	1.0	1.0	1.0	1.0	1.0	0.0	0.0	1.0	1.0	0.0	1.0	0.0	0.0	0.0	1.0	1.0	1.0	1.0	1.0	3.0	2018.0	"TOR"	0.255663430420712	64.0	0.3404255319148936
"TOR932"	0.0	1.0	0.0	0.0	0.0	2.0	70.0	0.316	4.0	1.0	1.0	1.0	1.0	1.0	1.0	1.0	1.0	0.0	0.0	0.0	0.0	1.0	1.0	1.0	1.0	0.0	0.0	1.0	1.0	1.0	0.5	0.0	0.0	1.0	0.5	0.0	0.0	0.0	0.0	1.0	1.0	1.0	1.0	0.0	0.0	0.0	0.0	36.0	0.08490566037735849	384.0	0.9056603773584906	4.0	0.009433962264150943	0.0	0.0	7.0	704.0	0.009943181818181818	388.0	0.9150943396226415	424.0	1.0	0.0	0.0	1.0	1.0	1.0	1.0	1.0	0.0	0.0	0.0	1.0	1.0	1.0	1.0	0.0	0.0	1.0	1.0	1.0	0.0	0.0	1.0	4.0	2018.0	"TOR"	0.009943181818181818	388.0	0.9150943396226415
"TOR943"	0.0	1.0	0.0	0.0	0.0	5.0	74.0	0.273	4.0	0.0	0.4	0.0	0.6	0.0	0.4	0.0	0.4	1.0	0.6	0.0	0.6	1.0	0.6	1.0	0.6	0.0	0.0	0.0	0.4	0.0	0.0	1.0	0.2	0.0	0.0	0.0	0.2	0.0	0.0	0.0	0.0	0.0	0.4	0.0	0.2	0.0	0.0	61.0	0.305	130.0	0.65	9.0	0.045	0.0	0.0	18.0	239.0	0.07531380753138076	139.0	0.695	200.0	1.0	0.0	0.0	0.0	1.0	1.0	0.0	1.0	0.0	0.0	0.0	1.0	0.0	1.0	1.0	0.0	0.0	0.0	0.0	0.0	0.0	0.0	0.0	4.0	2018.0	"TOR"	0.07531380753138076	139.0	0.695
"TOR955"	0.0	1.0	1.0	0.0	0.0	3.0	22.0	0.076	1.0	0.0	0.3333333333333333	1.0	1.0	1.0	0.6666666666666666	1.0	0.6666666666666666	0.0	0.3333333333333333	1.0	1.0	1.0	1.0	1.0	0.6666666666666666	0.0	0.0	1.0	0.6666666666666666	0.0	0.0	1.0	0.3333333333333333	1.0	0.3333333333333333	1.0	0.6666666666666666	0.0	0.0	0.0	0.0	0.0	0.3333333333333333	1.0	0.6666666666666666	0.0	0.0	145.0	0.5555555555555556	111.0	0.42528735632183906	4.0	0.01532567049808429	1.0	0.0038314176245210726	1.0	257.0	0.0038910505836575876	115.0	0.44061302681992337	261.0	1.0	1.0	0.0	0.0	1.0	0.0	0.0	0.0	1.0	0.0	0.0	1.0	1.0	0.0	0.0	0.0	0.0	1.0	1.0	0.0	0.0	0.0	0.0	2.0	2018.0	"TOR"	0.0038910505836575876	116.0	0.4444444444444444
"TOR965"	0.0	1.0	0.0	0.0	0.0	5.0	43.0	0.08800000000000001	1.0	1.0	1.0	1.0	1.0	0.0	0.2	0.0	0.4	0.0	0.0	0.0	0.0	1.0	0.6	1.0	0.6	0.0	0.0	0.0	0.2	1.0	0.2	0.0	0.0	1.0	0.2	0.0	0.0	0.0	0.0	0.0	0.0	0.0	0.2	1.0	1.0	1.0	1.0	38.0	0.6785714285714286	17.0	0.30357142857142855	0.0	0.0	1.0	0.017857142857142856	74.0	121.0	0.6115702479338843	17.0	0.30357142857142855	56.0	0.0	0.0	0.0	1.0	1.0	1.0	0.0	1.0	0.0	0.0	0.0	1.0	0.0	0.0	1.0	0.0	0.0	1.0	1.0	0.0	0.0	1.0	1.0	2.0	2018.0	"TOR"	0.6115702479338843	18.0	0.32142857142857145
"VAN101"	0.0	1.0	0.0	0.0	1.0	4.0	85.0	0.109	3.0	1.0	1.0	1.0	1.0	1.0	1.0	1.0	1.0	0.0	0.0	0.0	0.0	1.0	0.5	1.0	0.5	1.0	0.5	1.0	0.75	1.0	0.25	1.0	0.5	0.0	0.0	0.0	0.0	0.0	0.0	1.0	0.5	1.0	0.75	0.0	0.25	0.0	0.0	63.0	0.3684210526315789	96.0	0.5614035087719298	8.0	0.04678362573099415	4.0	0.023391812865497075	0.0	295.0	0.0	104.0	0.6081871345029239	171.0	1.0	0.0	0.0	0.0	1.0	0.0	0.0	0.0	0.0	0.0	0.0	0.0	1.0	0.0	0.0	0.0	0.0	1.0	1.0	0.0	0.0	0.0	0.0	4.0	2018.0	"VAN"	0.0	108.0	0.631578947368421
"VAN102"	0.0	1.0	0.0	0.0	1.0	4.0	91.0	0.1	3.0	1.0	1.0	1.0	1.0	0.0	0.0	1.0	1.0	0.0	0.0	0.0	0.0	1.0	1.0	1.0	1.0	1.0	1.0	1.0	1.0	0.0	0.0	0.0	0.0	0.0	0.0	0.0	0.0	0.0	0.0	1.0	1.0	1.0	0.75	1.0	1.0	1.0	1.0	99.0	0.36	148.0	0.5381818181818182	25.0	0.09090909090909091	3.0	0.01090909090909091	0.0	391.0	0.0	173.0	0.6290909090909091	275.0	1.0	0.0	0.0	1.0	1.0	1.0	0.0	0.0	1.0	0.0	0.0	1.0	0.0	0.0	0.0	0.0	0.0	1.0	1.0	0.0	0.0	1.0	1.0	4.0	2018.0	"VAN"	0.0	176.0	0.64
"VAN103"	0.0	1.0	0.0	0.0	1.0	4.0	81.0	0.177	4.0	1.0	1.0	1.0	1.0	0.0	0.25	1.0	0.75	0.0	0.0	0.0	0.0	1.0	1.0	1.0	1.0	1.0	1.0	1.0	0.75	1.0	0.5	1.0	0.75	0.0	0.0	0.0	0.0	0.0	0.0	1.0	0.25	1.0	0.5	1.0	1.0	1.0	0.25	70.0	0.2545454545454545	186.0	0.6763636363636364	13.0	0.04727272727272727	6.0	0.02181818181818182	0.0	444.0	0.0	199.0	0.7236363636363636	275.0	1.0	0.0	1.0	0.0	1.0	1.0	1.0	1.0	0.0	0.0	0.0	1.0	0.0	0.0	0.0	0.0	0.0	1.0	1.0	1.0	0.0	1.0	1.0	4.0	2018.0	"VAN"	0.0	205.0	0.7454545454545455
"VAN105"	0.0	0.0	0.0	0.0	1.0	4.0	65.0	0.16399999999999998	2.0	0.0	0.75	1.0	1.0	0.0	0.0	1.0	1.0	0.0	0.0	0.0	0.0	1.0	1.0	1.0	1.0	1.0	1.0	1.0	1.0	0.0	0.0	1.0	1.0	0.0	0.0	0.0	0.0	0.0	0.0	1.0	0.5	1.0	1.0	1.0	1.0	1.0	1.0	89.0	0.4258373205741627	113.0	0.5406698564593302	3.0	0.014354066985645933	4.0	0.019138755980861243	0.0	344.0	0.0	116.0	0.5550239234449761	209.0	1.0	0.0	0.0	1.0	1.0	1.0	0.0	0.0	1.0	0.0	0.0	1.0	1.0	0.0	0.0	0.0	0.0	1.0	1.0	0.0	0.0	1.0	1.0	4.0	2018.0	"VAN"	0.0	120.0	0.5741626794258373
"VAN106"	0.0	1.0	0.0	0.0	0.0	5.0	66.0	0.154	2.0	0.0	0.6	0.0	0.8	0.0	0.2	1.0	0.8	0.0	0.0	0.0	0.0	0.0	0.4	0.0	0.4	0.0	0.4	0.0	0.4	0.0	0.0	0.0	0.0	0.0	0.0	0.0	0.0	0.0	0.0	1.0	0.8	1.0	0.8	1.0	1.0	1.0	1.0	77.0	0.308	168.0	0.672	0.0	0.0	5.0	0.02	0.0	433.0	0.0	168.0	0.672	250.0	1.0	0.0	0.0	1.0	1.0	1.0	0.0	0.0	1.0	0.0	0.0	1.0	1.0	0.0	0.0	0.0	0.0	1.0	1.0	1.0	1.0	1.0	1.0	4.0	2018.0	"VAN"	0.0	173.0	0.692
"VAN107"	0.0	1.0	0.0	0.0	1.0	4.0	82.0	0.28800000000000003	4.0	1.0	1.0	1.0	1.0	0.0	0.25	1.0	1.0	0.0	0.0	0.0	0.0	1.0	0.75	1.0	0.75	1.0	0.75	1.0	1.0	0.0	0.0	1.0	1.0	0.0	0.0	1.0	0.5	0.0	0.0	1.0	1.0	1.0	1.0	1.0	0.5	0.0	0.0	103.0	0.40077821011673154	154.0	0.5992217898832685	0.0	0.0	0.0	0.0	0.0	449.0	0.0	154.0	0.5992217898832685	257.0	1.0	0.0	0.0	1.0	1.0	1.0	0.0	1.0	1.0	1.0	0.0	1.0	1.0	1.0	0.0	0.0	0.0	1.0	1.0	0.0	0.0	1.0	1.0	4.0	2018.0	"VAN"	0.0	154.0	0.5992217898832685
"VAN108"	1.0	0.0	0.0	1.0	1.0	2.0	93.0	0.095	3.0	1.0	1.0	1.0	1.0	1.0	1.0	1.0	1.0	1.0	0.5	0.0	0.5	1.0	0.5	1.0	0.5	1.0	0.5	1.0	0.5	1.0	0.5	1.0	0.5	0.0	0.0	1.0	1.0	0.0	0.0	0.0	0.0	1.0	0.5	1.0	1.0	1.0	1.0	44.0	0.1527777777777778	205.0	0.7118055555555556	23.0	0.0798611111111111	16.0	0.05555555555555555	0.0	422.0	0.0	228.0	0.7916666666666666	288.0	0.0	0.0	0.0	1.0	1.0	0.0	0.0	0.0	0.0	0.0	0.0	0.0	0.0	0.0	0.0	0.0	0.0	1.0	1.0	0.0	0.0	1.0	1.0	5.0	2018.0	"VAN"	0.0	244.0	0.8472222222222222
"VAN110"	1.0	1.0	0.0	0.0	1.0	4.0	63.0	0.135	1.0	0.0	0.75	1.0	1.0	1.0	0.5	1.0	0.75	0.0	0.0	0.0	0.0	1.0	1.0	1.0	1.0	1.0	1.0	1.0	1.0	0.0	0.0	1.0	0.25	0.0	0.0	1.0	0.25	0.0	0.0	1.0	0.25	1.0	0.75	1.0	1.0	0.0	0.0	99.0	0.2911764705882353	234.0	0.6882352941176471	7.0	0.020588235294117647	0.0	0.0	0.0	483.0	0.0	241.0	0.7088235294117647	340.0	1.0	0.0	0.0	1.0	1.0	1.0	1.0	0.0	0.0	0.0	0.0	1.0	0.0	0.0	0.0	0.0	0.0	1.0	1.0	0.0	0.0	0.0	1.0	4.0	2018.0	"VAN"	0.0	241.0	0.7088235294117647
"VAN111"	1.0	1.0	0.0	1.0	1.0	4.0	69.0	0.107	1.0	1.0	1.0	1.0	1.0	1.0	0.5	1.0	0.75	0.0	0.0	0.0	0.0	1.0	0.75	1.0	0.75	1.0	0.75	1.0	1.0	0.0	0.0	1.0	1.0	1.0	0.25	1.0	0.25	0.0	0.0	1.0	0.5	1.0	0.75	1.0	1.0	1.0	0.5	104.0	0.49056603773584906	106.0	0.5	2.0	0.009433962264150943	0.0	0.0	0.0	398.0	0.0	108.0	0.5094339622641509	212.0	1.0	1.0	0.0	1.0	1.0	1.0	0.0	1.0	1.0	0.0	0.0	1.0	1.0	0.0	0.0	0.0	0.0	1.0	1.0	0.0	0.0	1.0	1.0	4.0	2018.0	"VAN"	0.0	108.0	0.5094339622641509
"VAN114"	0.0	0.0	0.0	1.0	1.0	4.0	98.0	0.191	4.0	0.0	0.75	1.0	1.0	1.0	1.0	1.0	1.0	0.0	0.0	0.0	0.0	0.0	0.0	0.0	0.0	0.0	0.0	1.0	0.5	0.0	0.0	1.0	0.25	0.0	0.0	1.0	0.25	0.0	0.0	1.0	0.25	1.0	0.5	0.0	0.25	1.0	0.5	37.0	0.22839506172839505	116.0	0.7160493827160493	5.0	0.030864197530864196	4.0	0.024691358024691357	0.0	236.0	0.0	121.0	0.7469135802469136	162.0	0.0	0.0	0.0	1.0	0.0	0.0	0.0	0.0	0.0	0.0	0.0	0.0	0.0	0.0	0.0	0.0	0.0	0.0	0.0	0.0	0.0	0.0	0.0	5.0	2018.0	"VAN"	0.0	125.0	0.7716049382716049
"VAN18"	1.0	1.0	0.0	1.0	1.0	2.0	51.0	0.341	2.0	1.0	1.0	1.0	1.0	1.0	1.0	1.0	1.0	0.0	0.0	0.0	0.0	0.0	0.0	0.0	0.0	0.0	0.0	1.0	1.0	0.0	0.0	1.0	1.0	0.0	0.0	1.0	1.0	0.0	0.0	0.0	0.0	1.0	1.0	1.0	1.0	1.0	1.0	109.0	0.2309322033898305	283.0	0.5995762711864406	61.0	0.1292372881355932	19.0	0.04025423728813559	0.0	663.0	0.0	344.0	0.7288135593220338	472.0	1.0	1.0	1.0	0.0	0.0	0.0	0.0	0.0	0.0	0.0	0.0	0.0	0.0	0.0	0.0	0.0	0.0	0.0	0.0	0.0	0.0	0.0	0.0	2.0	2018.0	"VAN"	0.0	363.0	0.7690677966101694
"VAN19"	0.0	1.0	0.0	0.0	1.0	4.0	97.0	0.40700000000000003	4.0	1.0	1.0	1.0	1.0	1.0	0.75	1.0	1.0	0.0	0.0	0.0	0.0	1.0	1.0	1.0	1.0	1.0	1.0	1.0	1.0	0.0	0.0	1.0	0.75	0.0	0.0	0.0	0.0	0.0	0.0	1.0	0.75	1.0	0.5	1.0	1.0	0.0	0.0	30.0	0.1507537688442211	163.0	0.8190954773869347	4.0	0.020100502512562814	2.0	0.010050251256281407	0.0	530.0	0.0	167.0	0.8391959798994975	199.0	0.0	0.0	0.0	1.0	1.0	0.0	0.0	0.0	0.0	0.0	0.0	1.0	1.0	0.0	0.0	0.0	0.0	1.0	1.0	0.0	0.0	1.0	1.0	4.0	2018.0	"VAN"	0.0	169.0	0.8492462311557789
"VAN21"	0.0	1.0	0.0	0.0	1.0	4.0	98.0	0.23600000000000002	4.0	1.0	1.0	1.0	1.0	1.0	1.0	1.0	1.0	0.0	0.0	0.0	0.0	1.0	0.75	1.0	0.75	1.0	0.75	1.0	0.75	0.0	0.0	1.0	1.0	0.0	0.0	0.0	0.0	0.0	0.0	1.0	0.5	1.0	0.75	1.0	0.75	1.0	0.5	66.0	0.24812030075187969	186.0	0.6992481203007519	9.0	0.03383458646616541	5.0	0.018796992481203006	0.0	545.0	0.0	195.0	0.7330827067669173	266.0	1.0	0.0	0.0	0.0	1.0	1.0	0.0	0.0	1.0	0.0	0.0	1.0	1.0	0.0	0.0	0.0	0.0	1.0	1.0	0.0	1.0	1.0	1.0	5.0	2018.0	"VAN"	0.0	200.0	0.7518796992481203
"VAN22"	0.0	1.0	0.0	0.0	1.0	4.0	89.0	0.198	4.0	1.0	1.0	1.0	1.0	0.0	0.25	1.0	1.0	0.0	0.0	0.0	0.0	1.0	0.75	1.0	0.75	1.0	0.75	1.0	0.75	0.0	0.0	1.0	0.75	0.0	0.0	0.0	0.0	1.0	0.25	1.0	0.75	1.0	0.75	1.0	0.75	0.0	0.0	13.0	0.23214285714285715	38.0	0.6785714285714286	5.0	0.08928571428571429	0.0	0.0	0.0	128.0	0.0	43.0	0.7678571428571429	56.0	0.0	0.0	0.0	0.0	1.0	0.0	0.0	0.0	1.0	1.0	0.0	1.0	1.0	0.0	0.0	0.0	0.0	1.0	1.0	0.0	1.0	0.0	1.0	4.0	2018.0	"VAN"	0.0	43.0	0.7678571428571429
"VAN23"	1.0	1.0	0.0	0.0	1.0	4.0	95.0	0.121	3.0	1.0	1.0	1.0	1.0	1.0	0.5	1.0	0.75	0.0	0.0	0.0	0.0	1.0	0.5	1.0	0.5	1.0	0.5	1.0	1.0	1.0	0.25	1.0	0.5	0.0	0.0	0.0	0.0	1.0	0.25	1.0	1.0	1.0	1.0	1.0	1.0	1.0	1.0	9.0	0.32142857142857145	18.0	0.6428571428571429	1.0	0.03571428571428571	0.0	0.0	0.0	85.0	0.0	19.0	0.6785714285714286	28.0	0.0	0.0	0.0	0.0	0.0	0.0	0.0	1.0	0.0	0.0	0.0	0.0	1.0	0.0	0.0	0.0	0.0	0.0	0.0	0.0	0.0	0.0	0.0	4.0	2018.0	"VAN"	0.0	19.0	0.6785714285714286
"VAN24"	1.0	1.0	0.0	0.0	1.0	8.0	90.0	0.17600000000000002	4.0	0.0	0.75	0.0	0.875	0.0	0.25	1.0	0.625	0.0	0.125	0.0	0.125	0.0	0.25	0.0	0.25	0.0	0.25	0.0	0.375	1.0	0.125	1.0	0.25	0.0	0.0	0.0	0.0	0.0	0.0	1.0	0.5	1.0	0.5	0.0	0.375	1.0	0.25	59.0	0.329608938547486	116.0	0.6480446927374302	4.0	0.0223463687150838	0.0	0.0	0.0	387.0	0.0	120.0	0.6703910614525139	179.0	1.0	0.0	0.0	1.0	1.0	1.0	0.0	0.0	1.0	0.0	0.0	1.0	0.0	0.0	0.0	0.0	0.0	1.0	1.0	0.0	0.0	1.0	1.0	4.0	2018.0	"VAN"	0.0	120.0	0.6703910614525139
"VAN25"	0.0	1.0	0.0	0.0	1.0	6.0	88.0	0.149	3.0	0.0	0.8333333333333334	1.0	1.0	1.0	0.6666666666666666	1.0	0.6666666666666666	0.0	0.16666666666666666	0.0	0.16666666666666666	0.0	0.16666666666666666	0.0	0.16666666666666666	0.0	0.16666666666666666	1.0	0.5	0.0	0.0	1.0	0.3333333333333333	1.0	0.16666666666666666	0.0	0.0	0.0	0.0	1.0	0.3333333333333333	0.0	0.3333333333333333	0.0	0.16666666666666666	1.0	0.16666666666666666	46.0	0.23834196891191708	94.0	0.48704663212435234	49.0	0.2538860103626943	4.0	0.02072538860103627	0.0	228.0	0.0	143.0	0.7409326424870466	193.0	1.0	0.0	0.0	1.0	1.0	0.0	1.0	0.0	1.0	0.0	0.0	1.0	1.0	0.0	0.0	0.0	0.0	1.0	1.0	0.0	0.0	1.0	1.0	3.0	2018.0	"VAN"	0.0	147.0	0.7616580310880829
"VAN26"	1.0	1.0	0.0	0.0	1.0	4.0	61.0	0.14800000000000002	1.0	1.0	1.0	1.0	1.0	1.0	0.75	1.0	0.75	0.0	0.0	0.0	0.0	0.0	0.25	0.0	0.25	0.0	0.25	1.0	0.75	1.0	0.25	1.0	0.75	0.0	0.0	0.0	0.0	0.0	0.0	1.0	1.0	1.0	0.5	1.0	0.5	0.0	0.0	113.0	0.3843537414965986	152.0	0.5170068027210885	23.0	0.0782312925170068	6.0	0.02040816326530612	0.0	591.0	0.0	175.0	0.5952380952380952	294.0	1.0	0.0	0.0	1.0	1.0	1.0	0.0	0.0	0.0	0.0	0.0	1.0	0.0	0.0	0.0	0.0	0.0	1.0	1.0	0.0	0.0	1.0	1.0	3.0	2018.0	"VAN"	0.0	181.0	0.6156462585034014
"VAN27"	0.0	1.0	0.0	0.0	1.0	6.0	81.0	0.193	4.0	0.0	0.8333333333333334	1.0	1.0	1.0	0.6666666666666666	1.0	0.8333333333333334	0.0	0.0	0.0	0.0	1.0	0.5	1.0	0.5	1.0	0.5	1.0	0.5	1.0	0.16666666666666666	1.0	0.3333333333333333	0.0	0.0	0.0	0.0	0.0	0.0	1.0	1.0	1.0	0.6666666666666666	0.0	0.16666666666666666	0.0	0.0	66.0	0.1935483870967742	249.0	0.7302052785923754	18.0	0.05278592375366569	8.0	0.02346041055718475	0.0	715.0	0.0	267.0	0.782991202346041	341.0	0.0	0.0	0.0	1.0	1.0	1.0	0.0	0.0	1.0	0.0	0.0	1.0	1.0	0.0	0.0	0.0	0.0	1.0	1.0	0.0	0.0	1.0	1.0	4.0	2018.0	"VAN"	0.0	275.0	0.8064516129032258
"VAN28"	0.0	0.0	0.0	1.0	0.0	4.0	94.0	0.125	3.0	1.0	1.0	1.0	1.0	1.0	0.75	1.0	1.0	0.0	0.25	0.0	0.25	1.0	0.75	1.0	0.75	1.0	0.75	1.0	1.0	1.0	0.25	1.0	0.75	0.0	0.0	0.0	0.0	1.0	0.25	1.0	0.5	1.0	1.0	1.0	0.75	0.0	0.0	52.0	0.5531914893617021	41.0	0.43617021276595747	1.0	0.010638297872340425	0.0	0.0	0.0	218.0	0.0	42.0	0.44680851063829785	94.0	0.0	0.0	0.0	1.0	1.0	1.0	0.0	0.0	1.0	0.0	0.0	1.0	0.0	0.0	0.0	0.0	0.0	0.0	1.0	1.0	0.0	0.0	0.0	5.0	2018.0	"VAN"	0.0	42.0	0.44680851063829785
"VAN29"	0.0	1.0	0.0	0.0	1.0	6.0	98.0	0.168	4.0	1.0	1.0	1.0	1.0	1.0	0.8333333333333334	1.0	0.8333333333333334	0.0	0.0	0.0	0.0	0.0	0.3333333333333333	0.0	0.3333333333333333	0.0	0.3333333333333333	1.0	0.5	0.0	0.0	1.0	0.3333333333333333	0.0	0.0	0.0	0.16666666666666666	0.0	0.0	1.0	0.3333333333333333	0.0	0.3333333333333333	1.0	0.5	1.0	0.3333333333333333	78.0	0.36792452830188677	92.0	0.4339622641509434	15.0	0.07075471698113207	27.0	0.12735849056603774	0.0	378.0	0.0	107.0	0.5047169811320755	212.0	1.0	0.0	0.0	1.0	1.0	1.0	0.0	0.0	1.0	0.0	0.0	1.0	1.0	0.0	0.0	0.0	0.0	1.0	1.0	0.0	0.0	0.0	1.0	4.0	2018.0	"VAN"	0.0	134.0	0.6320754716981132
"VAN30"	0.0	1.0	0.0	0.0	1.0	4.0	96.0	0.154	4.0	1.0	1.0	1.0	1.0	1.0	1.0	1.0	1.0	0.0	0.0	0.0	0.0	1.0	0.75	1.0	0.75	1.0	0.75	1.0	0.75	0.0	0.0	1.0	0.5	0.0	0.0	0.0	0.0	0.0	0.0	1.0	0.25	1.0	1.0	1.0	0.5	1.0	0.5	67.0	0.2427536231884058	184.0	0.6666666666666666	18.0	0.06521739130434782	7.0	0.025362318840579712	0.0	389.0	0.0	202.0	0.7318840579710145	276.0	1.0	0.0	0.0	1.0	0.0	0.0	0.0	0.0	0.0	0.0	0.0	0.0	0.0	0.0	0.0	0.0	0.0	1.0	1.0	0.0	1.0	0.0	1.0	5.0	2018.0	"VAN"	0.0	209.0	0.7572463768115942
"VAN31"	0.0	0.0	0.0	0.0	1.0	4.0	80.0	0.223	4.0	0.0	0.75	1.0	1.0	1.0	0.5	1.0	0.75	0.0	0.25	0.0	0.25	1.0	0.5	1.0	0.5	1.0	0.5	1.0	0.75	0.0	0.0	1.0	0.75	0.0	0.0	0.0	0.0	0.0	0.0	1.0	0.5	1.0	0.75	1.0	0.75	1.0	0.25	95.0	0.2737752161383285	214.0	0.6167146974063401	21.0	0.06051873198847262	17.0	0.04899135446685879	0.0	647.0	0.0	235.0	0.6772334293948127	347.0	1.0	0.0	0.0	1.0	1.0	1.0	0.0	0.0	0.0	0.0	0.0	1.0	0.0	0.0	0.0	0.0	0.0	1.0	1.0	0.0	1.0	1.0	1.0	4.0	2018.0	"VAN"	0.0	252.0	0.7262247838616714
"VAN33"	0.0	1.0	0.0	0.0	1.0	4.0	68.0	0.12300000000000001	1.0	1.0	1.0	1.0	1.0	1.0	0.75	1.0	1.0	0.0	0.0	0.0	0.0	1.0	1.0	1.0	1.0	1.0	1.0	1.0	1.0	1.0	0.25	1.0	1.0	0.0	0.0	0.0	0.0	0.0	0.0	1.0	0.75	1.0	0.75	1.0	1.0	1.0	1.0	44.0	0.3283582089552239	86.0	0.6417910447761194	3.0	0.022388059701492536	1.0	0.007462686567164179	0.0	266.0	0.0	89.0	0.664179104477612	134.0	0.0	0.0	0.0	0.0	1.0	1.0	0.0	0.0	0.0	0.0	0.0	1.0	1.0	0.0	0.0	0.0	0.0	1.0	1.0	0.0	0.0	1.0	1.0	3.0	2018.0	"VAN"	0.0	90.0	0.6716417910447762
"VAN34"	0.0	0.0	0.0	0.0	1.0	4.0	78.0	0.205	2.0	0.0	0.75	1.0	1.0	0.0	0.25	1.0	1.0	0.0	0.0	0.0	0.0	1.0	1.0	1.0	1.0	1.0	1.0	1.0	1.0	0.0	0.0	1.0	0.75	0.0	0.0	0.0	0.0	0.0	0.0	0.0	0.0	1.0	1.0	1.0	1.0	1.0	0.25	70.0	0.28112449799196787	167.0	0.6706827309236948	8.0	0.0321285140562249	4.0	0.01606425702811245	0.0	396.0	0.0	175.0	0.7028112449799196	249.0	1.0	0.0	0.0	1.0	1.0	1.0	0.0	0.0	1.0	0.0	1.0	1.0	1.0	0.0	0.0	0.0	0.0	0.0	1.0	1.0	0.0	0.0	0.0	3.0	2018.0	"VAN"	0.0	179.0	0.7188755020080321
"VAN35"	0.0	1.0	0.0	0.0	1.0	3.0	95.0	0.142	3.0	1.0	1.0	1.0	1.0	1.0	0.6666666666666666	1.0	1.0	0.0	0.0	0.0	0.0	1.0	1.0	1.0	1.0	1.0	1.0	1.0	1.0	0.0	0.0	1.0	0.3333333333333333	0.0	0.0	1.0	0.3333333333333333	1.0	0.3333333333333333	1.0	0.3333333333333333	1.0	1.0	1.0	1.0	1.0	0.3333333333333333	33.0	0.22297297297297297	96.0	0.6486486486486487	12.0	0.08108108108108109	7.0	0.0472972972972973	0.0	486.0	0.0	108.0	0.7297297297297297	148.0	0.0	0.0	0.0	1.0	1.0	1.0	0.0	1.0	1.0	0.0	0.0	1.0	0.0	0.0	0.0	0.0	0.0	1.0	1.0	0.0	0.0	0.0	1.0	4.0	2018.0	"VAN"	0.0	115.0	0.777027027027027
"VAN36"	1.0	0.0	0.0	0.0	1.0	4.0	90.0	0.079	3.0	1.0	1.0	1.0	1.0	1.0	0.5	1.0	0.75	0.0	0.0	0.0	0.0	1.0	1.0	1.0	1.0	1.0	1.0	1.0	1.0	0.0	0.0	1.0	0.5	0.0	0.0	1.0	0.5	0.0	0.0	1.0	0.25	1.0	0.75	1.0	1.0	0.0	0.0	71.0	0.3317757009345794	131.0	0.6121495327102804	1.0	0.004672897196261682	11.0	0.0514018691588785	0.0	330.0	0.0	132.0	0.616822429906542	214.0	0.0	0.0	0.0	1.0	1.0	1.0	0.0	0.0	1.0	0.0	0.0	1.0	0.0	0.0	0.0	0.0	0.0	1.0	1.0	1.0	0.0	1.0	1.0	4.0	2018.0	"VAN"	0.0	143.0	0.6682242990654206
"VAN37"	0.0	0.0	0.0	1.0	1.0	4.0	92.0	0.127	3.0	1.0	1.0	1.0	1.0	1.0	0.5	1.0	0.75	0.0	0.0	0.0	0.25	1.0	1.0	1.0	1.0	1.0	1.0	1.0	1.0	0.0	0.0	1.0	0.75	0.0	0.0	0.0	0.0	0.0	0.0	1.0	0.25	1.0	0.75	1.0	1.0	0.0	0.0	115.0	0.3333333333333333	205.0	0.5942028985507246	18.0	0.05217391304347826	7.0	0.020289855072463767	0.0	643.0	0.0	223.0	0.6463768115942029	345.0	1.0	0.0	0.0	1.0	1.0	1.0	0.0	0.0	1.0	0.0	0.0	1.0	1.0	0.0	0.0	0.0	0.0	1.0	1.0	0.0	0.0	1.0	1.0	4.0	2018.0	"VAN"	0.0	230.0	0.6666666666666666
"VAN38"	0.0	1.0	0.0	0.0	1.0	4.0	76.0	0.187	2.0	1.0	1.0	1.0	1.0	0.0	0.0	1.0	0.75	0.0	0.0	0.0	0.0	1.0	0.5	1.0	0.5	1.0	0.5	1.0	0.75	0.0	0.0	1.0	0.75	1.0	0.25	0.0	0.0	0.0	0.0	1.0	0.75	1.0	0.75	0.0	0.25	0.0	0.0	103.0	0.3772893772893773	154.0	0.5641025641025641	10.0	0.03663003663003663	6.0	0.02197802197802198	0.0	631.0	0.0	164.0	0.6007326007326007	273.0	1.0	0.0	1.0	1.0	1.0	1.0	1.0	1.0	0.0	0.0	0.0	0.0	1.0	0.0	0.0	0.0	0.0	1.0	1.0	0.0	0.0	1.0	1.0	4.0	2018.0	"VAN"	0.0	170.0	0.6227106227106227
"VAN39"	1.0	0.0	0.0	0.0	1.0	3.0	62.0	0.15	1.0	0.0	0.6666666666666666	1.0	1.0	0.0	0.0	1.0	0.6666666666666666	0.0	0.0	0.0	0.0	1.0	0.6666666666666666	1.0	0.6666666666666666	1.0	0.6666666666666666	1.0	0.6666666666666666	1.0	0.3333333333333333	1.0	0.3333333333333333	0.0	0.0	0.0	0.0	0.0	0.0	0.0	0.0	1.0	1.0	1.0	1.0	1.0	1.0	114.0	0.6031746031746031	74.0	0.3915343915343915	1.0	0.005291005291005291	0.0	0.0	0.0	352.0	0.0	75.0	0.3968253968253968	189.0	1.0	0.0	0.0	1.0	1.0	1.0	0.0	1.0	0.0	0.0	0.0	0.0	0.0	0.0	0.0	0.0	0.0	1.0	1.0	0.0	0.0	1.0	1.0	3.0	2018.0	"VAN"	0.0	75.0	0.3968253968253968
"VAN40"	0.0	1.0	0.0	1.0	1.0	4.0	67.0	0.161	2.0	1.0	1.0	1.0	1.0	1.0	0.5	1.0	1.0	0.0	0.0	0.0	0.0	1.0	0.75	1.0	0.75	1.0	0.75	1.0	0.75	0.0	0.0	1.0	0.75	0.0	0.0	1.0	0.25	0.0	0.0	1.0	0.25	0.0	0.25	0.0	0.25	0.0	0.0	216.0	0.6506024096385542	115.0	0.3463855421686747	1.0	0.0030120481927710845	0.0	0.0	0.0	483.0	0.0	116.0	0.3493975903614458	332.0	1.0	0.0	1.0	1.0	1.0	1.0	1.0	0.0	1.0	0.0	0.0	1.0	0.0	0.0	0.0	0.0	0.0	1.0	1.0	0.0	0.0	1.0	1.0	3.0	2018.0	"VAN"	0.0	116.0	0.3493975903614458
"VAN41"	1.0	1.0	0.0	0.0	1.0	4.0	86.0	0.215	4.0	1.0	1.0	1.0	1.0	1.0	0.75	1.0	0.75	0.0	0.25	0.0	0.25	1.0	1.0	1.0	1.0	1.0	1.0	1.0	1.0	0.0	0.0	1.0	0.75	0.0	0.0	0.0	0.0	0.0	0.0	1.0	0.75	1.0	0.75	1.0	1.0	0.0	0.0	53.0	0.3925925925925926	77.0	0.5703703703703704	4.0	0.02962962962962963	1.0	0.007407407407407408	0.0	195.0	0.0	81.0	0.6	135.0	0.0	0.0	0.0	1.0	1.0	0.0	0.0	0.0	0.0	0.0	0.0	1.0	1.0	0.0	0.0	0.0	0.0	0.0	1.0	0.0	0.0	0.0	1.0	3.0	2018.0	"VAN"	0.0	82.0	0.6074074074074074
"VAN42"	0.0	1.0	0.0	0.0	1.0	4.0	67.0	0.099	1.0	1.0	1.0	1.0	1.0	1.0	1.0	1.0	1.0	0.0	0.0	0.0	0.0	1.0	0.5	1.0	0.5	1.0	0.5	1.0	0.75	1.0	0.5	1.0	0.25	0.0	0.0	0.0	0.0	0.0	0.0	1.0	0.25	1.0	0.75	0.0	0.25	1.0	0.5	142.0	0.5634920634920635	110.0	0.4365079365079365	0.0	0.0	0.0	0.0	0.0	491.0	0.0	110.0	0.4365079365079365	252.0	1.0	0.0	0.0	1.0	1.0	1.0	0.0	0.0	1.0	0.0	0.0	1.0	1.0	0.0	0.0	0.0	0.0	1.0	1.0	0.0	0.0	1.0	1.0	4.0	2018.0	"VAN"	0.0	110.0	0.4365079365079365
"VAN43"	0.0	1.0	0.0	0.0	1.0	1.0	35.0	0.129	1.0	1.0	1.0	1.0	1.0	1.0	1.0	1.0	1.0	0.0	0.0	0.0	0.0	1.0	1.0	1.0	1.0	1.0	1.0	1.0	1.0	0.0	0.0	1.0	1.0	0.0	0.0	1.0	1.0	0.0	0.0	1.0	1.0	1.0	1.0	1.0	1.0	1.0	1.0	103.0	0.7202797202797203	35.0	0.24475524475524477	5.0	0.03496503496503497	0.0	0.0	0.0	235.0	0.0	40.0	0.27972027972027974	143.0	1.0	0.0	0.0	1.0	1.0	1.0	0.0	0.0	1.0	0.0	0.0	1.0	0.0	0.0	0.0	0.0	0.0	1.0	1.0	1.0	0.0	0.0	1.0	2.0	2018.0	"VAN"	0.0	40.0	0.27972027972027974
"VAN44"	1.0	1.0	0.0	0.0	1.0	1.0	75.0	0.201	2.0	1.0	1.0	1.0	1.0	1.0	1.0	1.0	1.0	0.0	0.0	0.0	0.0	0.0	0.0	0.0	0.0	0.0	0.0	1.0	1.0	0.0	0.0	1.0	1.0	0.0	0.0	0.0	0.0	0.0	0.0	0.0	0.0	1.0	1.0	0.0	0.0	0.0	0.0	87.0	0.41232227488151657	120.0	0.5687203791469194	3.0	0.014218009478672985	1.0	0.004739336492890996	0.0	349.0	0.0	123.0	0.5829383886255924	211.0	1.0	0.0	1.0	0.0	1.0	1.0	0.0	0.0	1.0	0.0	0.0	1.0	1.0	0.0	0.0	0.0	0.0	1.0	1.0	1.0	1.0	1.0	1.0	3.0	2018.0	"VAN"	0.0	124.0	0.5876777251184834
"VAN45"	0.0	1.0	0.0	0.0	1.0	4.0	76.0	0.14800000000000002	1.0	1.0	1.0	1.0	1.0	0.0	0.0	1.0	1.0	0.0	0.0	0.0	0.0	1.0	1.0	1.0	1.0	1.0	1.0	1.0	1.0	0.0	0.0	1.0	1.0	0.0	0.0	0.0	0.0	0.0	0.0	1.0	0.5	1.0	0.75	1.0	1.0	0.0	0.0	33.0	0.30275229357798167	74.0	0.6788990825688074	0.0	0.0	2.0	0.01834862385321101	0.0	215.0	0.0	74.0	0.6788990825688074	109.0	0.0	0.0	1.0	0.0	1.0	0.0	0.0	0.0	0.0	0.0	0.0	1.0	1.0	0.0	0.0	0.0	0.0	1.0	1.0	1.0	0.0	0.0	1.0	4.0	2018.0	"VAN"	0.0	76.0	0.6972477064220184
"VAN46"	1.0	1.0	0.0	1.0	0.0	3.0	37.0	0.16399999999999998	2.0	1.0	1.0	1.0	1.0	0.0	0.0	1.0	1.0	0.0	0.0	0.0	0.0	1.0	1.0	1.0	1.0	1.0	1.0	1.0	1.0	0.0	0.0	1.0	1.0	0.0	0.0	0.0	0.0	0.0	0.0	1.0	0.3333333333333333	1.0	1.0	1.0	0.6666666666666666	0.0	0.0	140.0	0.7253886010362695	53.0	0.27461139896373055	0.0	0.0	0.0	0.0	0.0	341.0	0.0	53.0	0.27461139896373055	193.0	1.0	0.0	0.0	1.0	1.0	1.0	0.0	0.0	0.0	0.0	0.0	1.0	0.0	0.0	0.0	0.0	0.0	1.0	1.0	0.0	0.0	0.0	0.0	3.0	2018.0	"VAN"	0.0	53.0	0.27461139896373055
"VAN48"	0.0	1.0	0.0	0.0	1.0	4.0	68.0	0.233	2.0	0.0	0.75	1.0	1.0	0.0	0.0	1.0	0.75	0.0	0.0	0.0	0.0	1.0	1.0	1.0	1.0	1.0	1.0	1.0	1.0	1.0	0.25	1.0	0.75	1.0	0.5	1.0	0.25	0.0	0.0	1.0	0.25	1.0	0.5	1.0	1.0	1.0	0.25	56.0	0.3835616438356164	63.0	0.4315068493150685	15.0	0.10273972602739725	12.0	0.0821917808219178	0.0	408.0	0.0	78.0	0.5342465753424658	146.0	1.0	0.0	1.0	1.0	1.0	1.0	0.0	0.0	1.0	0.0	0.0	1.0	1.0	0.0	0.0	0.0	0.0	1.0	1.0	0.0	0.0	1.0	1.0	3.0	2018.0	"VAN"	0.0	90.0	0.6164383561643836
"VAN49"	1.0	1.0	0.0	1.0	1.0	4.0	75.0	0.136	1.0	0.0	0.75	1.0	1.0	1.0	0.75	1.0	1.0	0.0	0.0	0.0	0.0	1.0	1.0	1.0	1.0	1.0	1.0	1.0	1.0	0.0	0.0	1.0	1.0	0.0	0.0	1.0	0.25	0.0	0.0	1.0	0.75	1.0	0.75	1.0	0.5	0.0	0.0	36.0	0.3302752293577982	62.0	0.5688073394495413	5.0	0.045871559633027525	6.0	0.05504587155963303	0.0	143.0	0.0	67.0	0.6146788990825688	109.0	0.0	0.0	0.0	0.0	1.0	0.0	0.0	0.0	0.0	0.0	0.0	1.0	0.0	0.0	0.0	0.0	0.0	1.0	1.0	0.0	0.0	1.0	1.0	2.0	2018.0	"VAN"	0.0	73.0	0.6697247706422018
"VAN50"	1.0	1.0	0.0	0.0	1.0	4.0	56.0	0.083	1.0	0.0	0.25	1.0	1.0	0.0	0.0	1.0	1.0	0.0	0.0	0.0	0.0	1.0	1.0	1.0	1.0	1.0	1.0	1.0	1.0	0.0	0.0	1.0	0.5	0.0	0.0	0.0	0.0	0.0	0.0	0.0	0.0	1.0	0.75	0.0	0.25	0.0	0.0	96.0	0.6274509803921569	51.0	0.3333333333333333	4.0	0.026143790849673203	2.0	0.013071895424836602	0.0	264.0	0.0	55.0	0.35947712418300654	153.0	0.0	0.0	0.0	1.0	1.0	0.0	0.0	0.0	1.0	0.0	0.0	1.0	0.0	0.0	0.0	0.0	0.0	1.0	1.0	1.0	0.0	1.0	1.0	1.0	2018.0	"VAN"	0.0	57.0	0.37254901960784315
"VAN53"	0.0	1.0	0.0	1.0	1.0	4.0	65.0	0.099	1.0	1.0	1.0	1.0	1.0	1.0	0.5	1.0	1.0	0.0	0.0	0.0	0.0	1.0	0.5	1.0	0.5	1.0	0.5	1.0	0.75	0.0	0.0	1.0	0.5	1.0	0.25	0.0	0.0	0.0	0.0	1.0	0.75	1.0	0.5	1.0	1.0	1.0	1.0	119.0	0.47410358565737054	124.0	0.4940239043824701	1.0	0.00398406374501992	7.0	0.027888446215139442	0.0	420.0	0.0	125.0	0.49800796812749004	251.0	1.0	0.0	1.0	0.0	1.0	1.0	0.0	0.0	1.0	0.0	0.0	1.0	1.0	0.0	0.0	1.0	1.0	1.0	1.0	0.0	0.0	1.0	1.0	3.0	2018.0	"VAN"	0.0	132.0	0.5258964143426295
"VAN56"	1.0	1.0	0.0	1.0	1.0	4.0	56.0	0.139	1.0	1.0	1.0	1.0	1.0	1.0	0.5	1.0	1.0	0.0	0.0	0.0	0.0	1.0	0.75	1.0	0.75	1.0	0.75	1.0	1.0	0.0	0.0	1.0	0.75	0.0	0.0	1.0	0.25	0.0	0.0	1.0	0.5	1.0	0.75	1.0	1.0	1.0	1.0	104.0	0.416	145.0	0.58	1.0	0.004	0.0	0.0	0.0	495.0	0.0	146.0	0.584	250.0	1.0	0.0	0.0	0.0	1.0	1.0	0.0	0.0	1.0	0.0	0.0	1.0	0.0	0.0	0.0	0.0	0.0	1.0	1.0	0.0	1.0	1.0	1.0	4.0	2018.0	"VAN"	0.0	146.0	0.584
"VAN57"	0.0	1.0	0.0	1.0	1.0	5.0	82.0	0.11699999999999999	3.0	0.0	0.6	1.0	1.0	1.0	0.6	1.0	1.0	0.0	0.2	0.0	0.2	1.0	1.0	1.0	1.0	1.0	1.0	1.0	1.0	1.0	0.4	1.0	0.8	0.0	0.0	1.0	0.4	0.0	0.2	1.0	0.6	1.0	0.8	1.0	0.8	1.0	0.2	84.0	0.3157894736842105	180.0	0.6766917293233082	2.0	0.007518796992481203	0.0	0.0	0.0	489.0	0.0	182.0	0.6842105263157895	266.0	0.0	1.0	0.0	0.0	1.0	1.0	0.0	1.0	1.0	0.0	0.0	1.0	0.0	0.0	0.0	0.0	0.0	1.0	1.0	0.0	0.0	0.0	1.0	4.0	2018.0	"VAN"	0.0	182.0	0.6842105263157895
"VAN60"	0.0	0.0	0.0	0.0	1.0	4.0	94.0	0.192	4.0	1.0	1.0	1.0	1.0	1.0	0.5	1.0	1.0	0.0	0.0	0.0	0.0	1.0	1.0	1.0	1.0	1.0	1.0	1.0	1.0	0.0	0.0	1.0	1.0	0.0	0.0	0.0	0.0	0.0	0.0	0.0	0.0	1.0	1.0	1.0	1.0	0.0	0.0	63.0	0.3088235294117647	130.0	0.6372549019607843	3.0	0.014705882352941176	8.0	0.0392156862745098	0.0	279.0	0.0	133.0	0.6519607843137255	204.0	0.0	0.0	0.0	1.0	1.0	1.0	0.0	1.0	1.0	0.0	0.0	1.0	0.0	0.0	0.0	0.0	0.0	1.0	1.0	0.0	0.0	1.0	1.0	4.0	2018.0	"VAN"	0.0	141.0	0.6911764705882353
"VAN61"	0.0	0.0	0.0	0.0	1.0	3.0	64.0	0.152	2.0	0.0	0.6666666666666666	1.0	1.0	0.0	0.0	1.0	1.0	0.0	0.0	0.0	0.0	1.0	0.6666666666666666	1.0	0.6666666666666666	1.0	0.6666666666666666	1.0	0.6666666666666666	0.0	0.0	1.0	0.6666666666666666	0.0	0.0	0.0	0.0	0.0	0.0	0.0	0.0	1.0	0.6666666666666666	0.0	0.3333333333333333	0.0	0.0	50.0	0.43859649122807015	63.0	0.5526315789473685	1.0	0.008771929824561403	0.0	0.0	0.0	229.0	0.0	64.0	0.5614035087719298	114.0	0.0	0.0	0.0	1.0	1.0	0.0	0.0	0.0	0.0	0.0	0.0	1.0	0.0	0.0	0.0	0.0	0.0	1.0	1.0	0.0	0.0	0.0	1.0	3.0	2018.0	"VAN"	0.0	64.0	0.5614035087719298
"VAN62"	0.0	1.0	0.0	0.0	1.0	4.0	80.0	0.17	4.0	1.0	1.0	1.0	1.0	1.0	0.5	1.0	1.0	0.0	0.0	0.0	0.25	1.0	0.75	1.0	0.75	1.0	0.75	1.0	1.0	0.0	0.0	1.0	0.75	0.0	0.0	0.0	0.0	0.0	0.0	1.0	0.5	1.0	1.0	1.0	1.0	1.0	1.0	125.0	0.40584415584415584	176.0	0.5714285714285714	3.0	0.00974025974025974	4.0	0.012987012987012988	0.0	454.0	0.0	179.0	0.5811688311688312	308.0	1.0	0.0	1.0	1.0	1.0	1.0	0.0	0.0	0.0	1.0	0.0	0.0	1.0	0.0	0.0	0.0	0.0	0.0	1.0	0.0	0.0	0.0	1.0	3.0	2018.0	"VAN"	0.0	183.0	0.5941558441558441
"VAN63"	1.0	1.0	0.0	0.0	1.0	4.0	91.0	0.084	3.0	0.0	0.75	1.0	1.0	1.0	0.75	1.0	1.0	0.0	0.0	0.0	0.0	1.0	1.0	1.0	1.0	1.0	1.0	1.0	1.0	0.0	0.0	1.0	0.5	0.0	0.0	0.0	0.0	0.0	0.0	1.0	0.25	1.0	0.75	1.0	0.75	0.0	0.0	54.0	0.2297872340425532	150.0	0.6382978723404256	18.0	0.07659574468085106	13.0	0.05531914893617021	0.0	322.0	0.0	168.0	0.7148936170212766	235.0	0.0	0.0	0.0	1.0	1.0	0.0	0.0	0.0	1.0	0.0	0.0	1.0	0.0	0.0	0.0	0.0	0.0	1.0	1.0	0.0	0.0	1.0	1.0	4.0	2018.0	"VAN"	0.0	181.0	0.7702127659574468
"VAN64"	1.0	1.0	0.0	0.0	1.0	4.0	50.0	0.129	1.0	1.0	1.0	1.0	1.0	1.0	1.0	1.0	1.0	0.0	0.0	0.0	0.0	1.0	0.75	1.0	0.75	1.0	0.75	1.0	1.0	0.0	0.0	1.0	0.75	0.0	0.0	0.0	0.0	0.0	0.0	1.0	0.5	1.0	0.75	1.0	0.75	1.0	0.25	139.0	0.5054545454545455	129.0	0.4690909090909091	7.0	0.025454545454545455	0.0	0.0	0.0	419.0	0.0	136.0	0.49454545454545457	275.0	1.0	1.0	1.0	1.0	1.0	0.0	0.0	0.0	0.0	0.0	0.0	1.0	0.0	0.0	0.0	0.0	0.0	1.0	1.0	0.0	0.0	1.0	1.0	2.0	2018.0	"VAN"	0.0	136.0	0.49454545454545457
"VAN65"	0.0	0.0	0.0	0.0	1.0	4.0	64.0	0.14	1.0	0.0	0.75	1.0	1.0	0.0	0.0	1.0	0.75	0.0	0.0	0.0	0.0	1.0	1.0	1.0	1.0	1.0	1.0	1.0	1.0	0.0	0.0	1.0	0.75	0.0	0.0	0.0	0.0	0.0	0.0	1.0	0.25	1.0	0.75	1.0	1.0	1.0	1.0	78.0	0.4262295081967213	99.0	0.5409836065573771	5.0	0.0273224043715847	1.0	0.00546448087431694	0.0	334.0	0.0	104.0	0.5683060109289617	183.0	0.0	0.0	0.0	0.0	1.0	1.0	0.0	0.0	1.0	0.0	0.0	1.0	1.0	0.0	0.0	0.0	0.0	1.0	1.0	0.0	0.0	0.0	0.0	3.0	2018.0	"VAN"	0.0	105.0	0.5737704918032787
"VAN66"	1.0	1.0	0.0	1.0	1.0	5.0	77.0	0.26	2.0	0.0	0.8	1.0	1.0	1.0	0.8	1.0	1.0	0.0	0.0	0.0	0.0	1.0	1.0	1.0	1.0	1.0	1.0	1.0	1.0	0.0	0.0	1.0	1.0	0.0	0.0	0.0	0.0	0.0	0.0	1.0	0.8	0.0	0.4	1.0	0.6	0.0	0.0	162.0	0.6090225563909775	103.0	0.38721804511278196	1.0	0.0037593984962406013	0.0	0.0	0.0	481.0	0.0	104.0	0.39097744360902253	266.0	1.0	0.0	0.0	1.0	1.0	1.0	1.0	0.0	0.0	0.0	0.0	0.0	0.0	0.0	0.0	0.0	0.0	1.0	1.0	0.0	0.0	1.0	1.0	3.0	2018.0	"VAN"	0.0	104.0	0.39097744360902253
"VAN67"	1.0	1.0	0.0	0.0	1.0	4.0	88.0	0.15	3.0	1.0	1.0	1.0	1.0	0.0	0.25	1.0	1.0	0.0	0.0	0.0	0.0	1.0	1.0	1.0	1.0	1.0	1.0	1.0	1.0	1.0	0.25	1.0	1.0	0.0	0.0	0.0	0.0	0.0	0.0	1.0	0.5	1.0	0.75	1.0	0.75	0.0	0.0	92.0	0.5317919075144508	76.0	0.4393063583815029	1.0	0.005780346820809248	4.0	0.023121387283236993	0.0	305.0	0.0	77.0	0.44508670520231214	173.0	1.0	0.0	0.0	1.0	1.0	1.0	1.0	1.0	1.0	0.0	0.0	1.0	1.0	0.0	0.0	0.0	0.0	1.0	1.0	1.0	0.0	1.0	1.0	3.0	2018.0	"VAN"	0.0	81.0	0.4682080924855491
"VAN68"	1.0	1.0	0.0	0.0	1.0	4.0	94.0	0.126	3.0	1.0	1.0	1.0	1.0	0.0	0.25	1.0	1.0	0.0	0.0	0.0	0.0	1.0	0.75	1.0	0.75	1.0	0.75	1.0	1.0	0.0	0.0	1.0	0.5	0.0	0.0	0.0	0.0	0.0	0.0	1.0	0.25	1.0	0.5	1.0	0.5	1.0	0.5	14.0	0.2545454545454545	40.0	0.7272727272727273	1.0	0.01818181818181818	0.0	0.0	0.0	135.0	0.0	41.0	0.7454545454545455	55.0	0.0	0.0	0.0	1.0	1.0	1.0	0.0	0.0	1.0	0.0	0.0	1.0	1.0	0.0	0.0	0.0	0.0	1.0	1.0	0.0	0.0	1.0	1.0	4.0	2018.0	"VAN"	0.0	41.0	0.7454545454545455
"VAN69"	0.0	1.0	0.0	0.0	0.0	5.0	74.0	0.109	1.0	0.0	0.8	1.0	1.0	0.0	0.0	0.0	0.4	0.0	0.0	0.0	0.0	0.0	0.0	0.0	0.0	0.0	0.0	1.0	0.6	0.0	0.0	1.0	0.4	1.0	0.2	0.0	0.0	0.0	0.0	0.0	0.2	0.0	0.4	0.0	0.4	1.0	0.4	104.0	0.4094488188976378	146.0	0.5748031496062992	1.0	0.003937007874015748	3.0	0.011811023622047244	0.0	430.0	0.0	147.0	0.5787401574803149	254.0	1.0	0.0	1.0	0.0	1.0	0.0	0.0	1.0	0.0	0.0	0.0	0.0	1.0	0.0	0.0	0.0	0.0	1.0	1.0	0.0	0.0	1.0	1.0	3.0	2018.0	"VAN"	0.0	150.0	0.5905511811023622
"VAN70"	0.0	1.0	0.0	0.0	1.0	3.0	77.0	0.152	1.0	1.0	1.0	1.0	1.0	0.0	0.0	1.0	1.0	0.0	0.3333333333333333	0.0	0.3333333333333333	1.0	1.0	1.0	1.0	1.0	1.0	1.0	1.0	1.0	0.6666666666666666	1.0	0.6666666666666666	0.0	0.0	0.0	0.0	0.0	0.0	0.0	0.0	1.0	0.6666666666666666	1.0	1.0	1.0	1.0	64.0	0.3076923076923077	130.0	0.625	14.0	0.0673076923076923	0.0	0.0	0.0	385.0	0.0	144.0	0.6923076923076923	208.0	1.0	0.0	0.0	1.0	1.0	1.0	1.0	0.0	1.0	0.0	0.0	1.0	1.0	0.0	0.0	0.0	0.0	1.0	1.0	0.0	0.0	0.0	1.0	4.0	2018.0	"VAN"	0.0	144.0	0.6923076923076923
"VAN71"	1.0	1.0	0.0	0.0	1.0	2.0	51.0	0.17300000000000001	2.0	0.0	0.5	1.0	1.0	1.0	0.5	1.0	1.0	0.0	0.0	0.0	0.0	1.0	0.5	1.0	0.5	1.0	0.5	1.0	1.0	0.0	0.0	1.0	1.0	0.0	0.0	1.0	1.0	1.0	0.5	0.0	0.0	1.0	1.0	1.0	1.0	1.0	1.0	86.0	0.39814814814814814	98.0	0.4537037037037037	11.0	0.05092592592592592	21.0	0.09722222222222222	0.0	379.0	0.0	109.0	0.5046296296296297	216.0	0.0	0.0	0.0	1.0	1.0	0.0	0.0	0.0	0.0	0.0	0.0	0.0	1.0	0.0	0.0	0.0	0.0	1.0	1.0	0.0	0.0	1.0	1.0	3.0	2018.0	"VAN"	0.0	130.0	0.6018518518518519
"VAN72"	0.0	0.0	0.0	1.0	1.0	6.0	67.0	0.3	2.0	0.0	0.8333333333333334	1.0	1.0	0.0	0.0	0.0	0.3333333333333333	0.0	0.0	0.0	0.0	0.0	0.3333333333333333	0.0	0.3333333333333333	0.0	0.3333333333333333	0.0	0.3333333333333333	0.0	0.0	0.0	0.0	0.0	0.0	0.0	0.16666666666666666	0.0	0.0	1.0	0.5	1.0	0.5	1.0	1.0	1.0	1.0	36.0	0.46153846153846156	42.0	0.5384615384615384	0.0	0.0	0.0	0.0	0.0	211.0	0.0	42.0	0.5384615384615384	78.0	0.0	0.0	0.0	1.0	1.0	1.0	0.0	0.0	1.0	0.0	0.0	1.0	0.0	0.0	0.0	0.0	0.0	1.0	1.0	0.0	0.0	1.0	1.0	3.0	2018.0	"VAN"	0.0	42.0	0.5384615384615384
"VAN73"	0.0	0.0	0.0	1.0	1.0	4.0	52.0	0.172	2.0	1.0	1.0	1.0	1.0	1.0	0.5	1.0	1.0	0.0	0.0	0.0	0.25	1.0	0.75	1.0	0.75	1.0	0.75	1.0	0.75	0.0	0.0	1.0	0.5	0.0	0.0	1.0	0.5	0.0	0.0	0.0	0.0	1.0	0.5	1.0	0.75	0.0	0.0	99.0	0.55	71.0	0.39444444444444443	7.0	0.03888888888888889	3.0	0.016666666666666666	0.0	483.0	0.0	78.0	0.43333333333333335	180.0	1.0	0.0	0.0	1.0	1.0	1.0	1.0	0.0	1.0	0.0	0.0	1.0	0.0	0.0	0.0	0.0	0.0	1.0	1.0	0.0	0.0	1.0	1.0	3.0	2018.0	"VAN"	0.0	81.0	0.45
"VAN74"	1.0	1.0	0.0	0.0	1.0	4.0	50.0	0.25	2.0	1.0	1.0	1.0	1.0	0.0	0.25	1.0	0.5	0.0	0.25	0.0	0.25	1.0	0.75	1.0	0.75	1.0	0.75	1.0	1.0	0.0	0.0	1.0	0.5	1.0	0.25	0.0	0.0	0.0	0.0	0.0	0.0	1.0	0.5	1.0	1.0	1.0	1.0	93.0	0.510989010989011	84.0	0.46153846153846156	5.0	0.027472527472527472	0.0	0.0	0.0	319.0	0.0	89.0	0.489010989010989	182.0	1.0	1.0	1.0	1.0	1.0	1.0	0.0	0.0	0.0	0.0	0.0	1.0	1.0	0.0	0.0	0.0	1.0	1.0	1.0	1.0	0.0	0.0	0.0	3.0	2018.0	"VAN"	0.0	89.0	0.489010989010989
"VAN75"	0.0	1.0	0.0	1.0	1.0	4.0	59.0	0.198	2.0	0.0	0.5	1.0	1.0	1.0	0.5	1.0	1.0	0.0	0.0	0.0	0.0	1.0	0.75	1.0	0.75	1.0	0.75	1.0	0.75	0.0	0.0	1.0	0.75	0.0	0.0	1.0	0.25	0.0	0.0	0.0	0.0	1.0	0.75	1.0	0.5	0.0	0.0	80.0	0.4819277108433735	80.0	0.4819277108433735	4.0	0.024096385542168676	2.0	0.012048192771084338	0.0	211.0	0.0	84.0	0.5060240963855421	166.0	0.0	0.0	0.0	0.0	1.0	0.0	0.0	1.0	0.0	0.0	0.0	1.0	0.0	0.0	0.0	0.0	0.0	1.0	1.0	0.0	0.0	1.0	1.0	3.0	2018.0	"VAN"	0.0	86.0	0.5180722891566265
"VAN76"	0.0	1.0	0.0	0.0	1.0	4.0	65.0	0.11199999999999999	1.0	1.0	1.0	1.0	1.0	0.0	0.25	1.0	0.75	0.0	0.0	0.0	0.0	1.0	0.5	1.0	0.5	1.0	0.5	1.0	0.75	0.0	0.0	1.0	0.25	0.0	0.0	0.0	0.0	0.0	0.0	1.0	0.25	1.0	0.5	1.0	0.5	1.0	0.5	60.0	0.3870967741935484	94.0	0.6064516129032258	0.0	0.0	1.0	0.0064516129032258064	0.0	223.0	0.0	94.0	0.6064516129032258	155.0	0.0	0.0	0.0	1.0	1.0	0.0	0.0	0.0	1.0	0.0	0.0	1.0	0.0	0.0	0.0	0.0	0.0	1.0	1.0	0.0	0.0	1.0	1.0	4.0	2018.0	"VAN"	0.0	95.0	0.6129032258064516
"VAN88"	0.0	1.0	0.0	0.0	1.0	2.0	15.0	0.209	2.0	1.0	1.0	1.0	1.0	1.0	0.5	1.0	1.0	0.0	0.0	0.0	0.0	0.0	0.0	0.0	0.0	0.0	0.0	1.0	1.0	0.0	0.0	1.0	0.5	1.0	0.5	1.0	1.0	0.0	0.0	0.0	0.0	1.0	1.0	1.0	0.5	1.0	0.5	139.0	0.6177777777777778	46.0	0.20444444444444446	40.0	0.17777777777777778	0.0	0.0	0.0	359.0	0.0	86.0	0.38222222222222224	225.0	1.0	1.0	0.0	0.0	1.0	1.0	0.0	1.0	0.0	0.0	0.0	0.0	0.0	0.0	0.0	0.0	0.0	0.0	1.0	0.0	0.0	0.0	0.0	1.0	2018.0	"VAN"	0.0	86.0	0.38222222222222224
"VAN90"	0.0	0.0	0.0	0.0	1.0	4.0	97.0	0.16	4.0	1.0	1.0	1.0	1.0	0.0	0.0	1.0	0.75	1.0	0.5	0.0	0.5	1.0	1.0	1.0	1.0	1.0	1.0	1.0	0.75	0.0	0.0	1.0	0.75	0.0	0.0	0.0	0.0	0.0	0.0	1.0	0.25	1.0	0.75	1.0	1.0	1.0	1.0	49.0	0.392	71.0	0.568	5.0	0.04	0.0	0.0	0.0	218.0	0.0	76.0	0.608	125.0	1.0	0.0	0.0	1.0	1.0	1.0	0.0	0.0	0.0	0.0	1.0	1.0	1.0	0.0	0.0	0.0	0.0	1.0	1.0	0.0	0.0	1.0	1.0	5.0	2018.0	"VAN"	0.0	76.0	0.608
"VAN93"	1.0	1.0	0.0	1.0	1.0	12.0	97.0	0.158	4.0	0.0	0.9166666666666666	0.0	0.9166666666666666	1.0	0.5833333333333334	1.0	0.6666666666666666	0.0	0.0	0.0	0.0	0.0	0.3333333333333333	0.0	0.3333333333333333	0.0	0.3333333333333333	1.0	0.5	0.0	0.0	1.0	0.5	0.0	0.0	0.0	0.16666666666666666	1.0	0.25	1.0	0.25	0.0	0.3333333333333333	0.0	0.25	0.0	0.0	30.0	0.46153846153846156	33.0	0.5076923076923077	2.0	0.03076923076923077	0.0	0.0	0.0	193.0	0.0	35.0	0.5384615384615384	65.0	1.0	0.0	0.0	0.0	0.0	1.0	0.0	1.0	1.0	0.0	0.0	1.0	1.0	0.0	0.0	0.0	0.0	0.0	0.0	0.0	0.0	0.0	0.0	4.0	2018.0	"VAN"	0.0	35.0	0.5384615384615384
"VAN95"	0.0	1.0	0.0	1.0	1.0	3.0	84.0	0.09300000000000001	3.0	1.0	1.0	1.0	1.0	1.0	0.6666666666666666	1.0	1.0	0.0	0.0	0.0	0.0	0.0	0.3333333333333333	0.0	0.3333333333333333	0.0	0.3333333333333333	0.0	0.3333333333333333	0.0	0.0	0.0	0.0	0.0	0.0	1.0	0.6666666666666666	0.0	0.0	0.0	0.0	0.0	0.3333333333333333	1.0	1.0	1.0	1.0	56.0	0.3111111111111111	101.0	0.5611111111111111	11.0	0.06111111111111111	12.0	0.06666666666666667	0.0	278.0	0.0	112.0	0.6222222222222222	180.0	0.0	1.0	0.0	0.0	1.0	0.0	0.0	0.0	1.0	0.0	1.0	1.0	0.0	0.0	0.0	0.0	0.0	1.0	1.0	0.0	0.0	0.0	1.0	5.0	2018.0	"VAN"	0.0	124.0	0.6888888888888889
"VAN97"	0.0	1.0	0.0	0.0	1.0	4.0	91.0	0.23	4.0	1.0	1.0	1.0	1.0	1.0	0.75	1.0	1.0	0.0	0.0	0.0	0.0	1.0	0.5	1.0	0.5	1.0	0.5	1.0	0.5	0.0	0.0	1.0	0.75	0.0	0.0	1.0	0.25	1.0	0.25	1.0	0.75	1.0	0.75	1.0	0.5	1.0	0.5	21.0	0.25609756097560976	61.0	0.7439024390243902	0.0	0.0	0.0	0.0	0.0	189.0	0.0	61.0	0.7439024390243902	82.0	1.0	0.0	0.0	0.0	1.0	1.0	0.0	0.0	0.0	0.0	0.0	0.0	1.0	0.0	0.0	0.0	0.0	0.0	1.0	0.0	0.0	0.0	1.0	4.0	2018.0	"VAN"	0.0	61.0	0.7439024390243902
"VAN98"	1.0	1.0	0.0	0.0	1.0	3.0	79.0	0.105	3.0	0.0	0.6666666666666666	1.0	1.0	1.0	1.0	1.0	1.0	0.0	0.0	0.0	0.3333333333333333	1.0	0.6666666666666666	1.0	0.6666666666666666	1.0	0.6666666666666666	1.0	1.0	0.0	0.0	1.0	0.6666666666666666	0.0	0.0	1.0	0.3333333333333333	0.0	0.0	1.0	0.3333333333333333	1.0	0.6666666666666666	0.0	0.3333333333333333	1.0	0.3333333333333333	53.0	0.21285140562248997	185.0	0.7429718875502008	1.0	0.004016064257028112	10.0	0.040160642570281124	0.0	349.0	0.0	186.0	0.7469879518072289	249.0	1.0	1.0	1.0	1.0	1.0	1.0	1.0	0.0	0.0	0.0	0.0	1.0	1.0	0.0	0.0	0.0	0.0	1.0	1.0	1.0	0.0	0.0	0.0	3.0	2018.0	"VAN"	0.0	196.0	0.7871485943775101
"VAN99"	1.0	1.0	0.0	0.0	1.0	4.0	84.0	0.09	3.0	1.0	1.0	1.0	1.0	1.0	0.5	1.0	0.75	0.0	0.0	0.0	0.0	1.0	0.75	1.0	0.75	1.0	0.75	1.0	1.0	1.0	0.5	1.0	0.75	0.0	0.0	1.0	0.75	0.0	0.0	0.0	0.0	1.0	0.75	1.0	1.0	0.0	0.0	62.0	0.3315508021390374	112.0	0.5989304812834224	10.0	0.053475935828877004	3.0	0.016042780748663103	0.0	309.0	0.0	122.0	0.6524064171122995	187.0	1.0	0.0	0.0	0.0	1.0	0.0	0.0	0.0	1.0	0.0	1.0	1.0	0.0	0.0	0.0	0.0	0.0	1.0	1.0	0.0	0.0	0.0	1.0	5.0	2018.0	"VAN"	0.0	125.0	0.6684491978609626
""																																																																																							""			
""																																																																																							""			
""																																																																																							""			
