"","predicted","adjacentschool","parkinglotc","parkinglotb","altparking","bikeracks","segments","Walkscore","LICOATda","SamplingQuadrant","sidewalkboth","sidewalkbothperc","sidewalkone","sidewalkoneperc","parkingsignboth","parkingsignbothperc","parkingsignone","parkingsignoneperc","mountableboth","mountablebothperc","mountableone","mountableoneperc","speedlimitsign","speedlimitsignperc","speedlimit40","speedlimit40perc","speedlimit30","speedlimit30perc","marking","markingperc","obstructions","obstructionsperc","dropoffc","dropoffcperc","dropoffb","dropoffbperc","publicspaces","publicspacesperc","graffiti","graffitiperc","garbage","garbageperc","entrance","entranceperc","device","deviceperc","bikeinfra","bikeinfraperc","enrolment","DanBehaCongestion","DanBehaAdultCrossG","DanBehaChildCrossG","DanBehaDrivDoublePark","DanBehaDrivDropOffOppSide","DanBehaDrivBlockView","DanBehaDrivParkBlock","DanBehaDrivNotFollControls","DanBehaDrivBackUp","DanBehaDrivTexting","DanBehaDrivPhone","DanBehaDrivUTurn","DanBehaTruck","DanBehaPedNotFolControlsA","DanBehaPedNotFolControlsC","DanBehaPedNotFolCrossGA","DanBehaPedNotFolCrossGC","DanBehaPedJayWalkA","DanBehaPedJayWalkC","DanBehaPedDeviceA","DanBehaPedDeviceC","DanBehaPedBetParkCarsA","DanBehaPedBetParkCarsC","ActLivClassEnv","CHASEYEAR","City","SUMIntersection","NbrTrafSignals","NbrCrossingGuard","NbrSchools","ShapeAreakm","Highwaykm","MinorRoadkm","MajorRoadkm","roadcovkm","SumComkm","SumGouvkm","SumOpenAreakm","SumParkkm","SumReskm","SumIndkm","ISPH1116","OPDbPC60Less","Pop2016","Pop2011","STDMulti","SUMOneway","BikeClass01","BikeClass02","BikeClass03","BikeClassAll","AG112","AG117","AG012","AG017","NbrRaisedCrosswalk","SpeedHumpkm","NbrTrafficCircles","NbrMidBlockNarrowings","NbrCurbExtension","NbrDiverter","NbrCrosswalk","NbrFlashingCrosswalk","NbrSpeedActivatedSign","active_t_prop","city","pop_den","child_den","road_den","multihome_den","immigrant_den","density_intersections","proportion_industrial_area","density_pre_1960_houses","proportion_government_area","proportion_commercial_area","density_major_roads","density_bicycle_class","density_curb_extensions","myid","active_t"
"1",0.480497721984227,1,1,0,1,1,5,48,0.103,2,0,0.8,1,1,0,0,1,0.6,0,0.4,0,0.4,0,0.4,0,0,0,0,1,0.6,0,0,0,0,1,0.2,1,0.6,0,0,1,0.6,0,0.2,0,0.2,1,0.6,232,1,1,1,1,1,1,1,1,0,0,1,1,1,0,0,0,0,1,1,0,0,1,1,3,2018,"CAL",148,10,0,4,2.266420271,1.55841335,26.23143704,6.679451774,34.46930216,0.203689357,0.068367866,0.101797502,0.26579981,1.546593639,0.080172106,811.0594557,75.60892142,8969.90693,8569.167209,635.9928784,2.242448053,0,2.363545284,0,2.363545284,1356.525964,1862.688133,1476.725627,1982.887796,0,NA,0,0,0,0,4,4,0,0.565217391304348,"Calgary",3957.74210316353,874.898544357398,15.2086983164827,280.615597441416,357.8592488242,65.3012161485384,0.0353738920472266,33.3605035162519,0.0301655729410832,0.0898727211392825,2.94713732464671,1.0428539288334,0,"CAL100",65
"4",0.480497721984227,1,1,0,0,1,12,46,0.329,2,0,0.833333333333333,1,1,0,0.25,1,0.666666666666667,1,0.666666666666667,0,0.833333333333333,0,0,0,0,0,0,1,0.666666666666667,0,0,0,0,1,0.25,1,0.25,0,0.0833333333333333,1,0.666666666666667,0,0.0833333333333333,0,0.0833333333333333,1,0.0833333333333333,293,1,0,1,1,1,1,1,1,0,0,0,1,0,0,0,1,1,1,1,1,1,0,0,3,2018,"CAL",140,7,0,5,2.406904122,1.56026363,26.5992515,6.621709095,34.78122422,0.094197311,0.049172999,0.172424575,0.32916687,1.761941195,NA,683.5105592,95.34250456,10229.60339,9745.316254,944.8080907,1.975855255,0,2.554389454,0,2.554389454,1551.869856,2081.553205,1711.59788,2241.281229,0,NA,0,0,0,0,3,2,0,0.463235294117647,"Calgary",4250.10838466627,931.188412747253,14.4506064458848,392.540808777592,283.979138575758,58.166006165492,NA,39.6120907719315,0.0204299783072124,0.039136295517134,2.75113122889903,1.06127594807451,0,"CAL103",40
"15",0.480497721984227,0,1,0,1,1,4,60,0.092,4,1,1,1,1,0,0,1,0.5,0,0,0,0,0,0,0,0,0,0,0,0.25,0,0,0,0,1,0.25,1,0.25,1,0.25,0,0,1,0.5,0,0,0,0,179,0,0,0,1,1,0,1,0,0,0,0,1,0,0,0,0,0,1,1,0,0,1,1,2,2018,"CAL",143,10,0,2,2.106575996,3.047584182,22.9110643,4.513306048,30.47195453,NA,0.031210432,0.15419685,0.304628386,1.433884278,0.022896662,120.1717322,580.3490901,4164.815539,3597.363515,449.2768864,1.600582011,0.525923196,5.487172012,1.273275554,7.286370761,422.3465599,549.4198149,492.8810002,619.9542551,0,NA,0,0,0,0,5,6,0,0.380952380952381,"Calgary",1977.05449359919,294.294749525856,14.465157956732,213.273524075606,57.0459990183995,67.8826684969024,0.0108691364771442,275.494020249911,0.0148157161475602,NA,2.14248432364649,3.45886916723416,0,"CAL104",46
"18",0.480497721984227,1,1,0,1,1,2,53,0.052,3,1,1,1,1,1,1,1,1,1,0.5,0,0.5,0,0,0,0,0,0,1,1,1,0.5,1,0.5,0,0,1,0.5,0,0,0,0,1,0.5,1,0.5,1,0.5,400,1,1,1,1,1,1,1,0,0,0,0,1,0,0,0,0,0,1,1,0,0,1,1,2,2018,"CAL",104,7,0,3,1.150999209,2.594696771,14.23090688,2.35100163,19.17660528,NA,0.102710569,0.059869438,0.137795138,0.713047681,0.137576387,346.7015772,131.3462828,2853.847395,2615.046714,820.5521259,2.35100163,0,0.429289635,0,0.429289635,270.1723661,348.7051117,297.4817977,376.0145433,0,NA,0,0,0,0,2,2,0,0.240963855421687,"Calgary",2479.45209057046,326.685318599554,16.6608327182612,712.904161431096,301.217910915176,90.3562740849807,0.119527785878782,114.115007006925,0.0892360031152723,NA,2.04257449667804,0.37297126847982,0,"CAL107",63
"29",0.480497721984227,0,1,0,0,1,7,27,0.033,1,0,0.285714285714286,0,0.714285714285714,0,0,0,0.142857142857143,0,0.142857142857143,0,0.714285714285714,0,0,0,0,0,0,0,0.285714285714286,1,0.285714285714286,0,0,1,0.142857142857143,0,0.142857142857143,0,0,0,0,0,0.285714285714286,0,0.142857142857143,1,0.142857142857143,374,1,0,0,1,1,1,0,1,1,1,0,1,1,0,0,0,0,1,1,1,0,1,1,2,2018,"CAL",101,3,0,2,1.830749494,2.138382534,18.44260659,2.65946267,23.2404518,NA,NA,0.243288539,0.655953763,0.844293963,NA,127.5081446,0,5251.257983,5411.748248,1.892257697,1.839000686,0,2.568000837,0,2.568000837,701.9564174,1110.956135,745.2371407,1154.236858,0,0.246762809,0,0,0,0,2,2,0,0.428571428571429,"Calgary",2868.36511505817,630.47230753461,12.6945012827626,1.03359727980348,69.6480567209705,55.168661977519,NA,0,NA,NA,1.45266333745604,1.40270465479643,0,"CAL109",34
"31",0.480497721984227,0,1,0,0,1,4,28,0.034,1,1,1,1,1,0,0.333333333333333,0,0.333333333333333,1,0.666666666666667,1,1,0,0,0,0,0,0,1,0.666666666666667,0,0,1,0.333333333333333,1,0.333333333333333,1,0.666666666666667,0,0,0,0,0,0.333333333333333,0,0,0,0,201,1,0,0,1,1,1,1,1,0,0,0,0,1,0,0,0,0,1,1,1,0,0,1,2,2018,"CAL",108,4,0,3,1.790305012,NA,21.50773606,3.332719862,NA,NA,0.047999264,0.050542059,0.286486528,1.314429178,NA,29.39663695,7.871879945,4169.124129,4155.551196,1.954875631,0.306757899,0,0.257830594,0,0.257830594,598.0198397,857.5221718,617.2458903,876.7482224,0,NA,0,0,0,0,2,0,0,0.365853658536585,"Calgary",2328.72281597567,489.720029002522,NA,1.09192322978315,16.4199042917051,60.3249162997931,NA,4.39694906300134,0.0268106628078858,NA,1.86153746968341,0.144014898171999,0,"CAL113",93
"32",0.480497721984227,0,1,0,0,1,4,49,0.072,3,0,0.5,1,1,0,0.25,1,0.5,0,0,0,0.5,0,0,0,0,0,0,1,1,0,0,0,0,1,0.25,1,0.75,0,0,0,0,1,0.5,1,0.5,1,0.25,379,0,0,0,0,1,0,0,1,0,0,0,1,1,0,0,0,0,1,1,0,0,0,0,3,2018,"CAL",127,4,0,5,2.235574295,NA,30.55187035,3.80858585,NA,NA,0.090113151,0.04226127,0.197734525,1.896538444,0.008926909,260.9470422,1542.119222,5823.339813,5385.247085,560.4876338,0.122178932,1.537398522,0.36235698,1.717888918,3.617644419,803.6760266,1047.343525,859.2908365,1102.958335,0,0.002744704,0,0,0,0,6,1,0,0.514285714285714,"Calgary",2604.85183875314,493.366888976508,NA,250.71304275307,116.724835664654,56.8086689330985,0.00399311667698344,689.808979039097,0.0403087256824985,NA,1.70362750122782,1.61821704028852,0,"CAL122",163
"46",0.480497721984227,1,1,0,1,1,10,46,0.061,1,0,0.6,0,0.9,1,0.5,1,0.8,1,0.8,0,0.9,0,0.1,0,0,0,0,1,0.5,0,0,0,0,1,0.3,1,0.7,0,0.1,0,0.1,0,0.1,0,0.1,1,0.2,382,1,0,1,0,1,1,1,1,1,0,1,1,1,0,0,0,0,1,1,1,1,1,1,3,2018,"CAL",233,17,0,3,2.53441497,NA,33.05230149,8.155751868,NA,0.004264023,NA,0.125602388,0.272721222,2.131826515,8.0804e-07,759.0884175,29.94701515,9666.607715,9442.584266,111.8230196,2.413314943,0,6.255894554,0,6.255894554,1159.121654,1815.97783,1264.137389,1920.993565,0,NA,0,0,0,0,2,4,0,0.454545454545455,"Calgary",3814.1377120259,757.963312140632,NA,44.1218272949201,299.512284485914,91.9344317162079,3.18827030918303e-07,11.8161451476906,NA,0.00168244863231691,3.21800177340335,2.46837815750433,0,"CAL124",29
"50",0.480497721984227,1,1,0,0,1,10,67,0.035,3,0,0.6,0,0.8,0,0,1,0.6,0,0.4,0,0.8,0,0,0,0,0,0,0,0.2,0,0,1,0.2,1,0.1,0,0.2,0,0,0,0,0,0.3,0,0.1,1,0.1,505,1,1,1,1,1,1,1,1,0,0,0,1,0,0,0,0,0,1,1,0,0,0,1,2,2018,"CAL",191,6,0,3,2.868283277,NA,24.68379526,6.961272491,NA,NA,NA,0.531319951,0.020093537,2.316869813,NA,365.8960107,0.013396632,6690.995965,4983.979459,225.3292381,0.875116405,0,5.893352784,0,5.893352784,1594.471183,2053.968138,1705.406472,2164.903427,0,NA,0,0,0,0,4,0,0,0.689024390243902,"Calgary",2332.75284162248,754.773227721189,NA,78.5589205595051,127.566204368314,66.5903544226535,NA,0.00467060980602022,NA,NA,2.42698221156208,2.05466204515336,0,"CAL127",27
"52",0.480497721984227,0,1,0,1,1,4,57,0.071,3,1,1,1,1,0,0,0,0.25,0,0,0,0,0,0,0,0,0,0,0,0.25,0,0,0,0,1,0.25,0,0,0,0,1,0.25,0,0.25,0,0,0,0,223,0,0,0,0,1,1,0,0,1,0,0,1,0,0,0,0,0,0,1,0,0,0,1,2,2018,"CAL",38,3,0,1,0.720478115,NA,8.198230025,0.000784733,NA,NA,0.005150478,0.009322674,0.211670729,0.494334251,NA,39.79360862,445.3444818,1917.297925,1881.117958,297.4895057,0.000784733,0,2.494828725,0.833317116,3.328145841,212.028546,256.9529631,227.6362637,272.5606808,0,0.41079031,0,0,0,0,1,2,0,0.37037037037037,"Calgary",2661.14665398268,378.305288010032,NA,412.90567958473,55.2322239794889,52.7427540252212,NA,618.123538422815,0.0071486945859556,NA,0.00108918367353879,4.61935730136647,0,"CAL13",40
"55",0.59793070477151,1,1,0,1,1,8,51,0.101,4,0,0.875,1,1,0,0,1,0.625,1,0.5,0,0.75,0,0,0,0,0,0,0,0.25,0,0,1,0.125,1,0.25,1,0.375,0,0,1,0.375,0,0.125,0,0.25,1,0.5,519,1,0,1,1,1,1,1,1,1,1,1,1,1,1,1,1,0,1,1,1,0,1,1,3,2018,"CAL",171,5,0,4,2.405760537,NA,31.04519459,8.322239795,NA,NA,0.044192271,0.088726085,0.234276707,2.038565496,NA,1893.529618,69.89886251,12289.15481,11836.84401,688.8990936,1.808359029,0,4.156545185,0,4.156545185,1922.496203,2696.827972,2077.286006,2851.617775,0,0.276133816,0,0,0,0,3,3,0,0.488805970149254,"Calgary",5108.22029915108,1185.32901805596,NA,286.353975387368,787.081502451297,71.0793935514622,NA,29.0547880534961,0.0183693556862098,NA,3.45929682817804,1.72774684806462,0,"CAL131",95
"63",0.285318238275449,0,1,0,1,1,6,40,0.133,2,0,0.833333333333333,1,1,0,0.333333333333333,0,0.333333333333333,0,0.333333333333333,0,0.5,0,0.166666666666667,0,0,0,0,0,0.333333333333333,0,0,1,0.166666666666667,1,0.166666666666667,1,0.5,0,0,0,0,0,0.166666666666667,0,0.166666666666667,1,0.333333333333333,330,1,0,1,0,1,1,1,1,0,0,1,1,1,0,1,0,0,1,1,1,0,0,0,2,2018,"CAL",288,10,0,2,4.909108025,3.921969663,53.16493643,6.333339145,63.42024523,NA,0.013429219,0.203912724,0.518629454,3.621109634,0.552026985,628.066487,87.91251212,10986.62228,10667.96363,907.0882056,3.938193387,0,6.176346472,0.981712748,7.158059221,1565.233497,2129.052486,1708.279611,2272.0986,0,NA,0,0,0,0,3,1,0,0.543859649122807,"Calgary",2238.00784664949,462.833286297463,12.918893800468,184.776582829423,127.939023505192,58.6664621217008,0.112449549325206,17.9080418830262,0.00273557211037335,NA,1.29012014254871,1.45811809081142,0,"CAL132",59
"68",0.285318238275449,0,0,0,0,0,10,34,0.072,1,0,0.2,0,0.9,0,0,0,0.1,1,0.9,1,1,0,0,0,0,0,0,0,0.3,0,0,1,0.1,1,0.1,0,0,0,0,0,0.2,0,0.1,0,0,0,0,320,1,1,1,0,0,1,1,1,1,1,0,1,1,0,0,0,0,0,0,1,0,0,1,2,2018,"CAL",421,8,0,3,6.102712329,NA,65.56231913,15.33291589,NA,NA,NA,0.27570437,1.910433528,3.916574435,NA,964.3648688,20.83359775,16093.2492,16179.80961,368.2524457,7.546412882,0,16.56620221,0,16.56620221,1948.025297,3029.965817,2059.127777,3141.068297,0,NA,0,0,0,0,2,3,0,0.22,"Calgary",2637.06501837308,514.700370534211,NA,60.342422491401,158.022337742736,68.985719349643,NA,3.41382595587851,NA,NA,2.51247561139958,2.71456383930759,0,"CAL150",28
"69",0.480497721984227,1,1,0,0,1,7,44,0.229,2,0,0.714285714285714,0,0.857142857142857,0,0,1,0.714285714285714,1,0.571428571428571,0,0.714285714285714,0,0.285714285714286,0,0,0,0,0,0.285714285714286,0,0,0,0,1,0.142857142857143,1,0.285714285714286,0,0,0,0,0,0.142857142857143,0,0.285714285714286,1,0.142857142857143,242,0,0,1,0,0,0,1,1,0,0,0,1,0,0,0,0,0,1,1,0,0,0,0,3,2018,"CAL",159,3,0,5,2.387572366,1.538835396,29.62080837,5.844726154,37.00436992,NA,0.028458419,0.156845545,0.244192971,1.958075417,NA,1681.260328,30.14563172,11171.12712,11307.31376,514.1167033,2.181772715,0,3.792048079,0,3.792048079,1750.080499,2454.231333,1897.134491,2601.285325,0,NA,0,0,0,0,8,3,0,0.368421052631579,"Calgary",4678.86430546834,1089.51056815842,15.498742759364,215.33031233785,704.171463844125,66.5948401247328,NA,12.6260599047325,0.0119193953679727,NA,2.44797864024198,1.58824424884469,0,"CAL153",110
"74",0.480497721984227,0,1,0,1,1,9,38,0.084,3,1,1,1,1,0,0.111111111111111,1,0.555555555555556,0,0.444444444444444,0,0.555555555555556,0,0.111111111111111,0,0,0,0,1,0.666666666666667,0,0,0,0,1,0.111111111111111,1,0.666666666666667,0,0,1,0.444444444444444,0,0.222222222222222,0,0.222222222222222,1,0.111111111111111,242,1,0,0,1,1,1,1,1,1,1,1,1,1,0,0,0,0,1,1,1,0,1,1,3,2018,"CAL",110,9,0,7,2.157028525,NA,26.91636176,0.21373206,NA,NA,0.072497555,0.079808433,0.460299826,1.402298388,0.142124353,511.6274162,143.2586767,7030.594029,6770.339819,1040.939211,0.21373206,0,3.545893125,0,3.545893125,924.3554474,1256.898534,1004.904156,1337.447242,0,NA,0,0,0,0,4,7,0,0.353293413173653,"Calgary",3259.38852802144,620.041518458825,NA,482.580178674271,237.190843918024,50.9960803601334,0.0658889538792724,66.4148271752688,0.0336099194608472,NA,0.0990863391572441,1.6438786431904,0,"CAL157",40
"77",0.480497721984227,0,1,0,0,1,5,31,0.049,1,0,0.8,1,1,0,0,0,0.2,1,1,1,1,0,0,0,0,0,0,1,0.8,0,0,1,0.2,1,0.2,0,0.2,0,0,0,0,0,0.4,1,1,1,1,489,1,1,1,1,1,1,0,1,0,1,0,0,1,0,0,0,0,1,1,1,0,0,0,2,2018,"CAL",101,2,0,1,1.864484868,3.505184523,17.24285098,3.093076674,23.84111218,NA,NA,0.468903438,0.054488195,1.203306856,0.003265906,329.852263,0,6332.641601,6203.420306,7.945660703,4.075794597,0,3.095198109,0,3.095198109,1355.576881,2016.658077,1413.467832,2074.549028,0,NA,0,0,0,0,2,1,0,0.684210526315789,"Calgary",3396.45642058383,1112.66605785078,12.7869700576192,4.26158497683232,176.913349451759,54.170458411036,0.00175163985294409,0,NA,NA,1.65894436961448,1.66008218254952,0,"CAL163",97
"83",0.480497721984227,0,1,0,1,1,5,36,0.028,1,0,0.8,0,0.8,0,0.2,0,0.4,1,1,1,1,0,0,0,0,0,0,0,0.4,0,0,1,0.2,0,0,1,0.8,0,0,0,0,0,0.2,0,0.2,1,0.2,451,1,0,0,1,1,1,0,0,1,0,0,1,0,0,0,0,0,1,1,0,0,1,1,2,2018,"CAL",166,2,0,2,1.860349884,1.446294602,22.87729186,5.637201313,29.96078778,NA,NA,0.410177797,0.205005504,1.228100089,0.017066464,383.2253262,0.071184734,7345.216826,7246.970011,212.4770822,1.103287161,0,4.412052347,0,4.412052347,1110.131229,1722.720141,1196.251686,1808.840597,0,NA,0,0,0,0,4,0,0,0.49,"Calgary",3948.29859112674,972.312043318836,16.1049209278742,114.213505764381,205.996371701873,89.2305267023631,0.00917379260040312,0.0382641645059495,NA,NA,3.03018338726652,2.37162502868197,0,"CAL165",57
"92",0.480497721984227,1,1,0,0,1,5,59,0.09,4,1,1,1,1,0,0,1,0.6,0,0.4,0,0.4,0,0,0,0,0,0,1,0.6,0,0,1,0.4,1,0.4,0,0,0,0,1,0.6,1,0.6,0,0.4,0,0,585,1,0,0,0,1,1,1,0,0,1,0,1,1,0,0,0,0,1,1,0,0,0,1,3,2018,"CAL",136,5,0,2,1.833808883,1.643289757,20.32819453,4.353861648,26.32534593,NA,NA,0.791360734,0.127053082,0.289599056,0.587484203,623.8917276,0.000268977,8018.359113,7873.125972,825.4244114,2.649193988,0,4.148946528,0,4.148946528,1549.141848,1984.776466,1677.339336,2112.973954,0,NA,0,0,0,0,3,3,0,0.668367346938776,"Calgary",4372.51623510649,1152.23236924412,14.3555559000965,450.114741537109,340.21632972971,74.1625810959713,0.320362829761688,0.000146676680701846,NA,NA,2.37421777610617,2.26247487754153,0,"CAL174",20
"94",0.480497721984227,0,1,0,0,1,7,37,0.021,1,0,0.571428571428571,0,0.714285714285714,0,0,0,0.285714285714286,1,0.857142857142857,0,0.857142857142857,0,0.285714285714286,0,0.142857142857143,0,0.142857142857143,0,0.285714285714286,0,0,0,0,1,0.142857142857143,0,0.142857142857143,0,0,0,0.142857142857143,0,0.285714285714286,0,0.428571428571429,1,0.428571428571429,575,1,0,1,1,1,1,1,0,0,0,0,1,1,0,0,0,0,1,1,1,0,1,1,2,2018,"CAL",403,9,0,2,7.195617266,4.587104546,62.06227723,9.78972021,76.43910199,NA,NA,2.26359069,0.278968898,2.162058827,0.051864749,759.7052532,0,12546.37592,9929.81405,165.5545608,23.18546833,0,19.14843698,0,19.14843698,2570.918753,3733.705721,2723.48736,3886.274329,0,NA,0,0,0,0,4,3,0,0.353211009174312,"Calgary",1743.6135714559,540.089082748054,10.6230083069012,23.007694083767,105.578885746145,56.0063139967456,0.00720782485820446,0,NA,NA,1.36051152362667,2.66112499763964,0,"CAL177",84
"104",0.59793070477151,1,1,0,1,1,3,57,0.13,4,1,1,1,1,1,0.666666666666667,1,0.666666666666667,1,1,1,1,0,0,0,0,0,0,1,0.666666666666667,0,0,1,0.333333333333333,1,0.333333333333333,1,0.333333333333333,0,0,1,1,1,0.666666666666667,1,0.666666666666667,1,0.333333333333333,524,1,0,1,1,1,0,0,0,1,0,0,0,1,0,0,0,0,1,1,0,0,1,1,3,2018,"CAL",165,11,0,4,2.392501737,NA,31.34439585,6.248524869,NA,NA,0.030140366,0.052737809,0.21006669,2.079151058,0.02040581,1310.806027,85.85676124,11505.91504,10905.93198,454.0338438,1.129130966,0,2.773767895,0,2.773767895,2012.00367,2730.006714,2163.004427,2881.007471,0,NA,0,0,0,0,7,6,0,0.556390977443609,"Calgary",4809.15639978906,1204.18197673392,NA,189.773673631402,547.8809092292,68.965467171153,0.00852906799791385,35.8857675679924,0.0125978449812093,NA,2.61171173770395,1.15935878001831,0,"CAL178",35
"108",0.285318238275449,1,1,0,1,1,13,55,0.196,4,0,0.461538461538462,0,0.846153846153846,0,0.230769230769231,0,0.230769230769231,1,0.769230769230769,0,0.923076923076923,0,0,0,0,0,0,0,0.461538461538462,0,0,1,0.153846153846154,1,0.153846153846154,0,0.153846153846154,0,0,0,0,0,0.0769230769230769,1,1,1,1,297,0,0,1,0,1,1,1,1,1,0,0,1,1,0,0,0,0,1,1,0,0,0,0,2,2018,"CAL",631,10,0,6,10.77431152,4.236753606,84.02966523,23.89812222,112.1645411,NA,NA,3.550600948,2.289904967,4.87969366,0.054111943,1041.997526,10.10924338,21525.63225,20190.94339,905.4961043,7.706058879,0,19.29664626,3.141601773,22.43824803,3524.259628,4763.558411,3773.893442,5013.192224,0,0.739425341,0,0,0,0,4,2,0,0.293478260869565,"Calgary",1997.86614764597,465.291189575703,10.4103673716685,84.0421313806601,96.7112862910799,58.5652270057994,0.00502231097546732,0.938272794622148,NA,NA,2.21806490146853,2.08256908001487,0,"CAL180",110
"110",0.480497721984227,1,1,0,0,1,5,39,0.082,4,0,0.8,1,1,0,0,1,0.6,0,0.2,0,0.8,0,0.4,1,0.6,1,0.6,1,0.6,0,0,1,0.4,1,0.4,1,0.6,0,0,1,1,0,0.4,1,1,1,1,464,1,1,1,1,1,1,0,1,0,0,0,1,1,0,0,0,0,1,1,0,0,1,1,3,2018,"CAL",173,5,0,3,2.19693308,NA,29.75401064,3.323000017,NA,NA,NA,0.123028168,0.262960016,1.653543577,0.150151367,660.4454978,43.83890559,8901.410615,8790.188426,174.2886023,1.71017543,0,3.277063799,0,3.277063799,1388.569731,1850.477355,1518.529467,1980.43709,0,NA,0,0,0,0,6,4,0,0.440944881889764,"Calgary",4051.74408635151,901.45535520818,NA,79.3326860461312,300.621581882685,78.7461400508385,0.0683458992751841,19.9545930593389,NA,NA,1.51256314871457,1.49165390099183,0,"CAL181",133
"113",0.480497721984227,1,0,0,0,1,8,51,0.202,4,1,1,1,1,0,0,0,0.375,0,0.25,0,0.5,0,0.125,0,0.25,0,0.125,1,0.5,0,0,1,0.125,1,0.25,0,0.125,0,0,1,0.75,0,0.25,0,0.125,0,0,155,1,0,1,0,0,1,0,1,0,1,1,1,1,1,0,0,0,1,1,0,0,0,0,3,2018,"CAL",164,6,0,3,2.244104801,NA,30.869975,1.524355959,NA,NA,0.026762168,0.080569185,0.508898049,1.627875401,NA,286.0463154,80.73439212,7073.921267,6918.443243,302.4651622,1.524355959,0,3.703315207,0,3.703315207,936.356579,1347.732175,1018.687653,1430.063249,0,NA,0,0,0,0,5,1,0,0.293478260869565,"Calgary",3152.22411352971,637.253326298641,NA,134.782102005761,127.465667054647,73.0803659111284,NA,35.9762129130617,0.0119255428659457,NA,0.679271288186153,1.65024164885248,0,"CAL182",63
"116",0.285318238275449,0,1,0,0,1,5,77,0.04,3,1,1,1,1,1,0.6,1,0.6,0,0.2,0,0.4,0,0,0,0,0,0,1,0.8,0,0,1,0.2,1,0.4,1,0.4,0,0,0,0.2,1,0.6,0,0.4,1,0.6,110,0,0,0,0,0,1,0,0,0,0,0,0,1,0,0,0,0,0,0,0,0,0,0,2,2018,"CAL",331,20,0,6,6.082771881,3.020100898,55.86688731,15.59190264,74.47889084,0.337675691,0.080276588,0.343275431,1.655947751,3.443883906,0.021310087,297.6022846,187.854654,10188.19437,10267.59695,869.3280421,8.161522913,0,0.77836113,0,0.77836113,1141.194657,1640.457662,1220.856123,1720.119128,0,NA,0,0,0,0,12,6,0,0.25,"Calgary",1674.92626212461,282.785407977064,12.2442354073215,142.916430059692,48.9254389975701,54.4159811473292,0.00350335133667657,30.8830674033294,0.0131973694839272,0.0555134563002035,2.56328906377411,0.127961584821431,0,"CAL183",80
"120",0.480497721984227,1,1,1,1,1,13,43,0.044,1,0,0.461538461538462,0,0.692307692307692,0,0.461538461538462,1,0.538461538461538,0,0.384615384615385,0,0.461538461538462,1,0.538461538461538,0,0.384615384615385,0,0.384615384615385,0,0.461538461538462,0,0,1,0.0769230769230769,1,0.153846153846154,1,0.384615384615385,0,0,1,0.615384615384615,0,0.230769230769231,0,0.384615384615385,1,0.307692307692308,147,0,0,0,0,0,0,0,0,0,0,0,1,1,0,0,0,0,0,0,0,0,0,0,2,2018,"CAL",253,5,0,2,2.242959163,NA,34.13940648,2.851769776,NA,NA,NA,0.344368104,0.323582906,1.311086898,0.263921259,157.4111526,8.714026126,5717.756054,5918.11419,1.05344e-05,1.747357655,0,5.539181777,0,5.539181777,636.7002146,1015.362394,688.3111432,1066.973323,0,NA,0,0,0,0,2,3,0,0.382978723404255,"Calgary",2549.20203110269,475.698951902853,NA,4.69665260686692e-06,70.1801241844544,112.797416989798,0.117666546655714,3.88505786005699,NA,NA,1.27143187581967,2.46958654815241,0,"CAL191",111
"132",0.480497721984227,0,1,0,0,1,3,55,0.022,NA,0,0.666666666666667,0,0.666666666666667,1,0.666666666666667,1,1,0,0.333333333333333,0,0.666666666666667,1,0.666666666666667,1,0.666666666666667,1,0.666666666666667,1,0.666666666666667,0,0,1,0.333333333333333,1,0.333333333333333,1,0.333333333333333,0,0,0,0,1,0.666666666666667,0,0,1,0.333333333333333,381,0,0,0,0,1,1,0,0,1,0,0,1,0,0,0,0,0,1,1,0,0,1,1,3,2019,"LAV",127,4,1,2,1.397910778,0.572010375,18.34601262,4.300548688,23.21857168,0.00010347,0.021542676,0.049516593,0.050834396,1.225462382,0.050451261,144.8464125,211.1655683,5500.239443,5452.324028,382.867453,2.086559946,0.136974522,0,4.16472572,4.301700242,759.9531993,1120.743578,797.0096549,1157.800034,0,NA,0,0,0,0,0,0,0,0.424870466321244,"Laval",3934.61408951237,828.236002054775,16.6094804084843,273.885471823725,103.616350041476,90.8498610917785,0.0360904728642131,151.057972814342,0.0154106230090172,7.40175994265065e-05,3.07641142459236,3.07723519247378,0,"CAL194",46
"142",0.480497721984227,0,1,0,0,1,4,34,0.022,NA,0,0.75,0,0.75,1,1,1,1,0,0.25,0,0.5,1,0.5,1,0.5,0,0.25,1,0.5,1,0.5,1,0.25,1,0.25,0,0,0,0,0,0,0,0.25,0,0.25,1,0.25,702,1,1,0,1,1,0,0,0,0,0,0,1,0,0,0,0,0,1,1,0,0,1,1,2,2019,"LAV",133,2,4,1,9.479718395,NA,19.7486754,16.54233637,NA,NA,NA,7.510873301,0.078697262,1.755439756,0.129394726,161.5298653,190.8304621,8180.749614,8181.048281,515.4053028,2.712362085,0.043679104,0,3.658147995,3.701827099,1185.764296,1732.333312,1254.90947,1801.478487,0,NA,0,0,0,0,0,0,0,0.497041420118343,"Laval",862.973906304524,190.035021288204,NA,54.3692630228179,17.0395214888659,14.0299526270896,0.0136496381652274,20.1303935569069,NA,NA,1.74502402716152,0.390499690471027,0,"CAL196",30
"146",0.480497721984227,0,1,0,1,1,3,31,0.058,NA,1,1,1,1,1,1,1,1,1,0.666666666666667,1,1,1,0.666666666666667,1,0.666666666666667,1,0.666666666666667,1,0.666666666666667,0,0,0,0,1,0.333333333333333,1,1,0,0,0,0,1,0.666666666666667,0,0,1,0.333333333333333,417,0,1,0,0,1,0,0,0,0,0,0,1,0,0,0,0,0,1,1,0,0,0,0,3,2019,"LAV",128,7,2,15,1.6598905,1.205862716,13.71678138,9.69161486,24.61425896,NA,0.069938782,0.117217029,0.400452625,1.028803475,0.021053544,280.4539476,302.9760385,6526.162342,6422.624078,1314.619311,10.31484088,4.086073097,0.722659798,3.264511126,8.073244021,938.7163495,1334.318923,996.4240233,1392.026597,0,NA,0,1,3,0,0,0,0,0.46583850931677,"Laval",3931.68244652283,838.625558131696,14.8288450111619,791.99158679443,168.95930641208,77.1135204400531,0.0126836944967153,182.527726075907,0.0421345757446048,NA,5.83870734846666,4.86372084242906,1.80734813531375,"CAL20",128
"149",0.480497721984227,1,1,0,1,1,10,32,0.1,2,0,0.4,0,0.5,1,1,1,1,1,0.5,0,0.6,0,0.4,0,0.3,0,0.2,0,0.2,0,0,0,0,0,0,1,0.3,0,0,1,0.6,0,0,0,0,0,0,695,1,1,0,1,1,1,0,0,0,0,0,0,0,0,0,0,0,0,0,0,0,1,1,3,2018,"LAV",154,1,2,4,4.158290287,0.168823615,24.89408441,8.983456213,34.04636424,NA,0.067665899,0.989730314,NA,2.881474141,0.210133446,719.2698945,214.1270148,13113.49785,10908.64082,2838.216034,6.040595004,2.96820344,0,0.540981699,3.509185139,2215.033896,2977.83039,2389.653652,3152.450146,0,0.531828988,0,0,0,0,0,0,0,0.172413793103448,"Laval",3153.57922245028,758.112091369729,8.18758717890346,682.543987578999,172.97250669311,37.0344515103835,0.0505336163415375,51.4940035498296,0.0162725289313117,NA,2.16037255529871,0.84390095370944,0,"CAL200",81
"153",0.480497721984227,0,1,0,0,1,3,62,0.052,NA,1,1,1,1,1,1,1,1,1,1,1,1,1,1,1,0.666666666666667,1,0.666666666666667,1,1,0,0,1,0.333333333333333,1,0.333333333333333,1,1,0,0,0,0,1,0.666666666666667,0,0,0,0,359,1,1,0,1,1,1,0,0,0,0,0,1,0,0,0,0,0,1,1,0,0,1,1,2,2019,"LAV",154,8,1,1,3.489723194,1.10762861,17.84056701,11.23831196,30.18650758,0.138777453,0.011578884,1.496240466,0.058847088,1.49261842,0.291660881,187.8574057,173.8284451,5572.587114,5463.063872,742.4067721,8.6251617,4.313202769,0,0.234163951,4.54736672,712.8929234,1012.89993,760.3987357,1060.405742,0,NA,0,0,0,0,0,0,0,0.588541666666667,"Laval",1596.85648523102,303.865287603095,8.6501151815997,212.740876805486,53.8316064789865,44.1295745934169,0.0835770818446181,49.8115281460917,0.00331799496874364,0.0397674672990124,3.2204021165124,1.30307375892118,0,"CAL202",38
"157",0.480497721984227,0,1,0,1,1,4,77,0.163,4,1,1,1,1,1,1,1,1,1,1,1,1,1,1,1,0.75,1,0.5,1,1,0,0,0,0,1,0.5,1,0.25,0,0,1,0.25,1,0.5,0,0,1,0.5,475,0,1,0,1,1,1,0,0,1,1,0,1,1,0,0,0,0,1,1,1,0,1,1,3,2018,"LAV",185,17,1,2,2.509088319,0.707526176,19.91036698,11.99020149,32.60809465,0.202505183,0.092781268,0.255820898,0.012129113,1.634634955,0.249677374,482.0112764,1164.899927,9568.525215,8917.211693,3069.039815,12.86048602,6.405671066,0.296453549,4.00360513,10.70572974,939.2393326,1302.981495,1058.316649,1422.058812,0,NA,0,0,0,0,0,0,0,0.524590163934426,"Laval",3813.54659481,566.763155059748,12.9959931673493,1223.16930486655,192.106141800583,73.7319601701912,0.099509201054951,464.272189296339,0.0369780797660315,0.0807086707416934,4.7787084253689,4.26678075017574,0,"CAL205",45
"160",0.285318238275449,0,1,0,1,0,4,78,0.261,NA,1,1,1,1,1,1,1,1,1,0.75,1,1,1,0.5,1,0.5,0,0.25,0,0.5,0,0.25,0,0,0,0,1,0.25,0,0,1,0.5,0,0.25,0,0,0,0,438,1,0,0,1,1,1,1,0,1,0,0,1,0,0,0,0,0,1,1,0,0,0,1,3,2019,"LAV",416,13,3,11,4.779172843,1.129884077,47.13839143,20.39114638,68.65942189,0.107186893,0.263477935,0.379024454,0.166020959,3.524607474,0.027094052,1141.792052,1522.298416,22862.27714,22163.22539,5534.859828,19.08257365,6.391557733,1.251860331,4.768459108,12.41187717,2467.652792,3505.865856,2632.752723,3670.965786,0,0.315556529,0,0,1,0,0,0,0,0.420634920634921,"Laval",4783.7309699912,768.117393238209,14.3663818291411,1158.1208735957,238.909972396661,87.0443513273035,0.00566919274319286,318.527591700244,0.0551304469738761,0.0224279172403223,4.26666853237306,2.59707643513658,0.209241229152172,"CAL208",72
"161",0.285318238275449,0,1,0,1,1,6,68,0.09,NA,1,1,1,1,0,0.833333333333333,1,1,1,1,1,1,1,0.666666666666667,1,0.666666666666667,1,0.5,0,0.5,1,0.333333333333333,0,0,1,0.166666666666667,0,0.333333333333333,0,0,0,0.5,0,0.666666666666667,0,0,0,0,1069,1,1,0,1,1,1,0,0,1,0,0,1,0,1,0,0,0,1,1,0,0,1,1,3,2019,"LAV",416,13,3,11,4.779172843,1.129884077,47.13839143,20.39114638,68.65942189,0.107186893,0.263477935,0.379024454,0.166020959,3.524607474,0.027094052,1141.792052,1522.298416,22862.27714,22163.22539,5534.859828,19.08257365,6.391557733,1.251860331,4.768459108,12.41187717,2467.652792,3505.865856,2632.752723,3670.965786,0,0.315556529,0,0,1,0,0,0,0,0.585034013605442,"Laval",4783.7309699912,768.117393238209,14.3663818291411,1158.1208735957,238.909972396661,87.0443513273035,0.00566919274319286,318.527591700244,0.0551304469738761,0.0224279172403223,4.26666853237306,2.59707643513658,0.209241229152172,"CAL209",96
"163",0.285318238275449,0,1,0,0,1,6,56,0.075,NA,0,0.5,0,0.5,1,1,1,1,0,0.166666666666667,0,0.5,1,0.666666666666667,1,0.5,0,0.333333333333333,0,0.666666666666667,0,0,0,0,1,0.166666666666667,0,0.333333333333333,0,0,0,0,0,0.5,0,0,0,0,600,1,1,0,1,1,1,1,0,0,0,0,1,0,0,0,0,0,1,1,0,0,1,1,3,2019,"LAV",169,7,1,1,9.807758437,1.687944595,19.79060951,22.28482833,43.76338244,0.036620115,0.014484658,5.5479227,0.679550899,3.487493867,NA,208.1422397,142.6096174,9619.622686,8859.390082,678.5824226,10.30546034,0.99980683,0.783039981,4.048557776,5.831404586,1690.586503,2434.478415,1793.161415,2537.053327,0,NA,0,0,0,0,0,0,0,0.357843137254902,"Laval",980.817660609355,258.67820290403,4.4621187115398,69.1883295208446,21.2222029158853,17.231256365618,NA,14.5404904001308,0.00147685713234497,0.00373379047161783,2.27216325454448,0.59457057628998,0,"CAL211",52
"173",0.285318238275449,0,1,0,0,0,3,30,0.022,NA,0,0.666666666666667,0,0.666666666666667,1,1,1,1,0,0.333333333333333,0,0.333333333333333,1,1,1,0.666666666666667,0,0.333333333333333,1,0.666666666666667,1,0.333333333333333,1,0.333333333333333,1,0.333333333333333,0,0,0,0,0,0,1,0.666666666666667,0,0,1,0.333333333333333,428,1,1,0,0,1,0,0,0,1,0,0,1,0,0,0,0,0,1,1,0,0,1,1,2,2019,"LAV",583,25,10,13,36.47343678,0.095073944,95.52486324,45.61851728,141.2384545,NA,0.048817973,24.83586211,1.250220177,7.938756957,1.034631561,645.9190584,865.4480181,31648.22735,30484.00809,2330.904351,11.87482809,3.920703188,0.240215043,10.44697451,14.60789274,4756.241948,6889.318184,5046.406825,7179.483061,0,0.524860181,0,0,2,0,0,0,0,0.173184357541899,"Laval",867.706203308873,196.841419258216,3.87236484875062,63.9069020300861,17.7093006698559,15.9842354181354,0.0283667143088456,23.7281730076658,0.00133845278399345,NA,1.25073262372178,0.400507712725612,0.0548344268203617,"CAL213",87
"184",0.731884090044019,0,0,0,0,1,4,82,0.172,4,1,1,1,1,1,1,1,1,1,1,1,1,1,0.75,1,0.75,1,0.75,1,0.75,0,0,0,0,0,0,1,0.75,1,0.25,1,0.25,1,0.5,1,0.5,0,0,384,1,1,0,1,1,1,0,0,0,0,0,0,0,0,0,0,0,1,1,1,0,1,1,4,2018,"MTL",98,7,3,1,0.890306996,NA,11.5902265,4.296650249,NA,0.013274405,0.032036842,0.010116936,0.160415954,0.662168627,0.011443576,169.0259475,1451.989229,7583.963549,7070.242646,3363.893087,6.860435998,0.90485565,1.087026935,1.667999746,3.659882331,909.4732308,1214.533521,1021.046363,1326.106654,0,0.215140687,0,0,0,0,0,0,0,0.828685258964143,"Montreal",8518.36903795374,1489.49369145472,NA,3778.35185179203,189.851307761711,110.074390564488,0.012853516878351,1630.88601518751,0.0359840393751101,0.0149099187804203,4.82603222068806,4.1108093583935,0,"CAL214",41
"196",0.731884090044019,1,1,0,0,1,4,90,0.137,3,1,1,1,1,1,1,1,1,1,1,1,1,1,0.75,1,0.5,1,0.5,1,0.75,0,0,1,0.5,1,0.5,1,0.25,1,0.25,1,0.5,1,0.5,1,0.5,1,0.25,522,0,1,0,0,1,1,0,1,1,0,0,0,0,0,0,0,0,1,1,0,0,0,1,5,2018,"MTL",83,12,2,2,0.835171998,NA,9.588160951,4.992805308,NA,NA,0.016093182,0.017376589,0.108618567,0.486275797,0.20680787,510.1822855,1925.643482,9508.008064,8284.105691,4738.239764,9.269280688,0,0,3.905810242,3.905810242,1249.158118,1566.804566,1393.112253,1710.758701,0,2.985518181,0,0,7,0,0,0,0,0.7,"Montreal",11384.4909632614,2048.39087648626,NA,5673.37000683301,610.870918471575,99.3807266033361,0.247623089010702,2305.68492072456,0.0192693026568642,NA,5.97817613612089,4.67665373282786,8.38150706293196,"CAL215",37
"201",0.731884090044019,0,0,0,0,1,4,90,0.117,3,1,1,1,1,1,1,1,1,1,1,1,1,1,0.5,1,0.5,1,0.5,1,0.75,0,0,1,0.5,1,0.25,1,0.75,1,1,1,0.75,0,0.25,1,0.5,1,0.5,429,1,1,0,1,1,1,0,0,1,1,0,0,0,0,0,0,0,1,1,0,0,1,1,5,2018,"MTL",70,15,4,4,0.99097881,1.363214842,10.0207748,5.323728689,16.70771833,NA,0.037691229,0.010739618,0.113895281,0.739006118,0.089646588,480.1681221,3874.272224,11261.32219,10982.19647,5900.341589,9.848312003,0.606319226,0.593294953,4.541580714,5.741194893,1098.404235,1435.246758,1233.084212,1569.926735,0,4.892719938,0,0,19,0,1,0,0,0.86697247706422,"Montreal",11363.8375274644,1584.21826900618,16.8598139146891,5954.05424360184,484.539242670587,70.6372318899533,0.090462668924273,3909.54093559276,0.0380343440441476,NA,5.37219225605843,5.79345878546081,19.1729629415588,"CAL218",123
"206",0.731884090044019,0,0,0,0,1,4,82,0.125,3,1,1,1,1,1,1,1,1,1,1,1,1,1,0.75,0,0.25,0,0.25,1,1,1,0.5,1,0.5,0,0,1,0.25,0,0,1,0.25,1,0.75,1,1,1,1,323,1,1,0,0,0,1,0,0,0,0,0,0,0,0,0,0,0,1,1,0,0,0,0,4,2018,"MTL",44,13,2,1,0.813586533,NA,7.280196364,4.044627365,NA,NA,0.029305018,0.058296746,0.112598325,0.445960757,0.167425674,437.152952,1676.676092,6491.988075,6346.996442,2956.673758,5.661795333,0,0,2.581957065,2.581957065,764.9260167,1052.681099,852.7098226,1140.464905,0,5.04876e-06,0,0,0,0,0,0,1,0.842741935483871,"Montreal",7979.46845440226,1401.77456083826,NA,3634.1232777018,537.315865330332,54.0815244787244,0.205787174699953,2060.8454343725,0.0360195465526468,NA,4.97135486017195,3.17354941395029,0,"CAL228",62
"208",0.731884090044019,0,0,0,0,1,4,93,0.111,3,1,1,1,1,1,1,1,1,1,1,1,1,1,0.5,1,0.5,1,0.5,1,1,0,0,1,0.25,1,0.25,0,0,0,0,1,0.25,0,0.25,1,0.5,1,0.25,422,0,1,0,1,0,0,0,0,0,0,1,0,1,0,0,0,0,0,0,0,0,1,1,5,2018,"MTL",34,9,2,1,0.464702603,NA,7.013738668,2.090559943,NA,NA,0.033623002,0.000340697,NA,0.4307389,NA,274.9966655,2824.806545,7960.324886,7852.30588,3839.718571,6.622881201,0,0,2.962881861,2.962881861,939.9256585,1174.91629,1034.920653,1269.911285,0,NA,0,0,0,0,0,0,0,0.842281879194631,"Montreal",17129.9339289477,2732.73977120373,NA,8262.74384135524,591.769152409934,73.1650732759076,NA,6078.7405251526,0.0723538060319408,NA,4.49870504168448,6.37586671964478,0,"CAL229",62
"209",0.731884090044019,0,0,0,0,1,4,98,0.169,NA,1,1,1,1,1,1,1,1,1,1,1,1,1,0.5,1,0.5,1,0.5,0,0.25,0,0,1,0.25,0,0,0,0,0,0,0,0,1,0.75,0,0.25,1,0.25,475,0,1,0,0,0,0,0,0,0,0,0,0,1,0,0,0,0,0,0,0,0,0,0,5,2019,"MTL",108,28,2,1,1.276899044,NA,11.4734323,7.472506089,NA,NA,0.108050318,0.026179382,0.392537094,0.689491494,0.06052709,587.4029971,3997.082892,13024.65224,12179.10755,6983.062041,12.43694682,0,0,4.294337788,4.294337788,1133.265931,1416.393981,1295.126145,1578.254195,0,0.445299919,0,0,0,0,1,0,0,0.869230769230769,"Montreal",10200.2208406384,1236.00546371777,NA,5468.76597160331,460.023053396538,84.5799051283494,0.0474016252768061,3130.30455366211,0.0846193115326665,NA,5.85207274146882,3.36309891387153,0,"CAL235",69
"211",0.731884090044019,0,0,0,0,1,6,86,0.193,NA,1,1,1,1,1,1,1,1,1,1,1,1,0,0.666666666666667,0,0.5,0,0.333333333333333,0,0.5,0,0.333333333333333,0,0,1,0.166666666666667,0,0.5,0,0,1,0.333333333333333,0,0.333333333333333,0,0.666666666666667,0,0,339,0,1,0,1,1,0,0,0,0,0,0,1,1,0,0,0,0,1,1,1,0,1,1,4,2019,"MTL",70,6,1,2,0.792353304,NA,8.5496575,4.222170615,NA,NA,0.037487947,0.03065522,0.060785417,0.619346409,0.044078323,810.2748012,1002.530194,5470.20747,5346.890148,2329.057544,7.963546033,0,0,1.027145504,1.027145504,961.9328076,1194.614095,1061.785144,1294.466431,0,0.324846176,0,12,2,0,1,0,0,0.756198347107438,"Montreal",6903.74791445307,1633.69853380456,NA,2939.41797458574,1022.61806331788,88.3444287373098,0.0556296323590518,1265.25653258335,0.0473121608892793,NA,5.32864644305187,1.2963226111568,2.52412653535171,"CAL239",62
"216",0.731884090044019,0,0,0,0,0,4,87,0.174,NA,1,1,1,1,1,1,1,1,1,1,1,1,1,0.75,1,0.75,1,0.75,1,1,1,0.25,1,0.25,0,0,0,0,0,0,1,0.25,0,0.25,0,0.25,0,0,513,1,0,0,0,1,1,1,1,0,0,0,0,1,0,0,0,0,1,1,0,0,0,0,5,2019,"MTL",94,18,5,9,1.276372916,2.86417692,12.89061533,7.573385101,23.32817735,NA,0.217435392,0.061481979,0.064482193,0.932973363,NA,1417.110476,3567.092224,12856.57754,13196.22975,4991.508042,14.67596085,0,0,1.550662559,1.550662559,1484.778538,2067.875,1619.467438,2202.563899,0,5.047569411,0,0,0,0,0,0,0,0.587912087912088,"Montreal",10072.7439283897,1725.64293036127,18.2769291463092,3910.69724171427,1110.26366842776,73.646188211659,NA,2794.71005635159,0.170354125564977,NA,5.93352068667681,1.21489773056263,0,"CAL241",106
"220",0.731884090044019,0,0,0,1,1,4,96,0.118,3,1,1,1,1,1,1,1,1,1,1,1,1,1,0.5,1,0.5,1,0.5,1,0.5,0,0,1,0.25,1,0.25,0,0,0,0,1,0.5,1,0.75,0,0,0,0,541,1,1,0,1,1,1,0,0,0,0,0,0,0,0,0,0,0,0,0,0,0,0,1,4,2018,"MTL",188,34,16,20,2.458559223,NA,26.90760049,10.86039829,NA,0.033045793,0.219679448,0.060979438,0.171698085,1.732783429,0.237047599,2923.603487,7893.469954,31589.79202,31222.10584,11892.11016,17.6817312,1.322836712,0,5.901470192,7.224306904,5676.230837,7628.064618,6199.559184,8151.392965,0,2.917033616,0,4,34,0,0,0,0,0.828467153284672,"Montreal",12848.90423809,3315.51621321265,NA,4837.02407847183,1189.1531672898,76.4675498728061,0.0964172824402205,3210.60801796272,0.0893529209892049,0.0134411214059251,4.41738323339954,2.93843110892595,13.8292377429543,"CAL243",58
"223",0.480497721984227,0,1,0,0,1,5,45,0.115,1,0,0.8,1,1,1,1,1,1,1,1,1,1,1,0.8,1,0.8,1,0.8,0,0.2,1,0.2,1,0.2,0,0,1,0.8,0,0,0,0,0,0.2,1,0.8,1,0.2,520,1,0,0,1,1,1,1,0,1,0,0,1,0,0,0,0,0,1,1,0,0,1,1,3,2018,"MTL",113,11,0,3,1.892635894,NA,12.80937556,6.943608868,NA,NA,0.075770137,0.047589318,0.171941477,0.654950691,0.942384288,297.8373508,219.8353143,6426.938445,5487.619721,1258.068703,10.68233303,1.325300241,0,3.460560391,4.785860631,1281.756382,1648.423337,1392.335711,1759.002666,2,0.227763435,0,6,0,0,0,0,0,0.735751295336788,"Montreal",3395.7606243095,929.393060533385,NA,664.71776583563,157.366428346941,59.7050919081851,0.497921597591766,116.152988008374,0.0400341857830157,NA,3.66875049237548,2.52867476843911,0,"CAL245",65
"224",0.731884090044019,0,0,0,0,1,4,71,0.121,1,1,1,1,1,1,1,1,1,1,1,1,1,1,0.75,1,0.75,1,0.75,1,0.75,0,0,0,0,0,0,1,0.75,1,0.25,0,0,1,0.75,1,0.5,0,0,241,0,1,0,0,1,1,1,0,0,0,0,0,0,0,0,0,0,1,1,0,0,1,1,1,2018,"MTL",52,2,2,4,0.611200569,NA,7.369073337,2.486387632,NA,NA,0.081715336,0.027647315,0.099417238,0.370461652,NA,217.8958123,993.5494738,3663.700987,3525.817427,1599.954314,5.145534624,1.088417585,0.078303959,0,1.166721544,469.8332644,635.4079768,507.3406572,672.9153696,0,NA,0,0,0,0,0,0,0,0.666666666666667,"Montreal",5994.26959466721,1100.9730745195,NA,2617.72386209935,356.504596611395,85.0784548271584,NA,1625.57026971616,0.133696433126194,NA,4.06803880445995,1.90890127263609,0,"CAL254",70
"226",0.480497721984227,0,1,0,0,1,3,71,0.263,2,1,1,1,1,1,1,1,1,1,1,1,1,1,0.666666666666667,1,0.666666666666667,1,0.666666666666667,1,0.666666666666667,0,0,0,0,1,0.333333333333333,0,0,0,0,1,0.333333333333333,1,0.666666666666667,0,0,0,0,211,0,1,0,1,1,1,0,0,1,0,0,1,1,0,0,0,0,0,1,0,0,0,1,3,2018,"MTL",92,7,3,4,2.942755124,4.000983713,15.11468316,5.588009291,24.70367616,NA,NA,0.31350308,0.253362683,0.747808456,1.628080935,242.1551419,1055.552487,5572.825472,5532.866521,2005.54266,10.08790769,2.13586692,0.204881439,0.659740118,3.000488478,792.3395817,1088.118637,863.3758474,1159.154903,0,NA,0,0,0,0,1,0,1,0.838926174496644,"Montreal",1893.74420812324,393.901243615675,8.39474408132914,681.518704578424,82.2885804955615,31.2632197119233,0.553250564996722,358.69531867987,NA,NA,1.89890393713915,1.01961881011748,0,"CAL258",37
"242",0.731884090044019,1,1,0,0,1,3,81,0.141,3,1,1,1,1,1,1,1,1,1,1,1,1,1,1,1,1,1,1,1,1,0,0,0,0,1,0.333333333333333,0,0,1,0.333333333333333,1,1,0,0.333333333333333,0,0,0,0,379,1,1,0,1,1,1,0,0,0,0,0,1,0,0,0,0,0,1,1,1,0,1,1,4,2018,"MTL",1066,56,23,36,15.68183269,8.067649222,139.7129764,60.52121955,208.3018452,0.91697985,0.783855724,1.317089307,0.970288579,7.605202655,4.038119371,5759.485299,9172.621586,80506.34023,78049.90664,30847.50785,67.13230564,17.68182272,1.758753363,7.099822018,26.5403981,10602.17219,14548.09807,11524.24447,15470.17036,0,NA,0,0,0,0,1,0,1,0.396825396825397,"Montreal",5133.73288833373,986.50270448715,13.283003926756,1967.08563723364,367.271186528645,67.9767487048735,0.257503026006331,584.920255643921,0.0499849564458017,0.0584740232935109,3.85932057473061,1.6924296174212,0,"CAL26",45
"246",0.480497721984227,0,1,0,0,1,4,21,0.055,1,0,0.5,1,1,0,0.25,1,0.75,0,0,0,0.25,1,0.5,1,0.5,0,0,1,1,1,0.5,0,0,0,0,0,0,0,0,0,0,1,0.75,0,0,0,0,374,1,0,0,0,1,1,1,0,1,0,0,0,0,0,0,0,0,1,1,0,0,0,0,2,2018,"PEL",69,2,2,1,2.005012325,0.658336521,15.43918892,3.190378742,19.28790418,0.009669273,0.032720147,0.220886109,0.030017227,1.42550384,0.25226467,108.0624743,161.3357648,3343.211507,3422.305254,19.82858718,1.645193053,1.386419851,1.26987316,0.797587368,3.453880379,470.024782,739.3537646,488.010891,757.3398736,0,NA,0,0,0,0,0,0,0,0.532520325203252,"Peel",1667.4269107049,377.723300828088,9.61984319971699,9.88950887371727,53.8961646033772,34.4137535413903,0.125817017109857,80.4662209744771,0.0163191749955951,0.00482255040502058,1.59120156131709,1.72262301629492,0,"CAL260",55
"247",0.480497721984227,1,1,0,1,0,3,42,0.065,1,1,1,1,1,1,0.666666666666667,1,0.666666666666667,0,0,0,0,0,0.333333333333333,0,0,0,0,0,0,1,0.333333333333333,0,0,0,0,0,0,0,0,0,0,0,0.333333333333333,0,0,0,0,216,0,0,0,0,0,1,0,1,1,0,0,1,0,0,0,0,0,0,1,0,0,0,0,3,2018,"PEL",47,3,0,1,1.817491612,NA,10.55065971,3.212862762,NA,2.8602e-05,0.123740375,0.379816546,0.344185947,0.93184805,NA,159.5963814,57.93195229,4203.316782,4192.940072,375.6255955,0.085416397,0,4.685560849,0.698201482,5.383762332,488.5678421,722.291683,514.8731154,748.5969564,0,NA,0,0,0,0,0,0,0,0.557142857142857,"Peel",2312.70216283122,411.884682964908,NA,206.67253318801,87.8113441329049,25.8598167329534,NA,31.8746738128,0.068083051488658,1.57370740041688e-05,1.76774557900958,2.96219377104889,0,"CAL266",113
"250",0.480497721984227,0,1,0,0,1,3,63,0.225,4,0,0.666666666666667,1,1,1,1,1,1,0,0,0,0,1,0.666666666666667,1,0.666666666666667,0,0,1,0.666666666666667,1,0.333333333333333,1,0.333333333333333,1,0.333333333333333,1,0.666666666666667,0,0,0,0,1,1,0,0,0,0,364,0,1,0,0,1,0,0,0,0,0,0,0,1,0,0,0,0,0,1,0,0,1,1,3,2018,"PEL",63,5,2,1,1.374174261,NA,10.23602344,5.032387303,NA,0.100905939,0.264612893,0.078397232,0.144098078,0.695194506,0.090965625,336.9708093,457.9068719,5370.524452,5406.510316,1159.527491,2.021733512,0.629686344,3.183419379,0.249129049,4.062234772,789.8290445,1177.239911,850.6954989,1238.106366,0,NA,0,0,0,0,0,0,0,0.729411764705882,"Peel",3908.18297534682,900.982066931612,NA,843.799453903467,245.216941448738,45.845713886501,0.066196571702488,333.223292631589,0.192561380685037,0.0734302350609956,3.66211727713331,2.95612782693504,0,"CAL271",37
"257",0.480497721984227,0,1,0,0,1,3,21,0.078,1,1,1,1,1,0,0,0,0.333333333333333,0,0,0,0,1,1,1,1,0,0,1,1,0,0,1,0.666666666666667,1,0.333333333333333,1,0.333333333333333,0,0,0,0,1,1,0,0.333333333333333,0,0,768,1,1,0,0,1,1,1,0,1,0,1,1,1,1,1,0,0,1,1,1,0,1,1,2,2018,"PEL",36,2,2,1,1.192774835,NA,10.00274078,0.542626484,NA,NA,NA,0.264076241,NA,0.928698595,NA,295.2312946,4.68401898,3853.764761,NA,32.79168178,NA,0,2.217313856,0,2.217313856,819.970449,1117.493506,873.8510259,1171.374083,0,NA,0,0,0,0,0,0,0,0.660287081339713,"Peel",3230.92393293157,982.058011812431,NA,27.491929589544,247.51636766381,30.1817232755418,NA,3.92699346310404,NA,NA,0.454927843946339,1.85895425602268,0,"CAL273",40
"259",0.59793070477151,0,1,0,0,1,1,47,0.084,2,1,1,1,1,0,0,1,1,0,0,0,0,1,1,1,1,0,0,1,1,0,0,0,0,0,0,1,1,0,0,0,0,1,1,0,0,0,0,241,1,1,0,1,1,1,0,0,0,0,0,1,0,0,0,0,0,1,1,1,0,1,1,3,2018,"PEL",71,2,7,1,1.229689525,NA,10.7660466,5.064321499,NA,NA,0.062201445,0.06040974,0.131037163,0.976038574,2.59512e-06,678.1796435,119.0540929,8812.119157,8655.523135,1844.370555,2.539107092,0.721982126,2.473227015,0.28785285,3.483061991,1142.506663,1587.998244,1234.000438,1679.492019,0,NA,0,0,0,0,0,0,0,0.409448818897638,"Peel",7166.13338395316,1365.78541563164,NA,1499.86685053693,551.504773938771,57.7381514248485,2.11038635951624e-06,96.8163837127913,0.0505830485951322,NA,4.11837410666729,2.83247268533088,0,"CAL281",49
"268",0.480497721984227,0,1,0,0,1,4,41,0.071,1,0,0.5,0,0.5,0,0.25,0,0.25,0,0,0,0,1,0.5,1,0.5,0,0,1,0.5,0,0,1,0.25,1,0.25,0,0,0,0,0,0,1,0.5,1,1,1,1,294,1,1,0,0,1,1,0,0,0,0,0,1,0,0,0,0,0,1,1,0,0,1,1,3,2018,"PEL",82,9,8,1,1.836699357,1.16816161,12.26302563,7.234067726,20.66525496,NA,0.093768689,0.067848241,0.459325978,1.199686581,NA,462.8646659,75.11817352,7911.608687,7791.079677,1459.81741,5.373191638,0,11.62583937,0,11.62583937,982.4805875,1416.843082,1055.16529,1489.527784,0,NA,0,0,0,0,0,0,0,0.604347826086956,"Peel",4307.51426837898,810.980729275662,11.2512997193803,794.804770000254,252.008944270567,44.6453033739479,NA,40.898459093869,0.0510528239924679,NA,3.93862375920677,6.32974543476143,0,"CAL282",30
"272",0.480497721984227,1,1,0,0,1,1,27,0.059,1,1,1,1,1,0,0,1,1,0,0,0,0,1,1,1,1,0,0,1,1,0,0,1,1,1,1,1,1,0,0,0,0,1,1,0,0,0,0,345,0,1,0,0,0,1,0,0,0,0,1,0,0,0,0,0,0,1,1,1,1,1,1,3,2018,"PEL",190,1,7,1,2.588520512,1.21059694,21.4355681,8.944386105,31.59055114,NA,1.41894e-06,0.466333248,0.055975175,2.066210665,NA,540.1722804,0.013633291,10621.52923,10843.62475,76.09719172,2.568390668,0,6.059605788,1.489829005,7.549434794,1326.244681,2175.930027,1409.96547,2259.650816,0,NA,0,0,0,0,0,0,0,0.358823529411765,"Peel",4103.32048008125,872.950708918315,12.2040953485015,29.3979481202581,208.679930445148,73.4010022787874,NA,0.00526682749346512,5.48166411439277e-07,NA,3.45540476250242,2.91650568693658,0,"CAL289",131
"276",0.480497721984227,0,1,0,0,1,5,58,0.103,4,0,0.2,0,0.4,0,0.2,0,0.2,0,0,0,0,0,0.4,0,0.4,0,0,0,0.4,0,0,0,0,1,0.2,0,0,0,0,0,0,0,0.2,0,0,0,0,578,1,1,0,0,1,1,1,1,1,0,0,1,0,0,0,0,0,1,1,1,0,0,0,3,2018,"PEL",141,9,5,1,2.796538333,NA,28.71551657,7.230776039,NA,0.017170189,0.110488824,0.019508198,0.230488483,1.903335993,0.515546677,622.2407585,1036.61737,13316.89674,13265.98723,1637.546203,NA,0,5.789156953,0,5.789156953,1763.461328,2481.550627,1928.197255,2646.286553,0,NA,0,0,0,0,0,0,0,0.403409090909091,"Peel",4761.92175979016,946.27222583471,NA,585.56186542357,222.503926070803,50.4194769426749,0.184351729034569,370.678763014832,0.0395091398162501,0.00613980105238915,2.58561663670927,2.07011535822205,0,"CAL299",20
"277",0.59793070477151,1,1,0,0,0,4,59,0.173,4,1,1,1,1,1,0.5,1,0.5,0,0,0,0,0,0.25,0,0.25,0,0,1,0.5,0,0,1,0.25,1,0.25,1,0.5,0,0,0,0,0,0.25,1,1,1,1,459,1,1,0,0,0,1,1,0,1,0,0,1,1,0,0,0,0,0,0,0,0,1,1,3,2018,"PEL",70,6,5,1,1.481845498,NA,11.05164342,6.543021338,NA,0.082814684,0.138114233,0.02342433,0.135477488,1.101879027,0.000135742,633.4810886,31.19846294,8238.476802,8415.576113,545.0109422,1.938640396,0,5.783035232,0,5.783035232,1153.882775,1688.520493,1231.462273,1766.099991,0,NA,0,0,0,0,0,0,0,0.538681948424069,"Peel",5559.60578421921,1191.82464931982,NA,367.792015385939,427.494694591973,47.2383930001318,9.16033420374841e-05,21.053789333711,0.0932042059623682,0.0558861798424818,4.41545447675274,3.90258987175463,0,"CAL30",39
"280",0.59793070477151,0,1,1,0,1,1,49,0.04,3,1,1,1,1,0,0,1,1,0,0,0,0,1,1,1,1,0,0,1,1,0,0,1,1,0,0,0,0,0,0,0,0,1,1,0,0,0,0,529,1,1,0,1,1,1,0,0,0,0,0,0,0,0,0,0,0,1,1,0,0,0,1,3,2018,"PEL",152,20,15,1,3.147143878,1.216152226,20.65824342,17.52274525,39.39714089,0.094493975,0.068559841,0.112328072,0.300207163,2.517345858,0.054208974,1954.273478,226.9560884,19730.38282,18059.32149,4742.210836,13.92464943,0.734750156,9.600449733,0.427998969,10.76319886,2414.650558,3296.674147,2640.315601,3522.339191,0,NA,0,0,0,0,0,0,0,0.301775147928994,"Peel",6269.29799998168,1119.21771852339,12.5183793360718,1506.830008361,620.967313144239,48.2977600936998,0.0172248159288001,72.1149388772876,0.0217847812676329,0.0300253114134873,5.56782464649683,3.41998944987541,0,"CAL300",59
"281",0.480497721984227,0,1,0,0,1,3,53,0.043,3,1,1,1,1,0,0.333333333333333,1,0.666666666666667,0,0,0,0,1,0.666666666666667,1,0.666666666666667,0,0,1,0.666666666666667,0,0,1,0.333333333333333,1,0.333333333333333,0,0,0,0,0,0,0,0.333333333333333,1,1,1,1,309,1,0,0,1,1,1,0,0,0,0,0,1,0,0,0,0,0,1,1,1,0,1,1,3,2018,"PEL",119,17,0,1,3.456019757,NA,22.73950436,10.73011439,NA,0.114110215,0.138826813,0.413409107,0.242191798,2.095859199,0.451622588,453.0170026,260.8547366,11367.72466,11512.58688,1299.706822,4.061260291,0,4.951137492,0,4.951137492,1231.146271,1818.538933,1342.233459,1929.62612,0,NA,0,0,0,0,0,0,0,0.116279069767442,"Peel",3289.25337795747,558.337699340878,NA,376.070425919154,131.080559271236,34.4326735282607,0.130677085131027,75.4783696104895,0.0401695657898983,0.0330178132717197,3.10476072026691,1.43261261223166,0,"CAL301",82
"291",0.59793070477151,0,1,0,1,1,3,42,0.148,2,1,1,1,1,1,0.666666666666667,1,0.666666666666667,1,0.666666666666667,0,0.666666666666667,1,0.666666666666667,0,0.333333333333333,0,0,1,1,0,0,0,0,0,0,1,0.666666666666667,0,0,0,0,1,0.666666666666667,0,0.333333333333333,0,0,548,1,1,0,0,0,1,0,0,0,0,1,0,1,0,0,0,0,1,1,1,0,1,1,3,2018,"PEL",35,1,2,1,0.854803064,1.527083808,5.458438513,4.752282392,11.73780471,4.98549e-06,NA,0.225905014,NA,0.628893084,NA,844.7470794,0.002466898,6161.151475,6465.306501,763.6257518,4.707720292,0.027688081,1.763189379,0,1.79087746,1045.942803,1453.660438,1126.827647,1534.545282,0,NA,0,0,0,0,0,0,0,0.445054945054945,"Peel",7207.68529556885,1795.2033007687,13.731589420227,893.335300211324,988.23590482591,40.9451035847012,NA,0.00288592554693978,NA,5.83232584201406e-06,5.55950556583405,2.09507608877733,0,"CAL31",18
"308",0.59793070477151,1,1,0,0,1,4,41,0.095,2,0,0.5,1,1,1,0.5,1,0.5,0,0,0,0,0,0.25,0,0.25,0,0,1,0.5,0,0,1,0.25,1,0.25,1,0.5,0,0,0,0,1,0.75,1,1,0,0,933,1,1,0,1,1,1,1,0,1,0,1,1,1,0,0,0,0,1,1,1,1,0,0,3,2018,"PEL",90,5,6,1,1.554584339,NA,17.54721894,6.12114434,NA,NA,NA,0.015634898,0.037323811,1.499955088,NA,1232.109403,0.000146614,12717.40109,13207.73639,465.6550269,2.175313923,0,6.930495518,0,6.930495518,2105.986957,3060.550786,2250.509699,3205.073528,0,NA,0,0,0,0,0,0,0,0.704384724186704,"Peel",8180.57970285522,2061.69163524553,NA,299.536676922615,792.565171338703,57.8932887345908,NA,9.43107403837033e-05,NA,NA,3.93747974068585,4.45810197885957,0,"CAL313",67
"310",0.59793070477151,0,1,0,0,1,3,42,0.057,1,0,0.333333333333333,1,1,0,0.333333333333333,0,0.333333333333333,0,0,0,0,0,0.333333333333333,0,0.333333333333333,0,0,0,0.333333333333333,0,0,1,0.333333333333333,1,0.333333333333333,0,0,0,0,0,0,0,0.333333333333333,0,0,0,0,495,1,1,0,0,1,0,0,1,1,0,0,1,1,0,0,0,0,1,1,0,0,0,0,2,2018,"PEL",65,3,3,1,1.129501731,NA,11.29936021,3.966128892,NA,NA,NA,0.014632515,NA,1.114869218,NA,351.7802908,0,5921.23206,4567.532765,126.5940516,2.125381554,0,6.38666447,0,6.38666447,920.6173936,1420.239851,981.6491036,1481.271561,0,NA,0,0,0,0,0,0,0,0.635416666666667,"Peel",5242.33996061047,1311.43806188642,NA,112.07955519282,311.447323315346,57.5474992344213,NA,0,NA,NA,3.51139691347671,5.65440874919739,0,"CAL316",52
"319",0.480497721984227,1,1,0,0,1,3,45,0.165,NA,0,0.666666666666667,0,0.666666666666667,1,1,1,1,1,0.666666666666667,1,1,0,0.333333333333333,0,0.333333333333333,0,0.333333333333333,1,0.666666666666667,0,0,1,0.666666666666667,0,0,1,0.333333333333333,0,0,0,0,1,1,0,0.333333333333333,1,0.333333333333333,416,1,1,0,0,1,1,0,0,0,0,0,1,1,0,0,0,0,0,0,0,0,0,0,3,2019,"SUR",60,2,0,1,1.288089039,NA,10.51468265,3.95154613,NA,NA,NA,0.078956457,0.06929413,1.139838444,NA,358.2661327,18.97205438,5215.296783,5388.971268,1011.774746,NA,0,0,0.763563484,0.763563484,752.1582847,1086.274921,793.2674088,1127.384045,0,0.960416096,2,0,0,0,0,0,0,0.661458333333333,"Toronto",4048.86356850677,875.237666702946,NA,785.48509875178,278.137707761365,46.5806308285805,NA,14.7288376855756,NA,NA,3.06775852472726,0.592787812706479,0,"CAL319",93
"323",0.480497721984227,1,1,0,1,1,4,69,0.207,NA,0,1,1,1,1,0.5,1,1,0,0,0,0.25,1,1,1,0.5,1,0.5,1,0.75,0,0,1,0.75,1,0.25,1,0.25,0,0,0,0,1,0.5,1,0.75,1,0.75,374,0,1,0,1,0,1,0,1,0,0,0,0,0,0,0,0,0,0,0,0,1,0,1,3,2019,"SUR",38,5,0,2,1.151836298,NA,8.045146157,2.394990893,NA,1.92479e-06,0.061269702,0.000715059,0.267818448,0.822031164,NA,309.1188949,246.0060791,4038.20807,3862.689098,643.7295351,NA,0.231396752,2.833009666,1.518883604,4.583290022,580.1935706,883.2654556,629.9948227,933.0667078,0,NA,0,0,0,0,0,0,0,0.504901960784314,"Toronto",3505.8871447373,810.068852162532,NA,558.872416347483,268.37051014692,32.9907991838611,NA,213.577293515714,0.0531930640720267,1.6710621147659e-06,2.07928062100366,3.97911580834727,0,"CAL323",44
"326",0.480497721984227,1,1,0,0,1,4,58,0.08,NA,0,1,1,1,1,0.5,1,1,1,0.75,0,0.75,1,0.5,1,0.5,1,0.5,1,0.75,0,0,1,0.25,0,0,1,0.25,0,0,1,0.25,1,0.5,1,1,0,0,364,1,1,0,1,1,1,1,1,1,0,0,0,0,0,0,0,0,1,1,0,0,1,1,2,2019,"SUR",94,1,0,1,2.708747499,9.831083284,16.15162282,4.562489613,30.54519572,NA,NA,1.22846847,NA,1.22709091,0.251567792,378.9411889,21.19194247,4865.622091,4731.109887,419.2326826,NA,0.422119492,2.590933903,4.176028221,7.189081617,699.7143831,1113.73831,733.6884791,1147.712406,0,1.023711567,2,0,0,0,0,0,0,0.484581497797357,"Toronto",1796.26269809064,423.705940263427,11.27650167883,154.769938045082,139.895353494519,34.7023855249345,0.0928723670600056,7.82352082570396,NA,NA,1.68435397344505,2.65402427492929,0,"CAL336",61
"332",0.59793070477151,0,1,0,0,1,3,61,0.142,NA,0,1,1,1,1,1,1,1,0,0.333333333333333,0,0.666666666666667,0,0.333333333333333,0,0.333333333333333,0,0.333333333333333,0,0.333333333333333,0,0,1,0.666666666666667,0,0,1,0.333333333333333,0,0,1,0.333333333333333,1,0.666666666666667,0,0,1,0.333333333333333,398,1,0,0,1,1,1,0,0,0,0,0,0,0,0,0,0,0,1,1,0,0,0,0,3,2019,"SUR",54,6,0,1,1.184603283,NA,8.698906347,4.242298681,NA,3.89229e-05,0.056227386,0.015049402,0.046420055,1.066867524,NA,474.2607797,230.1607052,6489.04088,6398.177212,1794.297335,NA,0,0.804874732,2.140571465,2.945446197,807.8335859,1161.375171,871.2422147,1224.7838,0,NA,0,0,0,0,0,0,0,0.558823529411765,"Toronto",5477.81774128343,1033.918964751,NA,1514.68205495426,400.354098714751,45.5848812635783,NA,194.293489223767,0.0474651613809515,3.28573291654469e-05,3.58119780848185,2.48644102145376,0,"CAL34",13
"334",0.480497721984227,0,1,0,0,1,4,51,0.039,NA,0,1,1,1,1,0.75,1,1,0,0,0,0,1,0.5,1,0.5,1,0.5,0,0.25,0,0,1,0.25,0,0,1,0.5,0,0,0,0,0,0.25,1,0.5,0,0,511,0,0,0,1,1,0,0,0,1,0,0,1,0,0,0,0,0,1,1,0,1,0,0,2,2019,"SUR",70,2,0,1,3.867778174,NA,11.29691479,3.228680293,NA,NA,NA,2.954507688,0.000268653,0.912904935,NA,231.5160057,13.00453533,5287.523974,4339.837194,578.3371172,NA,0,2.946387336,2.816189314,5.76257665,1000.045865,1414.844222,1066.441217,1481.239573,0,0.377027952,0,0,0,0,0,0,0,0.493723849372385,"Toronto",1367.07012039724,382.96911207504,NA,149.526961263627,59.8576224604343,18.098245775974,NA,3.36227538006682,NA,NA,0.834763563925112,1.48989326449413,0,"CAL342",45
"335",0.59793070477151,0,1,0,0,1,2,71,0.112,NA,0,1,1,1,1,0.5,1,1,1,0.5,0,0.5,1,0.5,1,0.5,1,0.5,1,0.5,0,0,1,0.5,0,0,0,0,0,0,0,0,1,0.5,1,0.5,0,0,396,1,1,0,1,0,1,0,1,1,0,0,1,1,0,0,0,0,1,1,0,0,1,1,3,2019,"SUR",58,2,0,2,1.257171655,NA,8.287692993,5.157218736,NA,NA,0.032964369,0.038584216,0.071013922,0.84701311,0.267596049,575.8925389,86.49479401,6283.312146,5831.745354,1012.71057,NA,0,1.530903552,0.306024724,1.836928276,910.4795255,1386.573152,982.8672206,1458.960847,0,NA,1,0,0,0,0,0,0,0.673992673992674,"Toronto",4997.97471650759,1160.51045312503,NA,805.546773165197,458.085844211943,46.1353067970658,0.212855617556856,68.8011010000062,0.0262210565032187,NA,4.10223911387821,1.46115947547354,0,"CAL343",22
"348",0.480497721984227,0,1,0,0,1,5,28,0.149,NA,0,0.6,0,0.6,0,0.4,0,1,1,1,1,1,0,0.2,0,0.2,0,0.2,0,0.2,0,0,1,0.2,0,0,0,0,0,0,0,0,0,0.4,0,0.4,0,0,211,0,0,0,1,1,1,0,1,1,0,0,0,0,0,0,0,0,0,1,0,0,1,1,1,2019,"SUR",114,5,0,2,15.68027195,8.241810246,31.736443,11.90432358,51.88257683,NA,NA,9.14653944,NA,3.295399294,0.013965646,159.6915125,24.730032,3769.606377,3423.547224,266.5725871,NA,0,13.06492192,8.114141453,21.17906338,585.2584478,866.7601971,619.9322469,901.4339961,2,0.904605024,0,0,0,0,0,0,0,0.206349206349206,"Toronto",240.404400447914,57.4884159518675,3.30878042137528,17.0005078961657,10.1842310521917,7.27028206931067,0.000890650751755616,1.57714305458841,NA,NA,0.759191142727598,1.3506821468106,0,"CAL346",49
"349",0.480497721984227,0,1,0,0,1,4,47,0.071,NA,0,1,1,1,0,0.25,1,1,0,0.25,0,0.25,1,0.5,1,0.5,1,0.5,1,1,0,0,1,0.25,0,0,0,0,0,0,0,0,0,0.25,1,0.75,1,0.5,544,1,0,0,0,1,1,0,0,0,0,0,0,0,0,0,0,0,0,1,0,0,0,1,3,2019,"SUR",67,3,0,2,1.30646954,NA,13.97559363,2.552482202,NA,NA,0.052886221,0.074028091,0.076631636,1.084077119,0.002809198,137.6294452,181.0418004,4572.975874,4531.124891,838.7735955,NA,0,0,0.657651786,0.657651786,546.4371415,786.1141393,572.8114845,812.4884823,0,NA,0,0,0,0,0,0,0,0.57840616966581,"Toronto",3500.25449043381,621.896230584909,NA,642.015423872798,105.34454955605,51.2832469098361,0.00215022081571071,138.573303744992,0.0404802556667337,NA,1.95372499997206,0.503380879434816,0,"CAL348",65
"354",0.480497721984227,0,1,1,0,1,3,71,0.059,NA,0,0.666666666666667,0,0.666666666666667,1,0.666666666666667,1,1,1,0.666666666666667,1,1,0,0.333333333333333,0,0.333333333333333,0,0.333333333333333,0,0.333333333333333,0,0,1,0.333333333333333,0,0,0,0,0,0,0,0,1,0.666666666666667,0,0.333333333333333,0,0,614,1,0,0,0,1,1,0,1,1,0,1,1,1,1,0,0,0,1,1,0,0,0,0,3,2019,"SUR",108,6,0,1,1.608152259,NA,13.60025061,5.78688977,NA,NA,NA,0.057180505,NA,1.295057406,0.255914385,524.3919261,11.30370302,6047.735612,4881.708111,314.0812042,NA,0,0,5.677940773,5.677940773,939.0805923,1320.820527,1005.217538,1386.957473,1,0.148221492,0,0,0,0,0,0,0,0.588957055214724,"Toronto",3760.67351717099,862.454077490432,NA,195.305638780314,326.083505566869,67.1578200357458,0.159135668633227,7.02900049217292,NA,NA,3.59847131241072,3.53072337598849,0,"CAL357",94
"355",0.480497721984227,0,1,0,0,1,4,43,0.142,NA,0,1,1,1,1,0.5,1,1,0,0.25,0,0.25,1,0.75,1,0.5,1,0.5,1,0.5,0,0,1,0.25,1,0.25,0,0,0,0,1,0.25,0,0.25,1,0.75,1,0.25,510,1,0,0,1,1,1,0,1,1,0,0,1,0,0,0,0,0,1,1,0,0,1,1,3,2019,"SUR",117,18,0,1,3.57896867,NA,16.32667922,13.72503121,NA,0.082248578,0.059978271,0.939521475,0.076721081,2.329116883,0.091382384,968.0599612,213.9020897,10351.28766,8601.921178,2991.100221,NA,0,3.52044533,8.350192009,11.87063734,1229.497621,1689.836565,1354.067262,1814.406207,0,0.738558331,0,0,0,0,0,0,0,0.683006535947712,"Toronto",2892.2543376162,506.963422789616,NA,835.743616889499,270.485732192788,32.6909818967485,0.025533161205348,59.7664046329861,0.0167585347987972,0.0229810835421479,3.83491236596938,3.31677598619493,0,"CAL358",58
"358",0.480497721984227,1,1,0,1,1,4,19,0.157,NA,0,1,1,1,1,0.75,1,1,0,0.25,0,0.5,1,0.5,1,0.5,1,0.5,1,0.5,0,0,1,0.5,0,0,1,0.5,0,0,0,0,1,0.5,0,0.25,1,0.25,537,1,0,0,1,1,1,0,1,0,0,0,1,0,0,0,0,0,1,1,0,0,1,1,3,2019,"SUR",154,14,0,3,2.278349456,NA,18.74756592,12.89348317,NA,NA,0.165722867,0.052583747,0.165448715,1.894594144,NA,868.8925943,400.6650636,9655.078495,8991.012793,3396.51945,NA,2.545144581,1.62357017,3.877568321,8.046283073,1045.074647,1470.1836,1150.017489,1575.126441,0,3.325421467,4,0,0,2,0,0,0,0.615176151761518,"Toronto",4237.75135529516,691.345410973689,NA,1490.78072332377,381.369325066348,67.5927916125611,NA,175.857598378885,0.0727381247699168,NA,5.65913325370048,3.53162814940888,0,"CAL36",42
"368",0.480497721984227,0,1,0,0,1,3,39,0.066,NA,0,1,1,1,1,0.666666666666667,1,1,0,0,0,0,1,0.666666666666667,1,0.666666666666667,1,0.666666666666667,1,0.666666666666667,0,0,1,0.333333333333333,0,0,1,0.333333333333333,0,0,0,0,1,0.666666666666667,1,0.666666666666667,0,0,428,1,1,0,0,1,0,0,0,1,0,0,1,0,0,0,0,0,1,1,0,0,0,0,2,2019,"SUR",154,7,0,1,10.41978649,0.887332494,28.51808798,15.37529455,44.78071502,NA,NA,7.584241461,0.094612297,2.682467432,0.021032996,396.3251316,17.60299019,6653.506552,4836.306032,457.2071256,NA,0,1.558059144,11.35438871,12.91244786,938.6278917,1324.765271,1006.892678,1393.030058,5,2.458160789,4,0,0,0,0,0,0,0.399328859060403,"Toronto",638.545382708701,133.690844753576,4.29766147924208,43.8787422409075,38.0358207896446,14.779573472815,0.00201856305023002,1.68938108346978,NA,NA,1.47558633420712,1.23922384325171,0,"CAL379",59
"377",0.480497721984227,0,1,0,0,1,1,9,0.031,NA,0,0,0,0,1,1,1,1,1,1,1,1,1,1,1,1,1,1,1,1,0,0,1,1,0,0,0,0,0,0,0,0,1,1,0,0,0,0,139,0,0,0,0,0,0,0,0,1,0,0,0,0,0,0,0,0,0,0,0,0,0,0,1,2019,"SUR",107,6,0,1,17.4292054,2.995254288,18.07954594,25.27421121,46.34901144,NA,0.097464943,13.50530042,1.040935244,2.762033672,0.007425162,106.5700232,131.8879473,4147.904773,2370.057676,349.4871534,NA,0,3.351597701,6.182729471,9.534327171,585.7375629,787.8887337,638.327779,840.4789499,1,0.730266905,2,0,0,0,0,0,0,0,"Toronto",237.985879321842,48.2224479321358,2.65927277671534,20.051812195638,6.11445104663234,6.13912094925452,0.000426018388652417,7.56706598339819,0.00559204741485231,NA,1.45010691135696,0.54703166049096,0,"CAL384",86
"385",0.480497721984227,0,1,0,0,1,6,32,0.085,NA,0,0.666666666666667,0,0.666666666666667,0,0.166666666666667,0,1,1,0.5,0,0.5,0,0.333333333333333,0,0.333333333333333,0,0.333333333333333,0,0.333333333333333,0,0,1,0.333333333333333,0,0,1,0.333333333333333,0,0,0,0,1,0.5,0,0.333333333333333,0,0,351,1,0,0,0,1,1,0,0,0,0,0,1,0,0,0,0,0,1,1,0,0,1,1,2,2019,"SUR",72,7,0,2,1.509557776,NA,11.89245448,4.416731098,NA,NA,NA,0.103773215,0.00025676,1.405527832,NA,313.6983608,45.9259414,5344.866315,5137.922769,512.8428459,NA,0,1.646122329,1.700824247,3.346946576,697.727557,1003.42914,750.2511416,1055.952724,0,0.332113008,0,0,0,0,0,0,0,0.542168674698795,"Toronto",3540.68350345804,699.511301116308,NA,339.730518469404,207.808118236609,47.6960876520966,NA,30.4234406461035,NA,NA,2.9258443553604,2.21717023966362,0,"CAL393",180
"397",0.480497721984227,0,1,0,0,1,5,71,0.071,NA,0,0.6,0,0.6,0,0.4,0,1,1,0.8,0,0.8,0,0.4,0,0.4,0,0.4,0,0.4,0,0,1,0.2,0,0,0,0.2,0,0,0,0,0,0.2,0,0.2,1,0.2,323,1,0,0,0,1,1,0,0,0,0,0,0,0,0,0,0,0,0,1,0,0,0,0,3,2019,"SUR",226,11,0,2,2.915781809,2.851026102,29.32548648,14.44840679,46.62491937,NA,0.039750865,0.288431015,0.035885925,2.416497782,0.135216254,282.7459869,229.0369782,9787.019464,9405.242195,1732.225581,NA,0,2.514848573,6.66785912,9.182707693,872.5757818,1314.836447,943.9506846,1386.21135,0,1.145770455,2,0,0,0,0,0,0,0.433526011560694,"Toronto",3356.56784529998,475.416694665304,15.9905378468599,594.086147205262,96.9709002324049,77.5092290178973,0.0463739274257884,78.5507946764202,0.0136330039776306,NA,4.95524279128254,3.14931236097852,0,"CAL394",156
"398",0.285318238275449,1,1,0,0,1,3,11,0.083,NA,0,0.666666666666667,0,0.666666666666667,0,0.333333333333333,0,1,1,0.666666666666667,0,0.666666666666667,0,0.333333333333333,0,0.333333333333333,0,0.333333333333333,0,0.333333333333333,0,0,1,0.333333333333333,0,0,1,0.333333333333333,0,0,1,0.333333333333333,0,0.333333333333333,0,0,0,0,108,0,0,0,0,0,0,0,0,0,0,1,0,0,0,0,0,0,0,0,0,0,0,1,1,2019,"SUR",98,7,0,1,12.60818134,8.987248046,17.90050183,32.2530687,59.14081858,NA,NA,6.071518339,0.051996976,5.192650348,1.259797132,52.87357889,142.2833336,2406.147706,2233.069685,190.6876901,NA,0,3.215085485,7.868805242,11.08389073,295.7453082,451.3198732,318.6814366,474.2560016,0,NA,0,0,0,0,0,0,0,0.0769230769230769,"Toronto",190.840188692908,37.6149413472824,4.69067004869078,15.1241233733715,4.19359283184295,7.77273084493882,0.0999190206761414,11.2850005693208,NA,NA,2.55810634620837,0.879103054683698,0,"CAL396",141
"401",0.480497721984227,0,1,1,0,1,2,62,0.128,NA,0,1,1,1,1,0.5,1,1,1,0.5,1,1,1,0.5,1,0.5,1,0.5,1,0.5,0,0,1,0.5,0,0,1,0.5,0,0,1,0.5,1,1,0,0,0,0,136,1,0,0,0,1,0,0,0,0,0,0,0,0,0,0,0,0,0,1,0,0,0,1,2,2019,"SUR",45,1,0,2,1.183908168,4.256624911,8.114403428,2.142295317,14.51332366,NA,NA,0.131864581,0.161303493,0.888838806,0.001901285,76.30537886,190.0939731,2240.843804,2159.764714,298.6586357,NA,0.953981995,0.569467458,1.124418757,2.64786821,307.3897134,430.9471826,321.7492396,445.3067088,0,NA,0,0,0,0,0,0,0,0.204301075268817,"Toronto",1892.75136751992,376.132812355088,12.2588255172845,252.265035221887,64.4521094815185,38.0097048202813,0.00160593959176063,160.564795681011,NA,NA,1.80951139193424,2.23654864589126,0,"CAL398",167
"404",0.480497721984227,0,1,0,0,1,2,27,0.121,NA,0,0.5,0,0.5,1,0.5,1,1,0,0,0,0,1,0.5,1,0.5,1,0.5,1,0.5,0,0,1,0.5,0,0,1,1,0,0,0,0,1,1,1,1,1,0.5,557,1,1,0,0,1,1,0,0,0,0,0,0,1,0,0,0,0,1,0,1,0,1,1,3,2019,"SUR",65,5,0,2,2.523265504,NA,12.69971551,5.681842656,NA,NA,NA,1.060984148,0.019620447,1.442660833,NA,805.1655081,20.34652108,7613.078032,6220.128334,1537.881657,NA,0,0.208566622,2.326478921,2.535045543,1254.045139,1726.696364,1334.394741,1807.045966,1,NA,0,0,0,0,0,0,0,0.616724738675958,"Toronto",3017.15297892013,716.153715546535,NA,609.480712418918,319.096625711251,25.7602697365612,NA,8.06356724956043,NA,NA,2.25178152952706,1.00466856895611,0,"CAL400",64
"407",0.59793070477151,0,1,0,0,1,4,70,0.066,NA,0,0.571428571428571,0,0.571428571428571,1,0.714285714285714,1,1,0,0.428571428571429,0,0.428571428571429,0,0.142857142857143,0,0.142857142857143,0,0.142857142857143,0,0.285714285714286,0,0,1,0.142857142857143,0,0,1,0.285714285714286,0,0,1,0.285714285714286,0,0.142857142857143,1,0.571428571428571,0,0,361,1,0,1,0,1,1,0,1,1,0,1,1,0,1,1,0,0,1,1,1,1,0,1,3,2019,"SUR",56,6,0,3,0.965101454,NA,7.381875332,5.090970807,NA,NA,0.165711882,0.018712406,0.050538313,0.713467636,0.016671225,584.9578552,28.93791388,5245.142432,5004.789168,1085.834497,NA,0,0,1.556366154,1.556366154,764.0612634,1090.778596,817.6119866,1144.329319,0,NA,0,0,0,0,0,0,0,0.575862068965517,"Toronto",5434.80937704607,1185.70883326013,NA,1125.09880955997,606.11022061521,58.0249877024846,0.017274064743042,29.9843231611171,0.171704105628671,NA,5.27506282981934,1.61264512404309,0,"CAL402",145
"417",0.480497721984227,0,0,0,0,0,4,76,0.138,4,1,1,1,1,0,0,1,0.5,0,0,0,0,0,0.25,0,0.25,0,0,1,0.5,0,0,0,0,0,0,1,0.25,0,0,0,0,1,0.5,1,0.5,0,0,464,1,0,0,0,1,1,0,0,1,0,1,1,0,0,0,0,0,1,1,1,1,1,1,3,2018,"TOR",65,16,0,2,5.351200383,0.318926353,10.65568996,19.6312932,30.60590951,0.104734114,0.018686106,0.481423588,0.520990553,0.419649486,3.782542565,1019.508693,430.7132106,8777.438157,8974.078684,2019.368753,4.303698015,0,0.635768112,0,0.635768112,1445.565803,2004.423238,1568.027976,2126.88541,0,NA,0,0,0,0,0,1,0,0.803225806451613,"Surrey",1640.2746166794,397.459496519101,5.71944747336142,377.367433186626,190.51962551035,12.1468073231748,0.706858703519419,80.4890827800645,0.00349194660311415,0.0195720785064834,3.66857747700232,0.118808503979732,0,"CAL403",27
"438",0.731884090044019,0,1,0,0,0,4,82,0.08,3,0,0.5,1,1,1,0.5,1,1,1,1,1,1,1,0.75,1,0.75,0,0,1,0.75,1,0.25,1,0.25,1,0.25,0,0,0,0,1,0.5,1,0.5,1,0.5,0,0,298,1,0,0,1,1,1,0,0,1,0,0,1,0,0,1,0,0,1,1,1,1,1,1,4,2018,"TOR",45,8,0,1,0.678048629,NA,4.739431166,3.427093464,NA,NA,NA,0.00238804,0.046751838,0.546114457,0.07061135,51.07757077,948.3902341,3340.792503,3181.244509,628.9043026,0.051218259,0,0.938970975,0,0.938970975,439.2599126,620.2566836,469.808324,650.805095,0,NA,0,0,0,0,0,3,0,0.648780487804878,"Surrey",4927.06918075636,959.820678289433,NA,927.520941274553,75.33024710238,66.3669213023363,0.104139064633372,1398.70533400931,NA,NA,5.05434760491198,1.38481361784451,0,"CAL404",98
"442",0.731884090044019,0,0,0,1,1,5,100,0.171,4,1,1,1,1,0,0.4,1,0.8,1,0.8,1,1,1,0.8,1,0.8,0,0,0,0.4,1,0.4,0,0,0,0,0,0,1,0.4,1,0.8,0,0.2,0,0.4,1,0.4,483,0,1,0,0,1,1,0,0,0,0,0,0,1,1,1,0,0,1,1,1,1,0,1,5,2018,"TOR",152,30,2,7,1.282933323,NA,12.48740787,10.74168208,NA,0.089915041,0.195426402,0.016689311,0.132443434,0.848459121,NA,2334.370383,2367.698292,30280.71278,22580.28696,18059.41147,7.142415747,0.867344848,0.460589828,0.727445143,2.055379819,1129.005712,1447.948181,1365.229274,1684.171743,0,0.814741051,0,0,0,0,2,2,0,0.585858585858586,"Surrey",23602.7174890055,1312.75079757204,NA,14076.6563205093,1819.55705814962,118.478487755361,NA,1845.53495458626,0.152327793265995,0.0700855137114558,8.37275163675829,1.60209403103952,0,"CAL406",68
"447",0.480497721984227,0,1,0,1,0,3,63,0.094,1,0,0.333333333333333,0,0.666666666666667,1,0.666666666666667,1,0.666666666666667,0,0,0,0,1,0.666666666666667,0,0.333333333333333,0,0,0,0.333333333333333,0,0,1,0.333333333333333,0,0,0,0,0,0,0,0,1,0.666666666666667,0,0,0,0,274,1,1,1,1,0,1,0,1,0,0,0,1,1,0,0,0,0,0,1,1,0,0,0,3,2018,"TOR",33,6,1,2,0.800859162,NA,5.91848917,3.343745704,NA,0.116184609,0.06916286,0.016465116,0.04576261,0.514850815,0.038433162,244.5912915,800.5657858,3760.099326,3579.190431,472.8854631,0.109433861,0,0,0,0,449.2225969,657.7975529,484.9282289,693.5031849,0,NA,0,0,0,0,1,0,0,0.724550898203593,"Surrey",4695.08186259596,865.948993039053,NA,590.472689254194,305.411117342003,41.2057469850111,0.0479899136123013,999.633673167617,0.0863608275733256,0.145074957636559,4.17519816549217,0,0,"CAL407",186
"448",0.731884090044019,0,1,1,0,1,4,78,0.109,3,1,1,1,1,1,0.75,1,0.75,1,1,1,1,1,0.75,1,0.75,0,0,1,0.5,1,0.25,1,0.25,1,0.5,1,0.25,0,0,0,0,0,0.25,1,0.75,0,0,377,1,1,0,0,1,1,0,1,0,0,0,1,0,0,0,0,0,1,1,0,0,0,0,4,2018,"TOR",58,4,0,3,1.168485338,NA,7.490907352,4.640636367,NA,0.084488561,0.19493692,0.091918115,0.150105901,0.647030743,5.09773e-06,477.120603,684.3640554,8188.298317,8359.250814,2226.646492,2.579027171,0.865713223,0.838063127,0,1.703776351,1125.272607,1609.365265,1206.854873,1690.947531,0,NA,0,0,0,0,1,2,0,0.535031847133758,"Surrey",7007.61751192808,1447.12772681791,NA,1905.58359577808,408.323996445388,49.6369086661146,4.36268204162952e-06,585.684760556234,0.166828725753339,0.072306051477387,3.97149730174877,1.45810674348402,0,"CAL41",43
"449",0.731884090044019,0,1,0,0,0,4,92,0.021,3,1,1,1,1,1,0.75,1,1,1,1,1,1,1,1,1,1,1,1,1,0.75,1,0.25,1,0.25,1,0.25,1,0.5,1,0.25,0,0,1,0.75,1,0.75,0,0,637,1,1,0,1,1,1,0,1,1,0,0,1,1,0,0,0,0,1,1,1,0,1,1,4,2018,"TOR",87,7,4,6,1.394739797,NA,10.36834617,6.362076065,NA,NA,0.050291757,0.002721242,0.377426,0.964300795,NA,259.4473915,2191.489527,8317.070515,8083.363604,1080.583739,1.290839379,0,1.674374285,0.542983168,2.217357452,1439.052307,1971.226054,1544.228031,2076.401779,0,5.125965567,0,1,5,0,4,0,0,0.793388429752066,"Surrey",5963.16999980176,1488.73774410554,NA,774.756511088498,186.018490372222,62.3772263379389,NA,1571.2533131368,0.0360581644749612,NA,4.56147883546769,1.58980008799448,3.58489806539879,"CAL413",132
"450",0.480497721984227,1,0,0,0,0,5,53,0.107,1,0,0.8,1,1,0,0.2,0,0.2,1,0.6,0,0.8,0,0.4,0,0.4,0,0,0,0.4,0,0,1,0.2,0,0,0,0.2,0,0.2,0,0.2,0,0.2,1,1,1,1,419,1,0,0,0,0,1,0,0,0,0,0,1,0,0,0,0,0,0,0,0,0,0,0,3,2018,"TOR",102,3,0,3,2.845430713,NA,21.39976542,6.466368525,NA,0.035155359,0.177668487,0.172182926,0.381834722,2.024339591,0.000395259,70.3236677,145.7556183,8307.687517,8307.141,106.7857516,1.236141438,0.301103453,0.776322053,0,1.077425505,1067.502443,1622.553772,1141.16043,1696.211759,0,NA,0,0,0,0,0,1,0,0.816326530612245,"Surrey",2919.65904460243,596.117751611547,NA,37.5288532284848,24.7145950097151,35.8469456079144,0.000138910077196457,51.2244482475297,0.0624399273502886,0.0123550219794089,2.27254471369024,0.378651112493281,0,"CAL414",61
"451",0.480497721984227,1,1,1,0,0,4,59,0.167,2,1,1,1,1,1,0.5,1,1,1,1,1,1,1,0.5,1,0.5,0,0,1,0.75,1,0.25,1,0.25,1,0.25,0,0,0,0,0,0,0,0.25,1,1,1,1,208,1,0,1,0,1,1,1,0,1,0,0,1,0,0,0,0,0,1,1,0,0,1,1,3,2018,"TOR",47,4,1,4,0.796859487,NA,7.309840342,2.721876896,NA,NA,0.087293613,0.013234072,0.021185107,0.675029911,0.000116781,282.2748953,96.96813066,3770.141408,3926.789921,236.989373,NA,0.781792492,0.560161832,0,1.341954323,399.8850896,577.7914783,429.7659198,607.6723086,0,NA,0,0,0,0,1,2,0,0.449339207048458,"Surrey",4731.24994996765,762.584017023819,NA,297.404218518139,354.234215573818,58.9815403678566,0.000146551558844652,121.687866232306,0.109547058702459,NA,3.41575514931405,1.68405389518817,0,"CAL42",100
"455",0.480497721984227,0,0,0,0,1,5,26,0.043,1,1,1,1,1,0,0.4,0,0.4,0,0,0,0,1,0.6,1,0.6,0,0,0,0.4,0,0,0,0,0,0,0,0.2,0,0,0,0,0,0.2,1,1,1,1,460,1,0,0,0,1,1,1,1,1,1,1,1,1,1,1,0,0,1,1,1,1,1,1,3,2018,"TOR",98,11,2,4,2.91304689,NA,18.69503238,10.29305456,NA,0.125939459,0.095146728,0.01745114,2.498093898,0.111181065,0.042406058,451.9621826,988.4013674,7179.209999,6860.502405,878.5722897,4.224899601,0,2.003385427,0.955805431,2.959190858,912.2604999,1328.798904,967.5078738,1384.046278,0,NA,0,0,0,0,1,2,0,0.525925925925926,"Surrey",2464.50203861978,475.11980763207,NA,301.599089501783,155.151015299997,33.6417516437574,0.0145572864431303,339.301564555317,0.0326622713580831,0.0432328979778283,3.53343250166495,1.01584044807463,0,"CAL423",72
"458",0.731884090044019,1,1,0,0,0,4,81,0.125,4,0,0.75,0,0.75,1,0.75,1,1,1,0.75,0,0.75,0,0,0,0,0,0,1,0.75,1,0.75,1,0.25,0,0,1,0.25,0,0,1,0.25,1,0.5,1,1,1,1,381,1,1,0,1,1,1,1,1,1,0,0,1,0,1,1,0,0,1,1,1,1,1,1,3,2018,"TOR",50,13,1,2,1.025940474,NA,7.298518002,4.838104463,NA,0.088631829,0.0692112,0.01097567,0.090610935,0.596511124,0.169999718,853.8344609,1455.437497,7253.398509,7128.032676,2096.982326,1.148934933,0,0.439534932,0,0.439534932,914.7158178,1309.830195,989.3277964,1384.442173,0,NA,0,0,0,0,1,2,0,0.44,"Surrey",7069.99937405725,1349.43713410804,NA,2043.96100859941,832.24561515837,48.7357709995171,0.16570134652861,1418.63737115805,0.0674612238760355,0.0863908104282471,4.71577502361019,0.428421475844806,0,"CAL424",82
"461",0.59793070477151,0,1,1,0,0,5,43,0.069,1,1,1,1,1,1,0.6,1,0.8,1,1,1,1,1,0.6,1,0.6,0,0,1,0.8,0,0,1,0.2,1,0.2,0,0,0,0,0,0,0,0,0,0.4,0,0,381,1,1,0,1,1,1,0,0,1,0,0,1,0,0,0,0,0,1,1,0,0,1,1,3,2018,"TOR",21,1,1,2,0.965262467,NA,4.984655326,1.212944046,NA,NA,0.024347972,0.013307074,0.429425538,0.464358253,0.033823628,332.0275972,400.7236157,4978.925022,4929.374207,1230.100226,NA,0,1.043139059,0,1.043139059,980.2428468,1381.39704,1046.313971,1447.468164,0,NA,0,0,0,0,0,0,0,0.614147909967846,"Surrey",5158.10485978422,1499.55914943909,NA,1274.36864899876,343.97649193999,21.7557407626832,0.0350408610676872,415.144719078775,0.0252241984251937,NA,1.25659505830553,1.08067918795396,0,"CAL426",131
"467",0.59793070477151,0,1,0,1,1,4,57,0.062,1,1,1,1,1,0,0.25,1,0.75,1,0.75,1,1,1,0.75,1,0.75,0,0.25,0,0,0,0,1,0.25,0,0,1,0.75,0,0,0,0,1,0.75,1,1,1,1,272,0,1,0,0,1,1,0,0,0,0,1,1,0,0,0,0,0,1,1,1,0,1,1,3,2018,"TOR",38,1,1,1,1.072773599,2.942807161,7.319350941,5.023894588,15.28605269,NA,0.032905047,0.138881518,0.186584201,0.674758059,0.039644763,727.0718234,359.771021,6439.86703,5922.190244,1456.556153,7.777355904,0,0,0,0,1073.750679,1490.979769,1152.381484,1569.610574,0,NA,0,0,0,0,0,1,0,0.573170731707317,"Surrey",6003.00663252993,1463.13311164922,14.2490947803424,1357.74794826956,677.749549464817,35.4221990878804,0.0369553865204694,335.365282418737,0.0306728717323701,NA,4.68308932349108,0,0,"CAL427",120
"470",0.480497721984227,0,1,1,0,0,4,39,0.067,1,0,0.75,1,1,0,0.25,1,0.75,1,0.5,0,0.5,1,0.75,1,0.75,0,0,1,0.5,0,0,1,0.25,0,0,0,0,0,0,0,0,0,0.25,0,0.25,0,0,324,1,1,1,1,1,0,0,0,0,0,0,1,1,0,0,0,0,1,1,0,0,1,1,2,2018,"TOR",62,8,0,3,1.676231942,1.524321314,9.120053996,7.152193676,17.79656899,NA,0.200157791,0.056493637,0.220627165,1.149694364,0.00910252,146.2912828,33.97222128,4739.276597,4881.98603,193.6572253,4.162408578,0,0,1.075903116,1.075903116,430.7486935,700.6674864,461.6148711,731.5336639,0,NA,0,0,0,0,0,1,0,0.40590405904059,"Surrey",2827.33939036224,436.415537474587,10.6170086275566,115.531282066453,87.2738904053172,36.987721356762,0.0054303463452315,20.2670170092726,0.119409364530532,NA,4.26682817383037,0.64185813970129,0,"CAL431",77
"475",0.480497721984227,1,1,0,0,1,6,62,0.175,2,1,1,1,1,1,0.5,1,0.833333333333333,0,0,0,0,1,0.5,1,0.5,0,0,1,0.5,1,0.166666666666667,1,0.166666666666667,1,0.166666666666667,0,0,1,0.333333333333333,0,0,1,0.5,1,0.666666666666667,0,0,446,1,1,0,0,0,1,1,1,1,0,0,1,0,0,0,0,0,0,0,0,0,0,0,3,2018,"TOR",114,8,2,6,2.227996361,NA,13.29947529,9.206439176,NA,0.245749555,0.328364278,0.06927698,0.474365296,1.068891019,NA,707.3754919,158.981939,9049.498074,9091.141849,1665.299086,7.522923399,0,4.059258163,0,4.059258163,1084.947171,1611.544349,1187.175594,1713.772772,0,NA,0,0,0,0,1,2,0,0.455445544554455,"Surrey",4061.72031175952,769.199089369608,NA,747.442462272496,317.494006849502,51.1670494600058,NA,71.3564625970231,0.147380975906361,0.110300698556662,4.13216077779761,1.82193213330836,0,"CAL432",89
"481",0.59793070477151,1,1,0,1,0,5,40,0.224,2,0,0.4,1,1,1,0.6,1,0.6,0,0,0,0,1,0.6,0,0.2,0,0,1,0.6,0,0,1,0.2,0,0,0,0.2,0,0,0,0,0,0.2,1,1,1,1,309,1,1,0,1,1,1,1,1,1,0,0,1,1,0,1,0,0,0,1,1,1,1,1,3,2018,"TOR",66,10,2,2,1.600707232,NA,13.37787239,5.713586774,NA,0.006837614,0.012006456,0.010723024,0.157416785,1.388727768,0.024995586,1866.947066,407.1707389,13060.47692,13196.39118,3877.813861,NA,0,2.641823816,0,2.641823816,1091.392615,1704.683031,1190.44278,1803.733195,0,NA,0,0,0,0,2,0,0,0.340425531914894,"Surrey",8159.19154915144,1126.83516319616,NA,2422.56284189762,1166.32637666499,41.2317747309334,0.0156153389578738,254.369275505341,0.00750071953195249,0.00427162060825874,3.56941398138195,1.65041037060798,0,"CAL435",95
"489",0.731884090044019,0,0,0,0,1,4,65,0.164,2,0,0.75,1,1,0,0,1,1,0,0,0,0,1,1,1,1,1,1,1,1,0,0,1,1,0,0,0,0,0,0,1,0.5,1,1,1,1,1,1,344,1,0,0,1,1,1,0,0,1,0,0,1,1,0,0,0,0,1,1,0,0,1,1,4,2018,"VAN",171,4,0,2,0.852725475,NA,20.54903304,1.915250505,NA,NA,0.024557501,0.017305185,0.021478325,0.789384227,NA,236.6732041,762.4201243,7045.604823,6433.614007,1921.631401,NA,1.874591728,0,0,1.874591728,911.0754963,1249.919276,978.6482884,1317.492068,0,1.350522185,7,0,15,0,0,0,0,0.574162679425837,"Vancouver",8262.45377857393,1545.03659926426,NA,2253.5170548294,277.549118724288,200.533471806973,NA,894.09797954025,0.0287988358738784,NA,2.2460341119749,2.19835314290335,17.5906554216643,"CAL437",169
"492",0.59793070477151,1,0,0,1,1,2,93,0.095,3,1,1,1,1,1,1,1,1,1,0.5,0,0.5,1,0.5,1,0.5,1,0.5,1,0.5,1,0.5,1,0.5,0,0,1,1,0,0,0,0,1,0.5,1,1,1,1,422,0,0,0,1,1,0,0,0,0,0,0,0,0,0,0,0,0,1,1,0,0,1,1,5,2018,"VAN",98,29,0,1,0.716726412,NA,6.419450552,8.509588762,NA,NA,0.000268688,0.068883277,0.08647875,0.479865357,0.052181693,984.7267086,241.5928346,18513.87908,16226.77406,10109.64616,3.400150305,4.503108054,0,2.501917348,7.005025402,1135.36646,1427.40693,1312.034538,1604.075007,0,0.808365068,3,1,17,0,5,1,0,0.847222222222222,"Vancouver",25831.1662163219,2238.05761883936,NA,14105.3071168249,1373.92272994678,136.732787238208,0.0728055951703926,337.078180118748,0.000374882236096526,NA,11.8728549967264,9.77363926418272,23.7189528882605,"CAL440",49
"494",0.59793070477151,1,1,0,1,1,4,69,0.107,1,1,1,1,1,1,0.5,1,0.75,0,0,0,0,1,0.75,1,0.75,1,0.75,1,1,0,0,1,1,1,0.25,1,0.25,0,0,1,0.5,1,0.75,1,1,1,0.5,398,1,1,0,1,1,1,0,1,1,0,0,1,1,0,0,0,0,1,1,0,0,1,1,4,2018,"VAN",130,7,0,2,0.857741569,NA,16.6914888,4.284791451,NA,NA,0.033947794,0.010221534,0.06171037,0.751861858,NA,423.8404622,351.2382703,6365.790514,6286.193913,1517.44666,NA,3.086710689,0,0,3.086710689,609.0127014,950.1811174,662.5018355,1003.670252,0,1.428564682,2,0,11,0,0,2,0,0.509433962264151,"Vancouver",7421.57165289491,1170.13129393989,NA,1769.11871225866,494.135387065518,151.560801875979,NA,409.49195304769,0.0395781144658503,NA,4.99543406296075,3.59864882449226,12.824375543352,"CAL441",294
"498",0.731884090044019,0,1,0,0,1,4,98,0.236,4,1,1,1,1,1,1,1,1,0,0,0,0,1,0.75,1,0.75,1,0.75,1,0.75,0,0,1,1,0,0,0,0,0,0,1,0.5,1,0.75,1,0.75,1,0.5,545,1,0,0,0,1,1,0,0,1,0,0,1,1,0,0,0,0,1,1,0,1,1,1,5,2018,"VAN",258,51,0,3,2.371865889,NA,36.73787342,12.40566569,NA,0.035701577,0.044631236,0.025975949,0.28306093,1.855612542,0.035999229,4590.715687,6551.626042,54145.50621,50778.45977,33972.0012,2.343633322,9.934333105,0,4.193093792,14.1274269,2070.642735,2633.281931,2459.198315,3021.837511,0,1.199804898,6,1,18,5,17,2,0,0.75187969924812,"Vancouver",22828.2325999588,1274.03388404647,NA,14322.9013737884,1935.48703925056,108.77512139136,0.0151775988545362,2762.22448848582,0.0188169306734357,0.0150521060931704,5.23034027662936,5.95625029455449,7.58896195753672,"CAL442",52
"510",0.731884090044019,0,0,0,0,1,4,78,0.205,2,0,0.75,1,1,0,0.25,1,1,0,0,0,0,1,1,1,1,1,1,1,1,0,0,1,0.75,0,0,0,0,0,0,0,0,1,1,1,1,1,0.25,396,1,0,0,1,1,1,0,0,1,0,1,1,1,0,0,0,0,0,1,1,0,0,0,3,2018,"VAN",277,9,0,1,1.371724322,NA,33.97725983,5.048521548,NA,NA,0.016108772,0.055330528,0.049103405,1.251181261,NA,394.6233992,712.6071313,6993.88526,6810.788557,1492.078793,NA,4.09381996,0,0.090782332,4.184602292,690.7088438,1079.536413,731.8655494,1120.693118,0,2.505017036,8,0,11,0,2,0,0,0.718875502008032,"Vancouver",5098.60847972921,816.995878855606,NA,1087.73954727618,287.684189068421,201.935618955949,NA,519.497336214762,0.0117434470918421,NA,3.68041994082248,3.05061463508846,8.01910400186081,"CAL443",44
"519",0.480497721984227,0,1,0,0,1,1,35,0.129,1,1,1,1,1,1,1,1,1,0,0,0,0,1,1,1,1,1,1,1,1,0,0,1,1,0,0,1,1,0,0,1,1,1,1,1,1,1,1,235,1,0,0,1,1,1,0,0,1,0,0,1,0,0,0,0,0,1,1,1,0,0,1,2,2018,"VAN",164,8,0,1,3.747885143,NA,31.8022571,6.58273057,NA,NA,NA,0.556405485,1.411235872,1.744994186,NA,292.3589694,749.6597379,5920.507903,5791.424769,617.5766394,NA,1.229210837,0,3.040944984,4.270155821,744.4699478,1270.711765,780.0255079,1306.267325,0,2.091864871,0,0,8,0,5,2,0,0.27972027972028,"Vancouver",1579.69299407637,348.534513508169,NA,164.780033495279,78.0063844661955,43.7580111830017,NA,200.02206825899,NA,NA,1.75638535302895,1.13935076931999,2.13453713087813,"CAL444",103
"521",0.731884090044019,0,1,0,0,1,4,76,0.148,1,1,1,1,1,0,0,1,1,0,0,0,0,1,1,1,1,1,1,1,1,0,0,1,1,0,0,0,0,0,0,1,0.5,1,0.75,1,1,0,0,215,0,0,1,0,1,0,0,0,0,0,0,1,1,0,0,0,0,1,1,1,0,0,1,4,2018,"VAN",164,7,0,3,1.199998084,NA,25.12172581,3.275638708,NA,NA,0.066334703,0.046808221,0.057156763,0.967393777,0.062304629,287.9582074,628.5797608,7293.411161,7213.194915,1851.66686,NA,1.630742851,0,0,1.630742851,688.9454769,1082.168024,729.1631692,1122.385716,0,1.565453873,2,1,12,0,0,0,0,0.697247706422018,"Vancouver",6077.8523384709,935.322923398934,NA,1543.05818041623,239.965555978338,136.666884878126,0.0519206070665693,523.817303694962,0.0552790074288152,NA,2.72970328175957,1.35895454563076,10.0000159666922,"CAL51",93
"522",0.480497721984227,1,1,0,1,0,3,37,0.164,2,1,1,1,1,0,0,1,1,0,0,0,0,1,1,1,1,1,1,1,1,0,0,1,1,0,0,0,0,0,0,1,0.333333333333333,1,1,1,0.666666666666667,0,0,341,1,0,0,1,1,1,0,0,0,0,0,1,0,0,0,0,0,1,1,0,0,0,0,3,2018,"VAN",175,5,0,1,2.238463373,NA,24.34414626,6.84926513,NA,NA,0.021310886,0.033265199,0.938998508,1.055600939,0.138988647,365.1499786,204.6302138,8496.791625,8289.028036,2099.936487,0.677978571,6.563054908,0,0.830031566,7.393086474,905.4710608,1296.194486,963.8069424,1354.530367,0,1.821926915,1,0,5,0,3,0,0,0.274611398963731,"Vancouver",3795.81445356086,605.116162872324,NA,938.115187556388,163.125286303266,78.1786300865241,0.0620910972573684,91.4154845096945,0.00952031927662906,NA,3.05980665693028,3.30275070084875,2.23367514532926,"CAL52",74
"528",0.731884090044019,0,1,0,1,1,5,82,0.117,3,0,0.6,1,1,1,0.6,1,1,0,0.2,0,0.2,1,1,1,1,1,1,1,1,1,0.4,1,0.8,0,0,1,0.4,0,0.2,1,0.6,1,0.8,1,0.8,1,0.2,489,0,1,0,0,1,1,0,1,1,0,0,1,0,0,0,0,0,1,1,0,0,0,1,4,2018,"VAN",188,7,0,2,1.271444098,NA,28.43219632,3.199608923,NA,0.048447289,0.022413102,0.014218188,0.028981429,1.157384057,NA,831.4381252,691.0157515,10201.36309,10322.17626,2603.250837,NA,2.591889736,0,0,2.591889736,1201.719525,1817.242866,1280.940499,1896.46384,0,2.087145691,3,0,22,0,0,0,0,0.684210526315789,"Vancouver",8023.44602176918,1491.58255796158,NA,2047.47565472595,653.93211271173,147.86336284523,NA,543.488897850073,0.017628067199538,0.0381041440014612,2.51651561247013,2.03854006643083,17.3031594818886,"CAL53",57
"531",0.480497721984227,0,1,0,0,1,4,80,0.17,4,1,1,1,1,1,0.5,1,1,0,0,0,0.25,1,0.75,1,0.75,1,0.75,1,1,0,0,1,0.75,0,0,0,0,0,0,1,0.5,1,1,1,1,1,1,454,1,0,1,1,1,1,0,0,0,1,0,0,1,0,0,0,0,0,1,0,0,0,1,3,2018,"VAN",236,6,0,1,1.605088556,NA,34.19701189,5.737022539,NA,NA,0.058609784,0.060193546,0.092208442,1.394077185,NA,501.9904952,1258.255981,7061.814251,7235.500947,1005.523508,NA,3.676132793,0,1.081233274,4.757366068,924.3161522,1499.05168,954.8059838,1529.541512,0,1.566522006,6,0,9,0,4,1,0,0.594155844155844,"Vancouver",4399.64151797242,952.932787591316,NA,626.459832537738,312.749407703085,147.032385919023,NA,783.916860098777,0.0365149846598246,NA,3.57427166093383,2.96392747317052,5.60716725962377,"CAL54",18
"532",0.731884090044019,1,1,0,0,1,4,91,0.084,3,0,0.75,1,1,1,0.75,1,1,0,0,0,0,1,1,1,1,1,1,1,1,0,0,1,0.5,0,0,0,0,0,0,1,0.25,1,0.75,1,0.75,0,0,322,0,0,0,1,1,0,0,0,1,0,0,1,0,0,0,0,0,1,1,0,0,1,1,4,2018,"VAN",155,14,0,1,0.987543123,NA,19.65972609,4.325832507,NA,0.034020863,0.106109411,0.030544323,0.026505574,0.774212142,0.016150827,250.6232062,1020.565693,7822.018568,7600.48512,3165.96579,NA,2.520604343,0,0,2.520604343,804.2284412,1102.92998,892.9851868,1191.686726,0,1.454050128,8,0,16,0,3,0,0,0.770212765957447,"Vancouver",7920.68557395037,1206.7186720716,NA,3205.90130827127,253.784569365079,156.955171262936,0.0163545536633746,1033.43911696705,0.107447875974931,0.0344500024430832,4.38039859349008,2.55239926672043,16.2018241303676,"CAL55",193
"543",0.480497721984227,1,1,0,0,1,4,50,0.25,2,1,1,1,1,0,0.25,1,0.5,0,0.25,0,0.25,1,0.75,1,0.75,1,0.75,1,1,0,0,1,0.5,1,0.25,0,0,0,0,0,0,1,0.5,1,1,1,1,319,1,1,1,1,1,1,0,0,0,0,0,1,1,0,0,0,1,1,1,1,0,0,0,3,2018,"VAN",219,7,0,2,1.55485232,NA,26.08101798,6.74419589,NA,NA,0.12497188,0.055292791,0.108807378,0.956467087,0.295173949,580.3102001,514.8289004,7212.38096,7446.519722,1770.510663,NA,4.15914211,0,0.631420099,4.790562209,597.7097222,974.8866912,665.0463488,1042.223318,0,1.480083647,5,0,12,0,3,1,0,0.489010989010989,"Vancouver",4638.62764792993,670.303735341245,NA,1138.70020980513,373.225284893938,140.849389477709,0.189840504595317,331.111124688678,0.0803754018259432,NA,4.33751540467843,3.08104001092528,7.71777476590188,"CAL56",27
"551",0.480497721984227,1,1,0,0,1,3,79,0.105,3,0,0.666666666666667,1,1,1,1,1,1,0,0,0,0.333333333333333,1,0.666666666666667,1,0.666666666666667,1,0.666666666666667,1,1,0,0,1,0.666666666666667,0,0,1,0.333333333333333,0,0,1,0.333333333333333,1,0.666666666666667,0,0.333333333333333,1,0.333333333333333,349,1,1,1,1,1,1,1,0,0,0,0,1,1,0,0,0,0,1,1,1,0,0,0,3,2018,"VAN",194,8,0,1,3.018358054,NA,39.66425983,7.090975197,NA,NA,0.359280417,0.026037012,0.937543309,1.664914269,NA,325.4665551,1029.005185,6733.81441,6585.005492,1529.753164,NA,5.058291977,0,3.279216097,8.337508074,745.8655292,1173.036996,785.3785848,1212.550051,0,1.247887455,3,0,8,0,9,0,0,0.78714859437751,"Vancouver",2230.95281922441,401.725053591008,NA,506.81633412336,107.829008115417,64.2733554234583,NA,340.915546330343,0.119031741951182,NA,2.34928231513252,2.76226608137194,2.65044764632818,"CAL58",37
"2",0.480497721984227,0,1,0,1,1,5,35,0.136,2,1,1,1,1,0,0.2,0,0.2,1,0.8,0,0.8,0,0,0,0,0,0,0,0.4,0,0,0,0,1,0.2,0,0.2,0,0,1,0.8,0,0.2,0,0,1,0.2,184,1,1,0,0,1,1,0,1,1,0,0,1,1,0,0,0,0,1,1,1,0,1,1,3,2018,"CAL",148,10,0,4,2.266420271,1.55841335,26.23143704,6.679451774,34.46930216,0.203689357,0.068367866,0.101797502,0.26579981,1.546593639,0.080172106,811.0594557,75.60892142,8969.90693,8569.167209,635.9928784,2.242448053,0,2.363545284,0,2.363545284,1356.525964,1862.688133,1476.725627,1982.887796,0,NA,0,0,0,0,4,4,0,0.425531914893617,"Calgary",3957.74210316353,874.898544357398,15.2086983164827,280.615597441416,357.8592488242,65.3012161485384,0.0353738920472266,33.3605035162519,0.0301655729410832,0.0898727211392825,2.94713732464671,1.0428539288334,0,"CAL59",112
"3",0.480497721984227,0,1,0,0,1,11,49,0.073,4,1,1,1,1,0,0.181818181818182,0,0.272727272727273,1,0.909090909090909,0,0.909090909090909,0,0,0,0,0,0,0,0.0909090909090909,1,0.0909090909090909,0,0,1,0.0909090909090909,0,0.0909090909090909,0,0,0,0.181818181818182,0,0.0909090909090909,0,0.0909090909090909,1,0.0909090909090909,217,1,0,1,1,1,1,1,1,1,1,0,1,1,0,0,0,0,1,1,1,0,1,0,3,2018,"CAL",105,10,0,4,1.779998867,NA,18.9810483,3.506593571,NA,0.232831096,0.044003991,0.071666533,0.175552001,1.255945221,NA,915.7951056,166.2678463,6877.068868,6424.230527,712.2508263,0.795971766,0,0.278720069,0.76574091,1.044460979,901.876661,1217.371453,1000.9965,1316.491292,0,NA,0,0,0,0,1,3,0,0.345864661654135,"Calgary",3863.52429515339,739.602320207544,NA,400.141168348283,514.491959842354,58.9888015923102,NA,93.4089618721089,0.0247213589939886,0.130804069775849,1.96999764213895,0.58677620439182,0,"CAL60",61
"5",0.480497721984227,0,1,0,1,1,5,48,0.189,2,1,1,1,1,0,0.2,0,0.4,1,0.6,0,0.8,0,0,0,0,0,0,1,0.6,0,0,0,0,1,0.2,0,0.2,0,0,1,0.6,0,0.2,0,0.2,0,0,250,0,1,1,1,1,1,0,0,0,0,0,1,1,0,0,0,0,0,1,0,0,0,1,3,2018,"CAL",140,7,0,5,2.406904122,1.56026363,26.5992515,6.621709095,34.78122422,0.094197311,0.049172999,0.172424575,0.32916687,1.761941195,NA,683.5105592,95.34250456,10229.60339,9745.316254,944.8080907,1.975855255,0,2.554389454,0,2.554389454,1551.869856,2081.553205,1711.59788,2241.281229,0,NA,0,0,0,0,3,2,0,0.365591397849462,"Calgary",4250.10838466627,931.188412747253,14.4506064458848,392.540808777592,283.979138575758,58.166006165492,NA,39.6120907719315,0.0204299783072124,0.039136295517134,2.75113122889903,1.06127594807451,0,"CAL61",27
"6",0.480497721984227,0,1,0,1,1,3,51,0.068,3,0,0.666666666666667,1,1,0,0.333333333333333,1,1,1,0.666666666666667,0,0.666666666666667,0,0,0,0,0,0,0,0.333333333333333,0,0,1,0.333333333333333,1,0.666666666666667,1,0.333333333333333,0,0,0,0,1,0.666666666666667,0,0,1,0.333333333333333,543,1,0,1,1,1,1,0,0,1,0,0,1,1,0,0,0,0,1,1,0,0,1,1,2,2018,"CAL",133,5,0,4,2.188132962,NA,28.11168579,2.98308504,NA,NA,0.07429108,0.046621374,0.10330385,1.776496187,0.187420474,123.5737646,238.3568252,5220.037276,5163.20647,289.9571611,1.006420538,0,1.259224014,1.552178631,2.811402645,686.5457328,985.6323829,744.7166105,1043.803261,0,NA,0,0,0,0,5,3,0,0.472081218274112,"Calgary",2385.61246809644,477.029174701496,NA,132.513501754927,56.4745226848788,60.78241236238,0.0856531468858701,108.931600290933,0.0339518124767411,NA,1.36330154145359,1.28484086379756,0,"CAL62",27
"7",0.480497721984227,1,1,0,1,1,4,53,0.04,3,1,1,1,1,0,0,1,0.5,0,0,0,0,0,0,0,0,0,0,1,0.75,1,0.5,0,0,1,0.5,0,0,0,0,1,0.25,1,0.5,0,0,1,0.5,383,1,0,0,1,1,0,0,0,0,0,0,0,1,0,0,0,0,0,1,0,0,0,1,2,2018,"CAL",171,4,0,6,2.450697455,NA,32.87351897,0.664371156,NA,NA,0.234058045,0.020186273,0.447373172,1.726233562,NA,313.3949982,981.5643463,8768.658201,7748.05203,1107.997459,0.664371156,0,2.222727715,1.647527417,3.870255132,1522.507439,1953.624479,1658.395524,2089.512564,0,0.097510523,0,0,0,0,7,2,0,0.772511848341232,"Calgary",3578.02558741385,852.619551114685,NA,452.11515470399,127.879921514017,69.7760548333372,NA,400.524489180571,0.0955067074976825,NA,0.271094726378618,1.57924639947039,0,"CAL68",84
"8",0.480497721984227,0,1,0,0,1,4,72,0.09,4,0,0.75,1,1,0,0,0,0.25,0,0.25,0,0.25,0,0.25,0,0,0,0,1,0.5,0,0,0,0,1,0.25,1,0.5,0,0,1,0.75,1,0.5,0,0.25,1,0.25,191,1,1,1,0,1,1,0,1,1,0,0,1,1,0,0,0,0,0,1,0,0,0,1,3,2018,"CAL",219,17,0,1,2.724003355,NA,46.2738857,1.33513242,NA,NA,0.21070413,0.061476042,0.11871306,2.333110121,NA,632.8885522,1713.031195,12347.61394,10965.91834,3592.838079,1.33513242,0,1.258975964,2.355118861,3.614094826,1290.554218,1600.236909,1484.98178,1794.664471,0,0.551567916,0,0,0,0,5,8,0,0.3625,"Calgary",4532.89233926072,658.833429006551,NA,1318.95508586846,232.337655178843,80.3963767511586,NA,628.865302921039,0.0773509069338132,NA,0.490136114388156,1.32675858102972,0,"CAL70",46
"9",0.285318238275449,0,1,0,0,1,9,37,0.11,2,0,0.222222222222222,0,0.888888888888889,0,0.333333333333333,1,0.555555555555556,0,0.444444444444444,0,0.777777777777778,0,0.111111111111111,0,0.222222222222222,0,0.111111111111111,0,0.222222222222222,0,0,0,0,0,0,1,0.444444444444444,0,0,0,0,0,0.333333333333333,1,1,1,1,156,1,0,1,0,1,1,0,0,0,0,0,1,1,0,0,0,0,1,1,0,0,0,1,3,2018,"CAL",365,5,0,4,7.124124328,NA,61.32135789,13.45443612,NA,NA,0.029731475,0.292999172,2.796647769,3.895797941,0.003610928,637.2494521,44.74061945,15469.86906,15703.72681,326.0207225,2.848589737,0,8.304519559,0,8.304519559,2097.755564,2939.12501,2220.919966,3062.289411,0,NA,0,0,0,0,6,3,0,0.247706422018349,"Calgary",2171.47656999733,429.847833924551,NA,45.7629187096916,89.4495130574032,51.2343669474489,0.000506859205952926,6.28015702563691,0.0041733515069559,NA,1.88857401984409,1.16568986961116,0,"CAL71",14
"10",0.480497721984227,0,1,0,0,1,7,37,0.092,2,0,0.428571428571429,0,0.857142857142857,0,0.142857142857143,0,0.285714285714286,1,0.571428571428571,0,0.714285714285714,0,0,0,0,0,0,0,0.285714285714286,0,0,0,0,1,0.142857142857143,0,0.142857142857143,0,0,0,0,1,0.571428571428571,0,0,0,0,319,0,1,1,0,1,0,0,1,0,0,0,1,1,0,0,0,0,1,1,0,0,0,0,2,2018,"CAL",117,9,0,2,1.723942319,NA,21.20939945,5.179596211,NA,NA,0.020667253,0.122057895,0.142580136,1.368692853,0.069944181,243.7138253,20.96871344,4297.818557,4274.454597,255.5471696,2.657245042,0,1.644803956,0,1.644803956,512.4337717,745.0324183,553.5983757,786.1970223,0,NA,0,0,0,0,4,2,0,0.336134453781513,"Calgary",2493.01760832289,456.046013625355,NA,148.234176273504,141.370057811082,67.867699928538,0.0405722281013278,12.1632337746446,0.0119883668799246,NA,3.00450667862513,0.954094541257096,0,"CAL8",60
"11",0.480497721984227,0,1,0,0,1,4,82,0.106,4,1,1,1,1,1,0.75,1,1,0,0,0,0,0,0,0,0,0,0,1,0.5,0,0,1,0.25,0,0,0,0,0,0,0,0,1,0.5,1,1,1,1,237,1,0,1,0,1,0,0,1,0,0,0,0,1,0,0,1,0,1,1,0,0,1,1,3,2018,"CAL",108,6,0,1,1.654158548,NA,21.4373552,4.367571286,NA,NA,0.008947777,0.081573146,0.393380062,1.117283853,0.052602488,380.3233384,680.6211712,5493.430295,5034.727624,1377.758953,2.158350748,1.59876597,2.200353601,0.845441546,4.644561117,638.4197398,788.9038992,708.9874236,859.4715829,0,2.083776235,0,0,0,0,3,2,0,0.629139072847682,"Calgary",3320.98171704397,519.582348342101,NA,832.906225745901,229.91951941961,65.289992988024,0.0318001488210428,411.460661992118,0.00540926201470743,NA,2.64035832071884,2.80780891445721,0,"CAL80",41
"12",0.480497721984227,0,1,0,0,1,5,59,0.067,3,0,0.75,1,1,1,0.5,1,0.5,0,0,0,0,0,0,0,0,0,0,1,0.5,0,0,1,0.25,1,0.5,0,0,0,0,1,0.25,1,0.5,1,0.75,1,0.25,324,1,1,1,1,0,1,1,1,0,0,0,1,0,0,0,0,0,0,0,0,0,0,1,3,2018,"CAL",120,13,0,2,1.282227131,NA,19.39689331,4.82393236,NA,NA,0.019062031,0.159327357,0.085482905,0.874470838,0.128651474,349.4258493,729.9093228,4209.582193,4044.840958,1746.949634,4.810114762,0,3.266572136,0,3.266572136,400.6981389,511.0260114,435.8421146,546.1699871,0,NA,0,0,0,0,5,8,0,0.464566929133858,"Calgary",3283.02380383807,425.95416513613,NA,1362.43384012438,272.514783732181,93.5871633806507,0.100334387636663,569.251192049531,0.0148663450797002,NA,3.76215121593773,2.54757683488761,0,"CAL82",30
"13",0.480497721984227,0,1,0,0,1,8,55,0.098,4,0,0.5,1,1,1,0.875,1,0.875,0,0,0,0,0,0,0,0,0,0,0,0.375,0,0,0,0,0,0,1,0.375,0,0,1,0.375,0,0.25,0,0.25,0,0,129,0,0,0,0,1,0,1,1,1,0,0,1,1,0,0,0,0,1,1,0,0,0,0,2,2018,"CAL",63,4,0,4,0.896730557,NA,12.27227755,NA,NA,NA,0.026957248,0.145718248,0.065745057,0.57049766,0.087183937,42.12044795,545.4743365,1540.833695,1479.679222,265.225861,NA,0,1.477517572,0,1.477517572,153.1359407,203.7303639,185.6943361,236.2887593,0,1.097918481,0,0,0,0,1,2,0,0.383561643835616,"Calgary",1718.27945749372,263.500287188273,NA,295.769848512032,46.9711304261933,70.2552171421097,0.0972242289720478,608.292348511996,0.0300617033618048,NA,NA,1.64767171193877,0,"CAL83",36
"14",0.480497721984227,0,1,0,0,1,4,71,0.037,3,0,0.75,1,1,0,0,1,0.5,0,0,0,0,0,0.25,0,0.25,0,0,0,0.25,0,0,1,0.25,0,0,0,0,0,0,1,0.25,0,0.25,1,0.75,0,0,188,0,0,0,0,1,1,0,1,1,0,0,1,0,0,0,0,0,1,1,1,0,0,0,2,2018,"CAL",100,6,0,2,1.374932898,NA,18.80147971,0.054640512,NA,NA,0.015611531,0.016766726,0.14355299,1.121208196,NA,12.54984111,644.335706,2923.639418,2982.574196,34.1776949,0.054640512,0,2.183919313,0,2.183919313,494.5164229,755.4312816,508.8758455,769.7907041,0,NA,0,0,0,0,5,2,0,0.654761904761905,"Calgary",2126.38698386865,559.875107519611,NA,24.8577184746364,9.12760261119303,72.7308220971814,NA,468.630656039477,0.0113543948382563,NA,0.039740493575709,1.58838247028402,0,"CAL86",47
"16",0.59793070477151,0,0,0,0,1,4,97,0.089,4,1,1,1,1,1,1,1,1,0,0,0,0,0,0,0,0,0,0,1,0.5,0,0,0,0,1,0.25,0,0,1,0.75,1,1,1,0.75,0,0.25,1,0.5,339,1,0,0,1,1,1,0,0,1,0,1,0,1,0,0,0,0,0,1,1,0,0,1,5,2018,"CAL",117,70,0,4,1.749829225,NA,26.89794618,1.733005421,NA,NA,0.083899301,0.107783962,0.106422147,1.413649382,0.031770412,3023.509352,846.2565506,21077.32996,20174.48413,12462.45324,1.733005421,3.593083375,1.450650552,3.038747956,8.082481883,1096.009892,1416.791497,1278.509582,1599.291186,0,NA,0,0,0,0,5,3,0,0.718518518518519,"Calgary",12045.3640040216,913.969868116701,NA,7122.09686633849,1727.88824692307,66.8636677959245,0.0181562929376722,483.622366405499,0.0479471366698656,NA,0.990385459472481,4.61901182556829,0,"CAL89",133
"17",0.480497721984227,1,1,0,1,1,4,66,0.13,4,1,1,1,1,1,0.5,1,0.75,0,0,0,0,0,0,0,0,0,0,1,0.5,0,0,0,0,1,0.5,0,0,0,0,0,0,1,0.75,1,1,1,1,318,0,0,0,1,1,0,1,0,0,0,0,0,0,0,0,0,0,1,1,0,0,1,1,3,2018,"CAL",136,4,0,4,1.943657163,1.553776143,27.5165527,0.861337383,29.93166622,NA,0.070758475,0.018924948,0.241032846,1.612223466,NA,226.8275754,1147.773731,5683.367961,5134.951902,1127.864149,0.486811719,0,1.762380504,0,1.762380504,621.2440945,806.6315835,710.6935207,896.0810097,0,1.457397743,0,0,0,0,3,2,0,0.425373134328358,"Calgary",2924.05886654816,461.028326784192,15.3996634744993,580.279367406113,116.701432597247,69.9711876090773,NA,590.522728415968,0.0364048127143912,NA,0.443152938386799,0.906734241793855,0,"CAL94",44
"19",0.480497721984227,0,1,0,0,1,5,45,0.054,1,1,1,1,1,0,0,0,0.4,1,0.8,0,0.8,0,0,0,0,0,0,0,0.4,1,0.2,1,0.4,1,0.2,1,0.4,0,0,0,0.2,0,0.4,1,1,1,1,671,1,1,1,0,1,1,1,1,1,0,0,0,1,0,0,0,0,1,1,0,0,0,0,3,2018,"CAL",445,5,0,4,5.580982966,5.056435055,61.32395517,9.010072045,75.39046227,NA,NA,1.209447812,0.715487495,0.97459705,2.681450598,2267.884519,0,23797.48909,18687.05973,1197.849508,11.50154887,0,17.24152558,0,17.24152558,4681.255987,6357.697028,4982.633477,6659.074518,0,NA,0,0,0,0,11,3,0,0.392523364485981,"Calgary",4264.03184438603,1193.17234232175,13.5084558991288,214.630561551153,406.359333618507,79.7350579120187,0.480462064538758,0,NA,NA,1.61442385685289,3.08933492272551,0,"CAL96",34
"20",0.480497721984227,1,1,0,1,1,9,51,0.087,4,0,0.666666666666667,1,1,0,0.111111111111111,0,0.333333333333333,0,0.111111111111111,0,0.222222222222222,0,0,0,0,0,0,0,0.222222222222222,1,0.111111111111111,0,0,1,0.111111111111111,1,0.444444444444444,0,0.111111111111111,1,0.333333333333333,1,0.555555555555556,0,0.111111111111111,0,0,114,0,1,0,0,0,1,0,1,1,0,0,1,1,0,0,0,0,0,0,0,0,0,0,1,2018,"CAL",124,8,0,1,2.360797367,NA,19.54332112,2.290694824,NA,NA,0.0331328,0.039372279,1.072077337,0.91352457,0.239332909,50.13819058,594.8840424,2150.717596,1877.802345,495.5709305,0.552027678,0.091215208,6.346037835,0,6.437253043,198.156782,248.4906564,225.6731305,276.0070049,0,0.162789152,0,0,0,0,2,3,0,0.795454545454545,"Calgary",911.013213613094,116.912619760644,NA,209.916758391573,21.2378204418762,52.5246265237808,0.101377997258669,251.984372193685,0.0140345802071542,NA,0.970305565407724,2.72672832195682,0,"CAL98",45
"21",0.480497721984227,0,1,0,1,1,7,35,0.078,2,0,0.571428571428571,0,0.857142857142857,0,0,0,0.428571428571429,0,0.428571428571429,0,0.857142857142857,0,0,0,0,0,0,0,0.142857142857143,0,0,0,0,1,0.142857142857143,1,0.428571428571429,0,0.142857142857143,0,0.142857142857143,0,0.142857142857143,0,0.285714285714286,1,0.571428571428571,353,1,0,1,0,1,1,0,1,1,1,0,1,1,0,0,0,0,1,1,0,0,0,0,2,2018,"CAL",118,0,0,1,1.512067937,NA,20.81564724,1.425720105,NA,NA,NA,0.021554762,0.162622919,1.096284326,0.231605938,110.0717426,0.014236886,4390.809376,4486.349099,33.89396803,0.242651292,0,0.548812125,0,0.548812125,690.9268375,909.2243517,744.3720752,962.6695894,0,NA,0,0,0,0,2,0,0,0.691823899371069,"Calgary",2903.84397986213,636.6576301525,NA,22.4156383457525,72.7955007222668,78.0388216114922,0.153171648133426,0.00941550683777246,NA,NA,0.942894211372991,0.362954673907618,0,"LAV2744",12
"22",0.59793070477151,0,1,0,0,1,4,50,0.119,4,0,0.75,1,1,0,0,0,0.25,1,0.5,1,1,0,0,0,0,0,0,1,0.5,0,0,1,0.25,0,0,1,0.25,0,0,1,1,1,0.5,0,0.25,1,0.25,685,1,1,0,1,1,1,1,0,0,0,0,1,1,0,0,0,0,1,1,0,0,1,1,3,2018,"CAL",199,7,0,3,2.657872947,1.555617453,31.28941276,3.091593537,35.93662375,NA,NA,2.285138372,0.149896755,0.139168274,NA,2569.213331,0.001528202,14542.78431,12639.3092,633.4164895,0.966293946,0,8.875546015,0,8.875546015,3127.176037,4241.774891,3355.482256,4470.08111,0,NA,0,0,0,0,5,3,0,0.633333333333333,"Calgary",5471.58746862402,1681.82648273142,13.5208207715732,238.317068622468,966.642643283581,74.8719009404177,NA,0.000574971802818835,NA,NA,1.1631833419613,3.33934171872964,0,"LAV2746",80
"23",0.480497721984227,1,0,0,1,1,6,79,0.191,4,0,0.666666666666667,1,1,0,0.166666666666667,1,0.5,1,0.5,0,0.666666666666667,0,0,0,0,0,0,1,0.5,1,0.833333333333333,0,0,1,0.166666666666667,0,0,0,0,1,1,0,0.333333333333333,0,0.166666666666667,0,0,179,0,0,1,1,1,1,0,0,0,0,0,1,0,0,0,0,0,1,1,0,0,1,1,3,2018,"CAL",110,13,0,2,1.726748847,NA,23.95403986,3.170537452,NA,NA,NA,0.060291922,0.02491587,1.432267086,0.20927396,600.8019098,663.3836413,6275.385553,6140.615614,1408.234531,0.067115915,0.776386981,0.394391053,0.119877671,1.290655705,971.7864968,1321.972981,1036.100126,1386.28661,0,NA,0,0,0,0,8,2,0,0.453237410071942,"Calgary",3634.2202074741,802.830482503864,NA,815.541028706417,347.938213970037,63.7035317504978,0.121195366867386,384.180735057413,NA,NA,1.83613121126931,0.747448424385715,0,"LAV2747",93
"24",0.480497721984227,1,1,0,1,1,2,76,0.191,4,0,0.75,1,1,0,0,1,0.5,0,0.25,1,1,0,0,0,0,0,0,0,0.25,0,0,0,0,1,0.25,0,0,0,0,1,0.75,1,0.5,0,0.25,1,0.25,226,1,0,0,0,1,1,0,1,1,0,0,1,1,1,1,0,0,1,1,0,0,1,1,3,2018,"CAL",56,11,0,4,1.055776745,NA,12.70494881,0.683687016,NA,NA,0.041143464,0.024464013,0.152534065,0.752677259,0.084957947,447.6953354,373.8631077,3878.01646,3569.566294,804.7455791,NA,0.780127792,0.085613893,1.343393653,2.209135338,669.0571456,895.1143475,710.1737818,936.2309837,0,NA,0,0,0,0,4,3,0,0.575539568345324,"Calgary",3673.14063163988,886.769848013654,NA,762.230824756421,424.043565574084,53.0415168407597,0.080469613867087,354.11189862872,0.0389698524757713,NA,0.647567792374514,2.09242659346508,0,"LAV2748",128
"25",0.480497721984227,0,1,0,0,1,7,14,0.092,2,0,0.857142857142857,1,1,0,0.142857142857143,0,0.428571428571429,1,0.857142857142857,1,1,0,0,0,0,0,0,1,0.571428571428571,1,0.142857142857143,1,0.142857142857143,1,0.142857142857143,1,0.285714285714286,0,0,1,0.714285714285714,0,0.285714285714286,1,1,1,1,604,1,1,0,0,1,1,1,1,1,0,1,1,1,0,0,1,1,1,1,1,0,0,0,1,2018,"CAL",36,0,0,1,0.783101857,NA,10.59006251,0.400087773,NA,NA,NA,0.698351013,0.034954609,NA,NA,114.7968735,0.08092527,833.4690299,586.5318718,51.12494376,0.488904311,0,2.582576839,0,2.582576839,174.5317576,236.8721302,187.6230258,249.9633984,0,NA,0,0,0,0,3,0,0,0.449392712550607,"Calgary",1064.31752453372,319.196533842468,NA,65.2851775321483,146.592518551517,45.9710313265162,NA,0.103339392285466,NA,NA,0.51090132072053,3.29788113246678,0,"LAV2751",79
"26",0.480497721984227,0,1,0,1,1,4,51,0.043,3,1,1,1,1,0,0,1,0.5,1,0.75,0,0.75,0,0,0,0,0,0,1,0.5,0,0,1,0.25,0,0,1,0.75,0,0,1,0.25,0,0.25,1,1,1,1,432,1,0,0,0,0,1,1,1,1,0,0,0,1,0,0,0,0,0,0,0,0,0,0,2,2018,"CAL",204,6,0,2,2.948351052,NA,37.36143909,3.971401623,NA,NA,NA,0.051151891,0.466064958,0.340968483,2.057039143,287.5367475,0.001065077,8077.991673,8075.813511,105.878319,3.341198187,0,9.623676695,0,9.623676695,849.6467754,1337.592339,925.3082511,1413.253815,0,NA,0,0,0,0,1,2,0,0.265895953757225,"Calgary",2739.83373435817,479.337022652484,NA,35.9110286165475,97.5245967758659,69.1912178712971,0.697691389770094,0.000361244974297586,NA,NA,1.34699075956576,3.26408779866014,0,"LAV2752",88
"27",0.480497721984227,1,1,0,1,1,3,51,0.091,4,0,0.666666666666667,1,1,0,0,0,0.333333333333333,0,0,0,0,0,0,0,0,0,0,0,0,0,0,0,0,1,0.333333333333333,1,0.333333333333333,0,0,0,0,1,0.666666666666667,1,1,1,1,150,0,0,0,1,1,1,0,1,0,0,0,1,1,0,0,0,0,1,1,1,0,1,1,2,2018,"CAL",218,11,0,4,5.023882022,5.58833554,42.33897773,5.330041265,53.25735453,NA,0.113570111,0.161539441,2.021621555,2.149720036,0.269194268,291.6134944,854.5464297,8054.116689,7971.148712,1018.399455,2.786025829,0,7.128776833,0.149534298,7.278311132,955.156859,1275.177493,1051.006463,1371.027097,0,NA,0,0,0,0,10,4,0,0.37037037037037,"Calgary",1603.16596881263,272.901929423533,10.6008370214073,202.711658144109,58.045450335617,43.3927387317934,0.0535829199055981,170.096834670454,0.0226060465796504,NA,1.06094077083405,1.44874244660358,0,"LAV2754",82
"28",0.480497721984227,1,1,1,1,1,4,22,0.047,1,1,1,1,1,0,0,0,0.25,1,0.75,0,0.75,1,0.5,0,0.25,0,0.25,1,0.5,0,0,1,0.25,1,0.25,0,0,0,0,1,0.25,0,0.25,1,1,1,1,674,1,0,1,1,0,1,0,1,1,0,0,1,1,0,0,0,0,1,0,0,0,0,0,3,2018,"CAL",178,5,0,2,2.123527913,NA,29.45446919,4.517048048,NA,NA,NA,0.09120066,0.281690715,1.748230662,NA,314.919466,10.24445061,7534.371382,7824.948155,31.91713876,1.610106743,0,4.629836772,0,4.629836772,946.1126436,1425.917189,999.4044912,1479.209037,0,NA,0,0,0,0,1,1,0,0.419672131147541,"Calgary",3548.04442921396,696.580924575772,NA,15.0302421572172,148.300130208837,83.8227738426719,NA,4.82425992485647,NA,NA,2.12714324137071,2.18025708240361,0,"LAV2755",41
"30",0.480497721984227,0,1,0,1,1,4,58,0.196,4,0,0.75,1,1,1,0.5,1,0.75,0,0.25,0,0.25,0,0,0,0,0,0,0,0.25,0,0,0,0,1,0.25,0,0,0,0,0,0,1,0.75,1,1,1,1,188,1,0,0,1,1,1,0,0,0,0,0,1,1,0,0,0,0,1,1,1,0,0,0,3,2018,"CAL",121,7,0,2,2.030696006,NA,27.67396114,0.308888252,NA,NA,0.080921822,0.048724722,0.251193681,1.649855772,NA,410.1458502,1093.974008,6046.587217,5390.702573,1734.771953,0.279435998,1.294739926,0.47774737,0,1.772487296,652.3585151,857.9798553,735.6531399,941.2744801,0,NA,0,0,0,0,0,4,0,0.404255319148936,"Calgary",2977.59349461192,463.523086330431,NA,854.274567869515,201.973042241754,59.5854818458731,NA,538.718747054058,0.0398493037662477,NA,0.15210954819793,0.87284718675908,0,"LAV2756",107
"33",0.59793070477151,1,1,0,1,1,4,64,0.099,4,0,0.5,1,1,0,0.25,0,0.25,1,0.5,1,1,0,0,0,0,0,0,1,0.5,0,0,0,0,1,0.25,1,0.25,1,0.25,1,0.75,0,0.25,0,0.25,1,0.25,331,1,0,1,1,1,1,1,1,1,0,0,1,1,1,1,0,0,1,1,1,0,1,1,3,2018,"CAL",29,3,0,1,0.517662033,NA,6.096889199,2.08718134,NA,NA,NA,0.011810218,0.019689359,0.48616247,NA,655.9487703,0,3567.803289,3251.849744,253.2751643,0.202673883,0,0.595734495,0,0.595734495,721.0232175,970.8987836,780.1445563,1030.020122,0,NA,0,0,0,0,0,2,0,0.588957055214724,"Calgary",6892.14789101599,1989.75404093427,NA,489.267414170202,1267.13710584218,56.0211067285284,NA,0,NA,NA,4.03193822792872,1.15081743883659,0,"LAV2757",163
"34",0.59793070477151,0,1,0,0,1,5,61,0.161,4,0,0.4,0,0.8,0,0.2,0,0.4,1,1,1,1,0,0.2,0,0,0,0,0,0.4,1,0.4,0,0,1,0.2,0,0,0,0.2,0,0.2,0,0.2,0,0.2,0,0,411,1,1,1,1,1,1,1,1,0,0,0,1,1,0,0,0,0,1,1,1,0,0,1,3,2018,"CAL",88,5,0,2,1.105058776,NA,15.60023782,3.006034244,NA,NA,0.036291649,0.031474865,0.085136346,0.952006235,0.000149654,1053.300283,10,6348.717908,6036.835517,380.8839953,0.353645113,0,0.047345594,0,0.047345594,1105.607039,1542.552458,1184.362826,1621.308245,0,NA,0,0,0,0,2,2,0,0.348993288590604,"Calgary",5745.14048110686,1467.16924041695,NA,344.673064973695,953.162226187325,79.6337732537043,0.000135426280710339,9.04929241519367,0.0328413744030571,NA,2.72024828840416,0.0428444124677039,0,"LAV2759",34
"35",0.480497721984227,0,1,0,1,0,3,34,0.042,1,0,0.5,1,1,0,0,1,0.5,1,0.666666666666667,1,1,0,0,0,0,0,0,0,0.166666666666667,1,0.2,1,0.166666666666667,1,0.2,0,0.2,0,0.2,1,0.4,0,0.2,0,0.2,1,0.2,499,1,0,1,1,1,1,0,1,1,1,1,1,1,0,0,0,0,1,1,1,0,1,1,2,2018,"CAL",209,4,0,1,2.341719037,3.314107294,21.28906528,6.471215179,31.07438775,NA,NA,0.829702318,0.175613944,1.249045378,NA,466.687753,10.6469567,7297.034617,7102.818176,145.2009161,3.173089891,0,8.488863314,0,8.488863314,939.8546432,1438.308319,1005.245476,1503.699152,0,NA,0,0,0,0,2,0,0,0.314079422382672,"Calgary",3116.10167646256,642.134742999059,13.2699043988683,62.0061219154704,199.292803972708,89.2506729875468,NA,4.54664139112091,NA,NA,2.76344645824391,3.62505628552056,0,"LAV2761",4
"36",0.480497721984227,0,1,0,0,1,4,26,0.112,2,0,0.5,1,1,0,0,0,0.25,1,0.5,1,1,0,0,0,0,0,0,1,0.5,0,0,0,0,1,0.25,0,0,0,0,1,0.5,1,0.5,0,0,1,0.25,357,1,0,1,0,1,0,0,1,0,0,0,1,1,0,0,0,0,1,1,0,0,1,1,2,2018,"CAL",115,4,0,3,2.499902786,5.851039414,17.23733964,9.161218074,32.24959713,NA,0.015083678,1.138798229,0.147799645,1.162909335,NA,549.6326495,54.74582214,7071.41366,6991.021356,223.3259978,5.242964574,0,2.996644342,0,2.996644342,1152.374919,1632.698923,1239.690119,1720.014124,0,NA,0,0,0,0,5,0,0,0.325396825396825,"Calgary",2828.67545874242,688.032404152855,12.9003404894801,89.3338729212489,219.861609250593,46.0017888071588,NA,21.8991804187701,0.0060337058242712,NA,3.66462973092587,1.19870434913784,0,"LAV2762",39
"37",0.480497721984227,0,1,0,0,1,5,45,0.093,2,0,0.4,1,1,0,0,0,0.2,0,0.2,1,1,0,0,0,0,0,0,1,0.6,1,0.2,0,0,1,0.2,1,0.4,0,0,1,1,0,0.4,0,0,0,0,301,0,0,1,1,1,1,1,1,1,0,0,1,1,0,0,0,0,1,1,1,0,0,1,3,2018,"CAL",86,0,0,3,1.545206886,2.084593011,14.83954519,4.042013934,20.96615213,NA,0.015083678,0.438262431,0.147099583,0.944761246,NA,447.7361572,45.25180175,6173.400346,6141.977732,203.6242578,1.868320475,0,2.996644342,0,2.996644342,1033.042993,1449.121585,1110.664531,1526.743123,0,NA,0,0,0,0,5,0,0,0.339449541284404,"Calgary",3995.19339574054,988.050944396322,13.5685080877901,131.777990148045,289.758064927495,55.6559777070525,NA,29.2852705744414,0.00976159123846928,NA,2.61583996979418,1.93931593830601,0,"LAV2764",48
"38",0.480497721984227,1,1,0,1,1,11,8,0.051,1,0,0.272727272727273,0,0.909090909090909,0,0,0,0.181818181818182,1,0.909090909090909,1,1,0,0,0,0,0,0,0,0.454545454545455,0,0,0,0,1,0.181818181818182,0,0.0909090909090909,0,0,0,0.0909090909090909,0,0.181818181818182,0,0,0,0,643,1,1,1,0,1,0,1,1,0,0,0,1,0,0,0,0,0,1,1,0,1,1,1,2,2018,"CAL",139,4,0,4,2.213653782,1.263647014,25.74200348,5.909490541,32.91514103,NA,NA,0.114996519,0.319585497,1.662333043,NA,158.7171409,0.076128904,6042.92606,6368.229846,2.227652292,5.214469935,0,0.647393322,1.401045912,2.048439233,786.3568417,1269.490844,819.6026247,1302.736627,0,NA,0,0,0,0,4,2,0,0.5,"Calgary",2729.84244832555,588.500621729112,14.8691458879634,1.00632371245848,71.6991709320514,62.7921137127486,NA,0.0343906100488843,NA,NA,2.66956404341643,0.92536567807332,0,"LAV2766",70
"39",0.480497721984227,1,1,0,1,1,12,66,0.148,4,0,0.846153846153846,1,1,0,0.307692307692308,1,0.692307692307692,1,0.692307692307692,0,0.769230769230769,0,0,0,0,0,0,0,0.461538461538462,0,0,1,0.0769230769230769,1,0.153846153846154,1,0.461538461538462,0,0.153846153846154,0,0.230769230769231,0,0.153846153846154,0,0.307692307692308,1,0.538461538461538,222,1,0,1,1,1,1,1,1,1,1,0,1,0,0,0,0,0,1,1,1,0,1,1,3,2018,"CAL",172,14,0,5,2.108595868,NA,28.18014002,4.715895173,NA,0.000115041,NA,0.161622398,0.333952014,1.54529548,0.067610933,1015.823293,372.82026,9043.14206,8597.305027,1580.519311,1.600812551,1.317734103,2.376876314,0.947805662,4.642416079,1386.137018,1864.863005,1519.032247,1997.758233,0,NA,0,0,0,0,4,4,0,0.427586206896552,"Calgary",4288.70330120556,947.43533520004,NA,749.560091142131,481.753430525076,81.5708702697695,0.0320644339800063,176.809727106987,NA,5.45581074808404e-05,2.23650972885241,2.20166232394419,0,"LAV2770",90
"40",0.480497721984227,1,1,0,1,1,7,61,0.148,4,0,0.714285714285714,1,1,0,0.285714285714286,1,0.857142857142857,1,0.571428571428571,0,0.857142857142857,0,0,0,0,0,0,0,0.428571428571429,0,0,1,0.142857142857143,1,0.285714285714286,1,0.428571428571429,0,0,1,0.285714285714286,0,0.142857142857143,0,0,1,0.571428571428571,268,1,1,1,1,1,1,1,1,1,1,0,1,1,0,0,0,0,1,1,0,0,1,1,3,2018,"CAL",134,8,0,5,1.765137656,NA,23.65233134,3.903699103,NA,NA,NA,0.113719163,0.278260843,1.306409696,0.066747965,707.2959163,385.4577914,7058.337155,6592.707916,1506.07201,1.1557663,0.858055791,1.373860833,0.238467713,2.470384336,998.3422741,1334.872848,1106.496791,1443.027365,0,NA,0,0,0,0,4,3,0,0.346368715083799,"Calgary",3998.74600771647,817.51548390286,NA,853.232043903549,400.702978544354,75.9147591376295,0.0378145946709099,218.372652178012,NA,NA,2.2115550533584,1.39954202869263,0,"LAV2771",84
"41",0.480497721984227,0,1,0,0,1,4,87,0.107,4,0,0.5,1,1,0,0.25,1,0.5,0,0,0,0.5,0,0,0,0,0,0,0,0,0,0,1,0.5,0,0,0,0,0,0,1,0.75,1,0.5,1,0.5,1,0.5,156,0,0,0,0,1,0,0,1,1,0,0,1,1,0,1,0,0,1,1,0,0,0,1,4,2018,"CAL",50,6,0,1,0.931561899,NA,7.988305694,3.659412724,NA,NA,0.014164762,0.037917361,0.268191105,0.459687372,0.02095768,119.259209,553.9112916,3744.233823,3556.065792,1564.604047,0.057993595,0,5.7453398,0.723856314,6.469196114,234.7040832,306.7190466,259.706722,331.7216854,1,NA,0,0,0,0,2,0,0,0.644859813084112,"Calgary",4019.30760266098,356.091941669246,NA,1679.54920513554,128.020702787459,53.6732986328373,0.0224973563458288,594.604923402948,0.0152053900177813,NA,3.92825503912113,6.94446189882225,0,"LAV2773",36
"42",0.480497721984227,0,1,0,1,0,3,59,0.093,4,0,0.666666666666667,1,1,0,0.333333333333333,1,0.666666666666667,1,0.666666666666667,0,0.666666666666667,0,0,0,0,0,0,1,1,0,0,0,0,1,0.333333333333333,1,0.666666666666667,0,0,0,0,0,0.333333333333333,0,0,1,0.666666666666667,274,0,0,0,0,1,1,1,1,1,0,0,1,1,0,0,0,0,1,1,0,0,1,1,2,2018,"CAL",74,1,0,1,1.016120591,NA,15.64964432,0.615929137,NA,NA,0.067839824,0.026599899,0.085872439,0.835808427,NA,81.92364588,102.2638019,3112.075744,2994.387495,107.3549284,0.567382134,0,1.954515865,0,1.954515865,403.2509179,533.9488518,435.901323,566.5992568,0,NA,0,0,0,0,2,0,0,0.563636363636364,"Calgary",3062.70315901905,557.610250021988,NA,105.651759595136,80.6239403133993,72.8260018106453,NA,100.641403004498,0.0667635560197008,NA,0.606157519545827,1.92350778274899,0,"LAV2778",117
"43",0.480497721984227,1,1,0,1,1,2,73,0.107,4,0,0.6,1,1,1,0.6,1,1,0,0,0,0,0,0,0,0,0,0,1,0.8,1,0.2,0,0,1,0.6,0,0,0,0,0,0,0,0.4,0,0.4,1,0.6,335,1,1,1,0,1,1,1,1,0,0,1,1,1,0,0,0,0,1,1,0,0,0,0,3,2018,"CAL",150,11,0,5,2.062185218,NA,28.55653825,4.427772861,NA,NA,0.086765697,0.070586554,0.25853383,1.528841532,0.000124738,192.1973166,919.8084174,7509.64635,6464.003431,1050.401684,1.530428868,0,2.211615514,0.731686932,2.943302447,995.2069074,1281.100051,1101.908413,1387.801557,0,0.64766015,0,0,0,0,1,5,0,0.666666666666667,"Calgary",3641.59644073251,672.976192868821,NA,509.363404815173,93.200802198748,72.738374172557,6.04882621169094e-05,446.035792212725,0.042074638224858,NA,2.14712666076341,1.42727356461926,0,"LAV2779",6
"44",0.480497721984227,0,1,0,1,1,4,87,0.19,4,0,0.75,1,1,1,0.75,1,0.75,0,0.25,0,0.25,0,0,0,0,0,0,1,0.5,0,0,1,0.25,0,0,1,0.75,0,0,1,0.5,0,0.25,0,0,1,0.25,293,1,0,0,1,1,1,1,0,0,0,0,1,1,0,0,0,0,1,1,0,0,1,1,3,2018,"CAL",99,13,0,3,1.239218468,0.6596975,15.52741182,1.612251264,17.79936058,0.000748563,0.368283777,0.084911877,0.247834429,0.514501463,0.022938362,121.045257,423.7834605,3355.16966,3232.418168,1105.301437,1.328724515,0,1.22814537,1.692413108,2.920558479,398.7441296,510.3173469,434.7883808,546.3615981,0,NA,0,0,0,0,6,4,0,0.41726618705036,"Calgary",2707.48842648785,440.892072066828,14.3633758208323,891.934284020047,97.6787064797036,79.8890611756119,0.0185103455059225,341.976391930273,0.297190355462004,0.000604060558593935,1.30102262485004,2.3567744949069,0,"LAV2780",75
"45",0.480497721984227,0,1,0,0,1,3,49,0.051,3,0,0.666666666666667,1,1,0,0.333333333333333,1,0.666666666666667,0,0,0,0,0,0,0,0,0,0,0,0,0,0,0,0,1,0.333333333333333,0,0,0,0,0,0,1,1,0,0.333333333333333,0,0,259,1,0,0,0,1,1,0,1,1,0,0,1,0,0,0,0,0,1,1,1,0,1,1,3,2018,"CAL",117,8,0,2,1.62928998,2.32810689,22.46851002,2.172630528,26.96924744,0.126234194,0.03302257,0.06850371,0.36369733,0.957569791,0.080262373,71.49607954,596.745388,3496.124563,3165.626319,282.8509304,2.109304624,0,1.397879974,0,1.397879974,405.3271644,582.2918742,431.3583682,608.3230781,0,0.195278017,0,0,0,0,2,3,0,0.338541666666667,"Calgary",2145.7963934695,373.366979216309,16.5527608780851,173.603799122364,43.8817401553037,71.8104213714001,0.0492621779948588,366.261006527518,0.0202680740723637,0.077478039851445,1.33348302307733,0.857968803073349,0,"LAV2782",57
"47",0.480497721984227,1,1,1,1,1,10,23,0.032,1,0,0.8,0,0.8,0,0,0,0.4,1,0.8,0,0.8,0,0,0,0,0,0,0,0.2,0,0,1,0.1,1,0.2,1,0.4,0,0,0,0.2,0,0.1,0,0.1,0,0,453,1,0,0,1,1,1,1,1,1,1,0,0,0,0,0,0,0,1,1,1,0,1,1,2,2018,"CAL",240,6,0,2,2.8346342,3.255151339,36.85418071,4.147297787,44.25662983,NA,NA,0.229921196,0.366039018,2.07345212,NA,184.740521,9.871910919,6774.505005,6898.032063,35.82282774,7.973291006,0,7.353891449,0,7.353891449,1063.407751,1681.229264,1132.177296,1749.998808,0,NA,0,0,0,0,0,2,0,0.21264367816092,"Calgary",2389.90449102745,617.363188520057,15.6128186945603,12.6375486967595,65.1726141595272,84.6670092387935,NA,3.48260488743133,NA,NA,1.46308041686649,2.5942999802232,0,"LAV2783",71
"48",0.480497721984227,1,1,0,1,1,4,54,0.145,4,0,0.5,1,1,0,0,1,0.5,0,0,1,1,0,0,0,0,0,0,0,0,0,0,0,0,0,0,1,0.5,0,0,1,0.75,1,0.5,1,1,1,1,283,1,1,1,1,1,1,0,0,1,0,0,1,1,0,0,0,0,1,1,0,0,0,0,3,2018,"CAL",79,3,0,2,1.150679935,NA,14.95686652,2.637752741,NA,NA,0.025587924,0.029979512,0.115050397,0.979860614,0.000201482,634.2093695,170.7930778,5296.711698,5074.620667,367.0140606,0.311101181,0.498036941,1.007952174,0.251381365,1.75737048,827.3717625,1144.822082,889.0087201,1206.459039,0,NA,0,0,0,0,5,4,0,0.328467153284672,"Calgary",4603.11467758408,1048.47490801167,NA,318.954080484596,551.160535792257,68.655060018927,0.000175098212692828,148.427962116155,0.0222372209870853,NA,2.29234269301828,1.52724526303659,0,"LAV2784",40
"49",0.480497721984227,0,1,0,1,0,5,47,0.042,1,0,0.6,1,1,0,0,0,0.2,1,0.8,1,1,0,0,0,0,0,0,1,0.8,0,0,0,0,1,0.2,1,0.4,0,0,0,0,0,0.2,0,0.2,1,0.2,619,1,0,1,1,1,1,1,1,1,0,0,1,1,0,0,0,0,1,1,1,0,0,1,3,2018,"CAL",147,5,0,2,1.755444103,NA,24.14069607,1.526189946,NA,NA,NA,0.049432565,0.252993209,1.449032123,NA,278.1609983,0.155864633,5709.70291,5812.268748,150.3226988,0.292391701,0,2.314330695,0,2.314330695,663.8830444,1032.212152,705.9078037,1074.236911,0,NA,0,0,0,0,3,2,0,0.276381909547739,"Calgary",3252.56890848435,611.945950978537,NA,85.6322901669743,158.456197964168,83.7394934699325,NA,0.0887892885530403,NA,NA,0.869403898074446,1.31837333415794,0,"LAV2785",39
"51",0.480497721984227,0,1,0,1,1,8,64,0.112,4,0,0.625,1,1,0,0.125,0,0.25,0,0,0,0,0,0,0,0,0,0,0,0.25,0,0,0,0,1,0.125,1,0.5,0,0.125,0,0,0,0.25,0,0.125,1,0.25,171,0,1,1,0,0,0,1,1,1,0,1,1,1,0,0,1,0,0,0,0,1,0,0,2,2018,"CAL",96,4,0,6,1.344952033,NA,21.67907141,0.584889078,NA,NA,0.059525979,0.020741012,0.189454717,1.064632393,0.010597944,100.1140971,932.8746003,3300.197676,3191.044901,359.6282818,0.91553245,0,0.639431022,0.217075834,0.856506856,445.9679918,595.5340652,485.8179899,635.3840633,0,0.288050833,0,0,0,0,5,3,0,0.513888888888889,"Calgary",2453.76607865985,472.421356085641,NA,267.391158179691,74.4369275956178,71.3780102520578,0.00787979328627848,693.611799834351,0.0442588118679769,NA,0.434877277143757,0.636830782797144,0,"LAV2786",9
"53",0.480497721984227,0,1,0,0,1,2,64,0.193,4,0,0.6,1,1,0,0,0,0.2,0,0,0,0,0,0,0,0,0,0,0,0.2,0,0,1,0.2,0,0,0,0.2,0,0,1,0.6,0,0.4,0,0,0,0,254,1,1,1,0,1,1,1,0,0,0,0,0,0,0,0,0,0,1,1,1,0,0,0,2,2018,"CAL",38,2,0,1,0.681152624,1.787151425,6.245459546,0.815098108,8.847709078,NA,NA,0.052121649,0.157422415,0.471598139,1.04164e-05,87.7494817,237.0260028,1488.100845,1517.413968,471.8453805,0.815098108,0,0.056696883,0.440614657,0.49731154,154.191338,201.9127403,170.9968666,218.7182689,0,NA,0,0,0,0,3,1,0,0.365671641791045,"Calgary",2184.68048505969,321.100236853819,12.9893195243714,692.716087224528,128.82499253207,55.787790667015,1.52923142816815e-05,347.97781649594,NA,NA,1.19664533216274,0.730102949731865,0,"LAV2787",87
"54",0.480497721984227,0,1,0,0,1,6,44,0.063,1,0,0.5,1,1,0,0,0,0.333333333333333,1,0.666666666666667,0,0.666666666666667,0,0,0,0,0,0,0,0.333333333333333,0,0,1,0.166666666666667,0,0,1,0.666666666666667,0,0,1,0.5,0,0.333333333333333,1,1,1,1,144,0,0,0,0,1,1,0,0,0,0,0,1,0,0,0,0,0,1,1,0,0,0,1,2,2018,"CAL",35,2,0,1,1.038991938,1.992888172,7.666689381,1.043780878,10.70335843,0.029746185,NA,0.055351454,0.367537297,0.520557864,0.065799088,167.4788412,46.9575732,1496.042866,1442.757503,54.60615376,1.002730228,0,3.019556223,0,3.019556223,331.8137874,406.8485721,347.7016058,422.7363906,0,NA,0,0,0,0,0,0,0,0.365853658536585,"Calgary",1439.89843547756,406.871675456639,10.3016761136793,52.5568599359045,161.193590705225,33.6864981525968,0.0633297387529873,45.1953200814923,NA,0.0286298516014087,1.00460921767037,2.90623643222148,0,"LAV2790",113
"56",0.480497721984227,0,1,0,0,1,8,59,0.263,4,1,1,1,1,0,0.125,0,0.25,1,0.5,0,0.5,0,0,0,0,0,0,0,0.25,0,0,0,0,1,0.125,0,0.125,0,0,1,0.625,0,0.125,1,1,1,1,181,0,1,1,1,1,1,0,0,0,0,0,0,1,0,0,0,0,0,0,0,0,0,0,3,2018,"CAL",91,7,0,2,1.170313589,NA,14.57165424,3.300719711,NA,NA,0.051509404,0.223730518,0.148468082,0.714576363,0.032029236,253.663749,125.7018503,4521.169067,4319.521963,751.3237441,0.387833495,0,0.664721248,0.137072349,0.801793597,611.5120748,814.9923368,673.7601006,877.2403626,0,NA,0,0,0,0,2,3,0,0.48780487804878,"Calgary",3863.21162934048,749.577182428153,NA,641.984978352669,216.748529098725,77.7569369913554,0.027368080060805,107.408690697515,0.0440133349592337,NA,2.82037202850936,0.685110046175837,0,"LAV2791",199
"57",0.480497721984227,0,1,0,0,1,4,70,0.05,3,0,0.5,1,1,0,0,0,0.25,0,0,0,0,0,0,0,0,0,0,1,0.75,0,0,0,0,1,0.25,1,0.25,0,0,1,0.25,1,0.75,1,0.5,1,0.25,245,0,0,0,1,1,1,0,0,1,1,0,0,0,0,0,0,0,1,1,1,0,1,1,3,2018,"CAL",182,7,0,7,2.47333972,NA,35.58745479,1.721923061,NA,NA,0.047946769,0.048332788,0.369584043,1.968518855,0.038957258,556.9178223,1608.808602,8298.61297,7655.439307,1427.420481,0.551731791,1.803117389,0.740793209,0.662659457,3.206570054,1043.641271,1364.53391,1152.819711,1473.712349,0,1.2406752,0,0,0,0,8,4,0,0.357798165137615,"Calgary",3355.2256905493,595.839033790312,NA,577.122693440592,225.168349417038,73.5847156491709,0.0157508722659417,650.460019297309,0.0193854360613268,NA,0.696193509963928,1.29645354743262,0,"LAV2796",0
"58",0.480497721984227,0,1,0,0,1,13,53,0.07,3,0,0.384615384615385,0,0.846153846153846,0,0.0769230769230769,0,0.0769230769230769,1,0.846153846153846,0,0.923076923076923,0,0,0,0,0,0,0,0.153846153846154,0,0,0,0,1,0.0769230769230769,0,0.230769230769231,0,0,0,0.153846153846154,0,0.0769230769230769,0,0,1,0.153846153846154,200,0,0,1,0,1,1,0,0,0,0,0,1,1,0,0,0,1,1,1,1,0,0,0,2,2018,"CAL",364,20,0,2,8.523477179,NA,57.10637636,19.77266995,NA,NA,NA,1.546622362,1.470879884,0.601587568,4.423903711,365.0528648,3.972221407,11489.57291,10815.5312,277.1559049,12.76200167,0,22.88612918,0,22.88612918,1247.409553,1936.420299,1355.206224,2044.216971,0,NA,0,0,0,0,2,4,0,0.479674796747967,"Calgary",1347.99127969836,239.83368853694,NA,32.516765057206,42.8291009799863,42.7055757123181,0.519025700203614,0.466032972644861,NA,NA,2.31978915819891,2.68506956719336,0,"LAV2798",179
"59",0.480497721984227,0,1,0,0,1,8,24,0.053,1,0,0.125,1,1,0,0,0,0,1,0.5,1,1,0,0,0,0,0,0,0,0.25,0,0,0,0,0,0,1,0.25,0,0,1,0.25,0,0.125,0,0,0,0,264,1,0,0,1,1,1,0,0,0,0,0,1,1,0,0,0,0,1,1,0,0,0,0,3,2018,"CAL",132,3,0,1,2.134069178,2.201865413,22.52760629,4.552156294,29.28162799,NA,NA,0.47036793,0.163350126,1.500351138,NA,1047.207944,0.003533946,8718.285395,8515.788621,767.0616384,1.103803404,0,7.522291385,0,7.522291385,1316.507798,1910.690477,1405.455779,1999.638458,0,NA,0,0,0,0,3,1,0,0.482352941176471,"Calgary",4085.28715229868,937.007327885226,13.7210303638995,359.436163694971,490.709464714456,61.8536649892987,NA,0.00165596599980509,NA,NA,2.13308750293942,3.52485826727028,0,"LAV2799",96
"60",0.285318238275449,0,1,0,1,1,4,49,0.102,4,1,1,1,1,0,0,0,0.25,0,0,0,0,0,0,0,0,0,0,0,0,0,0,0,0,1,0.25,0,0,1,0.25,0,0,1,1,1,1,1,1,155,1,0,0,0,1,1,1,0,0,0,0,1,1,0,0,0,0,1,1,0,0,0,0,3,2018,"CAL",578,22,0,10,7.438098497,NA,106.4911321,8.293707428,NA,NA,0.179741292,0.191805526,0.940555732,6.056290197,0.069705761,1402.52423,2768.235079,25693.83567,24422.63198,3398.758626,2.390494566,1.857788958,9.316199693,1.718742682,12.89273133,3185.470619,4485.725601,3481.812657,4782.067639,0,2.817067469,0,0,0,0,13,6,0,0.216867469879518,"Calgary",3454.35539477772,642.915341996176,NA,456.939179734016,188.559512967686,77.7080325345415,0.00937144903742729,372.169725920746,0.0241649518452189,NA,1.11503059973528,1.73333699939575,0,"LAV2801",28
"61",0.480497721984227,1,1,0,1,1,9,51,0.108,4,0,0.888888888888889,1,1,0,0,0,0.333333333333333,1,0.555555555555556,0,0.777777777777778,0,0,0,0,0,0,1,0.555555555555556,0,0,0,0,1,0.111111111111111,1,0.444444444444444,0,0,0,0.222222222222222,0,0.111111111111111,0,0,1,0.111111111111111,408,1,0,0,1,1,1,1,1,1,1,1,1,0,0,0,0,0,1,1,1,1,1,1,3,2018,"CAL",108,2,0,4,1.631764721,0.410973422,20.05319185,4.776878972,25.24104424,NA,0.028458419,0.118762221,0.190463687,1.294080365,NA,1034.841314,29.00422332,7127.797669,7381.414969,348.3377059,0.920652886,0,2.809234528,0,2.809234528,1057.734914,1503.761477,1149.093789,1595.120351,0,NA,0,0,0,0,6,2,0,0.376404494382022,"Calgary",4368.15282085021,977.543104389741,15.4685561681536,213.472997312092,634.185370404267,66.1860123644627,NA,17.7747581785107,0.0174402710352506,NA,2.92743121022531,1.7215928815267,0,"LAV2802",132
"62",0.480497721984227,0,1,0,1,1,13,58,0.124,4,0,0.307692307692308,0,0.538461538461538,0,0,0,0.0769230769230769,0,0,0,0.0769230769230769,0,0.384615384615385,0,0.384615384615385,0,0.384615384615385,0,0.230769230769231,1,0.153846153846154,0,0,1,0.0769230769230769,0,0.0769230769230769,0,0,1,0.538461538461538,0,0.153846153846154,0,0.153846153846154,1,0.461538461538462,261,1,0,1,1,1,1,0,0,1,0,0,1,1,0,0,0,0,1,1,0,0,0,0,3,2018,"CAL",147,2,0,3,1.9228796,NA,28.6521124,1.332985158,NA,NA,NA,0.029305494,0.336526988,1.452584345,0.104462762,231.4450935,455.8433475,6109.097105,6034.48228,991.0372214,0.394313922,0,2.999508098,0,2.999508098,753.3314898,1063.485653,806.1975075,1116.351671,0,NA,0,0,0,0,6,0,0,0.448275862068966,"Calgary",3177.05648601192,580.562439270769,NA,515.392238494808,120.363798908678,76.4478441603936,0.0543262105438115,237.062865246477,NA,NA,0.693223412427902,1.5599042696173,0,"LAV2806",53
"64",0.480497721984227,1,1,0,0,1,10,47,0.059,1,1,1,1,1,0,0.3,1,0.5,1,0.5,0,0.5,0,0,0,0,0,0,1,0.5,0,0,1,0.1,1,0.2,0,0.1,0,0.2,1,0.4,0,0.1,1,1,1,1,255,1,0,0,1,1,1,1,0,1,1,0,0,0,0,0,0,0,1,1,1,0,1,1,3,2018,"CAL",86,6,0,6,1.913946146,NA,22.39154697,3.69215198,NA,NA,0.121245609,0.037475387,0.186820787,1.490157092,0.078247275,368.2848411,333.1710379,6416.040523,6438.843566,742.4783267,0.302373717,0,0.1301854,0,0.1301854,718.4251881,1003.767332,788.9540483,1074.296192,0,NA,0,0,0,0,6,2,0,0.379310344827586,"Calgary",3352.25760474454,561.299070115006,NA,387.930626079382,192.421736562278,44.9333436992119,0.0408826941988576,174.075450657952,0.0633484955955495,NA,1.92907830124495,0.06801936421883,0,"LAV2807",172
"65",0.480497721984227,0,1,0,1,1,9,57,0.027,3,1,1,1,1,0,0,0,0.222222222222222,1,0.777777777777778,0,0.777777777777778,0,0,0,0,0,0,0,0.333333333333333,0,0,1,0.111111111111111,1,0.111111111111111,0,0.222222222222222,0,0,0,0,0,0.222222222222222,0,0.222222222222222,0,0,368,0,1,1,0,1,0,1,0,0,0,0,1,1,0,0,0,0,1,1,0,0,1,1,2,2018,"CAL",91,3,0,2,1.286594246,NA,16.88933118,2.777342806,NA,NA,0.012781825,0.036089211,0.342218629,0.863086592,0.032417985,0,10.46016709,2672.684525,2688.704828,72.24577037,0.234522368,0,0.169751035,0,0.169751035,359.2626937,533.4123354,367.3314088,541.4810505,0,NA,0,0,0,0,4,3,0,0.406666666666667,"Calgary",2077.33287577597,420.863883219947,NA,56.1527230473872,0,70.7293696384213,0.0251967433406352,8.13012114932154,0.00993462005580895,NA,2.15867808723279,0.131938282428787,0,"LAV2808",38
"66",0.285318238275449,1,1,0,1,1,3,46,0.076,2,0,0.666666666666667,1,1,1,0.666666666666667,1,1,0,0,0,0.666666666666667,0,0,0,0,0,0,1,0.666666666666667,0,0,1,0.333333333333333,1,0.333333333333333,1,0.333333333333333,0,0,1,0.333333333333333,0,0.333333333333333,0,0.333333333333333,0,0,149,0,0,0,0,0,1,0,1,0,0,0,1,0,0,0,0,0,1,1,0,1,0,0,3,2018,"CAL",414,14,0,4,5.395545885,NA,59.41977179,11.702708,NA,NA,0.103832964,0.787469099,0.508945965,3.937337226,0.057960623,1025.258505,1119.159419,16378.4263,16149.27759,2063.18631,2.849202067,0,8.103944011,0,8.103944011,1927.758802,2718.689875,2119.954773,2910.885846,0,0.344956568,2,0,0,0,5,4,0,0.164556962025316,"Calgary",3035.54573514669,539.49793182048,NA,382.386945449913,190.019420991357,76.7299563054314,0.010742309348371,207.422834103097,0.0192441999777377,NA,2.16895718235561,1.50196925088331,0,"LAV2809",73
"67",0.480497721984227,0,1,0,1,1,12,29,0.041,1,0,0.333333333333333,0,0.833333333333333,0,0,0,0.25,1,0.583333333333333,0,0.75,0,0.0833333333333333,0,0,0,0,0,0.166666666666667,0,0,0,0,1,0.166666666666667,1,0.333333333333333,0,0.0833333333333333,0,0.0833333333333333,0,0.25,1,0.5,0,0,661,1,1,1,1,0,0,0,1,0,0,0,0,1,0,0,0,0,0,0,1,0,0,0,2,2018,"CAL",179,2,0,2,2.470053261,NA,28.1050057,1.993361327,NA,NA,NA,0.057051847,0.717850396,1.695151021,NA,339.895727,0,6560.201261,6591.400074,252.36785,1.423829836,0,5.920971448,0,5.920971448,794.0035704,1187.720977,839.9508318,1233.668238,0,NA,0,0,0,0,2,0,0,0.23936170212766,"Calgary",2655.8946580545,499.45005538081,NA,102.171015493742,137.606638839194,72.4680729870302,NA,0,NA,NA,0.807011475612064,2.39710274328372,0,"LAV2810",50
"70",0.59793070477151,0,1,0,0,1,7,51,0.229,4,1,1,1,1,0,0.428571428571429,0,0.428571428571429,1,0.714285714285714,0,0.714285714285714,0,0,0,0,0,0,0,0.428571428571429,0,0,0,0,1,0.285714285714286,1,0.285714285714286,0,0,1,0.714285714285714,0,0.285714285714286,0,0.142857142857143,0,0,529,0,1,1,1,1,1,0,0,0,1,0,0,1,0,0,0,0,1,1,0,0,0,1,3,2018,"CAL",56,3,0,1,0.776040976,1.146891468,9.687917217,2.082115666,12.91692435,NA,NA,0.059438661,0.053679676,0.662922638,NA,650.510822,0.957036507,4069.760779,3948.741361,165.2985408,1.290576277,0,0.966472514,0,0.966472514,696.4517426,956.1299812,753.2106359,1012.888875,0,NA,0,0,0,0,2,2,0,0.585585585585586,"Calgary",5244.26016777753,1305.20024885902,16.6446421638437,213.002336103448,838.242879071891,72.1611380479476,NA,1.23322934818844,NA,NA,2.68299707153608,1.24538850896966,0,"LAV2811",66
"71",0.480497721984227,0,1,0,0,1,5,40,0.051,1,0,0.8,1,1,0,0,1,0.6,1,1,1,1,0,0,0,0,0,0,1,0.8,0,0,0,0,1,0.2,1,0.6,1,0.4,0,0.2,0,0.2,1,0.8,0,0,359,1,0,0,1,1,1,1,1,0,0,0,1,1,0,0,0,0,1,1,1,0,1,1,2,2018,"CAL",102,4,0,1,1.448884054,NA,19.45070546,1.515649559,NA,NA,0.013429219,0.027088552,0.206087995,1.054434587,0.147843694,332.1106772,19.73817927,4739.611741,4537.545003,51.71139664,0.81064577,0,2.046758298,0.981712748,3.028471046,828.8225275,1112.9104,898.4160819,1182.503954,0,NA,0,0,0,0,1,0,0,0.556213017751479,"Calgary",3271.2153383945,816.148090480675,NA,35.6905002144499,229.218256825401,70.399007925033,0.102039699858551,13.6230219495535,0.00926866367458828,NA,1.04608064034916,2.09020938400085,0,"LAV2814",75
"72",0.480497721984227,0,1,0,1,0,5,42,0.053,1,1,1,1,1,0,0,0,0.2,0,0.4,0,0.6,0,0,0,0,0,0,0,0.4,0,0,0,0,1,0.2,1,0.6,0,0,0,0,0,0.2,0,0,1,0.4,239,0,0,1,0,1,0,0,0,1,0,0,1,1,0,0,0,0,1,1,0,0,0,1,2,2018,"CAL",112,2,0,2,1.861218294,0.086308436,20.18260776,4.628254186,24.89717039,NA,NA,0.088315683,0.291405558,1.169037099,0.307619388,194.9404031,35.15091564,5359.975874,5338.063296,82.16131314,1.534309524,0,2.155897031,0,2.155897031,640.4239259,950.8631618,688.1807731,998.6200091,0,NA,0,0,0,0,3,1,0,0.517857142857143,"Calgary",2879.82118555299,536.541045356822,13.3768137086665,44.14383493052,104.738065238467,60.1756389140671,0.165278510850485,18.885971491531,NA,NA,2.48667993481478,1.15832572565505,0,"LAV2815",52
"73",0.480497721984227,0,1,0,0,1,4,44,0.06,1,1,1,1,1,0,0.25,1,0.5,0,0,0,0,0,0,0,0,0,0,1,0.5,0,0,1,0.25,1,0.25,1,0.5,1,0.25,1,0.5,1,0.5,1,1,1,1,256,0,0,1,1,1,0,0,1,1,1,0,1,0,0,0,0,0,1,1,1,0,1,1,3,2018,"CAL",164,9,0,3,2.149561504,NA,30.41054519,2.024192648,NA,NA,0.037607321,0.070559298,0.268693366,1.684555404,0.088146147,703.028378,752.3287641,8357.733824,8129.752273,1305.964816,0.473439155,0,0.896652863,0,0.896652863,1147.517678,1549.257513,1249.880368,1651.620203,0,0.031653421,0,0,0,0,4,4,0,0.39622641509434,"Calgary",3888.11104425138,768.352149927598,NA,607.549406504444,327.056646991386,76.2946301814679,0.0410065712639409,349.991736779819,0.0174953454134802,NA,0.941677009117112,0.417132918193533,0,"LAV4401",3
"75",0.480497721984227,0,1,0,1,1,6,62,0.104,4,1,1,1,1,0,0,1,0.5,1,0.666666666666667,0,0.666666666666667,0,0.166666666666667,0,0,0,0,0,0.166666666666667,1,0.333333333333333,0,0,1,0.166666666666667,1,0.333333333333333,1,0.333333333333333,1,0.666666666666667,0,0.166666666666667,1,1,1,1,374,1,0,0,1,0,1,1,1,1,1,0,1,1,0,0,0,0,0,0,1,1,1,1,3,2018,"CAL",111,7,0,1,1.150500093,NA,16.82257242,0.382165885,NA,NA,NA,0.032983798,0.267326088,0.850050786,0.000139418,407.4805854,128.9295303,5060.380199,4972.89738,324.9240736,0.382165885,0,1.980001585,0,1.980001585,824.316089,1139.439483,880.9600099,1196.083404,0,NA,0,0,0,0,0,1,0,0.488636363636364,"Calgary",4398.41789652076,1039.62043226015,NA,282.419858613606,354.176925216468,96.4797835961583,0.000121180346571254,112.06390254503,NA,NA,0.332173710654363,1.72099211207973,0,"LAV4403",2
"76",0.480497721984227,0,1,0,0,1,7,54,0.067,3,0,0.571428571428571,1,1,0,0.142857142857143,0,0.142857142857143,1,0.571428571428571,1,1,0,0,0,0,0,0,0,0.285714285714286,0,0,0,0,0,0,1,0.428571428571429,0,0,0,0.142857142857143,0,0.142857142857143,1,1,1,1,534,1,1,1,1,1,1,0,1,0,0,0,0,1,0,0,0,0,1,1,1,0,1,1,3,2018,"CAL",199,5,0,4,2.945044064,2.058676645,28.89106519,4.315353424,35.26509526,NA,NA,0.64257049,0.213140794,1.741714913,0.338677371,1404.321845,0,10110.66055,9407.201991,344.6415312,0.620334097,0,4.723829357,0,4.723829357,1979.4531,2827.25149,2107.760193,2955.558583,0,NA,0,0,0,0,5,2,0,0.694980694980695,"Calgary",3433.11010982551,1003.57024165734,11.974386288843,117.02423587235,476.842388257047,67.5711451765905,0.114999084441543,0,NA,NA,1.46529333015779,1.60399276015722,0,"LAV4406",8
"78",0.480497721984227,0,1,1,0,1,5,37,0.041,1,0,0.6,1,1,0,0,0,0,1,0.8,0,0.8,0,0,0,0,0,0,0,0.4,1,0.2,0,0,0,0,0,0.2,1,0.6,1,0.6,0,0.4,1,0.6,0,0,487,1,0,0,1,1,1,1,0,1,0,0,1,0,0,0,0,0,1,1,0,0,1,1,2,2018,"CAL",229,4,0,2,4.017192436,4.071078226,34.88728115,3.15403875,42.11239813,NA,NA,2.027263907,NA,NA,1.395341927,774.6151835,7.46190512,11017.78905,6797.919258,587.4230274,11.48249039,0,12.17765916,0,12.17765916,2382.468522,2921.998688,2639.14091,3178.671076,0,NA,0,0,0,0,3,1,0,0.621145374449339,"Calgary",2742.65901510325,791.266817968289,10.4830422741541,146.227256164235,192.825012951408,57.0049863551023,0.347342565542957,1.85749257444833,NA,NA,0.785135091297877,3.03138556442308,0,"LAV4415",38
"79",0.480497721984227,0,1,0,0,1,6,15,0.04,1,0,0.666666666666667,1,1,0,0,0,0.166666666666667,1,0.833333333333333,1,1,0,0,0,0,0,0,0,0.333333333333333,1,0.333333333333333,1,0.166666666666667,1,0.166666666666667,1,0.333333333333333,0,0,0,0,0,0.333333333333333,0,0,0,0,650,1,1,0,1,1,1,0,0,0,0,0,0,1,0,0,0,0,1,1,1,0,0,1,1,2018,"CAL",204,3,0,2,3.549697314,3.690528112,37.8421613,5.405772724,46.93846214,NA,NA,0.778234222,NA,NA,2.669913113,195.3571078,0,3320.53959,1059.066296,109.2634348,17.7523844,0,5.973883194,0,5.973883194,803.6772297,955.9184231,895.0920626,1047.333256,0,NA,0,0,0,0,6,0,0,0.540453074433657,"Calgary",935.443024086532,295.048609319256,13.2232294722355,30.781056843654,55.0348636852815,57.4696888085146,0.752152332107267,0,NA,NA,1.52288272655802,1.68292749087056,0,"LAV4417",14
"80",0.480497721984227,0,1,0,0,1,9,30,0.053,1,0,0.888888888888889,1,1,0,0,0,0.222222222222222,1,0.888888888888889,1,1,0,0,0,0,0,0,0,0.333333333333333,0,0,1,0.111111111111111,1,0.111111111111111,0,0.111111111111111,0,0,1,0.444444444444444,0,0.222222222222222,0,0.222222222222222,0,0,586,1,1,0,1,0,1,1,0,1,0,0,1,1,0,0,1,1,0,0,1,0,0,1,3,2018,"CAL",233,4,0,3,2.668776548,NA,39.26580232,0.294781589,NA,NA,NA,0.307124035,0.081048996,2.276057153,NA,1027.616718,0,12026.07769,10812.6785,231.0203456,0.375856414,0,4.809824252,0,4.809824252,2535.229127,3400.8942,2730.182756,3595.847829,0,0.108871388,0,0,0,0,5,3,0,0.246153846153846,"Calgary",4506.21379261311,1347.37688387391,NA,86.5641395766642,385.051614294986,87.3059230734817,NA,0,NA,NA,0.110455702715505,1.80225813794884,0,"LAV4421",31
"81",0.480497721984227,0,1,0,0,1,4,31,0.027,1,0,0.75,1,1,0,0.25,1,0.5,0,0.25,0,0.75,0,0,0,0,0,0,1,0.5,1,0.25,1,0.25,1,0.25,1,0.25,0,0,1,0.5,1,0.75,1,0.5,1,0.25,464,1,1,0,1,1,1,1,1,0,0,0,1,1,0,0,0,0,1,1,0,0,1,1,2,2018,"CAL",204,7,0,1,2.816188813,1.213166525,31.40098122,7.749960159,40.3641079,NA,NA,0.317181186,0.147904481,2.348240521,NA,605.9091484,0.007838368,10917.8859,10518.84603,424.1666776,3.175495282,0,8.087181739,0,8.087181739,2280.044921,3000.897225,2431.190897,3152.043201,0,NA,0,0,0,0,2,3,0,0.589430894308943,"Calgary",3876.83022161057,1119.25847672203,14.3328841140454,150.617272408006,215.152175025702,72.4383248233576,NA,0.00278332474151477,NA,NA,2.75193201649864,2.8716759691922,0,"LAV4423",2
"82",0.480497721984227,0,1,0,1,0,6,15,0.032,1,0,0.5,1,1,0,0,0,0.166666666666667,1,0.833333333333333,1,1,0,0,0,0,0,0,0,0.166666666666667,0,0,0,0,1,0.166666666666667,1,0.5,0,0,0,0,0,0,1,1,1,1,193,1,0,0,0,1,1,0,1,0,0,0,0,1,0,0,0,0,1,1,1,0,0,0,2,2018,"CAL",126,0,0,1,1.409885806,NA,16.98058143,1.418243844,NA,NA,NA,0.027416618,0.399297641,0.983171533,NA,103.0505807,0,3998.395952,4072.196243,0.241449312,0.150698904,0,4.189426471,0,4.189426471,381.4766014,686.9324039,385.5102869,690.9660894,0,NA,0,0,0,0,1,0,0,0.216,"Calgary",2835.97149143865,490.08656336526,NA,0.171254516481032,73.0914378040061,89.3689399976838,NA,0,NA,NA,1.00592816663905,2.97146510247228,0,"LAV4424",0
"84",0.480497721984227,0,1,0,1,1,10,36,0.042,1,0,0.8,1,1,0,0.1,0,0.3,0,0.4,0,0.8,0,0.1,0,0.3,0,0.3,0,0.3,0,0,1,0.3,1,0.1,1,0.4,0,0,1,0.4,0,0.3,0,0,0,0,364,1,0,1,1,1,1,0,0,1,0,0,1,1,1,0,0,0,1,1,0,0,1,0,3,2018,"CAL",227,7,0,3,2.597121781,NA,35.29856393,5.299588578,NA,NA,NA,0.06469764,0.198616169,0.097649547,2.047324421,1121.562163,0.09804342,12287.32895,7364.126222,139.3344857,6.72844133,0,8.981612374,0,8.981612374,2741.76435,3345.398674,3031.565875,3635.200199,0,NA,0,0,0,0,3,0,0,0.361702127659574,"Calgary",4731.13314896957,1399.70340458979,NA,53.6495772817979,431.848121718864,87.4044496722043,0.788305129154049,0.0377507981016775,NA,NA,2.04056221651625,3.45829465514771,0,"MTL1244",116
"85",0.480497721984227,0,1,0,0,1,5,72,0.042,3,1,1,1,1,0,0,0,0.2,0,0.4,1,1,0,0,0,0,0,0,1,0.6,0,0,0,0,1,0.2,0,0,0,0,0,0.2,0,0.4,1,1,1,1,556,1,1,0,1,1,1,1,1,0,0,0,0,0,0,0,0,0,1,1,1,0,1,1,3,2018,"CAL",221,7,0,3,2.610084895,NA,32.95747941,6.225162662,NA,NA,NA,0.070461457,0.200433459,0.097649547,2.051473406,1128.295391,0.087392202,12330.89158,7421.266154,154.6300695,6.551131208,0,8.981612374,0,8.981612374,2746.29006,3351.99069,3036.520458,3642.221087,0,NA,0,0,0,0,3,0,0,0.723735408560311,"Calgary",4724.32586527037,1395.44161723521,NA,59.2433103598341,432.283023882256,84.6715754048299,0.785979570982499,0.0334825132191725,NA,NA,2.38504221603106,3.44111886598233,0,"MTL1252",185
"86",0.480497721984227,0,1,0,0,1,4,39,0.042,1,0,0.5,1,1,0,0.25,0,0.25,1,0.75,0,0.75,0,0,0,0,0,0,1,0.75,0,0,0,0,1,0.25,0,0,1,0.25,0,0,0,0.25,0,0,1,0.25,229,1,1,1,0,1,1,0,1,1,0,0,1,1,0,0,0,0,1,1,0,0,1,1,3,2018,"CAL",107,2,0,2,1.884696806,NA,19.56096006,3.875960387,NA,NA,NA,0.445119055,0.141792475,1.196013991,0.069866647,373.238643,19.70535485,6223.747841,6220.57971,284.7320837,0.416595327,0,1.666772492,0,1.666772492,808.319714,1087.826209,861.6825822,1141.189078,0,NA,0,0,0,0,3,1,0,0.380530973451327,"Calgary",3302.25414569944,605.502738884569,NA,151.075803170858,198.036438440274,56.7730574272539,0.0370704968446792,10.4554508647053,NA,NA,2.05654319286834,0.884371686041898,0,"MTL1254",97
"87",0.480497721984227,0,1,0,0,1,6,33,0.047,1,0,0.5,1,1,0,0,0,0.333333333333333,1,0.666666666666667,1,1,0,0,0,0,0,0,0,0.333333333333333,0,0,1,0.166666666666667,1,0.166666666666667,0,0,0,0,0,0.166666666666667,0,0.333333333333333,0,0.166666666666667,0,0,545,1,1,1,0,1,0,0,0,1,0,0,0,0,0,0,1,0,1,1,1,0,1,1,2,2018,"CAL",334,6,0,3,4.797583554,NA,46.54217447,12.28300676,NA,NA,NA,0.600369887,1.212926808,0.456347651,2.471045342,1649.366924,9.51944279,16785.54564,15303.11052,832.0623467,1.669038732,0,9.472953204,0,9.472953204,3231.714939,4298.780201,3450.399661,4517.464923,0,0.046041688,0,0,0,0,5,3,0,0.490706319702602,"Calgary",3498.75003761112,941.612558104079,NA,173.433633272789,343.791182672543,69.6183810538383,0.515060407846312,1.98421615441447,NA,NA,2.56024863803758,1.97452594569237,0,"MTL1261",201
"88",0.59793070477151,0,0,0,0,1,12,28,0.039,1,0,0.666666666666667,0,0.833333333333333,0,0.0833333333333333,0,0.25,1,0.75,0,0.916666666666667,0,0,0,0,0,0,0,0.416666666666667,0,0,1,0.166666666666667,1,0.0833333333333333,0,0.166666666666667,0,0,0,0.166666666666667,0,0.25,0,0,0,0,453,1,1,0,1,1,1,1,0,1,0,0,1,0,0,0,0,0,1,1,0,0,0,1,3,2018,"CAL",210,3,0,2,2.246299192,NA,31.09795763,6.319321487,NA,NA,NA,0.058342703,0.083163135,0.168713134,1.936080217,960.676457,9.891892837,11763.38714,10701.76313,312.027887,0.636145128,0,7.982015204,0,7.982015204,2301.610849,3071.567696,2443.647446,3213.604293,0,0.251896513,0,0,0,0,4,2,0,0.32972972972973,"Calgary",5236.78554570748,1430.62166627,NA,138.907536498816,427.67074859011,93.4871012498677,0.861897748926404,4.40363993907362,NA,NA,2.81321451278873,3.55340696930634,0,"MTL1266",54
"89",0.480497721984227,0,1,0,0,1,2,47,0.021,1,1,1,1,1,1,0.5,1,0.5,1,0.5,0,0.5,0,0,0,0,0,0,1,1,0,0,0,0,1,0.5,1,1,0,0,1,0.5,1,0.5,1,1,1,1,392,1,0,1,0,1,1,1,1,1,0,0,1,1,1,0,0,0,1,1,1,0,1,1,3,2018,"CAL",236,10,0,3,2.829094983,NA,31.15423675,10.08209008,NA,2.00938e-05,0.114119376,0.134045132,0.364463509,2.109041819,0.107405066,349.8931968,71.08809662,7418.476267,7095.782046,888.1714005,1.326763385,0,2.935561829,0,2.935561829,859.7966824,1165.417912,915.0615007,1220.68273,0,NA,0,0,0,0,3,2,0,0.478468899521531,"Calgary",2622.20827210735,431.474636707169,NA,313.941881003293,123.676723087243,83.4189030124903,0.0379644609478988,25.127504395281,0.0403377676202963,7.10255403962872e-06,3.56371565485894,1.03763282839203,0,"MTL1269",127
"90",0.480497721984227,0,1,0,0,1,7,49,0.066,3,0,0.714285714285714,1,1,0,0.142857142857143,0,0.285714285714286,1,0.571428571428571,0,0.857142857142857,0,0.142857142857143,0,0,0,0,0,0.142857142857143,0,0,0,0,0,0,0,0,0,0.142857142857143,0,0.166666666666667,0,0.285714285714286,1,1,1,1,510,1,0,0,0,1,1,1,1,0,0,1,1,1,0,0,0,0,1,1,0,0,1,1,2,2018,"CAL",131,2,0,1,1.802015057,NA,20.49829837,4.203252017,NA,NA,NA,0.510043595,NA,NA,1.29197146,333.0111131,0,5899.819405,3896.094482,74.56349567,3.743992888,0,5.761706957,0,5.761706957,1360.080638,1671.241459,1491.123528,1802.284349,0,NA,0,0,0,0,4,0,0,0.409090909090909,"Calgary",3274.01226869993,1000.14943937286,NA,41.377842754618,184.799295547729,72.6963958992047,0.716959303409417,0,NA,NA,2.33252879917529,3.19736893130744,0,"MTL1272",290
"91",0.480497721984227,0,1,0,1,1,7,41,0.051,1,0,0.571428571428571,0,0.857142857142857,0,0,0,0.142857142857143,1,0.714285714285714,1,1,0,0,0,0,0,0,0,0.285714285714286,0,0,1,0.142857142857143,1,0.142857142857143,0,0,0,0,1,0.428571428571429,0,0.285714285714286,1,1,1,1,523,1,0,0,1,1,1,1,1,1,0,0,0,1,0,0,0,0,1,1,1,0,1,1,3,2018,"CAL",239,2,0,1,2.887186726,3.381731625,31.34434701,4.990569299,39.71664794,NA,NA,1.31871936,NA,0.08512991,1.48333749,1486.467235,0,12816.1637,7686.433585,852.1053647,7.827464074,0,7.890627858,0,7.890627858,2679.058037,3452.210246,2902.233463,3675.385672,0,NA,0,0,0,0,4,0,0,0.294964028776978,"Calgary",4438.97985003413,1272.99895046691,13.7561757202399,295.133444964446,514.849705290589,82.7795437848657,0.513765693310409,0,NA,NA,1.72852322091204,2.73298148226524,0,"MTL1282",279
"93",0.480497721984227,0,0,0,0,1,6,34,0.039,1,0,0.833333333333333,1,1,0,0,0,0.333333333333333,1,0.833333333333333,1,1,0,0,0,0,0,0,0,0.333333333333333,0,0,1,0.333333333333333,1,0.166666666666667,0,0.166666666666667,0,0,0,0.166666666666667,0,0.333333333333333,0,0,1,0.166666666666667,568,1,1,0,1,1,1,1,1,1,1,0,1,1,0,0,0,0,1,1,1,0,1,1,3,2018,"CAL",209,2,0,2,3.076060209,3.704499093,34.78823968,7.088931602,45.58167037,NA,NA,1.216598888,0.235389596,NA,1.592326381,421.5160568,0,9313.084634,7707.194948,268.1467486,11.78259246,0,9.24983564,0,9.24983564,1976.105277,2509.923593,2114.316014,2648.13433,0,NA,0,0,0,0,7,3,0,0.418118466898955,"Calgary",3027.60154263287,860.88507703849,14.8181983683662,87.1721391588665,137.031146388721,67.9440536919607,0.517651239836314,0,NA,NA,2.30454904011926,3.0070398534257,0,"MTL1320",208
"95",0.480497721984227,0,1,0,0,1,3,42,0.074,2,0,0.666666666666667,1,1,0,0,1,0.666666666666667,0,0.333333333333333,1,1,0,0,0,0,0,0,1,0.666666666666667,0,0,1,0.666666666666667,1,0.333333333333333,1,0.666666666666667,0,0,0,0,1,0.666666666666667,1,0.666666666666667,1,0.333333333333333,486,1,0,0,1,1,1,1,1,0,0,0,1,1,0,0,0,0,1,1,0,0,1,1,2,2018,"CAL",173,3,0,1,2.650203472,1.365974525,29.83278493,2.895635817,34.09439527,NA,NA,0.585636387,0.073167236,1.958988793,NA,542.1685099,0.040939282,7920.976623,7673.612047,84.87885893,0.802859127,0,8.234353771,0,8.234353771,1576.241562,2117.090614,1649.605977,2190.455029,0,NA,0,0,0,0,4,2,0,0.423809523809524,"Calgary",2988.81829515617,826.523341374598,12.8648217505618,32.0272989703486,204.576182782995,65.2780066994041,NA,0.0154475995645364,NA,NA,1.09260886856162,3.10706474351793,0,"MTL1321",176
"96",0.480497721984227,0,1,0,0,1,6,43,0.067,1,0,0.166666666666667,1,1,0,0,0,0.333333333333333,0,0.333333333333333,1,1,0,0,0,0,0,0,0,0.166666666666667,1,0.166666666666667,1,0.333333333333333,0,0,0,0,0,0,0,0.166666666666667,0,0.333333333333333,0,0.333333333333333,1,0.166666666666667,474,1,1,0,1,1,1,0,1,0,1,1,1,1,0,0,0,0,1,1,1,0,0,1,1,2018,"CAL",103,6,0,2,1.844135228,1.540881872,19.20061036,1.728164192,22.46965642,NA,NA,1.255092214,0.047579568,0.421478955,NA,974.9204466,0.520862141,5314.051548,4105.895501,299.4720962,2.895003564,0,6.201873231,0,6.201873231,1162.80947,1538.273532,1251.886905,1627.350966,0,NA,0,0,0,0,3,3,0,0.516304347826087,"Calgary",2881.59537723445,882.446656455282,12.1843865237414,162.391614049249,528.659954973757,55.8527370640305,NA,0.282442487455155,NA,NA,0.937113594361639,3.36302519296595,0,"MTL1328",137
"97",0.480497721984227,0,1,0,0,1,8,30,0.048,1,0,0.375,0,0.625,0,0,0,0.25,1,0.625,1,1,0,0,0,0,0,0,1,0.5,0,0,1,0.125,1,0.125,0,0.125,0,0,1,0.375,0,0.25,1,1,1,1,473,1,1,0,1,1,1,0,1,1,0,1,1,1,0,0,0,0,1,1,1,0,1,1,3,2018,"CAL",233,2,0,3,2.884388916,NA,33.3017593,3.392678178,NA,NA,NA,0.04298815,0.593519768,0.923021186,1.324859825,883.9044024,0,11942.40405,11498.26509,365.9437449,2.492922116,0,9.516369022,0,9.516369022,2224.11593,3177.777642,2322.707855,3276.369567,0,NA,0,0,0,0,7,3,0,0.616788321167883,"Calgary",4140.35845989917,1135.89729485703,NA,126.870458720068,306.444251500514,80.779675274553,0.459320800205155,0,NA,NA,1.17622077909829,3.29926695017157,0,"MTL1332",162
"98",0.480497721984227,0,1,0,0,1,4,52,0.039,1,0,0.75,1,1,0,0,1,0.5,1,0.5,1,1,0,0,0,0,0,0,1,0.5,1,0.5,1,0.25,1,0.25,0,0,0,0,1,0.25,1,0.5,1,0.5,0,0,411,1,0,0,0,0,1,1,1,0,0,0,0,1,0,0,0,0,0,0,0,0,0,0,1,2018,"CAL",147,1,0,2,2.41362093,1.347075251,25.08339018,1.627035973,28.0575014,NA,NA,1.168952247,NA,NA,1.208891598,130.3561287,2.260274322,1587.690389,1049.55625,35.03425199,4.521508201,0,5.580464489,0,5.580464489,311.419723,397.5889724,337.4686427,423.6378921,0,NA,0,0,0,0,4,0,0,0.429824561403509,"Calgary",657.804367399151,175.519646367999,11.6246511833157,14.5152254666602,54.0085342647406,60.9043442459707,0.500862245174515,0.936466159166096,NA,NA,0.674105843538571,2.31207163462906,0,"MTL1335",131
"99",0.59793070477151,0,1,0,0,1,5,17,0.04,3,0,0.8,1,1,0,0,0,0.4,1,0.6,1,1,0,0,0,0,0,0,0,0.4,0,0,1,0.2,1,0.2,0,0.2,0,0,0,0,0,0.4,0,0.2,0,0,712,1,0,0,1,1,1,0,1,1,1,1,1,1,0,0,0,0,0,1,1,1,0,1,3,2018,"CAL",275,4,0,3,3.033225261,NA,41.31060205,7.856746021,NA,NA,NA,0.418462282,0.129987053,0.015605911,2.459742551,1533.129748,9.715802733,14761.58017,13286.5583,620.9609489,0.937347136,0,8.428336082,0,8.428336082,2962.682871,3880.623036,3174.052961,4091.993126,0,0.056071816,0,0,0,0,5,3,0,0.701670644391408,"Calgary",4866.62839051175,1349.05678737851,NA,204.719694539033,505.44539758137,90.6625708073318,0.810933029810344,3.20312601174793,NA,NA,2.59022833616049,2.77867133389933,0,"MTL1338",272
"100",0.59793070477151,0,1,0,0,1,7,44,0.089,2,0,0.714285714285714,1,1,0,0,0,0.285714285714286,0,0.428571428571429,0,0.857142857142857,0,0.142857142857143,0,0,0,0,0,0.285714285714286,1,0.285714285714286,1,0.285714285714286,1,0.142857142857143,0,0.142857142857143,0,0,1,0.857142857142857,0,0.285714285714286,1,0.571428571428571,0,0,420,1,1,1,1,1,1,1,1,1,0,0,1,1,0,0,0,0,1,1,1,0,1,1,2,2018,"CAL",92,1,0,1,1.176834275,NA,14.15066951,2.021628987,NA,NA,NA,0.046478009,0.102389603,0.96050646,0.005049979,961.9985246,0,6313.434041,5374.451492,178.8356581,2.455612354,0,2.565180834,0,2.565180834,1238.684376,1658.506595,1320.050186,1739.872405,0,NA,0,0,0,0,2,0,0,0.353741496598639,"Calgary",5364.76050631683,1478.43451024572,NA,151.963332390196,817.446045748455,78.1758332115199,0.00429115560897476,0,NA,NA,1.71785359242702,2.17972988082795,0,"MTL1354",184
"101",0.480497721984227,0,1,0,0,1,12,65,0.046,1,0,0.833333333333333,1,1,0,0,0,0.166666666666667,1,0.916666666666667,1,1,0,0.0833333333333333,0,0,0,0,0,0,1,0.166666666666667,1,0.0833333333333333,1,0.0833333333333333,0,0.166666666666667,0,0,1,0.25,0,0.166666666666667,1,1,1,1,564,1,1,1,0,1,0,0,0,0,0,0,1,1,0,0,0,0,1,1,0,0,0,0,2,2018,"CAL",153,6,0,1,2.510285052,NA,24.943582,5.459892753,NA,NA,NA,0.23408168,0.060599446,2.215603954,NA,383.9873023,6.881472753,5586.920199,3357.682522,56.28201938,1.711201527,0,7.856447161,0,7.856447161,1275.304553,1760.498447,1339.308782,1824.502676,0,0.305317014,0,0,0,0,5,0,0,0.204651162790698,"Calgary",2225.61186609018,726.810955013407,NA,22.4205690645207,152.965617189199,60.9492535033428,NA,2.74131128953558,NA,NA,2.17500906865138,3.12970320033599,0,"MTL1357",193
"102",0.480497721984227,0,1,0,0,1,3,13,0.04,1,1,1,1,1,0,0,1,0.666666666666667,1,0.666666666666667,1,1,0,0,0,0,0,0,1,0.666666666666667,0,0,1,0.333333333333333,1,0.333333333333333,1,0.333333333333333,0,0,1,0.666666666666667,1,0.666666666666667,0,0,0,0,296,1,0,1,1,1,0,0,1,0,1,0,1,0,0,0,0,0,1,1,0,1,1,1,2,2018,"CAL",118,0,0,1,3.364457306,5.712854486,21.03589534,2.639463792,29.38821362,NA,NA,2.488826296,NA,NA,0.75967224,468.4263342,0,7137.546498,2135.194018,248.6511036,7.676682705,0,7.959988858,0,7.959988858,1568.153409,1892.526565,1708.837312,2033.210467,0,NA,0,0,0,0,2,2,0,0.585227272727273,"Calgary",2121.45551238569,604.320483833775,8.73490460633594,73.905263460044,139.227902629239,35.0725211431766,0.225793395756647,0,NA,NA,0.784513980098043,2.36590574170894,0,"MTL1359",238
"103",0.480497721984227,1,1,0,1,0,11,53,0.048,3,0,0.545454545454545,0,0.909090909090909,0,0.0909090909090909,0,0.0909090909090909,1,0.818181818181818,0,0.909090909090909,0,0,0,0,0,0,0,0.181818181818182,0,0,1,0.0909090909090909,1,0.0909090909090909,1,0.272727272727273,0,0,0,0,0,0.0909090909090909,1,1,1,1,658,1,0,1,1,0,1,1,1,0,0,1,0,1,0,0,1,0,0,0,0,1,0,0,2,2018,"CAL",186,2,0,2,1.919042802,NA,22.58273582,7.278584826,NA,NA,NA,0.070273036,0.519792831,1.328358323,0.000618608,127.510902,0.016622864,5445.57858,5442.681669,40.21403232,1.720496325,0,4.646486082,3.141601773,7.788087854,790.8820284,1086.454889,840.2271706,1135.800031,0,0.739425341,0,0,0,0,3,1,0,0.335740072202166,"Calgary",2837.65352931404,591.857581194273,NA,20.955255546197,66.4450536835916,96.9233202126359,0.000322352372419883,0.00866206005550052,NA,NA,3.79282047196361,4.05831899417947,0,"MTL1368",128
"105",0.480497721984227,0,1,0,0,1,1,58,0.13,4,1,1,1,1,0,0,1,1,1,1,1,1,0,0,0,0,0,0,1,1,0,0,0,0,0,0,1,1,0,0,0,0,1,1,1,1,1,1,474,1,1,0,1,1,1,1,1,0,0,1,1,0,0,0,0,0,1,1,0,0,1,1,3,2018,"CAL",165,11,0,4,2.39983642,NA,31.35012983,7.244197658,NA,NA,0.030140366,0.054388677,0.21006669,2.084834926,0.02040581,1312.686593,85.93037211,11527.31687,10926.27966,454.7386278,1.156664589,0,2.773767895,0,2.773767895,2015.472737,2734.984784,2166.700504,2886.212551,0,NA,0,0,0,0,7,6,0,0.491379310344828,"Calgary",4803.37608594172,1202.67053493588,NA,189.487343391513,546.990029012061,68.7546862048206,0.00850300038366782,35.8067622417365,0.0125593418571421,NA,3.01862143503931,1.15581540136806,0,"MTL1372",239
"106",0.480497721984227,1,1,0,0,1,3,61,0.13,4,1,1,1,1,0,0.333333333333333,1,1,1,1,1,1,0,0,0,0,0,0,1,1,0,0,0,0,1,0.666666666666667,1,0.666666666666667,0,0,1,0.666666666666667,0,0.333333333333333,1,0.666666666666667,1,0.333333333333333,268,1,1,1,1,1,1,0,0,0,0,0,1,1,0,0,0,0,1,1,0,0,1,1,3,2018,"CAL",168,13,0,3,2.973563053,NA,29.33181128,8.486819562,NA,NA,0.030140366,0.734112064,0.261989964,1.83011799,0.02040581,1371.955171,55.46633371,12416.75193,11739.76221,380.2584148,1.970492882,0,8.324062166,0,8.324062166,2134.056949,3014.52403,2304.005796,3184.472878,0,NA,0,0,0,0,8,4,0,0.193548387096774,"Calgary",4175.71502896932,1070.9283177255,NA,127.879721405726,461.384254023417,56.4978771277462,0.00686241039328652,18.6531553968699,0.0101361112788887,NA,2.85409100487636,2.79935619915708,0,"MTL1373",70
"107",0.59793070477151,0,1,0,0,1,4,54,0.127,4,0,0.5,1,1,0,0.25,1,0.75,0,0.25,1,1,0,0,0,0,0,0,1,0.5,0,0,0,0,1,0.25,0,0,0,0,1,0.25,0,0.25,0,0,0,0,460,1,0,1,0,1,1,0,1,1,0,1,1,1,0,1,0,0,1,1,1,0,1,1,3,2018,"CAL",99,8,0,4,1.449597426,NA,16.00063952,5.933043518,NA,NA,0.030329237,0.037161155,0.176619983,1.205487067,NA,1074.104216,34.89087396,7369.886359,6997.005032,409.3539181,0.992689633,0,1.630193547,0,1.630193547,1448.407385,1966.336988,1563.513829,2081.443433,0,NA,0,0,0,0,1,3,0,0.67719298245614,"Calgary",5084.09178080315,1435.8768825518,NA,282.391449348503,740.967248378654,68.2948232552946,NA,24.0693542456663,0.0209225240442721,NA,4.09289048916951,1.1245836380231,0,"MTL1374",154
"109",0.480497721984227,1,1,0,1,1,3,57,0.104,4,0,0.666666666666667,1,1,1,0.666666666666667,1,1,1,0.666666666666667,1,1,0,0,0,0,0,0,1,0.666666666666667,0,0,0,0,1,0.666666666666667,1,0.666666666666667,0,0,0,0,1,0.666666666666667,0,0.333333333333333,1,0.666666666666667,148,0,1,1,0,1,1,0,1,1,0,0,0,1,0,0,0,0,1,1,0,0,1,1,3,2018,"CAL",182,6,0,2,2.145784883,NA,27.30218099,9.218799853,NA,NA,NA,0.139828797,0.329948997,1.676007087,NA,627.3036259,29.60732997,7701.66475,7614.644476,406.5920454,2.587011538,0,4.282138127,0,4.282138127,1154.684672,1564.97216,1235.418197,1645.705685,0,NA,0,0,0,0,2,2,0,0.37,"Calgary",3589.20636034698,766.94812142546,NA,189.484066469677,292.342271058865,84.8174490564719,NA,13.7979022056518,NA,NA,4.29623674117384,1.99560457384395,0,"MTL1379",145
"111",0.480497721984227,1,1,0,0,1,5,32,0.082,2,0,0.8,1,1,0,0,1,0.6,0,0.2,0,0.8,1,0.8,1,0.6,1,0.6,1,0.6,0,0,0,0,1,0.4,1,0.6,0,0,1,1,0,0.2,1,1,1,1,373,1,0,1,1,1,1,0,0,0,0,0,0,1,0,0,0,0,1,1,0,0,1,1,3,2018,"CAL",260,13,0,3,3.773767662,NA,43.25389982,8.44334929,NA,NA,NA,0.311792806,1.048281624,2.246540679,0.159902647,791.6527975,69.98617174,11990.21891,11780.22449,225.3567447,3.933293625,0,8.228165574,0,8.228165574,1805.403884,2431.082334,1974.074778,2599.753228,0,NA,0,0,0,0,6,4,0,0.54954954954955,"Calgary",3177.254135366,688.90124163664,NA,59.7166452426927,209.777831706906,68.8966633049706,0.0423721493535868,18.5454373475947,NA,NA,2.23737920461305,2.18035828142088,0,"MTL1384",92
"112",0.480497721984227,1,1,0,0,1,8,47,0.202,2,0,0.875,1,1,0,0,0,0.25,0,0.375,0,0.625,0,0,0,0,0,0,1,0.5,1,0.125,0,0,1,0.125,1,0.375,1,0.25,1,0.375,0,0.25,0,0.125,1,0.25,325,1,1,1,1,1,1,1,1,1,1,0,1,1,0,0,0,0,1,1,1,1,1,1,3,2018,"CAL",128,3,0,2,1.65886514,NA,24.10821533,1.38412486,NA,NA,0.026762168,0.050836975,0.33674996,1.24451605,NA,159.6055251,62.76042798,5182.20776,5132.214865,206.6447729,1.127656859,0,3.167241062,0,3.167241062,606.5612376,892.207888,670.5422861,956.1889365,0,NA,0,0,0,0,5,1,0,0.284210526315789,"Calgary",3123.94759226781,576.411495692772,NA,124.569965283616,96.2136832292467,77.1611850255651,NA,37.8333515285034,0.0161328171619786,NA,0.834380581413628,1.90928182504335,0,"MTL1388",173
"114",0.480497721984227,0,1,0,1,1,9,41,0.049,1,0,0.888888888888889,1,1,0,0,0,0.222222222222222,1,0.555555555555556,0,0.888888888888889,0,0,0,0,0,0,0,0.333333333333333,0,0,0,0,1,0.111111111111111,1,0.444444444444444,0,0.111111111111111,0,0.111111111111111,0,0.333333333333333,0,0,1,0.222222222222222,224,1,0,1,1,1,1,1,1,1,0,1,1,1,0,0,0,0,1,1,1,0,1,1,3,2018,"CAL",147,4,0,1,1.785728587,NA,22.21327143,6.541102652,NA,NA,0.032504734,0.066741225,0.172708962,1.443052007,0.070721656,285.5396404,59.46172039,6058.831847,5997.947554,460.880035,1.134577115,0,0.293124369,0,0.293124369,718.827399,1033.270181,783.4367127,1097.879495,0,NA,0,0,0,0,1,2,0,0.464088397790055,"Calgary",3392.91866138446,614.807593378131,NA,258.090752623428,159.90091802232,82.3193407274495,0.0396038101841733,33.2982967416649,0.0182025052612321,NA,3.66298814927355,0.16414833202197,0,"MTL1393",164
"115",0.480497721984227,0,1,0,0,1,4,44,0.068,1,0,0.75,1,1,0,0.25,1,0.75,0,0,0,0.5,0,0.25,0,0.25,0,0.25,1,0.5,0,0,0,0,1,0.75,1,0.75,0,0,0,0,1,0.75,0,0,0,0,295,1,0,0,1,1,1,0,0,0,0,0,1,0,0,0,0,0,1,1,0,0,1,1,3,2018,"CAL",112,9,0,4,1.633359612,NA,20.38490495,4.562091801,NA,NA,0.019113896,0.046696334,0.195393325,1.33848663,0.03366945,447.6771793,227.9488183,5186.182785,5016.094989,512.9709958,1.144282188,0,1.077155263,0,1.077155263,632.851818,894.8820921,692.1416733,954.1719474,0,NA,0,0,0,0,1,5,0,0.389830508474576,"Calgary",3175.16286486947,584.177507751428,NA,314.058822093612,274.083659232784,68.5703253448635,0.0206136173275233,139.558255650073,0.0117021970297133,NA,2.79307249149736,0.659472203846804,0,"MTL1394",189
"117",0.480497721984227,0,1,0,0,1,13,71,0.076,4,0,0.615384615384615,0,0.769230769230769,1,0.615384615384615,1,0.692307692307692,0,0,0,0.0769230769230769,0,0.153846153846154,0,0.153846153846154,0,0,1,0.538461538461538,1,0.230769230769231,1,0.0769230769230769,1,0.0769230769230769,1,0.384615384615385,0,0,0,0.153846153846154,0,0.153846153846154,0,0.307692307692308,1,0.153846153846154,213,1,0,1,1,1,1,1,1,1,1,1,1,1,0,0,0,0,1,1,1,0,1,1,3,2018,"CAL",168,10,0,3,1.674806078,NA,24.74013774,0.135436954,NA,NA,0.043457124,0.016987108,0.188375173,1.4051119,NA,281.090115,987.1849102,6252.22358,5990.532662,2329.369809,0.135436954,0,1.186563548,0,1.186563548,410.8795341,594.4416596,458.6601939,642.2223193,0,0.287462133,1,0,0,0,5,2,0,0.357142857142857,"Calgary",3733.10299152139,383.460704935416,NA,1390.82956504532,167.834424947674,100.31012079955,NA,589.432366628896,0.0259475557026251,NA,0.0808672453360896,0.70847817164418,0,"MTL1406",213
"118",0.480497721984227,1,1,0,1,1,5,52,0.12,4,0,0.8,1,1,0,0,0,0.2,0,0,0,0,0,0.2,0,0.2,0,0.2,0,0.4,0,0,0,0,1,0.2,0,0,1,0.4,1,0.6,0,0.4,0,0.4,1,0.4,288,1,1,0,0,1,1,1,0,1,0,0,1,1,0,0,0,0,0,1,0,0,0,1,2,2018,"CAL",110,4,0,4,1.791743691,0.644025852,21.76903777,0.683702816,23.09676644,0.011552145,0.025406052,0.17189141,0.335021936,1.193087877,0.041247764,105.871498,580.2638178,3754.521062,3690.090547,477.4145735,1.327728668,0,3.72085806,1.823266341,5.544124401,426.6396396,584.8040013,457.8522336,616.0165952,0,NA,0,0,0,0,2,3,0,0.386792452830189,"Calgary",2095.45655489628,343.808435489002,12.8906643042841,266.452493120569,59.0885284160881,61.3927095446377,0.0230210181328887,323.85425477689,0.0141795124646542,0.00644743166002307,0.381585167250353,3.09426199118119,0,"MTL1409",232
"119",0.285318238275449,1,1,0,1,1,12,43,0.044,1,0,0.583333333333333,0,0.666666666666667,1,0.833333333333333,1,0.916666666666667,0,0.416666666666667,0,0.75,0,0.166666666666667,0,0,0,0,0,0.416666666666667,0,0,0,0,1,0.166666666666667,0,0.166666666666667,0,0.166666666666667,0,0.0833333333333333,0,0.166666666666667,0,0.416666666666667,1,0.166666666666667,265,1,0,1,1,1,1,1,1,1,0,0,0,1,0,0,0,0,1,1,0,0,1,1,2,2018,"CAL",560,15,0,5,7.639807404,6.00424059,87.70867133,17.85303136,111.5659433,NA,0.032336443,0.86922162,1.927326953,4.495686598,0.314934164,526.0041348,40.72512696,16794.66185,17142.73277,307.1895411,13.15946925,0,16.63230653,0,16.63230653,1980.51767,2969.993704,2141.188815,3130.664849,0,0.284014804,0,0,0,0,8,7,0,0.215827338129496,"Calgary",2198.30958581584,409.783216179097,14.6032402913177,40.2090687442152,68.8504443874591,73.3002771387665,0.0412227883958317,5.33064837978473,0.00423262541711058,NA,2.3368431186698,2.17705835376056,0,"MTL1411",338
"121",0.480497721984227,0,1,0,0,1,5,39,0.019,1,0,0.6,1,1,0,0.2,0,0.4,0,0,0,0.4,0,0.2,0,0,0,0,1,0.6,0,0,0,0,1,0.4,1,0.6,0,0,1,0.8,1,0.6,0,0.4,1,0.2,232,1,0,1,1,1,0,0,1,1,0,0,1,0,0,0,0,0,1,1,0,0,1,1,2,2018,"CAL",100,4,0,2,2.632666464,NA,22.82079569,3.712173726,NA,NA,0.032336443,0.148455357,1.004529079,1.275632234,0.049203901,109.2763744,31.70524086,4449.273759,4544.631911,86.16599007,1.456685871,0,5.23656956,0,5.23656956,530.2768992,770.6971476,568.9598649,809.3801133,0,0.284014804,0,0,0,0,3,2,0,0.3671875,"Calgary",1690.02561465378,307.4373926085,NA,32.7295505329915,41.5078688828544,37.9843027468291,0.0186897587190901,12.0430146748738,0.0122827724066758,NA,1.41004330657209,1.9890744352187,0,"MTL1412",77
"122",0.480497721984227,0,1,0,0,1,12,45,0,1,0,0.25,0,0.666666666666667,0,0.0833333333333333,0,0.25,1,0.833333333333333,1,1,0,0,0,0,0,0,0,0.0833333333333333,0,0,0,0,1,0.0833333333333333,0,0.166666666666667,0,0.0833333333333333,0,0,0,0.0833333333333333,0,0.166666666666667,0,0,371,1,0,0,1,1,1,1,1,1,0,0,1,0,0,0,0,0,1,1,1,0,1,1,2,2018,"CAL",134,2,0,2,1.777931479,NA,23.8844041,1.343610242,NA,NA,NA,0.051272896,0.238816386,1.478279249,NA,147.1633561,9.721709422,5080.283732,5147.98977,12.0883687,0.765234364,0,3.452695211,0,3.452695211,723.1955045,1002.146746,756.9728974,1035.924138,0,NA,0,0,0,0,3,1,0,0.536290322580645,"Calgary",2857.41255611122,582.65695288924,NA,6.79911956269491,82.7722315725982,75.3684838717004,NA,5.4679888043087,NA,NA,0.755715424283795,1.94197315913545,0,"MTL1419",209
"123",0.480497721984227,0,1,0,0,1,9,49,0.051,3,1,1,1,1,0,0.111111111111111,0,0.222222222222222,1,0.888888888888889,0,0.888888888888889,0,0,0,0,0,0,1,0.555555555555556,1,0.111111111111111,0,0,0,0,0,0.111111111111111,0,0.111111111111111,0,0.111111111111111,0,0.333333333333333,0,0.111111111111111,1,0.111111111111111,174,1,0,0,1,1,1,0,1,1,0,0,1,0,0,0,0,0,1,1,1,0,0,1,2,2018,"CAL",41,0,0,1,0.528575231,NA,7.540171076,1.664121435,NA,NA,0.000974082,0.035461287,0.074105676,0.418034201,NA,104.5717011,2.440596818,1318.654215,1318.499789,1.358729112,2.730112667,0,0.778781097,0.20150377,0.980284867,191.0075415,274.4844749,202.150172,285.6271054,0,0.089914577,0,0,0,0,1,0,0,0.33587786259542,"Calgary",2494.73327099582,540.371717493512,NA,2.57055009828866,197.836930236332,77.567009567272,NA,4.61731211540633,0.00184284458081238,NA,3.14831520170116,1.85457965017661,0,"MTL1420",242
"124",0.480497721984227,1,1,0,0,0,7,49,0.194,4,0,0.571428571428571,1,1,0,0,0,0.428571428571429,0,0.428571428571429,0,0.714285714285714,0,0,0,0,0,0,1,0.571428571428571,0,0,1,0.428571428571429,1,0.428571428571429,0,0,1,0.428571428571429,1,1,0,0.428571428571429,0,0.285714285714286,1,0.428571428571429,251,0,0,0,1,1,1,1,1,0,1,1,1,1,1,1,0,0,1,1,1,0,1,1,3,2018,"CAL",83,3,0,3,1.285880415,NA,16.28173439,3.674694925,NA,NA,0.0405801,0.033690466,0.158030112,1.053579727,NA,539.4735167,78.99091153,5929.203488,5830.760324,574.9175836,0.338527678,0,1.749755227,0.033661994,1.783417221,902.0367096,1249.140209,976.4111271,1323.514626,0,NA,0,0,0,0,6,4,0,0.290598290598291,"Calgary",4611.00691700013,1029.26727132709,NA,447.100349996387,419.536304003821,64.5472153022877,NA,61.4294382343478,0.0315582223094984,NA,2.85772680113493,1.38692307635777,0,"MTL1424",251
"125",0.480497721984227,1,1,0,0,1,5,39,0.194,2,1,1,1,1,0,0.2,1,0.6,0,0.2,0,0.4,0,0,0,0,0,0,1,0.8,0,0,0,0,1,0.6,0,0.2,0,0,1,0.4,0,0.2,0,0.4,1,0.2,205,0,0,1,1,1,1,0,1,1,0,1,1,1,0,0,0,0,1,1,1,0,1,1,3,2018,"CAL",81,3,0,3,1.286803186,NA,16.28185433,3.516507359,NA,NA,0.0405801,0.035005101,0.158001858,1.053216121,NA,539.8058632,79.11273552,5930.646871,5832.054077,575.081473,0.337054356,0,1.749614297,0,1.749614297,902.0790978,1249.240375,976.4616338,1323.622911,0,NA,0,0,0,0,6,4,0,0.454545454545455,"Calgary",4608.82202929205,1028.61333061698,NA,446.90709446223,419.493726059208,62.9466890362517,NA,61.4800587849959,0.0315355917995062,NA,2.7327468545761,1.35965959366221,0,"MTL1425",113
"126",0.480497721984227,1,1,0,1,0,4,26,0.037,NA,0,0,1,0,0,0.75,1,1,1,0,1,0,0,0.75,0,0.75,0,0.25,0,0,0,0,1,0,1,0.25,0,0.25,0,0.25,1,0.25,1,0.5,1,0.25,0,0,192,0,0,0,0,1,0,0,0,0,0,0,1,1,0,0,0,0,1,1,0,0,1,1,2,2019,"LAV",151,9,1,3,1.989128291,NA,23.46906954,6.136339754,NA,0.044208051,0.029443766,0.027585887,0.010892229,1.854289937,NA,61.74416329,611.8518594,5823.061515,5786.231431,461.1732198,3.822593837,3.190968163,0.013014826,0.439395675,3.643378663,791.9610725,1100.593246,849.8846261,1158.5168,0,NA,0,0,0,0,0,0,0,0.16,"Laval",2927.44391668803,582.424374155161,NA,231.846895892347,31.0408149988954,75.9126501207659,NA,307.597987605114,0.014802346401296,0.0222248364773773,3.08493915740098,1.83164589206479,0,"MTL1435",190
"127",0.480497721984227,0,1,0,1,1,4,55,0.068,NA,0,0.75,0,0.75,1,0.75,1,1,0,0.25,0,0.5,1,0.75,1,0.75,1,0.5,1,0.5,0,0,0,0,0,0,1,0.5,0,0,0,0,1,0.5,0,0,0,0,264,1,1,0,0,1,0,0,0,1,0,0,1,0,0,0,0,0,1,1,0,0,0,1,3,2019,"LAV",151,9,1,3,1.989128291,NA,23.46906954,6.136339754,NA,0.044208051,0.029443766,0.027585887,0.010892229,1.854289937,NA,61.74416329,611.8518594,5823.061515,5786.231431,461.1732198,3.822593837,3.190968163,0.013014826,0.439395675,3.643378663,791.9610725,1100.593246,849.8846261,1158.5168,0,NA,0,0,0,0,0,0,0,0.540540540540541,"Laval",2927.44391668803,582.424374155161,NA,231.846895892347,31.0408149988954,75.9126501207659,NA,307.597987605114,0.014802346401296,0.0222248364773773,3.08493915740098,1.83164589206479,0,"MTL1437",183
"128",0.480497721984227,0,1,0,1,1,5,27,0.088,NA,0,0,0,0,0,0.6,1,1,0,0.2,0,0.2,0,0.4,0,0.4,0,0.2,0,0.4,0,0,1,0.2,1,0.2,0,0.2,0,0,0,0.2,0,0.4,0,0,1,0.4,421,0,1,0,0,1,0,0,0,1,0,0,1,0,0,0,0,0,1,1,0,0,0,0,2,2019,"LAV",93,0,1,3,2.580465103,NA,21.21417991,3.596200091,NA,NA,0.04531129,0.680222614,0.174497098,1.531831787,NA,110.6116413,375.2122974,7467.990695,7133.265446,286.7150614,NA,2.694862575,0,2.213371803,4.908234379,1169.740871,1551.225712,1266.837384,1648.322226,0,NA,0,0,0,0,0,0,0,0.543859649122807,"Laval",2894.04831955211,638.769431171029,NA,111.109838713444,42.8650018058392,36.0400146050725,NA,145.404910519342,0.0175593500362868,NA,1.39362477206885,1.90207353445461,0,"MTL1443",363
"129",0.480497721984227,0,1,1,0,1,3,27,0.042,NA,0,0.666666666666667,0,0.666666666666667,1,1,1,1,0,0,0,0.666666666666667,1,0.666666666666667,1,0.666666666666667,1,0.666666666666667,1,1,0,0,1,0.333333333333333,1,0.666666666666667,0,0,0,0,1,0.333333333333333,1,0.666666666666667,0,0,0,0,862,0,1,0,1,1,1,1,0,1,0,0,1,0,0,0,0,1,1,1,0,0,1,1,2,2019,"LAV",152,3,1,3,4.110322904,0.606312709,29.12072959,4.957962912,34.68500521,NA,0.023108321,1.602802104,0.034198999,2.24206294,NA,220.9726755,287.6830315,9246.045103,8554.477247,235.2683334,2.399565334,1.029699223,0,1.700459663,2.730158887,1685.567151,2312.721959,1790.355545,2417.510354,0,NA,0,0,0,0,0,0,0,0.433898305084746,"Laval",2249.46927989578,588.155823876362,8.43851104161329,57.2384065424754,53.760417529474,36.9800630145334,NA,69.9903725860658,0.00562202083381622,NA,1.20622224282552,0.664220050532555,0,"MTL1444",284
"130",0.480497721984227,0,1,0,1,0,4,38,0.047,NA,0,0.25,0,0.25,1,1,1,1,1,0.25,0,0.25,1,1,0,0.75,0,0.25,1,0.5,0,0,0,0,0,0,1,0.5,1,0,0,0,0,0.75,0,0,1,0.25,558,0,1,0,0,0,0,0,1,0,0,0,0,1,0,0,0,0,1,1,0,0,0,0,2,2019,"LAV",122,3,1,3,3.281227497,0.896728329,22.22337495,4.945829584,28.06593286,0.030961742,0.038218666,0.821517005,0.032631759,2.081253069,0.101690382,155.0353564,185.6409896,6809.521763,6727.378742,486.9333682,3.214710359,1.621723987,0,2.763826192,4.385550179,994.7478389,1421.039737,1045.089271,1471.381169,0,0.125615762,0,0,1,0,0,0,0,0.622047244094488,"Laval",2075.29705551532,448.424003012675,8.55348581762784,148.399758518786,47.249194559581,37.1812073717972,0.0309915670562235,56.5766895985512,0.0116476733280283,0.00943602417945969,1.50731078187109,1.33655779217067,0.304763994850797,"MTL1448",231
"131",0.480497721984227,0,1,0,0,1,4,62,0.036,NA,0,0,0,0.25,1,1,1,0.75,0,0,0,0.25,1,1,1,1,1,0.75,0,0.5,0,0,1,0,1,0.5,0,0.25,0,0,0,0,0,0.25,0,0,1,0.25,394,0,1,0,0,1,0,0,0,1,0,1,0,1,0,0,0,0,1,1,0,0,1,1,3,2019,"LAV",93,4,3,1,1.200942966,NA,13.2589336,4.089128748,NA,2.83477e-05,0.0119443,0.089696945,0.042318987,1.056954381,NA,95.67823845,24.24901362,4997.061185,4961.151857,202.9071472,1.356353279,0.979922796,0,2.452587112,3.432509908,735.2401396,1057.034288,781.0928998,1102.887048,0,NA,0,0,0,0,0,0,0,0.57516339869281,"Laval",4160.9479604546,918.350895274739,NA,168.956522453207,79.6692608714609,77.4391479303606,NA,20.1916446546721,0.00994576789918931,2.36045347718869e-05,3.40493167766303,2.85817895202194,0,"MTL1464",195
"133",0.285318238275449,0,1,0,1,1,3,37,0.041,1,0,0,1,1,0,0.333333333333333,1,1,0,0,1,1,1,0.666666666666667,1,0.666666666666667,1,0.666666666666667,1,0.666666666666667,0,0,0,0,0,0,1,1,0,0,0,0,0,0.333333333333333,1,1,0,0,457,0,0,0,1,1,0,0,0,0,0,0,1,0,0,0,0,0,0,1,0,0,0,1,3,2018,"LAV",358,14,2,3,10.11950754,7.502766462,57.04142783,18.3693193,82.91351359,0.175416747,0.032209684,3.304248548,0.420248885,4.614577359,0.988130903,359.697545,217.7103805,17042.5565,15145.06459,1755.717573,15.65126324,3.191020861,0,13.68950436,16.88052522,2568.634409,3543.650367,2725.220464,3700.236421,0,NA,0,0,0,0,0,0,0,0.241176470588235,"Laval",1684.12903816068,365.653803445854,8.19343364904494,173.498321539864,35.5449653630082,35.3772155991694,0.0976461452391981,21.5139303606863,0.00318292998672937,0.0173345141852624,1.81523846169297,1.66811726294736,0,"MTL1472",107
"134",0.285318238275449,1,1,0,0,1,4,44,0.041,1,0,0,0,0.5,1,1,1,1,0,0,0,0.5,1,1,1,1,1,1,1,1,0,0,0,0,1,0.25,1,0.5,0,0,0,0,0,0.25,0,0,0,0,578,1,0,0,1,1,1,0,0,0,0,0,0,1,0,0,0,0,0,1,0,0,0,1,2,2018,"LAV",358,14,2,3,10.11950754,7.502766462,57.04142783,18.3693193,82.91351359,0.175416747,0.032209684,3.304248546,0.420248885,4.614577359,0.988130903,359.6975449,217.7103805,17042.5565,15145.06459,1755.717573,15.65126324,3.191020861,0,13.68950436,16.88052522,2568.634409,3543.650366,2725.220463,3700.236421,0,NA,0,0,0,0,0,0,0,0.578378378378378,"Laval",1684.12903816068,365.653803445854,8.19343364904494,173.498321539864,35.5449653531263,35.3772155991694,0.0976461452391981,21.5139303606863,0.00318292998672937,0.0173345141852624,1.81523846169297,1.66811726294736,0,"MTL1485",226
"135",0.59793070477151,0,1,0,0,1,2,33,0.028,NA,0,1,1,1,1,1,1,1,1,1,1,1,1,1,1,1,1,0.5,1,0.5,0,0,0,0,1,0.5,1,0.5,0,0,0,0,1,0.5,1,0.5,0,0,400,0,1,0,0,1,0,0,0,1,0,0,1,1,0,0,0,0,1,1,0,0,0,0,3,2019,"LAV",30,0,2,1,0.483891838,NA,5.425164655,0.909871356,NA,NA,NA,0.005582369,NA,0.478309474,NA,79.19367265,12.35409129,3247.917132,3047.303508,68.37603646,0.057352368,0,0,0,0,738.0819202,999.7723418,779.718296,1041.408718,0,NA,0,1,1,0,0,0,0,0.612781954887218,"Laval",6712.07256858091,2152.1518575397,NA,141.304380628962,163.659864521211,61.9973259396039,NA,25.5306874797917,NA,NA,1.88031970070138,0,2.06657753132013,"MTL1587",189
"136",0.285318238275449,1,1,0,0,1,4,73,0.04,NA,0,0.5,0,0.5,1,0.75,1,1,0,0.25,0,0.25,0,0.25,0,0.25,0,0,0,0.25,1,0.25,0,0,1,0.25,1,0.25,0,0,0,0,0,0.25,0,0,0,0,242,0,1,0,0,0,0,0,0,0,0,0,0,1,0,0,0,0,1,1,0,0,0,0,2,2019,"LAV",4047,134,45,78,111.6192798,78.29674986,607.078025,244.807201,930.1819758,0.334036077,0.736167888,37.9475102,5.213852392,52.63447472,4.139961769,4099.724281,6856.374134,198684.3646,189695.7773,15008.13896,211.0000158,55.45186545,1.746955812,90.9144566,148.1132779,30381.15872,43301.64456,32300.55342,45221.03926,0,1.557826678,0,3,13,0,0,0,0,0.425,"Laval",1780.01833514787,405.136454392353,8.33352425733892,134.458303143432,36.7295353306876,36.2571771404674,0.0370900240211011,61.4264322999153,0.00659534705222135,0.00299263780951219,2.19323401332321,1.32695066806908,0.116467334525841,"MTL1589",261
"137",0.480497721984227,1,1,0,1,0,3,77,0.087,4,1,1,1,1,1,1,1,1,1,1,1,1,1,1,1,1,0,0.333333333333333,0,0.333333333333333,0,0,0,0,0,0,1,0.666666666666667,0,0,1,0.333333333333333,0,0.333333333333333,0,0,1,0.333333333333333,351,0,1,0,0,0,0,0,0,0,0,0,1,0,0,0,0,0,0,0,0,0,0,0,3,2018,"LAV",218,3,3,4,2.94435345,1.848216859,26.72550804,9.166847907,37.7405728,NA,0.013333278,0.039703657,0.070569664,2.467239221,NA,236.5461599,798.677046,9890.63517,9534.260107,856.6226661,8.199450683,3.996229477,0,3.003472918,6.999702395,1445.969858,2055.567365,1539.761012,2149.358519,0,NA,0,0,3,0,0,0,0,0.121212121212121,"Laval",3359.18745421002,729.993377323636,12.8179491494134,290.937443702623,80.3389144397729,74.0400239651934,NA,271.257190946284,0.00452842303969994,NA,3.11336531522735,2.37733088566524,1.01889941236505,"MTL1596",227
"138",0.480497721984227,0,1,0,0,1,5,58,0.044,NA,0,0.4,0,0.4,1,1,1,1,0,0.6,0,0.6,0,0.4,0,0.4,0,0.2,0,0.4,0,0,1,0.4,1,0.2,0,0.2,0,0,0,0,0,0.4,0,0,0,0,334,0,1,0,0,0,0,0,0,0,0,0,1,1,0,0,0,0,0,0,0,0,0,0,2,2019,"LAV",93,2,1,1,1.790854607,NA,15.4246141,1.689092005,NA,NA,0.005735867,0.52415316,0.037535929,1.114749164,NA,44.19639505,417.0980907,4126.879423,3754.89948,184.2538432,0.969762401,2.176752781,0,0.812640188,2.989392968,723.5397192,918.4409224,775.2227492,970.1239524,0,NA,0,0,0,0,0,0,0,0.5,"Laval",2304.41902255441,541.710057649588,NA,102.88598665676,24.6789409242087,51.9305138655513,NA,232.904496584853,0.00320286581477912,NA,0.943176513826284,1.66925497821834,0,"MTL1597",64
"139",0.480497721984227,0,1,0,0,1,3,60,0.038,NA,0,1,1,1,1,1,1,1,1,0.666666666666667,1,1,1,0.666666666666667,1,0.666666666666667,0,0.333333333333333,1,0.666666666666667,0,0,1,0.333333333333333,0,0,0,0,0,0,1,0.333333333333333,1,0.666666666666667,0,0.333333333333333,1,0.333333333333333,500,1,1,0,1,1,0,0,0,1,0,0,1,0,0,0,0,0,1,1,1,0,1,1,2,2019,"LAV",161,15,2,10,6.171397142,0.865380024,27.73032846,14.49996309,43.09567157,NA,NA,0.885364487,0.013088397,2.915213855,2.357730397,141.4656514,234.759799,6690.000119,6604.160374,775.5971264,9.407896755,5.810703026,0,7.600649691,13.41135272,889.9755318,1284.108837,952.2817836,1346.415089,0,0.448554251,0,1,1,0,0,0,0,0.221198156682028,"Laval",1084.03331775079,218.17022272588,6.98313049353258,125.676100330929,22.9227917349935,26.0880958226298,0.382041593297286,38.0399759727536,NA,NA,2.34954302184171,2.17314692466116,0.162037862252359,"MTL1600",124
"140",0.285318238275449,0,1,0,1,0,4,76,0.118,NA,0,1,1,1,1,1,1,1,0,0.5,1,1,1,0.75,1,0.75,1,0.75,1,1,0,0,0,0,1,0.75,1,0.25,1,0.25,0,0,1,1,0,0,0,0.25,552,1,1,1,1,1,1,0,0,1,0,0,1,0,0,0,0,0,1,1,0,0,1,1,3,2019,"LAV",375,10,2,4,4.453363805,1.158668515,50.74583054,18.37530585,70.2798049,0.04381578,0.132375342,0.136943105,0.080666234,4.059563336,NA,379.7225453,417.7325666,18079.4969,17972.59678,2749.172746,13.08261412,0.123522634,0,1.470883586,1.594406219,1916.723566,2869.130702,2065.190857,3017.597993,0,NA,0,0,1,0,0,0,0,0.56,"Laval",4059.73948943971,677.599703310114,15.7812853333684,617.324985421891,85.2664551846556,84.2060106517617,NA,93.8015812072196,0.0297247985559536,0.00983880543305399,4.12616320035861,0.358022898827598,0.224549361738031,"MTL1605",142
"141",0.480497721984227,0,1,0,0,0,3,69,0.021,3,0,0,0,0,1,1,1,1,0,0,0,0,1,1,1,1,0,0.333333333333333,1,0.666666666666667,0,0,0,0,0,0,1,0.666666666666667,0,0,0,0,0,0,0,0,0,0,569,1,1,0,1,1,1,0,0,0,0,0,0,0,0,0,0,0,1,1,0,0,1,1,2,2018,"LAV",205,4,2,2,2.466457668,NA,31.72696388,6.645950135,NA,NA,0.017214656,0.081237848,0.049989814,2.318015325,NA,177.5132318,192.0720869,9891.355643,9806.4398,1257.292275,5.720634793,2.762883683,0.295289608,0.971115817,4.029289108,1304.880999,1952.666429,1383.102602,2030.888033,0,NA,0,0,0,0,0,0,0,0.592105263157895,"Laval",4010.34883806488,823.402752598955,NA,509.756275695383,71.970921740547,83.1151503874098,NA,77.8736604288641,0.00697950596247574,NA,2.69453241433049,1.63363400080864,0,"MTL1619",90
"143",0.480497721984227,0,1,1,0,1,3,28,0.02,NA,0,1,1,1,1,0.666666666666667,1,1,0,0,1,1,1,1,1,1,1,0.666666666666667,1,0.666666666666667,0,0,0,0,1,0.333333333333333,1,1,0,0,0,0,1,0.666666666666667,0,0,1,0.666666666666667,423,0,1,0,0,1,0,0,0,0,0,0,1,1,0,0,0,0,1,1,0,0,1,1,3,2019,"LAV",136,6,0,2,8.964000368,NA,22.34907912,11.44978535,NA,NA,0.03132611,6.616129126,0.070279949,1.823410131,NA,154.8297916,169.7242307,6612.478763,6159.188353,456.6584508,4.350652135,1.225918644,0.240215043,2.067035517,3.533169203,1052.393025,1476.262245,1128.383846,1552.253066,0,0.524860181,0,0,1,0,0,0,0,0.290322580645161,"Laval",737.670514450831,173.165216675056,NA,50.943600184377,17.2723990677998,15.1717976814791,NA,18.9339830134197,0.00349465737549822,NA,1.27730755019532,0.394150943546681,0.111557335893228,"MTL1620",84
"144",0.480497721984227,0,1,0,0,1,3,52,0.044,NA,1,1,1,1,1,1,1,1,1,1,1,1,0,0.333333333333333,0,0.333333333333333,0,0.333333333333333,1,1,0,0,0,0,1,0.333333333333333,1,0.666666666666667,0,0,0,0,1,0.666666666666667,0,0,0,0,325,1,1,0,0,1,0,0,0,0,0,0,1,0,0,0,0,0,1,1,0,0,0,0,3,2019,"LAV",276,13,3,9,21.60547794,17.99534217,36.69133946,44.02062328,98.70730491,0.023843908,1.141351017,15.7525004,0.22736709,2.811316482,1.637300553,275.2648552,1326.412014,10743.06542,10354.82454,2217.452233,45.72988882,11.49599439,0.287826007,0.050104578,11.83392498,1305.534126,1860.001434,1391.571318,1946.038626,0,NA,0,0,1,0,0,0,0,0.539170506912442,"Laval",497.238036105208,90.0715379407154,4.56862399360558,102.633796815698,12.7405121962324,12.7745380484742,0.0757817326488636,61.3923939883924,0.0528269275120697,0.00110360474626927,2.03747509785474,0.547727988839853,0.0462845581466457,"MTL1628",125
"145",0.285318238275449,0,1,0,1,1,5,69,0.053,NA,1,1,1,1,1,1,1,1,0,0.6,0,0.6,0,0.4,0,0.2,0,0,0,0.4,0,0,0,0,0,0.2,0,0.4,0,0,0,0.2,0,0.4,0,0,1,0.2,297,0,0,0,0,0,0,0,0,0,0,0,0,0,1,1,0,0,1,1,0,0,0,0,3,2019,"LAV",4409,201,38,107,123.946113,84.48180207,549.4184732,330.8566233,964.7568985,1.579445152,3.359565129,57.7973985,2.132384241,43.02842467,6.843630317,11082.28991,17571.42388,223650.4319,209480.3916,49747.90404,345.5343703,86.66684384,6.477123804,71.11509435,164.259062,29265.23454,40936.9129,31560.95872,43232.63708,0,1.574639806,0,2,13,0,0,0,0,0.0967741935483871,"Laval",1804.41666532939,348.801878764847,7.78368014251484,401.367197695018,89.4121617997008,35.5719101897128,0.0552145618071944,141.766639184562,0.0271050462792649,0.0127429986610391,2.66935860505767,1.3252457703131,0.104884289513782,"MTL1635",103
"147",0.480497721984227,0,0,0,1,0,3,50,0.02,NA,0,0.333333333333333,0,0.333333333333333,1,0.666666666666667,1,1,0,0,0,0.333333333333333,1,0.666666666666667,1,0.666666666666667,1,0.666666666666667,1,0.666666666666667,0,0,1,0.333333333333333,0,0,1,0.333333333333333,0,0,0,0,1,0.666666666666667,0,0,0,0,775,1,1,0,1,1,1,1,1,1,0,0,1,0,1,1,0,0,1,1,0,0,1,1,3,2019,"LAV",306,9,1,7,2.803537069,1.372924424,37.53766342,9.952512738,48.86310058,0.063874544,0.071061431,0.072058161,0.104278898,2.401958643,NA,136.9876983,1340.145673,8909.887703,8897.334209,542.9364934,9.61123608,0.092480339,0.024916058,4.333755396,4.451151793,1123.352852,1663.774175,1183.254873,1723.676196,0,NA,0,0,0,0,0,0,0,0.459677419354839,"Laval",3178.08806650739,614.821974376398,17.4290902447133,193.661250069956,48.8624530114961,109.147834492214,NA,478.019601673403,0.0253470631031631,0.0227835560679009,3.54998435656497,1.58769143530094,0,"MTL1640",239
"148",0.480497721984227,1,0,0,1,1,2,82,0.06,NA,1,1,1,1,1,1,1,1,1,1,1,1,1,0.5,1,0.5,1,0.5,1,0.5,0,0,1,0.5,1,0.5,1,1,0,0,0,0,1,0.5,0,0,0,0,574,1,1,0,0,1,0,1,0,0,0,0,0,0,0,0,0,0,1,1,0,0,0,0,2,2019,"LAV",306,9,1,7,2.803537069,1.372924424,37.53766342,9.952512738,48.86310058,0.063874544,0.071061431,0.072058161,0.104278898,2.401958643,NA,136.9876983,1340.145673,8909.887703,8897.334209,542.9364934,9.61123608,0.092480339,0.024916058,4.333755396,4.451151793,1123.352852,1663.774175,1183.254873,1723.676196,0,NA,0,0,0,0,0,0,0,0.449367088607595,"Laval",3178.08806650739,614.821974376398,17.4290902447133,193.661250069956,48.8624530114961,109.147834492214,NA,478.019601673403,0.0253470631031631,0.0227835560679009,3.54998435656497,1.58769143530094,0,"MTL1647",140
"150",0.480497721984227,0,1,0,0,1,5,54,0.053,NA,0,0.25,0,0.25,1,1,1,1,0,0,0,0.75,1,1,1,1,1,0.75,1,0.75,0,0,0,0,0,0,1,0.75,0,0,0,0,1,0.75,0,0,1,1,198,0,0,0,0,1,0,0,0,0,0,0,0,0,0,1,0,0,0,1,0,0,0,0,3,2019,"LAV",73,0,0,2,0.819533776,1.691832376,10.41435104,3.603445292,15.7096287,NA,0.014042756,0.040438817,0.018771543,0.746275503,5.17278e-06,50.6731026,228.3775696,2794.90602,2769.640834,260.6959153,3.910223737,0.481931265,0,1.185791572,1.667722837,334.6762796,506.086155,354.3325424,525.7424178,0,NA,0,0,0,0,0,0,0,0.402061855670103,"Laval",3410.36099041756,641.514032973792,19.1689826094489,318.102710265843,61.831621934274,89.0750352673689,6.31185699904576e-06,278.667672142411,0.0171350546020693,NA,4.39694543108129,2.03496534961605,0,"MTL1649",36
"151",0.480497721984227,0,1,0,0,1,4,65,0.074,NA,1,1,1,1,0,0,1,1,0,0,0,0.25,1,1,1,1,1,0.75,1,1,1,0.25,1,0.25,0,0,1,1,0,0,0,0,1,0.5,0,0,1,1,158,0,0,0,0,1,0,0,0,0,0,0,1,0,0,1,0,0,0,1,0,0,0,1,3,2019,"LAV",36,0,0,1,0.361980584,NA,4.248073976,1.545174,NA,NA,0.014541039,0.020812068,0.042471236,0.284156234,NA,61.353925,96.19731063,1553.179723,1524.103569,357.1991023,0.135683184,1.073061734,0,1.202029753,2.275091487,263.9388387,344.8131662,281.8222344,362.6965619,0,NA,0,0,0,0,0,0,0,1,"Laval",4290.78185862035,1001.97794559058,NA,986.790778535238,169.495071592017,99.4528480013724,NA,265.752680895172,0.0401707705958063,NA,4.2686654154909,6.28512021793965,0,"MTL1661",62
"152",0.480497721984227,1,1,0,1,1,4,52,0.049,NA,0,1,1,1,1,1,0,1,1,0.75,1,1,1,1,1,1,1,1,1,1,0,0.5,1,0,1,0,1,0.25,0,0,0,0,1,0.75,0,0,1,0.25,745,1,1,0,1,1,1,0,0,1,0,0,0,1,1,1,0,0,1,1,0,0,1,1,3,2019,"LAV",207,9,3,8,2.400485322,0.41370277,28.99222169,8.834547569,38.24047203,0.058621287,0.071944857,0.034114957,0.153888804,1.692060842,0.231668543,409.8018681,2348.807823,10830.91051,10384.4796,2299.126879,10.10255557,2.015799608,0.022550275,2.472931829,4.511281712,1123.791969,1538.471844,1239.499268,1654.179144,0,NA,0,0,0,0,0,0,0,0.608391608391608,"Laval",4511.96698048379,689.101961524095,15.9303086253156,957.775853877935,170.716256560389,86.2325622668398,0.0965090437657756,978.472062075787,0.02997096309677,0.0244205979777284,3.6803172625273,1.87932068180336,0,"MTL1663",87
"154",0.480497721984227,0,1,0,0,0,4,79,0.12,NA,1,1,1,1,1,1,1,1,1,1,1,1,0,0.5,0,0.5,0,0.5,1,1,0,0,0,0,1,0.25,1,0.5,0,0,1,0.25,1,0.75,0,0,0,0.25,634,1,1,0,1,1,1,1,1,1,0,0,1,1,0,0,0,0,1,1,0,0,1,1,4,2019,"LAV",175,7,6,7,2.305265562,NA,20.20818588,10.35857317,NA,8.83767e-05,0.102811219,0.041730636,0.041088818,1.580468384,0.539077865,438.858636,846.5699959,10606.54895,10267.19818,3229.893363,10.27045864,4.781906389,0.138699108,3.239017782,8.15962328,1367.936706,1830.66627,1507.700037,1970.429601,0,NA,0,0,0,0,0,0,0,0.580174927113703,"Laval",4601.00958641745,854.751675243219,NA,1401.09383328392,190.372269136427,75.9131628410627,0.233846318570042,367.233176886369,0.0445984274847724,3.833688467689e-05,4.49344029631585,3.53955891872209,0,"MTL1673",80
"155",0.480497721984227,0,1,1,1,0,2,20,0.097,NA,0,0.5,0,0.5,1,1,1,1,1,0.5,0,0.5,1,0.5,1,0.5,1,0.5,1,1,0,0,0,0,0,0,0,0,0,0,1,0.5,1,0.5,0,0,1,0.5,799,0,0,0,0,0,0,0,0,0,0,0,0,0,0,0,0,0,0,0,0,0,0,0,2,2019,"LAV",144,0,1,15,4.548130248,0.372142351,20.36879485,6.677716415,27.41865362,NA,0.091422973,2.485097221,0.035434166,1.936175896,NA,198.7614184,148.8421402,7615.993987,6920.409389,618.0885133,3.382992818,0.682447679,0,1.381042555,2.063490233,1483.790392,2012.135946,1566.779303,2095.124858,0,NA,0,0,1,0,0,0,0,0,"Laval",1674.53295567977,460.656301327631,6.02855505997374,135.899475080292,43.7017867919248,31.6613623946506,NA,32.7260065310249,0.0201012213843705,NA,1.46823332905571,0.453700778228021,0.219870572185073,"MTL4493",50
"156",0.480497721984227,0,1,0,0,0,3,70,0.034,3,1,1,1,1,1,1,1,1,1,1,1,1,1,1,1,0.666666666666667,0,0.333333333333333,1,0.666666666666667,0,0,1,0.333333333333333,0,0,1,0.333333333333333,0,0,1,0.666666666666667,0,0.333333333333333,0,0,0,0,371,0,1,0,0,1,1,0,0,1,0,1,1,0,1,1,0,0,0,1,0,0,0,0,2,2018,"LAV",190,16,3,7,3.32967941,0.025652128,22.1307023,15.27279437,37.4291488,0.064458955,0.026730217,0.580341379,0.051677364,0.835290174,1.771181358,206.0661502,154.2018779,4626.243434,4639.811241,844.8488522,15.39649178,4.383792524,0,5.737685833,10.12147836,710.913451,1035.860892,761.3080137,1086.255454,0,NA,0,0,0,0,0,0,0,0.809954751131222,"Laval",1389.3960541985,326.234246677821,11.2410668389243,253.732791710419,61.887684916789,57.06255065559,0.531937505058482,46.3113287834519,0.00802786506103901,0.0193589072889152,4.58686632837124,3.03977564014188,0,"MTL4506",20
"158",0.731884090044019,0,1,0,1,0,4,79,0.117,NA,1,1,1,1,1,1,1,1,1,1,1,1,1,0.75,1,0.75,0,0.25,1,0.75,1,0.75,0,0,0,0,1,0.75,0,0,1,0.5,1,0.5,0,0,1,0.25,188,0,0,0,0,1,0,0,0,1,0,0,1,1,1,1,0,0,1,1,0,0,1,1,3,2019,"LAV",190,20,2,5,2.238948259,NA,20.87785369,11.38009245,NA,0.153382607,0.145182823,0.113472152,0.033573228,1.776743388,0.016594085,1100.186274,1423.461259,11393.02669,11256.95959,3274.493076,10.31625882,1.114883574,0,6.331232116,7.44611569,1448.872778,2045.497214,1582.886769,2179.511206,0,NA,0,0,1,0,0,0,0,0.245614035087719,"Laval",5088.56184782428,973.453136864116,NA,1462.51395620125,491.385305389498,84.8612732501739,0.00741155358695585,635.772288742292,0.0648442063886033,0.0685065438129002,5.08278492111416,3.32572030642893,0.446638280264073,"MTL4518",59
"159",0.731884090044019,0,1,0,0,1,5,75,0.259,NA,1,1,1,1,1,1,1,1,1,1,1,1,0,0.6,0,0.6,0,0.2,0,0.6,1,0.2,0,0,0,0,0,0,0,0.2,1,0.8,1,0.6,0,0.2,1,0.4,380,1,1,0,1,1,0,0,0,0,0,0,1,0,0,0,0,0,1,1,0,0,1,1,4,2019,"LAV",190,20,2,5,2.238948259,NA,20.87785369,11.38009245,NA,0.153382607,0.145182823,0.113472152,0.033573228,1.776743388,0.016594085,1100.186274,1423.461259,11393.02669,11256.95959,3274.493076,10.31625882,1.114883574,0,6.331232116,7.44611569,1448.872778,2045.497214,1582.886769,2179.511206,0,NA,0,0,1,0,0,0,0,0.698412698412698,"Laval",5088.56184782428,973.453136864116,NA,1462.51395620125,491.385305389498,84.8612732501739,0.00741155358695585,635.772288742292,0.0648442063886033,0.0685065438129002,5.08278492111416,3.32572030642893,0.446638280264073,"MTL4520",91
"162",0.59793070477151,0,1,0,1,1,3,59,0.143,NA,1,1,1,1,1,1,1,1,1,1,1,1,1,1,1,1,1,0.666666666666667,1,0.666666666666667,0,0,0,0,0,0,1,1,0,0,0,0,0,0.333333333333333,1,0.666666666666667,0,0,322,1,1,0,1,1,0,0,0,1,0,0,1,0,0,0,0,0,1,1,0,0,1,1,3,2019,"LAV",81,0,1,1,0.943151752,NA,9.927297119,4.546724052,NA,NA,0.038478971,0.008483427,0.110067614,0.786121736,NA,206.4635028,9.999992875,5562.084054,5501.208491,502.2964674,2.596100847,0.661043557,0,0,0.661043557,987.1455957,1407.653425,1035.442234,1455.950063,0,NA,0,0,1,0,0,0,0,0.333333333333333,"Laval",5897.33735022527,1543.70710748571,NA,532.572267755274,218.908041428311,85.8822557751025,NA,10.6027400720982,0.0407982818442562,NA,4.82077676509474,0.700887800503179,1.06027476265559,"MTL4526",29
"164",0.480497721984227,0,1,0,1,1,4,75,0.022,NA,1,1,1,1,1,1,1,1,1,0.75,0,0.75,1,1,1,0.75,0,0.25,1,0.5,0,0,0,0,1,0.25,0,0,0,0,0,0,1,0.5,0,0.25,0,0,332,1,0,0,0,1,0,0,0,1,0,0,1,1,0,0,0,0,1,1,0,0,0,0,3,2019,"LAV",140,1,0,1,1.982017609,NA,18.70177662,3.604139739,NA,NA,0.009134457,0.217346463,0.006592896,1.184169106,NA,78.59301689,161.1331957,4923.096703,4677.598452,150.1965165,2.627914057,0.593139963,0,4.216323867,4.80946383,734.0407855,1123.418588,774.3533722,1163.731175,0,NA,0,0,0,0,0,0,0,0.409836065573771,"Laval",2483.88141490018,587.144720468525,NA,75.7796075160904,39.653036649686,70.6350939387643,NA,81.2975601065914,0.00460866591624717,NA,1.81841963594785,2.42654949590814,0,"MTL4585",24
"165",0.480497721984227,0,1,0,1,1,4,74,0.106,4,1,1,1,1,1,1,1,1,1,1,1,1,1,0.75,1,0.75,1,0.5,1,0.5,1,0.5,0,0,1,0.25,1,0.5,1,0.25,1,0.5,0,0.25,0,0,0,0,331,1,1,0,0,1,1,0,1,0,0,0,1,0,0,0,0,0,1,1,0,0,0,0,2,2018,"LAV",125,3,2,1,1.571772027,NA,15.28066877,5.387637244,NA,NA,0.013641317,0.38882991,0.055953823,1.113346979,NA,112.5804962,198.6005762,4429.190623,4313.855005,178.8609951,3.660784204,1.257224015,0,2.060757592,3.317981607,707.0321312,1017.896772,754.1312918,1064.995933,0,NA,0,0,1,0,0,0,0,0.452054794520548,"Laval",2817.95995024411,677.576591710141,NA,113.795761743761,71.6264790733548,79.5280726802246,NA,126.354568466945,0.00867894119863987,NA,3.42774725052414,2.11098145914516,0.636224581441797,"MTL4589",27
"166",0.59793070477151,0,1,0,1,1,4,68,0.21,NA,1,1,1,1,1,0.75,1,1,1,1,1,1,1,0.75,1,0.5,0,0.25,0,0.5,0,0,0,0,0,0,1,0.5,1,0.5,1,0.25,0,0.25,0,0,0,0,611,1,1,0,1,1,1,1,0,0,0,0,1,0,0,0,0,0,1,1,0,0,1,1,4,2019,"LAV",113,4,1,3,1.303717973,NA,14.7808144,6.383017169,NA,NA,0.173861981,0.069913816,0.046568155,0.883674354,0.129699665,550.6067802,639.503856,7297.772587,6432.95486,2318.442819,6.789089581,0.460917941,0.420084222,4.47177436,5.352776523,888.9639823,1311.878588,998.3944217,1421.309028,0,NA,0,0,0,0,0,0,0,0.421348314606742,"Laval",5597.66202364075,1090.19669701217,NA,1778.33156174491,422.33580544494,86.6751876864706,0.0994844496172333,490.52315703559,0.133358582608111,NA,4.8960107179561,4.10577796260848,0,"MTL4633",22
"167",0.480497721984227,1,1,0,0,1,6,71,0.037,3,0,0.833333333333333,0,0.833333333333333,1,0.833333333333333,1,1,1,0.833333333333333,0,0.833333333333333,0,0.333333333333333,0,0.333333333333333,0,0.166666666666667,0,0.166666666666667,0,0,0,0,0,0,1,0.333333333333333,0,0,0,0,0,0.166666666666667,0,0,1,0.166666666666667,449,1,0,0,1,1,1,1,0,0,0,0,1,1,0,0,0,0,1,1,1,0,1,1,3,2018,"LAV",112,2,0,1,1.982974912,NA,16.18927193,4.737433574,NA,NA,0.052123914,0.446546168,0.050358627,1.349111606,NA,125.2772075,224.6619145,5573.635345,5190.055252,305.1373542,2.809363143,2.339700862,0,6.06093481,8.400635673,967.4360169,1338.406769,1037.14068,1408.111432,0,NA,0,0,0,0,0,0,0,0.368794326241135,"Laval",2810.74425665754,710.100477559648,NA,153.878575242408,63.1763955972833,56.4807952547611,NA,113.295389235867,0.0262857153081319,NA,2.3890537118404,4.23638020943353,0,"MTL4636",25
"168",0.480497721984227,0,1,0,0,0,6,56,0.148,NA,1,1,1,1,1,1,1,1,1,0.666666666666667,1,0.833333333333333,0,0.333333333333333,0,0.333333333333333,0,0,0,0.666666666666667,0,0,1,0.166666666666667,1,0.166666666666667,0,0.166666666666667,0,0,0,0.333333333333333,0,0.333333333333333,0,0.333333333333333,0,0,241,1,0,0,1,1,0,1,0,0,0,0,1,0,0,0,0,0,1,1,0,0,1,1,3,2019,"LAV",170,1,0,3,1.716196726,0.308725007,20.47693178,5.444125409,26.2297822,0.046203076,0.010023842,0.071165674,0.074449659,1.514347833,NA,327.1334064,467.347796,8221.148687,8165.047855,896.4630776,3.132526112,0.860515163,0,0.287825508,1.148340671,1018.3432,1442.186291,1079.642903,1503.485994,0,0.315556529,0,0,0,0,0,0,0,0.0416666666666667,"Laval",4790.33001429931,876.056906077561,15.2836687092013,522.354497021689,190.615330657611,99.0562430428503,NA,272.315981565391,0.00584073017279489,0.0269217830916664,3.17220358629212,0.669119485897446,0,"PEL1",98
"169",0.285318238275449,0,1,0,1,0,6,58,0.093,2,1,1,1,1,1,1,1,1,1,1,1,1,1,0.666666666666667,1,0.5,0,0.333333333333333,1,0.5,0,0,0,0,1,0.166666666666667,0,0,0,0,1,0.833333333333333,0,0.166666666666667,1,0.666666666666667,0,0,524,1,0,0,1,1,1,0,0,1,0,0,0,0,0,0,0,0,0,0,0,0,1,1,3,2018,"LAV",760,24,6,7,21.31411359,11.9684493,101.6090605,49.09751471,162.6750245,0.06070668,0.16011144,6.774206525,2.380417513,9.208216838,0.008236543,868.9445296,1280.070151,37117.36556,35419.59668,4621.396393,43.69286672,8.642312537,1.738376518,28.54069092,38.92137998,5389.403546,7725.409128,5738.162465,8074.168047,0,0.458796484,0,0,1,0,0,0,0,0.0198019801980198,"Laval",1741.44542315916,378.817913909785,7.63226787795307,216.823297552859,40.7685042087645,35.6571244115247,0.000386436103252465,60.0573955653766,0.00751199149445839,0.00284819163338239,2.30352130304097,1.82608485291459,0.0469172689625325,"PEL10",115
"170",0.285318238275449,1,1,1,1,0,7,73,0.171,NA,0,1,1,1,0,0.857142857142857,1,1,0,1,1,1,0,0.285714285714286,0,0.285714285714286,0,0.285714285714286,0,0.428571428571429,1,0.285714285714286,0,0,1,0.142857142857143,0,0.142857142857143,0,0,1,0.428571428571429,0,0.285714285714286,0,0,0,0,315,0,0,0,1,1,0,0,0,0,0,0,0,0,0,0,0,0,1,1,0,0,1,1,4,2019,"LAV",1317,107,11,30,19.61043755,18.94508951,140.4683194,104.2482606,263.6616695,1.060782025,1.414573742,2.345924655,0.257280014,11.14833755,2.739653954,4865.497051,5718.949417,64777.91809,60192.9377,19647.22026,123.0159542,34.34284293,2.989754599,26.49742316,63.83002069,7711.46738,10758.07349,8402.827536,11449.43364,0,NA,0,0,5,0,0,0,0,0.0975609756097561,"Laval",3303.23675465365,583.843864309902,13.4449661731286,1001.87567003063,248.107521241922,67.158113970792,0.139703866729888,291.627833515627,0.0721337164656991,0.0540927259932556,5.31595790936342,3.25490038288309,0.254966264126014,"PEL11",103
"171",0.285318238275449,0,1,0,1,1,5,32,0.1,2,1,1,1,1,1,0.6,1,1,1,0.8,1,1,1,0.6,0,0.4,0,0.2,0,0.4,0,0,0,0,1,0.2,0,0.2,0,0,1,0.6,0,0.4,0,0.2,0,0,527,1,1,0,0,0,0,0,0,0,0,0,0,0,0,0,0,0,1,0,1,0,0,0,3,2018,"LAV",581,9,7,9,10.10965923,12.27932061,77.72268325,38.04435965,128.0463635,0.037037538,0.17916675,1.404916063,0.249019614,8.011708554,0.218518137,1417.853763,903.6356426,36764.55785,34272.82953,4496.394978,37.07742992,5.392737288,0,2.496033429,7.888770717,5887.956403,8286.228505,6268.222512,8666.494614,0,0.531828988,0,2,2,0,0,0,0,0.179245283018868,"Laval",3636.57735771179,857.248935580591,12.665744768135,444.762269004788,140.247433740652,57.4697907003538,0.0216147876034789,89.3833928564573,0.0177223332581112,0.00366357927180103,3.76316933978397,0.78032014111716,0.197830604820495,"PEL117",131
"172",0.285318238275449,1,1,0,0,0,4,50,0.027,1,0,0,0,0.5,1,1,1,1,0,0,0,0.5,1,1,1,1,1,0.5,1,0.75,0,0,0,0,1,0.5,1,0.25,0,0,1,0.25,0,0.25,0,0,0,0,438,1,0,0,1,1,1,0,0,1,0,0,1,0,0,0,0,0,0,1,0,0,0,1,3,2018,"LAV",1035,30,7,22,14.32266604,18.33746089,139.1359328,53.38113113,210.8545248,0.043908313,0.250560767,2.295506239,0.601226289,10.54458993,0.572987248,934.2261838,1431.972979,45109.97721,44599.20339,5592.246582,59.72295377,13.68862218,1.017949406,10.78485842,25.49143001,5398.385764,8068.679422,5772.825384,8443.119042,0,0.607235608,0,2,5,0,0,0,0,0.233333333333333,"Laval",3149.55170245665,589.49353552057,14.7217371550192,390.447320797825,65.227114923361,72.2630826627862,0.0400056278907694,99.9794992776359,0.0174940033021953,0.00306565222406037,3.72703873572968,1.77979643865242,0.349097017694619,"PEL119",78
"174",0.285318238275449,1,1,0,1,0,2,79,0.06,NA,0,1,1,1,1,1,1,1,1,1,1,1,1,0.5,1,0.5,1,0.5,1,0.5,0,0,1,0.5,1,0.5,1,1,0,0,1,0.5,1,0.5,0,0,1,0.5,160,0,0,0,0,1,0,0,0,0,0,0,0,1,1,1,0,0,1,1,0,0,0,0,2,2019,"LAV",807,19,6,13,59.46934833,30.41213519,111.9883612,87.9565268,230.3570232,0.065262564,1.199406418,40.13317214,0.406881962,10.38266497,0.787418495,604.2471135,2551.00948,35256.64932,31734.65258,3722.960031,68.54878559,13.16728954,1.072794559,13.43266632,27.67275042,5429.946468,7517.980002,5759.916071,7847.949605,0,0.308694725,0,0,2,0,0,0,0,0.0714285714285714,"Laval",592.854139318261,131.96629566968,3.87354207955552,62.603007020373,10.1606479719096,13.5700158596307,0.0132407453101815,42.8962070652641,0.0201684809348238,0.00109741515306092,1.47902287934824,0.465327957966544,0.0336307704080066,"PEL121",302
"175",0.285318238275449,0,0,0,0,0,4,60,0.145,NA,1,1,1,1,1,1,1,1,1,1,1,1,0,0.5,0,0.5,0,0.25,1,1,0,0,0,0.25,0,0.25,0,0,0,0,0,0,0,0.5,0,0,0,0,160,0,0,0,0,1,0,0,0,0,0,0,0,0,0,0,0,0,1,1,0,0,0,0,3,2019,"LAV",807,19,6,13,59.46934833,30.41213519,111.9883612,87.9565268,230.3570232,0.065262564,1.199406418,40.13317214,0.406881962,10.38266497,0.787418495,604.2471135,2551.00948,35256.64932,31734.65258,3722.960031,68.54878559,13.16728954,1.072794559,13.43266632,27.67275042,5429.946468,7517.980002,5759.916071,7847.949605,0,0.308694725,0,0,2,0,0,0,0,0,"Laval",592.854139318261,131.96629566968,3.87354207955552,62.603007020373,10.1606479719096,13.5700158596307,0.0132407453101815,42.8962070652641,0.0201684809348238,0.00109741515306092,1.47902287934824,0.465327957966544,0.0336307704080066,"PEL124",73
"176",0.731884090044019,0,1,0,0,1,4,69,0.198,2,1,1,1,1,1,1,1,1,1,1,1,1,1,1,1,1,1,0.75,1,1,0,0,0,0,1,0.25,0,0,0,0,1,0.25,0,0.25,1,0.5,0,0,292,1,1,0,1,1,1,0,0,1,0,0,1,0,0,0,0,0,1,1,0,0,1,1,3,2018,"MTL",59,2,1,1,0.660340968,NA,10.59551886,1.662451449,NA,NA,0.026814734,0.006850211,0.037769476,0.533572889,0.054836579,44.24683429,916.3097578,4246.31897,4116.869085,1549.458145,2.615677758,0.394562132,0,1.016476067,1.411038199,529.2668933,737.8529406,554.235223,762.8212703,0,NA,0,0,2,0,0,0,1,0.644444444444444,"Montreal",6430.49451082975,1155.19300977249,NA,2346.45163648244,67.0060414758334,89.3477807059216,0.0830428243246601,1387.63124234933,0.0406074063240614,NA,2.51756521185582,2.1368327385073,3.02873832901429,"PEL125",186
"177",0.731884090044019,0,1,0,1,0,5,83,0.126,3,1,1,1,1,1,1,1,1,1,1,1,1,1,1,1,0.8,1,0.6,1,0.8,0,0,0,0,1,0.2,1,0.8,0,0,1,0.4,0,0.2,0,0.2,0,0,802,1,1,0,1,1,1,0,0,0,0,0,0,0,0,0,0,0,0,0,0,0,0,1,4,2018,"MTL",113,10,3,3,1.11770332,1.415732789,13.49656193,7.524258982,22.4365537,0.022091647,0.117906404,0.088400446,0.061487944,0.701771943,0.126044953,1035.820514,713.2204601,11321.04642,10719.07001,4418.320888,10.17108107,0,0,0,0,1513.303109,1984.992793,1663.564422,2135.254105,0,NA,0,0,1,0,15,0,0,0.745967741935484,"Montreal",10128.8474476393,1910.39434775948,20.0738007112657,3953.03548709151,926.740124561856,101.100173881563,0.112771386417641,638.11250028317,0.105489893328759,0.0197652155135407,6.73189284433726,0,0.894691804261618,"PEL13",102
"178",0.59793070477151,1,1,0,0,0,3,67,0.195,2,1,1,1,1,1,1,1,1,1,1,1,1,1,1,1,1,1,1,1,0.666666666666667,0,0,0,0,1,0.333333333333333,1,1,0,0,1,0.666666666666667,1,0.666666666666667,0,0.333333333333333,1,0.333333333333333,610,1,0,0,1,1,1,1,1,1,0,1,1,1,0,0,0,0,1,1,0,0,1,1,4,2018,"MTL",81,6,2,2,0.844773558,NA,13.13254849,1.712954423,NA,NA,0.048024048,0.019842242,0.116125004,0.660782283,NA,659.4010789,402.2178289,6844.128525,6760.802013,2311.965898,2.280965729,1.454569892,0,0.168904244,1.623474136,1156.429507,1536.545706,1233.158922,1613.275121,0,NA,0,0,1,0,17,0,0,0.518716577540107,"Montreal",8101.73147606971,1909.71308905481,NA,2736.78771796974,780.565481312094,95.8836829502185,NA,476.125022014479,0.0568484270668898,NA,2.02770838028526,1.92178616461857,1.18374917222492,"PEL130",163
"179",0.731884090044019,0,1,0,0,1,5,66,0.134,1,0,0.8,1,1,1,1,1,1,1,0.8,1,1,1,1,1,0.8,1,0.8,1,0.6,0,0,1,0.2,0,0,0,0,0,0,1,1,0,0.4,0,0.2,1,0.2,402,0,1,0,1,1,1,0,0,1,0,0,1,0,0,0,0,0,0,0,0,0,0,0,3,2018,"MTL",38,0,2,1,0.591834768,1.426870287,6.646665549,2.726106839,10.79964268,NA,0.023322013,0.169442517,0.035686063,0.363383496,7.2257e-07,510.8817532,371.4352856,4636.643718,4505.376784,1388.422991,7.889690865,0.460811277,0,1.266258819,1.727070096,794.899072,1072.05065,868.832931,1145.984509,0,NA,0,0,0,0,0,0,0,0.873913043478261,"Montreal",7834.35507459068,1936.32508761297,18.2477327523279,2345.96388396026,863.216865285616,64.2071099141644,1.22089819501784e-06,627.59963706627,0.039406290845015,NA,4.60619582761653,2.91816261798259,0,"PEL132",215
"180",0.480497721984227,0,1,0,0,0,4,30,0.087,1,1,1,1,1,1,1,1,1,1,1,1,1,1,0.75,1,0.75,1,0.75,1,1,0,0,0,0,1,0.25,0,0,0,0,1,0.75,0,0.25,0,0,1,0.25,363,1,0,0,1,1,1,0,0,0,0,0,1,0,0,0,0,0,1,1,0,0,0,1,3,2018,"MTL",120,4,0,3,1.615772381,0.89326096,15.6469709,8.66315533,25.20338719,NA,0.009558345,0.054161416,0.195896265,1.10029492,0.171758843,133.0768016,277.8224564,6916.653369,7367.65428,1575.234664,6.849852117,2.458658484,1.123817089,4.438019284,8.020494857,814.9091,1209.45551,873.456817,1268.003227,0,NA,0,0,1,0,0,0,1,0.504672897196262,"Montreal",4280.710235138,784.765999165819,15.598352519432,974.911245249216,82.3611067777003,74.2678866225774,0.106301385652909,171.94405577601,0.00591565068966233,NA,5.36161864868515,4.96387668913868,0.618899055188145,"PEL133",534
"181",0.480497721984227,0,0,0,0,0,4,64,0.066,1,1,1,1,1,1,1,1,1,1,1,1,1,1,0.75,1,0.5,1,0.5,1,1,0,0,0,0,0,0,1,0.5,0,0,1,0.25,0,0.25,0,0.25,1,0.5,523,1,1,0,1,1,1,0,0,1,0,0,1,0,0,0,0,0,0,0,0,0,0,0,3,2018,"MTL",197,6,3,4,3.195090563,NA,29.78917558,13.40538061,NA,NA,0.136156711,0.14085924,0.01147286,2.054615363,0.850945828,307.0900645,264.9444238,10689.56802,10561.29357,1557.516746,14.36992971,1.074004091,0,3.972622562,5.046626652,1548.95032,2203.351518,1653.498697,2307.899895,0,0.073820043,0,2,6,0,0,0,2,0.554585152838428,"Montreal",3345.62285770177,722.326910456341,NA,487.471861998673,96.1131017869054,61.6570942562043,0.266329173217867,82.9223518319409,0.0426143510849836,NA,4.19561835437088,1.57949408709765,1.87788104333617,"PEL135",108
"182",0.731884090044019,0,1,0,0,0,4,78,0.066,1,1,1,1,1,1,1,1,1,1,1,1,1,1,0.5,0,0.25,0,0.25,1,0.75,0,0,0,0,1,0.25,0,0,0,0,1,0.5,0,0.25,1,0.75,0,0,649,1,1,0,1,1,1,0,0,1,0,0,0,0,0,0,0,0,0,0,0,0,1,1,4,2018,"MTL",82,7,4,1,0.904919716,NA,9.104253326,5.537126447,NA,0.033602915,0.014267205,0.031788624,NA,0.67756914,0.128722774,592.09926,577.197665,9800.198536,10241.79541,3411.482179,6.931666677,1.433234053,0,0,1.433234053,1192.062809,1594.274312,1307.029573,1709.241075,0,NA,0,0,0,0,0,0,0,0.709046454767726,"Montreal",10829.9093971779,1888.83173256002,NA,3769.92800430928,654.311370976914,90.6157734770805,0.142247728416164,637.844059306583,0.0157662660540374,0.0371335869976779,6.11891458335736,1.58382454007666,0,"PEL136",412
"183",0.731884090044019,0,1,0,0,1,4,86,0.242,4,1,1,1,1,1,1,1,1,1,1,1,1,1,0.5,1,0.5,1,0.5,1,0.75,1,0.75,1,0.25,1,0.25,1,0.25,0,0,1,0.75,0,0.25,1,1,1,1,760,1,0,0,1,1,1,0,0,1,1,0,0,1,0,0,0,0,0,1,0,0,1,1,4,2018,"MTL",81,11,1,3,0.847363234,0.575798313,12.71143969,3.872053549,17.15929155,NA,0.032056386,0.044519766,0.01839745,0.485274443,0.26711521,830.3582188,1090.094688,7331.330745,7046.641724,2569.742485,11.88998013,0,0,1.221551764,1.221551764,1260.363671,1651.088924,1358.741755,1749.467008,0,NA,0,0,0,0,0,0,0,0.72845953002611,"Montreal",8651.93396507453,2064.60103271368,20.2502195770273,3032.6339188325,979.931846795232,95.5906472571832,0.315231059458499,1286.45502219182,0.0378307492156309,NA,4.56953216004177,1.44159165159153,0,"PEL137",414
"185",0.731884090044019,0,0,0,0,1,4,78,0.559,2,1,1,1,1,1,1,1,1,1,1,1,1,1,1,1,1,1,1,1,1,1,0.25,1,0.25,0,0,1,0.5,0,0,1,0.75,1,0.5,1,1,0,0,644,1,1,0,1,1,0,0,0,0,0,0,0,1,0,0,0,0,0,1,0,0,0,0,4,2018,"MTL",114,6,2,4,1.349180101,1.99877448,15.8653116,2.872645209,20.73673129,NA,0.09697709,0.111082373,0.213183284,0.927937357,NA,447.1823822,784.4024507,9593.192209,8348.613128,2968.986124,7.65421643,0,0,2.411214431,2.411214431,1505.576869,2061.206239,1651.646717,2207.276087,0,0.962560184,0,0,2,0,0,0,0,0.755364806866953,"Montreal",7110.38667253513,1636.01292767658,15.3698763231315,2200.58546801825,331.447507911325,84.4957614743237,NA,581.391950651072,0.071878535658895,NA,2.12917845947388,1.78717017039669,1.48238178025129,"PEL14",30
"186",0.731884090044019,0,0,0,0,1,4,50,0.089,1,1,1,1,1,1,1,1,1,1,1,1,1,1,0.75,1,0.75,1,0.75,1,0.75,1,0.5,0,0,0,0,0,0,1,0.25,1,0.5,1,0.75,1,0.75,0,0,255,0,0,0,0,1,0,0,0,0,0,0,0,1,0,0,0,0,0,0,0,0,0,0,3,2018,"MTL",46,7,1,1,0.720363032,1.42375248,7.984152633,3.49969824,12.90760335,0.000125241,0.034628093,0.155557767,0.013497986,0.424157213,0.092292969,183.161559,902.528444,3933.481324,3791.736202,1531.980855,8.499897208,0.682976413,0.061140442,0.214878579,0.958995434,582.4311255,711.2222215,630.3534096,759.1445056,0,0.116012798,0,0,1,0,0,0,0,0.825301204819277,"Montreal",5460.41530348826,1053.83601306181,17.9181923233395,2126.6788923727,254.26285201154,63.8566916354475,0.128120079598976,1252.88001175496,0.0480703360135782,0.000173858172111197,4.85824242019127,1.33126686323348,1.38818894859668,"PEL16",52
"187",0.480497721984227,1,1,0,1,1,4,75,0.211,2,1,1,1,1,1,1,1,1,1,1,1,1,1,1,1,1,0,0.25,1,0.5,1,0.25,1,0.5,1,0.5,1,0.5,1,0.75,1,1,0,0.25,0,0.25,1,0.25,483,0,1,0,1,1,1,0,1,0,0,0,0,0,0,0,0,0,1,1,0,0,1,1,4,2018,"MTL",127,16,1,5,2.591466475,2.326632284,15.39787581,17.68966895,35.41417704,0.058019878,0.238514219,0.277174943,0.089799215,0.779788536,1.148092112,597.2805512,1871.084155,8890.796912,8678.69126,3971.563706,19.37575638,2.695020169,0.969936147,1.221688495,4.886644811,1036.948162,1349.389007,1155.548491,1467.989336,0,0.676911359,0,0,4,0,0,0,0,0.726457399103139,"Montreal",3430.79758035458,566.470510099885,13.6656898252948,1532.5545378703,230.479752280029,49.0070009491441,0.443027962381802,722.017503622153,0.0920383193458059,0.0223888206001199,6.82612301592673,1.88566777079376,1.54352758894942,"PEL17",41
"188",0.480497721984227,0,0,0,0,1,4,83,0.167,NA,1,1,1,1,1,1,1,1,1,1,1,1,1,0.75,1,0.75,1,0.75,0,0.5,0,0,0,0.25,0,0.25,1,0.5,0,0,0,0,1,0.75,0,0.5,0,0,501,0,0,0,0,1,0,0,0,1,0,0,1,0,0,0,0,0,1,1,0,0,1,1,4,2019,"MTL",190,28,1,9,3.34182599,1.335128825,24.40384207,13.98337407,39.72234497,NA,0.475513973,0.135384496,0.047939043,1.049127793,1.633201662,483.0225737,2329.848392,9430.5795,9107.253722,4441.447268,17.53987294,1.35202414,1.459066082,3.196960179,6.008050401,872.8625325,1148.116555,993.6511071,1268.905129,0,0.797325984,0,0,1,0,0,0,0,0.68586387434555,"Montreal",2821.98400761136,379.704129657571,11.8864193075475,1329.04803580153,144.538517309215,56.8551446330693,0.488715351094627,697.178248948863,0.142291661631371,NA,4.18435134320085,1.79783460269276,0.299237603331944,"PEL18",137
"189",0.731884090044019,0,0,0,1,1,4,75,0.18,2,1,1,1,1,1,1,1,1,1,1,1,1,1,0.5,1,0.5,1,0.5,1,0.75,0,0,1,0.5,0,0,1,0.5,0,0,1,0.25,0,0.25,1,0.75,1,0.25,505,0,1,0,1,1,1,0,0,1,0,0,0,0,0,0,0,0,0,0,0,0,1,1,4,2018,"MTL",122,18,4,1,1.124652706,0.656751322,8.845152053,8.590732366,18.09263574,NA,0.126187526,0.075863509,0.203448018,0.633126195,0.086027456,499.2246858,1506.149233,8227.518309,7562.110231,3961.014716,12.51252765,0,0.024394296,4.726238765,4.750633062,866.2139656,1182.778865,941.4364809,1258.001381,0,3.314122223,0,3,0,0,3,0,0,0.777142857142857,"Montreal",7315.6079784509,1118.56875841634,16.0873091252759,3521.98922820179,443.892308386977,108.477932208879,0.0764924634431992,1339.21274093302,0.11220132697569,NA,7.63856461658662,4.22408894466307,0,"PEL19",214
"190",0.731884090044019,0,0,0,0,1,4,84,0.226,4,1,1,1,1,1,1,1,1,1,1,1,1,1,0.75,1,0.5,1,0.5,1,0.75,0,0,1,0.5,1,0.25,0,0,1,0.25,1,0.25,0,0.25,1,0.5,0,0,364,1,1,0,1,1,1,0,0,0,0,0,0,0,0,1,0,0,1,1,0,0,1,1,5,2018,"MTL",37,6,1,1,0.392968966,0.37881875,4.836109216,3.194259962,8.409187929,NA,0.020210634,0.019153906,NA,0.317332974,0.036271457,423.6410987,1381.333836,6275.527263,6159.993104,2880.913102,6.890918843,0.274935566,0,0.326004827,0.600940393,769.1615017,1046.036057,861.3658691,1138.240425,0,3.199111801,0,0,11,0,0,0,0,0.81057268722467,"Montreal",15969.523819853,2896.51479755783,21.3991145779181,7331.14660764331,1078.05230273578,94.1550178290669,0.0923010724465199,3515.12194476955,0.0514306109353175,NA,8.12852982899418,1.52923117343572,27.9920323275604,"PEL20",69
"191",0.731884090044019,1,0,0,0,1,4,85,0.139,3,0,0.75,1,1,1,0.75,1,1,1,0.75,1,1,1,0.75,1,0.75,1,0.75,1,1,1,0.5,1,0.25,0,0,1,1,1,0.25,1,1,0,0.25,1,1,1,0.75,699,0,0,0,1,0,0,0,0,0,0,0,0,0,1,1,0,0,0,0,1,0,0,0,5,2018,"MTL",93,17,2,11,1.207163263,NA,13.68579044,6.203638442,NA,0.034708435,0.149390852,0.01815659,0.165205492,0.839701906,NA,1511.294347,3324.073343,13354.62081,13050.35733,5923.818083,13.06457047,0,0,6.664727888,6.664727888,1828.940516,2396.095686,2025.970065,2593.125235,0,5.626730373,0,0,5,0,2,0,0,0.853982300884956,"Montreal",11062.8124789116,2148.11476995718,NA,4907.22196787064,1251.93865098594,77.0401178121339,NA,2753.62367699886,0.123753643420807,0.028752063671772,5.13902189715659,5.52098302878854,4.14194181785666,"PEL21",102
"192",0.731884090044019,0,1,0,0,1,4,86,0.129,3,1,1,1,1,1,1,1,1,1,1,1,1,1,1,1,1,1,1,1,0.75,0,0,1,0.5,1,0.25,1,0.25,1,0.5,1,0.25,1,0.75,1,0.75,1,0.25,438,1,1,0,1,1,1,0,0,1,0,0,0,0,0,0,0,0,0,1,0,0,0,1,5,2018,"MTL",51,9,2,1,0.52336151,NA,6.800370467,3.29555952,NA,NA,0.04889583,0.008146242,0.013683435,0.452636003,NA,575.3440426,2092.17208,8288.12258,8337.772024,4185.879161,7.774826885,0,0,2.533214174,2.533214174,1015.997672,1330.264832,1119.06953,1433.33669,0,3.076967925,0,0,13,0,0,0,0,0.793333333333333,"Montreal",15836.324264656,2738.71246282517,NA,7998.0645901912,1099.32433242941,97.4469826793338,NA,3997.56581258717,0.0934264921392481,NA,6.29690846008145,4.84027603405531,24.8394269574773,"PEL23",138
"193",0.731884090044019,0,0,0,1,0,4,87,0.248,4,1,1,1,1,1,1,1,1,1,1,1,1,1,0.75,1,0.75,1,0.75,1,1,0,0,0,0,0,0,1,0.75,0,0,1,0.75,0,0.25,1,1,1,1,297,0,1,0,0,1,1,1,0,0,0,0,0,0,0,0,0,0,1,1,1,0,0,1,4,2018,"MTL",58,4,1,1,0.687623399,NA,8.064369141,2.650967698,NA,NA,0.012370411,0.033624159,0.12736495,0.512510899,NA,440.3717823,1177.05876,5121.220611,5046.953669,2329.676612,8.213032673,0.80512211,0.487681092,1.263463968,2.55626717,700.0944567,899.2763569,755.2673551,954.4492553,0,0.280257319,0,5,1,0,2,0,0,0.621359223300971,"Montreal",7447.71137580209,1388.04068722507,NA,3388.01241404526,640.425824572616,84.3484966979723,NA,1711.77822295137,0.0179900960583803,NA,3.85526103657214,3.71753953358414,1.45428442582711,"PEL27",70
"194",0.731884090044019,1,0,0,0,0,4,78,0.212,2,1,1,1,1,1,1,1,1,1,1,1,1,1,1,1,0.75,1,0.75,1,1,0,0,1,0.25,1,0.25,1,0.25,0,0,1,0.5,0,0.25,1,1,1,1,426,0,1,0,1,1,1,0,0,0,0,0,1,0,0,0,0,0,0,0,0,0,0,0,4,2018,"MTL",22,4,2,2,0.325364232,NA,3.320529919,1.062818499,NA,NA,0.028183084,0.157430415,3.76506e-05,0.139713079,NA,275.4803633,352.498063,3169.438996,3234.85222,1119.275905,3.62235768,0,0,0,0,606.6715212,799.6596341,678.7334142,871.7215271,0,NA,0,0,0,0,0,0,0,0.912213740458015,"Montreal",9741.20288673895,2679.21744729458,NA,3440.07052686726,846.682997718078,67.616528912127,NA,1083.39524855947,0.0866201051872229,NA,3.2665498984535,0,0,"PEL28",133
"195",0.731884090044019,1,0,0,0,1,4,91,0.191,4,1,1,1,1,1,1,1,1,1,1,1,1,1,0.5,1,0.5,1,0.5,1,1,0,0,1,0.75,1,0.25,1,0.5,0,0,0,0,1,0.5,1,1,1,1,285,0,1,0,1,0,0,0,0,1,0,0,0,0,0,0,0,0,0,1,0,0,0,0,5,2018,"MTL",63,17,5,7,0.94510407,NA,10.43243792,5.258679664,NA,NA,0.045163528,0.003944899,0.082405628,0.769440584,0.04414942,339.1164489,3697.785775,9761.251037,9831.157901,4980.136091,10.03786624,0,0,5.264810608,5.264810608,1146.505795,1516.118119,1255.98298,1625.595304,0,5.018215708,0,1,21,0,3,0,0,0.666666666666667,"Montreal",10328.2287600349,1720.01725058702,NA,5269.40497780313,358.81386999,66.659325676166,0.0467138185110133,3912.56994057808,0.0477868305021689,NA,5.56412762459059,5.57061468161914,22.2197752253887,"PEL29",139
"197",0.731884090044019,1,0,0,1,1,4,81,0.25,4,0,0.75,1,1,1,1,1,1,1,0.75,1,1,1,1,1,0.5,1,0.5,1,0.75,0,0,1,0.5,1,0.25,1,0.25,0,0,1,0.75,1,0.5,1,0.5,0,0,405,0,1,0,1,1,1,1,0,0,0,0,0,1,1,1,0,0,1,1,0,0,0,1,4,2018,"MTL",121,18,4,5,1.28270492,2.237564026,13.0585038,9.070156875,24.3662247,NA,0.063586085,0.281133792,0.047855215,0.761964813,0.128165004,633.3169023,1568.063446,8361.832226,8199.100223,2964.689178,18.98899151,0,0.105936223,0.628633001,0.734569225,1168.266797,1612.798484,1271.28037,1715.812057,0,NA,0,0,0,0,0,0,0,0.573122529644269,"Montreal",6518.90555311817,1337.65141947066,18.9959704060385,2311.27918180902,493.735458892603,94.3319060474174,0.0999177612883873,1222.46622863191,0.0495718726953975,NA,7.0711172410565,0.572672025768795,0,"PEL3",278
"198",0.731884090044019,0,0,0,0,1,4,89,0.262,4,1,1,1,1,1,1,1,1,1,1,1,1,1,1,1,0.75,1,0.75,1,1,0,0,1,0.25,0,0,0,0,1,0.75,1,0.75,0,0.25,0,0.25,1,0.25,238,0,1,0,1,0,0,0,0,1,0,0,0,0,0,0,0,0,1,1,1,0,0,1,5,2018,"MTL",41,9,1,2,0.603209536,0.163652197,6.529540302,1.53345392,8.226646419,NA,0.031972658,0.002008931,0.002946648,0.29142685,0.27485444,313.8764729,1432.804335,5769.729486,5377.691233,3245.124167,4.120539488,0.327544406,0,0.585118669,0.912663075,406.3638981,533.4295969,456.9827846,584.0484834,0,NA,0,0,5,0,0,0,0,0.8,"Montreal",9565.05018846386,968.234831420172,13.6381239486904,5379.76270819432,520.344016743131,67.969747746163,0.45565334033446,2375.30120047704,0.0530042316837644,NA,2.54215795421377,1.51301168256067,8.28899362758085,"PEL30",229
"199",0.731884090044019,0,0,0,0,1,7,93,0.183,4,0,0.714285714285714,0,0.714285714285714,1,0.857142857142857,1,0.857142857142857,1,0.714285714285714,0,0.714285714285714,1,0.571428571428571,1,0.571428571428571,1,0.571428571428571,0,0.428571428571429,1,0.428571428571429,1,0.285714285714286,0,0,0,0.142857142857143,1,0.714285714285714,1,0.571428571428571,0,0.142857142857143,1,1,1,1,390,0,1,0,0,0,0,0,0,0,0,0,0,0,0,0,0,0,0,0,0,0,0,0,5,2018,"MTL",77,20,4,6,0.866719011,1.219732372,8.440985485,4.676333542,14.3370514,NA,0.098380372,0.019126652,0.083151413,0.548202472,0.117858083,819.8892057,3594.120806,11464.84755,11306.08532,5979.164817,7.866073956,1.180670301,0,3.302674284,4.483344585,1069.762758,1304.861075,1194.686786,1429.785103,0,1.101030808,0,0,4,0,1,0,0,0.955801104972376,"Montreal",13227.8713221856,1649.65240735904,16.5417525380668,6898.61966925288,945.968872603857,88.8407881017392,0.135981882829613,4146.8120121805,0.113508958210679,NA,5.39544360127114,5.17277748393591,4.61510587541503,"PEL31",139
"200",0.731884090044019,0,0,0,0,1,4,78,0.218,NA,1,1,1,1,1,1,1,1,1,1,1,1,1,0.5,0,0.25,0,0.25,1,0.5,0,0,1,0.75,1,0.25,0,0,0,0,0,0,1,0.5,0,0.5,0,0,448,0,1,0,0,1,0,0,0,0,0,0,0,1,0,0,0,0,1,1,0,0,0,0,5,2019,"MTL",55,13,3,4,0.591216298,1.220859832,7.033763625,3.694711158,11.94933461,NA,0.081395196,0.035947241,0.025606448,0.395977747,0.05228967,487.7687203,1608.334376,7851.393172,7630.414163,3466.559309,7.957148923,0,0,0.398703006,0.398703006,1064.729122,1455.616476,1152.688231,1543.575585,0,NA,0,0,0,0,0,0,0,0.755760368663594,"Montreal",13280.0688995891,2610.84748546631,20.2114431730365,5863.43664869672,825.025835637569,93.028558559798,0.0884442295939548,2720.38233966277,0.137674141046768,NA,6.24933915133713,0.674377562575246,0,"PEL34",61
"202",0.731884090044019,0,0,0,0,1,4,94,0.223,4,1,1,1,1,1,1,1,1,1,1,1,1,0,0,0,0,0,0,1,0.75,0,0,1,0.25,0,0,1,0.25,1,0.25,1,0.5,0,0.25,1,1,1,1,317,0,0,0,0,0,0,0,0,0,0,0,0,1,0,0,0,0,0,0,0,0,0,0,5,2018,"MTL",67,16,2,2,0.674131869,1.151098469,5.996225726,3.373791456,10.52111565,NA,0.014712086,0.004115559,0.373489539,0.257271851,NA,426.3963364,1811.020336,5320.500738,5103.828672,2881.605781,5.962958986,2.047742966,0.093254351,1.796285322,3.937282639,533.139916,642.5230827,600.8539191,710.2370858,0,0.886745867,0,0,5,0,3,0,0,0.922077922077922,"Montreal",7892.37385541849,1053.55809220762,15.6069103595516,4274.54317695222,632.511762175718,99.3870829744143,NA,2686.4481851102,0.0218237509255033,NA,5.00464613993794,5.84052293038827,7.41694649062793,"PEL37",72
"203",0.731884090044019,0,0,0,0,0,4,90,0.076,3,1,1,1,1,1,1,1,1,1,1,1,1,1,1,1,0.75,1,0.5,1,1,0,0,1,0.5,0,0,1,0.25,0,0,1,0.25,0,0.25,1,0.75,1,0.25,555,1,1,0,1,1,1,1,0,0,0,0,0,0,1,1,0,0,0,0,0,0,1,1,4,2018,"MTL",87,14,4,6,1.201650475,1.011174826,13.34957003,4.931375429,19.29212028,NA,0.07417936,0.043944746,0.039274603,0.897764323,0.146487461,690.2313432,1946.434859,9088.334698,8763.89886,3671.996682,12.00400222,0.86880426,0,0.60442374,1.473228,1164.427846,1552.641327,1288.289144,1676.502626,0,NA,0,2,0,0,2,0,0,0.736507936507937,"Montreal",7563.20984103135,1395.16661531715,16.0546853526605,3055.79430824092,574.402754844332,72.4004207629511,0.121905216240188,1619.80118137098,0.0617312284589244,NA,4.10383512643308,1.22600375953748,0,"PEL39",118
"204",0.731884090044019,0,0,0,1,1,4,97,0.13,NA,1,1,1,1,1,1,1,1,1,1,1,1,1,1,1,0.75,1,0.75,0,0.25,0,0,1,0.25,1,0.25,1,0.5,1,0.5,1,0.5,0,0.25,1,0.5,1,0.5,465,0,1,0,0,0,0,0,0,1,0,0,0,0,0,0,0,0,0,0,0,0,0,0,5,2019,"MTL",15,8,2,2,0.333874576,NA,2.887827616,2.015836557,NA,NA,0.031383681,0.001169599,0.003460285,0.297861,NA,222.4644394,1643.925945,4607.117571,4458.554183,2341.402843,3.093819979,0.748131468,0,1.774591585,2.522723053,501.1794955,631.9251066,545.1219494,675.8675605,0,1.816395657,0,0,6,0,1,0,0,0.906166219839142,"Montreal",13798.9469764239,2024.31574334669,NA,7012.82161418604,666.311409707339,44.9270506898375,NA,4923.78295075693,0.0939984151413793,NA,6.03770607858443,7.55590043190351,17.970820275935,"PEL4",26
"205",0.731884090044019,0,0,0,0,1,4,95,0.287,4,1,1,1,1,1,1,1,1,1,1,1,1,1,1,1,0.75,1,0.5,1,0.5,0,0,1,0.25,1,0.25,0,0,1,0.25,1,1,0,0.25,1,0.75,1,0.25,179,0,1,0,1,0,1,0,0,0,0,0,1,0,0,0,0,0,0,0,0,0,0,1,5,2018,"MTL",36,10,2,1,0.451746906,0.157887332,3.781077121,3.974756761,7.913721214,NA,NA,0.005681619,0.057926949,0.261616441,0.126521889,283.5048479,1143.43705,5349.988806,4730.312367,2971.267452,3.61332836,0.732718613,1.130717464,0.398247768,2.261683845,465.2856615,566.0905965,545.5992724,646.4042074,0,1.07465805,0,0,7,0,0,0,0,0.733333333333333,"Montreal",11842.8897573899,1430.89902512802,17.5180418701086,6577.28345791924,627.574520455044,79.6906398734693,0.280072508122502,2531.145282487,NA,NA,8.79863637848579,5.00652868887607,15.495402197619,"PEL41",142
"207",0.731884090044019,0,0,0,0,1,6,97,0.31,4,0,0.666666666666667,0,0.833333333333333,1,1,1,1,1,0.833333333333333,0,0.833333333333333,0,0.333333333333333,0,0.333333333333333,0,0.333333333333333,0,0.333333333333333,0,0,1,0.333333333333333,0,0,0,0,1,1,1,0.333333333333333,1,0.666666666666667,0,0.333333333333333,1,0.166666666666667,523,0,1,0,1,1,1,0,0,1,0,0,1,1,0,0,0,0,0,0,0,0,0,1,5,2018,"MTL",114,22,4,4,0.853492915,NA,12.37955462,6.462463056,NA,NA,0.039481791,0.01070848,0.004007186,0.666239718,0.133055712,825.6873463,3287.686543,11268.33045,10534.16186,6315.198892,12.92160611,0.359506505,0,2.241009347,2.600515853,879.0950306,1062.899742,1025.82692,1209.631631,0,1.365123258,0,1,10,1,2,0,0,0.909774436090226,"Montreal",13202.6057298906,1417.27202386911,NA,7399.23997142964,967.421441688242,133.568771335378,0.15589550851749,3852.03729898566,0.0462590729297384,NA,7.57178289640518,3.046909713363,11.7165588890682,"PEL42",188
"210",0.731884090044019,1,0,0,0,1,4,88,0.143,3,1,1,1,1,1,1,1,1,1,1,1,1,1,0.75,1,0.5,1,0.5,1,0.75,0,0,1,0.25,0,0,1,0.5,0,0,1,0.75,1,0.5,1,0.5,1,0.5,424,0,1,0,0,0,0,0,0,0,0,0,0,0,0,0,1,0,0,0,0,0,0,0,4,2018,"MTL",56,6,3,2,0.737871284,NA,10.11055522,2.496163753,NA,NA,0.150575858,0.009963995,0.020585109,0.556289557,NA,214.8068129,1375.082698,4917.932127,4603.329433,1510.607179,9.5861112,0.530700149,0.860292935,1.75497222,3.145965303,695.35497,956.821422,739.5099471,1000.976399,0,NA,0,15,7,0,6,1,0,0.775510204081633,"Montreal",6665.02713093792,1356.57318655051,NA,2047.2502613342,291.116916402455,75.8939956253942,NA,1863.58071904584,0.204067919791821,NA,3.38292573125803,4.26356923113436,9.48674945317427,"PEL43",216
"212",0.731884090044019,0,0,0,1,1,3,74,0.33,2,1,1,1,1,1,1,1,1,1,1,1,1,1,1,1,1,1,1,1,1,0,0,1,0.333333333333333,1,0.333333333333333,1,0.666666666666667,0,0,1,0.666666666666667,0,0.333333333333333,0,0.333333333333333,1,0.333333333333333,983,0,1,0,1,1,1,0,0,1,0,0,1,1,0,0,0,0,1,1,0,0,1,1,5,2018,"MTL",91,17,7,8,1.136758788,0.211424706,15.31478587,5.739260733,21.26547131,0.005973663,0.120420546,0.015951578,0.046427604,0.783458287,0.164527072,1943.379356,4164.805907,20965.19592,21649.13969,9009.774652,13.77811373,0,0,2.937073264,2.937073264,2743.553308,3644.355337,3023.496437,3924.298467,0,NA,0,0,0,0,0,0,0,0.947780678851175,"Montreal",18442.959175962,3452.182211764,18.7071096652037,7925.84561220036,1709.5793553698,80.0521631859159,0.14473349468401,3663.75518796517,0.105933243948671,0.00525499610212822,5.04879381060039,2.58372602438152,0,"PEL44",48
"213",0.731884090044019,0,1,0,0,0,4,85,0.221,4,1,1,1,1,1,1,1,1,1,1,1,1,1,0.75,1,0.75,1,0.75,1,1,0,0,1,0.25,0,0,1,1,1,0.25,1,0.75,0,0.25,1,0.5,1,0.5,416,0,1,0,1,1,1,0,0,0,0,0,0,0,0,0,0,0,1,1,0,0,1,1,5,2018,"MTL",204,43,4,3,1.646354686,5.440368146,17.64544407,15.42842377,38.51423598,0.008251548,0.03946575,0.075213332,0.059215917,0.762880982,0.701327138,870.5484359,956.1353656,16203.41607,10176.42047,7231.095199,24.54138077,1.602739044,0.07143711,1.213881303,2.888057457,1560.940416,2182.336952,1778.005158,2399.401693,0,1.200843893,0,1,6,0,0,1,9,0.953020134228188,"Montreal",9841.9959002686,1457.40265655004,23.393644338921,4392.18551171907,528.773321631618,123.910115927474,0.425987877316978,580.759039185557,0.0239715963611015,0.005012011123829,9.37126361724948,1.75421340344155,3.64441517433747,"PEL46",51
"214",0.731884090044019,0,1,0,0,1,4,72,0.211,2,1,1,1,1,1,0.75,1,1,1,1,1,1,1,0.75,1,0.75,0,0.25,1,0.75,1,0.5,1,0.25,1,0.25,1,0.5,0,0,1,1,0,0.25,0,0,0,0,1021,1,0,0,1,1,1,0,0,1,0,0,0,0,0,0,0,0,1,1,1,0,1,1,3,2018,"MTL",222,11,3,5,3.090370229,2.355747531,28.89186265,14.13698948,45.38459966,0.083384738,0.754371566,0.110556468,0.368206843,1.771649245,NA,2376.387442,2210.16418,20790.67944,19630.91581,7239.886989,13.96217044,4.395283855,0,3.999543918,8.394827774,2770.493211,3665.9157,2998.245965,3893.668454,0,NA,0,0,3,1,3,1,0,0.728706624605678,"Montreal",6727.5691581871,1259.93591883,14.6858131217132,2342.72480399306,768.965290857389,71.8360531423564,NA,715.177799494651,0.244103945514678,0.0269821192352678,4.57452940341537,2.71644727069366,0.970757474896708,"PEL47",15
"215",0.731884090044019,0,0,0,0,1,4,92,0.205,4,1,1,1,1,1,1,1,1,1,1,1,1,1,0.75,1,0.75,1,0.75,1,1,1,0.25,1,0.25,0,0,1,0.25,1,0.25,1,1,1,0.5,1,1,1,1,335,1,1,0,1,1,1,0,0,0,0,0,0,0,0,0,0,0,1,1,0,0,1,1,5,2018,"MTL",18,7,1,1,0.325019285,NA,3.360952431,1.929311267,NA,NA,0.024658335,0.000205415,0.038919904,0.261235636,NA,668.72671,972.6014146,5087.114729,5052.118326,1825.055287,4.177055457,0,0,1.169602802,1.169602802,710.7356261,1019.313643,750.7355542,1059.313571,0,0.2491434,0,0,0,0,0,0,0,0.783132530120482,"Montreal",15651.7319549208,3259.23297443719,NA,5615.22153062394,2057.49855735484,55.3813291417462,NA,2992.44217031614,0.0758672981512466,NA,5.93599012747813,3.59856431903725,0,"PEL48",255
"217",0.731884090044019,0,1,0,0,1,4,75,0.216,2,1,1,1,1,1,1,1,1,1,1,1,1,1,0.5,1,0.5,1,0.5,1,1,0,0,1,0.25,0,0,1,0.75,1,0.5,1,0.75,1,0.5,1,1,1,1,471,0,1,0,1,1,1,0,0,0,0,0,1,0,0,0,0,0,1,1,0,0,0,1,4,2018,"MTL",53,2,2,3,0.818280911,NA,11.25366963,2.777030704,NA,NA,0.032384167,0.003503424,0.032229241,0.745807278,0.00435679,839.3804117,2025.427401,8766.851498,9069.092017,3168.693594,10.28561715,0,0,0.630651441,0.630651441,1212.700425,1787.296889,1304.313678,1878.910142,0,2.779639385,0,0,0,0,0,0,0,0.740983606557377,"Montreal",10713.743141443,2296.16763234014,NA,3872.37872887395,1025.78515570431,64.7699332680632,0.00532432070873519,2475.2225962656,0.0395758553873927,NA,3.39373761097062,0.770702863188263,0,"PEL49",45
"218",0.731884090044019,1,0,0,0,1,4,82,0.085,3,1,1,1,1,1,1,1,1,1,1,1,1,1,1,1,1,1,0.5,1,1,0,0,1,0.25,0,0,0,0,0,0,0,0,1,0.5,1,0.5,1,0.5,807,0,0,0,1,1,0,1,0,0,0,0,0,1,0,0,0,0,0,1,0,0,0,1,4,2018,"MTL",274,12,1,11,3.318020654,NA,31.77772058,19.01817719,NA,0.207549373,0.115843823,0.185278307,0.069969099,2.079700778,0.65967934,1518.886967,2006.138884,17445.52666,17297.89546,4736.612316,23.77330785,0.509076492,0,9.081938957,9.591015449,2605.870128,3550.646847,2790.563086,3735.339805,0,0.644383758,0,0,0,0,0,0,0,0.732558139534884,"Montreal",5257.81135176743,1125.77352419338,NA,1427.54154055365,457.768991030518,82.5793533472079,0.198817128882164,604.619167027042,0.0349135328197387,0.0625521642699214,5.73178384741905,2.89058340774271,0,"PEL5",52
"219",0.731884090044019,1,1,0,0,1,6,79,0.23,2,1,1,1,1,1,1,1,1,1,1,1,1,1,1,1,1,1,0.666666666666667,1,0.666666666666667,0,0,1,0.333333333333333,0,0,0,0,0,0,1,0.5,0,0.166666666666667,0,0.333333333333333,1,0.333333333333333,635,1,1,0,1,1,1,0,0,0,0,0,0,0,0,0,0,0,1,1,0,0,0,0,4,2018,"MTL",42,12,2,4,0.544671896,NA,5.308877329,3.12185636,NA,NA,0.071684547,0.020486842,0.02777485,0.280913474,0.143823322,1485.688444,864.5923088,5370.570472,5664.93539,1638.7402,5.258501688,0.489198024,0,0.316716919,0.805914943,1051.24264,1433.663053,1147.055866,1529.476279,0,NA,0,0,0,0,0,0,0,0.893835616438356,"Montreal",9860.19383676811,2808.06902326387,NA,3008.67405135954,2727.67597320645,77.1106427712584,0.264054971545659,1587.36353968225,0.131610511808011,NA,5.73162739426526,1.47963379223076,0,"PEL50",303
"221",0.731884090044019,0,0,0,1,1,5,85,0.062,3,1,1,1,1,1,1,1,1,1,1,1,1,1,1,1,1,1,0.8,1,1,0,0,0,0,1,0.2,0,0.2,0,0,0,0.2,0,0.2,0,0.2,0,0,506,1,0,0,1,1,1,0,0,1,0,0,1,0,0,0,0,0,0,0,0,0,0,0,3,2018,"MTL",593,58,9,30,7.392889408,0.15525319,68.240675,38.08817757,106.4841058,0.152446209,0.668757743,0.275944021,0.34744477,4.108719796,1.839576779,8301.558894,6959.050003,52527.61118,51064.91606,16745.76408,47.17174067,1.452200048,0,13.43454491,14.88674496,8707.741528,11687.40305,9433.941577,12413.6031,0,0.273766108,0,0,0,0,0,0,0,0.65979381443299,"Montreal",7105.15311146935,1679.12739051216,14.4035842988225,2265.11762260085,1122.91127810146,80.2122103109377,0.248830555615962,941.316665101126,0.0904595897615245,0.0206206532502752,5.15200153390418,2.01365719658822,0,"PEL51",293
"222",0.285318238275449,1,0,0,0,1,4,92,0.073,3,1,1,1,1,1,1,1,1,1,1,1,1,1,0.75,1,0.75,1,0.75,1,0.5,0,0,1,0.5,0,0,1,0.25,0,0,1,0.25,0,0.25,1,0.5,1,0.5,268,0,1,0,0,1,0,0,0,0,0,0,0,0,0,0,0,0,1,1,0,0,0,0,5,2018,"MTL",10697,343,114,310,229.9638587,153.5165315,1578.104839,743.1293804,2474.750751,4.660942525,10.80145457,43.2181239,26.62918453,104.810545,39.32927202,39320.08765,79200.4718,612650.8646,597673.4019,147848.4332,796.0126829,116.314526,33.7424848,155.7076986,305.7647094,84685.2844,119258.4508,91264.35144,125837.5179,4,18.0617375,0,25,105,0,7,0,18,0.794871794871795,"Montreal",2664.1180403884,547.205628794748,10.7614768902815,642.920300762896,170.983770546724,46.5160049951797,0.171023708865953,344.403995687519,0.0469702266741448,0.0202681523581514,3.23150509215212,1.32962071139573,0.456593486444224,"PEL52",310
"225",0.731884090044019,1,1,0,1,1,4,49,0.132,1,1,1,1,1,1,1,1,1,1,1,1,1,1,0.75,1,0.75,1,0.75,1,0.75,0,0,1,0.5,1,0.25,1,0.25,1,0.25,1,0.5,0,0.25,1,1,1,1,301,1,1,0,1,1,1,0,0,0,0,0,1,0,0,0,0,0,0,0,0,0,0,0,3,2018,"MTL",57,0,1,3,0.911330971,0.216702607,9.978314929,2.240806302,12.43582384,NA,0.033482821,0.072625905,0.030276095,0.561013788,0.212466664,330.2569232,763.4318948,4706.44803,4656.879595,1789.02856,1.806345147,1.332670954,0.841083203,0,2.173754157,632.6383718,900.5146199,705.861854,973.7381021,0,NA,0,0,0,0,0,0,0,0.538461538461538,"Montreal",5164.36747983626,1068.47910702686,13.6457820876582,1963.09421815974,362.389662712341,62.5458826856879,0.233138860371289,837.71090755567,0.0367405718289805,NA,2.45882821203933,2.38525214896927,0,"PEL53",66
"227",0.731884090044019,0,0,0,0,1,4,95,0.312,4,1,1,1,1,1,1,1,1,1,1,1,1,1,0.75,1,0.75,1,0.5,1,0.5,1,0.25,0,0,0,0,1,0.5,1,0.25,1,0.25,0,0.25,0,0.25,1,0.5,275,0,1,0,0,0,0,0,0,0,0,0,0,1,0,0,0,0,0,0,1,0,0,0,5,2018,"MTL",55,9,5,1,0.518623505,NA,5.667397567,4.13099527,NA,NA,0.032806153,0.001269547,0.018267606,0.4662802,NA,519.6972322,1808.626778,6671.068725,6409.830068,3488.008407,6.255588569,0.072533089,0,2.36631069,2.438843779,614.5741506,793.9860805,718.9023051,898.3142349,0,0.787518147,0,2,6,0,0,0,0,0.830645161290323,"Montreal",12863.028113236,1732.1124596927,NA,6725.51161559868,1002.07034041004,106.049956220168,NA,3487.35982955497,0.0632562016254932,NA,7.96530668234946,4.70253229074143,11.5690861331092,"PEL54",260
"228",0.731884090044019,0,1,0,0,1,5,66,0.095,1,0,0.8,1,1,1,1,1,1,1,0.8,1,1,1,0.6,1,0.6,1,0.6,0,0.4,0,0,1,0.2,1,0.2,1,0.4,0,0,0,0.2,0,0.2,0,0.2,1,0.2,410,1,1,0,1,1,1,0,0,0,0,0,1,0,0,0,0,0,1,1,0,0,1,1,3,2018,"MTL",46,2,3,2,0.608760575,NA,8.15076398,1.319737644,NA,NA,0.013380911,0.037066159,0.107125742,0.451187765,NA,174.7615577,1338.094243,4408.038184,4276.749927,1707.379144,3.3491235,1.577152018,0.026222403,0.028741055,1.632115476,598.0204387,786.5380422,655.4060061,843.9236097,0,NA,0,0,1,0,0,0,0,0.756329113924051,"Montreal",7241.00469876848,1386.29806915469,NA,2804.68087802828,287.077653969297,75.563369063445,NA,2198.06324185826,0.0219805807890894,NA,2.1679091882716,2.6810466101554,1.64268193616185,"PEL55",217
"229",0.731884090044019,0,1,0,0,1,3,54,0.205,2,1,1,1,1,1,1,1,1,1,1,1,1,1,1,1,0.666666666666667,1,0.666666666666667,0,0.333333333333333,0,0,1,0.333333333333333,1,0.333333333333333,1,0.333333333333333,0,0,1,0.333333333333333,0,0.333333333333333,1,1,1,1,298,0,1,0,1,1,1,0,1,0,0,0,1,1,0,0,0,0,1,1,0,0,0,1,3,2018,"MTL",50,1,0,2,0.914960967,1.130524047,5.655177115,5.566119609,12.35182077,NA,0.025849394,0.074650604,0.04491097,0.361859082,0.407315401,414.9671778,545.5174547,4471.205146,4484.3419,1873.488432,4.180991463,0.622153161,0.08319669,0,0.705349851,628.7920078,842.6169381,695.8810505,909.7059808,0,NA,0,0,0,0,0,0,0,0.823529411764706,"Montreal",4886.77146595697,994.256600675294,13.4998335617524,2047.6156902549,453.535388685056,54.6471399364078,0.445172434334021,596.219373694878,0.0282519090237868,NA,6.08345034351613,0.770907040234428,0,"PEL56",162
"230",0.480497721984227,1,1,0,0,1,4,73,0.196,2,1,1,1,1,1,1,1,1,1,1,1,1,1,1,1,1,1,1,1,1,0,0,1,0.25,1,0.25,1,0.25,0,0,0,0,1,0.75,0,0,0,0,600,1,0,0,1,1,1,0,1,0,0,0,0,1,0,0,0,0,1,1,0,0,1,1,4,2018,"MTL",174,20,3,2,3.109844017,NA,16.76507824,14.46291162,NA,0.549237856,0.020351265,0.372293326,0.051355556,0.842910701,1.273695382,780.9223011,393.0304265,9041.349827,7616.145863,3597.959926,12.89402997,1.417847505,0.000491396,2.052319866,3.470658767,1099.743743,1452.007965,1183.485739,1535.749961,0,NA,0,0,0,0,0,0,0,0.553846153846154,"Montreal",2907.33225768732,493.835045296421,NA,1156.95832534742,251.113013010003,55.9513593121799,0.409568896393944,126.382681688051,0.00654414333604823,0.176612670281077,4.65068715374093,1.11602342369186,0,"PEL57",80
"231",0.480497721984227,1,1,0,0,1,5,34,0.031,1,0,0,0,0.4,0,0.2,0,0.4,0,0,0,0.4,1,0.8,1,0.8,0,0.2,1,0.8,0,0,1,0.2,1,0.2,0,0,0,0,0,0,0,0.2,0,0.2,1,0.4,436,1,1,0,1,1,0,1,1,0,0,0,0,0,1,1,0,0,0,0,0,0,1,1,2,2018,"MTL",173,1,1,1,2.081745879,NA,24.40373164,4.437853483,NA,NA,NA,0.217426597,0.031955421,1.826468814,NA,96.7881945,36.93778577,5081.097202,5221.051243,64.79263236,0.853260076,2.369340095,0.000816817,2.178495551,4.548652464,669.3685676,1052.428282,696.2515453,1079.31126,0,NA,0,0,0,0,0,0,0,0.296650717703349,"Montreal",2440.78648275782,518.464463356336,NA,31.1241794753182,46.4937605864236,83.1033229104329,NA,17.7436574476341,NA,NA,2.13179405217883,2.1850181186308,0,"PEL58",239
"232",0.480497721984227,1,1,0,0,0,3,60,0.054,1,0,0.333333333333333,1,1,1,1,1,1,0,0.333333333333333,1,1,1,1,1,1,1,0.666666666666667,1,0.666666666666667,0,0,1,0.333333333333333,1,0.333333333333333,0,0,0,0,1,0.333333333333333,0,0.333333333333333,0,0.333333333333333,0,0,344,1,1,0,1,0,0,0,0,0,0,0,1,0,0,0,0,0,0,0,0,0,0,0,3,2018,"MTL",139,6,3,3,2.123929157,NA,25.00300117,4.867481041,NA,0.072938175,0.02295086,0.032477114,0.070139171,1.87763234,0.033237629,173.0771176,1265.743205,6731.629864,6567.765032,751.0790252,1.750340847,0.030210539,0,0.677564465,0.707775003,849.50033,1303.029171,911.7555571,1365.284398,0,NA,0,0,0,0,0,0,0,0.455497382198953,"Montreal",3169.42297336709,642.810704632179,NA,353.627154994605,81.4891198369664,65.4447440216576,0.0156491231783584,595.94417300991,0.0108058500559489,0.0343411524624595,2.29173417811882,0.333238517239302,0,"PEL59",182
"233",0.480497721984227,1,1,0,1,1,4,40,0.167,2,1,1,1,1,1,1,1,1,1,1,1,1,1,0.75,1,0.5,0,0.25,1,0.5,0,0,0,0,1,0.25,1,0.25,0,0,0,0,0,0.25,0,0,1,0.25,538,1,1,0,1,1,1,0,0,0,0,0,0,0,0,0,0,0,0,0,0,0,0,0,3,2018,"MTL",199,6,2,3,2.934851467,NA,31.28340646,9.444421975,NA,0.075873359,0.044729947,0.067537282,0.085632574,2.469217127,0.012559441,1209.928163,654.3349726,12378.53433,12288.39811,2292.368857,2.545174934,3.381248932,0,1.652929612,5.034178544,1746.482504,2554.041752,1841.349942,2648.90919,0,NA,0,0,0,0,0,0,0,0.48780487804878,"Montreal",4217.77199602313,902.570102707007,NA,781.085135917715,412.262145667217,67.8058164910872,0.00427941282249566,222.95335213978,0.0152409576780807,0.0258525379744542,3.21802383568463,1.71530948008961,0,"PEL6",51
"234",0.285318238275449,0,1,0,0,1,3,70,0.123,1,1,1,1,1,1,0.666666666666667,1,0.666666666666667,1,1,1,1,1,0.666666666666667,1,0.666666666666667,0,0.333333333333333,0,0.333333333333333,0,0,0,0,1,0.333333333333333,0,0,0,0,1,1,0,0.333333333333333,0,0,1,0.333333333333333,302,1,0,0,0,1,1,0,1,0,0,0,1,0,1,1,0,0,1,1,0,0,0,0,4,2018,"MTL",2127,174,19,63,44.3931365,43.38084975,259.556427,199.9913781,502.9286548,0.643937759,2.01071647,8.796112656,2.410880256,16.16496168,14.35485951,16226.90022,13707.96027,133894.4502,126039.2868,37990.18825,260.1759671,10.95282775,1.932869818,55.18264898,68.06834654,22126.38946,29472.16707,23997.62668,31343.40429,4,3.169603596,0,33,2,0,3,0,1,0.467289719626168,"Montreal",3016.10701014559,706.04167132908,11.3289732253994,855.767157835311,365.527230093328,47.9128119275825,0.323357632322285,308.7855770227,0.0452934085880596,0.014505344964756,4.5050067165225,1.53330789186297,0.0450520093348214,"PEL60",145
"235",0.731884090044019,1,1,0,0,0,6,85,0.12,NA,1,1,1,1,1,1,1,1,1,1,1,1,1,1,1,0.833333333333333,1,0.833333333333333,1,1,0,0,1,0.333333333333333,1,0.333333333333333,1,0.833333333333333,0,0,0,0.333333333333333,0,0.166666666666667,1,0.666666666666667,0,0,164,1,1,0,1,1,0,0,0,1,0,0,1,0,0,0,0,0,1,1,0,0,1,1,4,2019,"MTL",717,115,23,33,10.16404376,9.978364003,88.25118725,65.02349922,163.2530505,0.093097731,0.973618006,0.583754988,0.798600724,5.352208727,1.974166528,5857.33592,13194.40563,65700.54146,59735.23997,28123.49972,111.9582317,4.127973194,1.247379186,15.91563342,21.2909858,8560.212137,11449.91315,9447.184231,12336.88524,0,1.027500606,0,49,20,0,19,1,1,0.392156862745098,"Montreal",6464.01599711334,1213.7772653588,16.0618209007003,2766.95972430563,576.280076936623,70.5427895560339,0.194230423895774,1298.14529940591,0.0957904185567969,0.00915951694013565,6.39740449326834,2.09473574718258,1.96772076864809,"PEL61",116
"236",0.731884090044019,0,0,0,0,0,4,86,0.346,4,1,1,1,1,1,1,1,1,1,1,1,1,1,0.75,1,0.5,1,0.5,1,0.75,1,0.25,1,0.5,1,0.25,1,0.75,0,0,1,0.5,0,0.25,1,1,0,0,315,1,1,0,0,1,1,1,0,1,0,0,1,0,1,0,0,0,1,1,0,0,0,1,5,2018,"MTL",594,85,16,38,8.983592535,10.95575472,92.69620202,41.76822317,145.4201799,NA,0.804839726,0.308397593,0.469369947,6.879503414,0.521481856,6290.24552,19787.1968,72456.63032,72241.16809,26746.35998,91.11913637,3.579196199,0.076643327,13.55775825,17.21359778,9758.773415,13440.7086,10479.71,14161.64519,0,30.85148832,0,0,0,0,0,0,0,0.614583333333333,"Montreal",8065.4404168165,1576.38997258907,16.1873080656145,2977.2454478313,700.192656277904,66.1205411627677,0.0580482534095699,2202.59286281176,0.0895899633542318,NA,4.64938976331255,1.91611515247781,0,"PEL64",88
"237",0.731884090044019,0,0,0,0,1,4,86,0.084,3,1,1,1,1,1,1,1,1,1,1,1,1,1,0.75,1,0.75,1,0.75,1,1,0,0,1,0.25,0,0,1,0.25,0,0,1,0.25,1,0.75,1,1,0,0,506,1,1,0,1,1,1,1,0,1,0,0,0,1,0,0,0,0,1,1,1,0,1,1,5,2018,"MTL",594,85,16,38,8.983592535,10.95575472,92.69620202,41.76822317,145.4201799,NA,0.804839726,0.308397593,0.469369947,6.879503414,0.521481856,6290.24552,19787.1968,72456.63032,72241.16809,26746.35998,91.11913637,3.579196199,0.076643327,13.55775825,17.21359778,9758.773415,13440.7086,10479.71,14161.64519,0,30.85148832,0,0,0,0,0,0,0,0.602649006622517,"Montreal",8065.4404168165,1576.38997258907,16.1873080656145,2977.2454478313,700.192656277904,66.1205411627677,0.0580482534095699,2202.59286281176,0.0895899633542318,NA,4.64938976331255,1.91611515247781,0,"PEL65",39
"238",0.731884090044019,0,1,0,0,0,4,78,0.306,NA,1,1,1,1,1,1,1,1,1,1,1,1,1,1,1,1,1,1,1,1,0,0,0,0,0,0.25,1,1,0,0,0,0,0,0.5,1,0.75,0,0,170,1,0,0,1,1,1,0,0,0,1,0,1,0,0,0,0,0,1,1,0,0,1,1,4,2019,"MTL",515,78,15,16,6.533969707,5.623919424,53.53023261,39.78009567,98.93424771,0.479515618,0.444098585,0.367283611,1.692552987,3.381803664,0.16871522,4281.272922,7451.667074,45967.8558,43676.55804,19845.2864,59.19474226,2.205273169,1.956117718,14.37555903,18.53694992,6225.427658,8067.737186,6875.835101,8718.144628,0,13.01304901,0,5,16,0,22,0,0,0.367088607594937,"Montreal",7035.21103728925,1334.27992766175,15.1415222516274,3037.24799622797,655.233053409074,78.8188533301996,0.0258212430674803,1140.45020227395,0.0679676528840081,0.0733880993488971,6.08819713800978,2.83701191637618,2.4487410743363,"PEL66",117
"239",0.285318238275449,1,1,0,1,0,5,46,0.012,1,0,0.2,0,0.6,0,0.2,0,0.2,0,0.2,0,0.6,1,0.8,1,0.8,0,0.4,0,0.4,0,0,1,0.2,1,0.2,1,0.4,0,0,0,0,0,0.2,0,0,0,0,292,0,0,0,1,0,1,1,0,0,0,0,0,0,0,0,0,0,0,0,0,0,1,1,3,2018,"MTL",350,6,2,5,10.50398519,NA,59.31032908,18.94222762,NA,0.143675305,0.095739826,2.952084101,2.86689165,4.286067822,0.153615412,1509.946513,979.3836969,19725.68455,19341.56478,2650.762985,3.457776677,3.482456445,11.64052657,9.293002035,24.41598505,2882.464129,4196.948803,3033.031654,4347.516329,0,NA,0,0,0,0,0,0,0,0.220183486238532,"Montreal",1877.92387300577,413.892084800245,NA,252.357837244818,143.749870709785,33.3206867364214,0.0146244886318237,93.2392495976092,0.00911461928670141,0.0136781709418994,1.80333723604574,2.32444968346342,0,"PEL67",107
"240",0.285318238275449,1,1,0,0,1,4,47,0.034,1,0,0,0,0.5,0,0.25,1,1,0,0,0,0.5,1,1,1,1,0,0.25,1,0.75,0,0,1,0.25,1,0.25,1,0.25,0,0,0,0,0,0.25,0,0,0,0,272,0,0,0,0,1,0,0,0,0,0,0,1,0,0,0,0,0,0,0,0,0,0,0,3,2018,"MTL",718,11,5,10,23.80922559,NA,110.6945957,37.26646429,NA,0.035688553,0.053021562,8.409335042,4.819616232,10.43550946,NA,954.2782419,1212.891797,28647.9123,28528.40524,2733.301535,5.483993242,9.92233795,9.296114672,22.0944983,41.31295092,3654.518806,5499.485157,3877.0779,5722.044251,0,NA,0,0,0,0,0,0,0,0.341772151898734,"Montreal",1203.22738728774,240.328868713953,NA,114.800102366538,40.0801881729745,30.1563777152653,NA,50.9420935349288,0.00222693349683197,0.00149893800052822,1.56521110479343,1.73516567197178,0,"PEL69",108
"241",0.285318238275449,0,1,0,0,0,8,51,0.047,1,0,0,0,0.25,0,0.25,0,0.25,0,0,0,0.25,1,0.75,1,0.75,0,0.375,0,0.375,0,0,1,0.125,1,0.125,1,0.25,0,0,0,0,0,0.25,0,0,1,0.125,383,0,0,0,0,1,1,0,0,0,0,0,0,0,0,0,0,0,1,1,0,0,1,1,3,2018,"MTL",1468,22,3,27,22.8943447,3.076776312,219.8020565,82.48944766,305.3682805,1.436936512,0.377595241,1.697669067,0.640652536,16.39484195,2.14968573,3811.743856,2369.606577,71175.88278,70869.78498,7347.124001,43.7469997,12.38026235,0.822425474,14.50749865,27.71018647,9313.855888,13849.91055,9870.110177,14406.16483,0,NA,0,0,0,0,0,0,0,0.196428571428571,"Montreal",3108.88491077886,629.245563425102,13.3381533519062,320.914361047425,166.492813222996,64.1206384911292,0.0938959274951425,103.501830170313,0.0164929481908255,0.0627638192238802,3.60304908224781,1.21035071468982,0,"PEL70",471
"243",0.480497721984227,0,0,0,1,1,4,73,0.047,3,1,1,1,1,1,0.5,1,0.75,0,0,0,0,1,0.75,1,0.75,0,0,1,1,0,0,1,0.75,0,0,1,0.5,0,0,0,0,1,0.75,0,0,0,0,213,1,1,0,0,1,0,0,0,0,0,0,1,0,0,0,0,0,1,0,1,1,0,0,3,2018,"PEL",62,4,3,1,1.158459869,NA,9.429802686,3.040795553,NA,NA,0.022284249,0.002783805,0.131256316,0.731940257,0.270195234,126.3071223,778.8584463,4431.960019,4336.864429,840.874996,1.56525e-06,0,3.451294784,0,3.451294784,579.4612065,886.0594432,622.4914776,929.0897142,0,NA,0,0,0,0,0,0,0,0.601226993865031,"Peel",3825.73461334119,802.004229116719,NA,725.855956258421,109.03020957388,53.5193334349332,0.233236593886706,672.322336873285,0.0192360992351303,NA,2.6248605017495,2.9792096181797,0,"PEL71",29
"244",0.480497721984227,0,1,0,0,0,4,51,0.164,4,0,0.75,0,0.75,0,0.25,1,0.5,0,0,0,0,1,0.5,1,0.5,0,0,0,0.25,0,0,1,0.25,0,0,0,0,0,0,0,0,0,0,1,1,1,1,371,1,1,0,0,1,1,1,1,0,0,1,0,0,0,0,0,1,0,1,0,0,0,0,3,2018,"PEL",41,3,4,1,1.394246715,1.314064397,5.643550137,4.299280474,11.25689501,NA,0.062910265,0.746458425,0.000778651,0.521449307,0.06265006,706.5489489,129.3402022,4856.956724,4885.661123,791.0459596,3.621730766,0.703712929,1.074887729,0,1.778600658,745.6891949,1049.732909,801.8286148,1105.872329,0,NA,0,0,0,0,0,0,0,0.518018018018018,"Peel",3483.57049849675,793.168323154342,8.07381856373963,567.364406234229,506.760346858698,29.4065602299088,0.0449347015316439,92.7670840522654,0.0451213291902933,NA,3.08358659034029,1.2756713993764,0,"PEL72",178
"245",0.480497721984227,1,1,0,1,0,3,80,0.179,4,1,1,1,1,1,1,1,1,0,0,0,0,1,0.666666666666667,1,0.666666666666667,0,0,1,1,0,0,1,0.333333333333333,1,0.333333333333333,0,0,0,0,0,0,0,0.333333333333333,1,1,1,1,392,0,1,0,0,0,1,0,0,1,0,0,0,0,0,0,0,0,0,0,0,0,0,0,3,2018,"PEL",144,13,17,1,3.263072778,NA,23.15179564,10.82355504,NA,0.148809037,0.300992736,0.570685057,0.156477799,1.524518767,0.561589407,676.2035897,184.0344377,12916.87728,13039.36092,1606.586525,6.412859621,0.117368263,10.49547333,0.668122162,11.28096376,1558.475187,2374.88414,1678.092384,2494.501338,0,NA,0,0,0,0,0,0,0,0.651898734177215,"Peel",3958.50113031098,764.463898818992,NA,492.353874492713,207.229086111422,44.130183356885,0.172104468765238,56.3991213866821,0.0922421154775727,0.0456039589442464,3.31698242005928,3.45715971646649,0,"PEL78",91
"248",0.59793070477151,0,1,0,0,1,3,46,0.07,1,1,1,1,1,1,1,1,1,1,0.666666666666667,1,1,1,1,1,1,0,0,1,0.666666666666667,0,0,1,0.333333333333333,0,0,1,0.333333333333333,0,0,0,0,1,1,1,1,1,1,413,0,1,0,0,1,0,0,0,0,0,0,0,1,1,0,0,0,1,1,0,1,0,0,3,2018,"PEL",73,8,1,1,0.542126599,NA,7.696055752,2.043599988,NA,NA,NA,0.104212998,NA,0.437913523,NA,365.4497692,0,3313.506342,753.4182217,73.0258984,1.33335033,0,1.050223928,0.694004874,1.744228802,729.3442953,926.9526454,805.3510876,1002.959438,0,NA,0,0,0,0,0,0,0,0.786458333333333,"Peel",6112.05269786071,1850.04653866836,NA,134.702666378486,674.104111242843,134.654894511088,NA,0,NA,NA,3.769599189137,3.21738281282893,0,"PEL79",136
"249",0.480497721984227,0,1,0,0,0,4,37,0.131,2,0,0.5,0,0.5,0,0.25,1,0.75,0,0,0,0,1,0.5,1,0.5,0,0,0,0.25,1,0.5,1,0.25,1,0.25,0,0,0,0,0,0,1,0.5,0,0,0,0,491,1,0,0,0,1,1,0,1,1,0,0,1,0,1,1,0,0,1,1,1,1,0,0,2,2018,"PEL",151,39,1,1,4.691520169,2.489549826,20.16866257,19.57409078,42.23230318,0.652543759,0.097683549,0.690244364,0.401325269,1.537195608,1.292376501,1372.556141,396.3852822,11206.60735,9581.965469,2652.742989,14.69971867,2.594526247,6.660555518,1.000873957,10.25595572,1290.673991,1797.691896,1406.593676,1913.61158,0,NA,0,0,0,0,0,0,0,0.623931623931624,"Peel",2388.69427100613,407.887318196884,9.00183771116598,565.433568106227,292.56106582881,32.1857296911474,0.275470733247529,84.4897320956183,0.0208213000224235,0.139090046614697,4.17222778009973,2.18606237435958,0,"PEL8",498
"251",0.480497721984227,1,1,0,1,1,5,45,0.077,1,0,0.4,1,1,0,0.4,0,0.4,0,0,0,0,0,0.4,0,0.4,0,0,0,0.4,0,0,1,0.2,1,0.2,0,0,0,0,0,0,1,0.8,0,0,1,0.2,378,0,0,0,0,0,1,0,0,1,0,0,1,0,0,0,0,0,1,1,0,0,0,0,3,2018,"PEL",133,15,10,1,5.722543872,5.81538338,32.38704859,17.8858896,56.08832157,0.257231633,0.044270755,1.125952978,0.217212665,2.880014101,1.185034307,626.1732366,40.03330439,14573.66169,15208.24643,639.74936,12.67026374,2.71415104,6.324788791,1.291933234,10.33087306,1764.554353,2737.610767,1864.582175,2837.638589,0,NA,0,0,0,0,0,0,0,0.614457831325301,"Peel",2546.71034700282,495.870132666761,9.80129166758094,111.794574984431,109.422181918748,23.2414120319391,0.207081733841883,6.99571821299267,0.00773620193924832,0.0449505742120416,3.12551375752913,1.80529381531669,0,"PEL80",185
"252",0.480497721984227,0,1,1,0,1,4,31,0.072,1,0,0.5,0,0.5,0,0.25,0,0.25,0,0.25,0,0.25,1,0.5,1,0.5,0,0,0,0.25,1,0.5,1,0.25,1,0.25,0,0,0,0,0,0,0,0.25,1,0.5,0,0,661,1,1,0,0,0,1,0,0,0,1,1,0,0,0,0,0,0,0,0,1,1,0,0,2,2018,"PEL",52,3,1,1,1.376980344,NA,11.19273046,2.339492567,NA,NA,NA,1.314163335,0.06281699,NA,NA,472.0469127,5.906428606,6396.985672,0.013353157,21.06130077,1.491192691,0,2.677522611,0.591415566,3.268938177,1367.276809,1864.428858,1461.231302,1958.383351,0,NA,0,0,0,0,0,0,0,0.374712643678161,"Peel",4645.66230002772,1422.23043308743,NA,15.2952806202149,342.813108957494,37.7637925091544,NA,4.28940662205996,NA,NA,1.69900215147879,2.37399044310541,0,"PEL82",244
"253",0.480497721984227,0,1,1,0,1,3,34,0.082,2,1,1,1,1,0,0.333333333333333,1,0.666666666666667,0,0,0,0.333333333333333,1,0.666666666666667,1,0.666666666666667,0,0,1,0.666666666666667,0,0,1,0.333333333333333,1,0.333333333333333,1,0.333333333333333,0,0,0,0,0,0.333333333333333,0,0,0,0,588,1,1,0,0,1,1,1,0,1,0,0,1,1,0,0,0,0,1,1,0,0,0,0,2,2018,"PEL",54,4,1,1,0.887884893,NA,9.633286485,3.501553994,NA,NA,NA,0.095861734,NA,0.792023172,NA,279.3800537,0,3042.367103,698.0992338,72.34958569,2.507959241,0,2.747314876,0,2.747314876,533.2733638,791.5818978,573.9709099,832.2794439,0,NA,0,0,0,0,0,0,0,0.504694835680751,"Peel",3426.53324432675,937.373133005879,NA,81.4853211946698,314.65796512882,60.8186944340768,NA,0,NA,NA,3.94370263713902,3.09422414736366,0,"PEL84",164
"254",0.59793070477151,0,1,0,0,1,4,54,0.07,3,0,0.5,1,1,1,0.5,1,0.5,0,0,0,0,0,0.25,0,0.25,0,0,1,0.5,0,0,1,0.25,1,0.25,0,0,0,0,0,0,1,0.5,1,1,0,0,663,1,1,0,1,1,1,1,1,1,0,1,1,1,0,0,0,0,1,1,0,0,1,1,3,2018,"PEL",30,0,2,1,0.688723358,NA,7.641072663,0.765056847,NA,NA,NA,0.107160203,NA,0.581563151,NA,334.1972116,0,3817.219522,NA,33.75497913,NA,0,0.818959241,0,0.818959241,742.1610027,1058.993989,782.1835164,1099.016503,0,NA,0,0,0,0,0,0,0,0.684615384615385,"Peel",5542.45689166825,1595.72996941974,NA,49.0109399338827,485.24158171502,43.5588537132205,NA,0,NA,NA,1.11083330935902,1.1890975258603,0,"PEL87",126
"255",0.285318238275449,0,1,0,0,0,4,27,0.065,1,0,0.5,1,1,0,0.25,1,0.75,1,0.75,0,0.75,0,0.25,0,0.25,0,0,0,0.25,0,0,1,0.25,0,0,0,0,0,0,0,0,1,0.5,0,0.25,0,0,1100,1,0,0,0,1,1,0,0,0,0,1,0,0,0,0,0,0,1,1,0,0,0,0,1,2018,"PEL",136,7,0,1,7.81516227,3.968594395,34.12642872,11.77161484,49.86663795,NA,NA,1.952704936,2.077793657,3.622731239,NA,571.0441382,37.97316796,9806.760438,2341.661851,60.28115909,7.074650853,0,4.799374668,0.311186106,5.110560774,1796.351428,2444.818066,1939.054536,2587.521173,0,NA,0,0,0,0,0,0,0,0.28125,"Peel",1254.83772430998,331.089884458663,6.38075528404863,7.71335987755504,73.0687500107403,17.4020698868995,NA,4.85890972549185,NA,NA,1.50625341270105,0.65392893934114,0,"PEL88",58
"256",0.480497721984227,1,1,0,0,1,4,44,0.076,1,0,0.75,1,1,0,0.25,0,0.25,0,0,0,0.25,1,0.5,1,0.5,0,0,1,0.5,0,0,1,0.25,1,0.25,0,0,0,0,0,0,1,0.75,0,0,0,0,842,1,1,0,1,1,1,0,0,0,0,0,1,1,1,1,0,0,1,1,1,0,0,0,2,2018,"PEL",40,2,2,1,1.672079161,NA,10.27996235,2.104851024,NA,NA,NA,1.643858755,0.006012341,0.022208085,NA,431.700395,3.68332753,5536.88198,0.125668638,37.15052112,NA,0,3.529030898,0,3.529030898,1168.994219,1564.005688,1262.398568,1657.410037,0,NA,0,0,0,0,0,0,0,0.719022687609075,"Peel",3311.37550729872,991.227015836244,NA,22.2181592752952,258.181792506653,23.9223123719081,NA,2.20284279351772,NA,NA,1.25882259231147,2.11056448780178,0,"SUR101",122
"258",0.480497721984227,0,1,0,0,1,4,59,0.041,3,0,0.75,1,1,0,0,0,0.25,0,0,0,0,0,0.25,0,0.25,0,0,0,0,1,0.75,1,0.25,0,0,0,0,0,0,0,0,0,0.25,0,0,0,0,126,0,0,0,0,1,1,0,1,0,0,0,1,0,0,0,0,0,1,1,0,0,0,0,3,2018,"PEL",37,5,4,1,1.426326489,NA,8.185003698,3.261328826,NA,NA,NA,0.070778213,0.102795738,0.691390584,0.540404449,250.2783187,59.31592289,5025.608365,5148.048463,520.0667169,0.813248382,0,6.324541113,0,6.324541113,666.6063781,958.5312312,701.2803543,993.2052074,0,NA,0,0,0,0,0,0,0,0.357142857142857,"Peel",3523.46282829218,696.337910751653,NA,364.619686243519,175.47056766468,25.9407648146118,0.378878505845375,41.5864974446254,NA,NA,2.28652335292919,4.43414685331557,0,"SUR102",119
"260",0.480497721984227,0,1,0,0,0,1,52,0.045,3,0,0,0,0,1,1,1,1,1,1,1,1,1,1,1,1,0,0,1,1,0,0,0,0,0,0,1,1,0,0,0,0,1,1,0,0,0,0,282,0,1,0,0,0,0,0,0,0,0,0,1,0,0,0,0,0,1,1,0,0,0,0,2,2018,"PEL",237,30,5,1,7.185310187,3.688749871,41.45030125,21.46019793,66.59924905,0.200457733,0.212813228,0.41132087,0.223827948,2.636319872,3.500441776,332.1300195,998.609135,10851.86916,11012.13796,888.5406498,20.68934583,1.478122393,8.637520896,1.143361224,11.25900451,1290.683529,1837.816155,1370.992529,1918.125155,0,NA,0,0,0,0,0,0,0,0.450549450549451,"Peel",1510.28541253984,266.95091862149,9.26880640038261,123.660722595886,46.223476907219,32.9839622552122,0.487166411038616,138.979265892617,0.0296178205897126,0.0278982713039553,2.98667661819622,1.56694759404685,0,"SUR105",151
"261",0.59793070477151,0,1,1,0,1,1,63,0.097,4,1,1,1,1,1,1,1,1,0,0,0,0,1,1,1,1,0,0,1,1,0,0,1,1,0,0,0,0,0,0,0,0,1,1,0,0,0,0,569,1,1,0,0,0,1,0,0,0,0,0,0,0,0,0,0,0,0,0,1,1,0,0,5,2018,"PEL",30,6,4,1,0.855013909,NA,3.509181821,4.740015386,NA,0.018795176,0.012555557,0.122217027,0.146630878,0.553655549,0.00115972,1350.87371,171.0000072,10670.11462,10596.03476,2934.352266,2.732084401,0,2.246501666,1.026797987,3.273299653,1398.339339,1945.824722,1517.288143,2064.773525,0,NA,0,0,0,0,0,0,0,0.625570776255708,"Peel",12479.4632083582,2414.90051011556,NA,3431.93512422732,1579.94354919903,35.087148506259,0.00135637559552262,199.996754906592,0.01468462310126,0.0219823043837758,5.54378745901782,3.82835836767657,0,"SUR106",167
"262",0.59793070477151,0,1,0,0,0,4,68,0.051,3,1,1,1,1,0,0.25,0,0.25,0,0,0,0,0,0.25,0,0.25,0,0,0,0.25,0,0,1,0.25,1,0.25,0,0,0,0,1,0.25,1,0.75,0,0,0,0,708,1,1,0,0,0,1,0,1,0,0,0,0,0,0,0,0,0,0,0,0,0,1,1,3,2018,"PEL",67,9,7,1,1.778482281,0.799308155,10.473841,7.244688018,18.51783717,0.190998994,0.145998415,0.08166417,0.028774009,1.270976592,0.06007009,1871.914871,481.4834737,12816.35744,13231.75617,3854.731968,4.093700492,3.219696256,2.356793655,1.199605525,6.776095435,2025.706501,2667.113991,2192.636682,2834.044172,0,NA,0,0,0,0,0,0,0,0.722972972972973,"Peel",7206.34530741215,1593.51836241319,10.4121572465641,2167.4278170669,1052.5350131391,37.6725709981926,0.0337760407521316,270.727169364472,0.0820915769359863,0.107394375552961,4.07352274205761,3.81004382635173,0,"SUR107",147
"263",0.480497721984227,1,1,0,0,1,4,46,0.064,1,1,1,1,1,0,0.25,0,0.25,0,0,0,0,1,0.5,1,0.5,0,0,1,0.5,0,0,1,0.25,1,0.25,1,0.25,0,0,0,0,1,0.5,1,1,1,1,412,1,0,0,1,1,1,0,0,1,0,0,1,0,0,0,0,0,1,1,0,0,1,1,3,2018,"PEL",130,12,6,1,3.1992002,1.226734531,27.89585309,7.508226852,36.63081447,0.084378712,0.154137377,0.197242195,0.150044769,2.510505297,0.088960087,972.0990279,221.9269015,13950.73753,14257.71526,2037.415376,4.821752706,6.38763973,5.557303493,0.903750358,12.84869358,1602.573802,2412.270898,1719.65461,2529.351705,0,NA,0,0,0,0,0,0,0,0.396551724137931,"Peel",4360.6953794264,790.6200134021,11.4499913040766,636.851478066299,303.856891450557,40.6351562493651,0.0278069771938624,69.3694947568458,0.0481799722943253,0.0263749395864629,2.34690747143614,4.01622054787318,0,"SUR108",127
"264",0.480497721984227,0,1,0,1,1,4,35,0.067,1,0,0.5,0,0.5,1,0.5,1,0.5,0,0,0,0,0,0.25,0,0.25,0,0,0,0.25,0,0,1,0.25,1,0.25,0,0,0,0,0,0,1,0.5,0,0.25,0,0,235,0,1,0,0,0,0,0,0,0,1,1,0,1,0,0,0,0,1,1,0,0,0,0,3,2018,"PEL",72,5,1,1,1.302490774,NA,12.51300717,4.738757495,NA,NA,0.222023409,0.047176674,0.133432803,0.899857856,NA,227.9577708,64.95205177,5049.644207,5166.403828,174.270413,2.56466418,0,4.880037592,0,4.880037592,632.8801117,951.5817801,687.1799558,1005.881624,0,NA,0,0,0,0,0,0,0,0.618181818181818,"Peel",3876.9136087562,772.275431104129,NA,133.797809918307,175.016802690995,55.2787024962067,NA,49.8675714765562,0.17046063851812,NA,3.6382273023302,3.74669647525657,0,"SUR109",71
"265",0.59793070477151,0,1,0,0,0,2,54,0.169,4,0,0.5,1,1,1,0.5,1,0.5,0,0,0,0,1,0.5,1,0.5,0,0,1,0.5,0,0,1,0.5,0,0,0,0,0,0,1,0.5,1,1,1,1,1,1,226,0,1,0,0,0,0,0,0,0,0,0,0,0,0,0,0,0,0,0,1,0,0,0,3,2018,"PEL",15,2,1,1,0.315608556,NA,3.106862157,0.895006383,NA,NA,0.044682874,0.013081924,0.049496245,0.208347509,NA,166.5941626,64.59964086,2357.561931,2221.550627,68.90660821,0.719730688,0,1.453638331,0,1.453638331,348.3079567,502.8329649,371.4180893,525.9430975,0,NA,0,0,0,0,1,0,0,0.73015873015873,"Peel",7469.89232763386,1666.44118957282,NA,218.3293415214,527.850590336974,47.5272286344481,NA,204.68279339043,0.141576877909482,NA,2.83581153294209,4.60582675394897,0,"SUR11",27
"266",0.480497721984227,0,0,0,0,1,2,48,0.111,2,1,1,1,1,0,0,1,1,0,0,0,0,1,0.5,1,0.5,0,0,1,1,0,0,1,0.5,1,0.5,1,0.5,0,0,1,0.5,1,0.5,1,1,1,0.5,375,1,1,0,1,0,1,1,0,1,0,0,1,0,1,1,0,0,1,1,1,0,1,1,1,2018,"PEL",156,25,4,1,7.725160566,7.507171449,18.16455175,32.42000089,58.09172409,NA,0.041914017,2.657520601,0.185154019,0.751215039,4.079712562,491.8021206,181.8298393,6377.194854,5835.526916,1439.887904,28.61115799,0,7.607384182,0.541083182,8.148467364,954.0112655,1266.671054,1046.919911,1359.5797,0,NA,0,0,0,0,0,0,0,0.503597122302158,"Peel",825.509683522609,175.99371409622,7.51980798246103,186.389382032684,63.6623816939833,20.193755025182,0.528107154167856,23.5373540454641,0.00542564994499559,NA,4.19667664031308,1.05479585755965,0,"SUR113",136
"267",0.59793070477151,1,1,1,1,0,7,81,0.051,3,0,0.142857142857143,0,0.571428571428571,1,0.571428571428571,1,0.571428571428571,0,0,0,0,0,0.428571428571429,0,0.285714285714286,0,0,0,0.142857142857143,1,0.142857142857143,0,0,0,0,0,0.142857142857143,0,0,0,0,0,0.285714285714286,1,0.714285714285714,0,0,602,1,1,0,1,0,1,0,1,0,0,0,0,0,0,0,0,0,0,0,1,0,1,1,3,2018,"PEL",81,11,4,1,1.665570466,NA,11.74576976,6.67346104,NA,0.260410249,0.344244008,0.022911253,0.264731261,0.773273717,3.0435e-11,1114.648157,332.6588946,9893.358536,10402.55479,2765.951732,4.430148237,0,5.593353628,0.74646047,6.339814099,1585.053601,2254.589885,1723.041819,2392.578103,0,NA,0,0,0,0,1,0,0,0.503787878787879,"Peel",5939.92192942739,1436.49167167689,NA,1660.66329132424,669.229059804907,48.6319862494488,1.82730185370614e-11,199.726701085729,0.206682343993965,0.156348983315846,4.00671192016682,3.8063920010695,0,"SUR115",103
"269",0.59793070477151,0,1,0,0,1,4,72,0.051,3,1,1,1,1,0,0.25,0,0.25,0,0.25,0,0.25,0,0,0,0,0,0,1,1,0,0,1,1,0,0,0,0,0,0,0,0,1,0.75,0,0,0,0,400,1,1,0,0,1,1,1,0,0,0,0,1,1,0,0,0,0,1,1,0,0,1,1,4,2018,"PEL",73,13,3,1,1.528569614,NA,12.20669861,6.568261666,NA,0.141459752,NA,0.139167232,0.120723833,1.058957733,0.060418045,591.0148884,68.89006405,8538.892778,8604.254365,1322.82297,5.246101843,0,5.507957004,0,5.507957004,1171.943885,1650.748431,1252.402824,1731.20737,0,NA,0,0,0,0,0,0,0,0.747311827956989,"Peel",5586.19816840085,1132.56691363224,NA,865.399231990752,386.645713081668,47.7570660383414,0.0395258707530477,45.0683197016633,NA,0.0925438728497451,4.29699871425025,3.60334063529278,0,"SUR116",488
"270",0.59793070477151,1,1,0,0,1,4,38,0.167,2,1,1,1,1,0,0.25,1,0.5,0,0,0,0,1,0.5,1,0.5,0,0,1,0.5,0,0,0,0,1,0.25,1,0.25,0,0,0,0,0,0.25,0,0,0,0,648,1,0,0,0,1,1,0,1,1,0,0,0,0,0,0,0,0,0,0,0,0,0,0,3,2018,"PEL",92,3,5,1,1.890667419,NA,16.03217066,8.490389022,NA,0.085725703,0.080115967,0.256741903,0.002864576,1.465069709,0.000149546,490.4473048,120.140007,10210.54255,10625.27152,1030.214347,3.316533926,0,9.610614129,0,9.610614129,1435.286544,2105.333629,1530.440314,2200.487399,0,NA,0,0,0,0,0,0,0,0.741100323624595,"Peel",5400.49637889275,1163.86804833389,NA,544.89453652557,259.404324563547,48.6600652634402,7.9096936085722e-05,63.5437019714148,0.0423744367702567,0.0453415032905901,4.49068352089691,5.08318598629218,0,"SUR117",130
"271",0.480497721984227,1,1,0,0,1,2,54,0.08,4,0,0.5,1,1,0,0,1,1,1,1,1,1,1,1,1,1,0,0,1,0.5,0,0,1,0.5,1,0.5,0,0,0,0,0,0,1,1,0,0,0,0,326,1,0,0,1,1,1,0,0,1,0,0,1,0,0,0,0,0,0,0,1,0,1,1,3,2018,"PEL",79,3,5,1,1.52510521,NA,15.156467,4.1069767,NA,0.068100424,0.043661604,0.020469243,0.170915304,1.040436226,0.181522405,255.5518272,488.6472792,7272.074767,7454.516314,907.3271205,1.333826282,0.132888859,3.58839073,0,3.721279589,1035.124754,1419.050368,1124.88859,1508.814204,0,NA,0,0,0,0,0,0,0,0.668269230769231,"Peel",4768.24465572444,989.318110060092,NA,594.927559456701,167.563408428721,51.7997050183836,0.119022873838324,320.402340767035,0.0286285849092339,0.0446529351243905,2.69291369085284,2.44001500001433,0,"SUR118",110
"273",0.480497721984227,1,1,0,1,0,5,29,0.081,2,0,0.4,1,1,1,0.8,1,0.8,0,0,0,0,0,0.2,0,0.2,0,0,0,0.2,0,0,0,0,0,0,0,0,0,0,0,0,0,0.2,0,0,0,0,298,1,1,0,0,1,1,1,1,1,0,0,1,0,0,0,0,0,0,0,0,0,0,0,3,2018,"PEL",99,3,7,1,2.437188148,NA,21.06009774,4.727017616,NA,NA,NA,0.626064589,0.086296773,1.670661776,1.25483e-05,549.0938884,9.324963152,9145.387585,9515.399592,389.712111,0.665233939,0.597885556,4.812644265,1.141640165,6.552169986,1017.752875,1613.574101,1071.006807,1666.828033,0,NA,0,0,0,0,0,0,0,0.455696202531646,"Peel",3752.43396473303,683.914384848715,NA,159.902349484099,225.298112027418,40.6205815834289,5.14867923114486e-06,3.82611541897257,NA,NA,1.93953742138418,2.68841369156371,0,"SUR119",121
"274",0.480497721984227,0,1,0,0,1,3,30,0.034,1,0,0.333333333333333,0,0.666666666666667,0,0.333333333333333,0,0.333333333333333,0,0,0,0,1,0.666666666666667,1,0.666666666666667,0,0,1,0.666666666666667,1,0.333333333333333,1,0.333333333333333,0,0,0,0,0,0,1,0.333333333333333,1,0.666666666666667,0,0,0,0,214,0,0,0,0,0,0,0,0,0,0,0,0,0,0,0,0,0,0,0,0,0,0,0,2,2018,"PEL",51,0,0,1,1.721792777,0.79200282,14.22423933,1.723391579,16.73963373,NA,NA,0.032561933,0.022353353,1.581804879,NA,66.95896535,348.4788017,2761.60507,2723.256748,45.71142367,1.926873837,0,0.444519895,0,0.444519895,467.4397003,658.9525868,497.4558865,688.968773,0,NA,0,0,0,0,0,0,0,0.781456953642384,"Peel",1603.91256537371,400.146162885198,9.72221161199586,26.5487370377092,38.8890964374164,29.6202892016198,NA,202.392997784077,NA,NA,1.00092856818855,0.258172702858307,0,"SUR12",156
"275",0.480497721984227,0,1,0,0,0,5,55,0.032,3,0,0,0,0.2,0,0.2,1,0.8,0,0,0,0,0,0.4,0,0.4,0,0,1,0.6,0,0,0,0,1,0.2,0,0,0,0,0,0,1,0.6,0,0,0,0,289,0,0,0,0,1,0,0,1,1,0,0,1,1,0,0,0,0,1,1,0,0,1,1,1,2018,"PEL",198,31,0,1,9.292718556,0.951516454,34.58871813,25.51032155,61.05055613,0.24966181,0.079603584,2.097249246,0.723826646,3.01728801,2.922919081,514.8158678,580.9448785,11488.41392,11402.56533,861.31968,12.15065447,2.230391511,8.608854253,0.800888614,11.64013438,1343.097978,1974.324162,1439.808084,2071.034268,0,NA,0,0,0,0,0,0,0,0.366197183098592,"Peel",1236.28127234977,222.866350198759,6.56971969635104,92.6875891924946,55.3999203459789,21.3070049207676,0.314538642635719,62.5161383075465,0.00856623210100371,0.0268663909807966,2.74519468078895,1.25260808339927,0,"SUR120",61
"278",0.480497721984227,0,1,0,0,1,4,70,0.031,3,0,0.25,0,0.5,0,0.25,0,0.25,0,0.25,0,0.75,0,0.25,0,0.25,0,0,1,0.75,0,0,1,0.25,1,0.25,0,0,0,0,0,0,1,0.75,1,1,1,1,452,1,1,0,0,0,1,1,0,0,0,0,1,0,0,0,0,0,1,1,1,0,0,0,2,2018,"PEL",169,14,6,1,4.237006259,0.821459769,25.63357369,16.52112203,42.97615549,0.090198674,NA,0.392437114,0.744208502,2.96686295,0.014634128,293.6524163,48.77182647,10534.82729,10719.76082,378.9117422,5.049088591,0,17.98740002,0,17.98740002,1308.787886,1981.478442,1407.575302,2080.265858,0,NA,0,0,0,0,1,0,0,0.827586206896552,"Peel",2486.38464189722,490.975403583892,10.1430474403271,89.4291202414766,69.3065807198752,39.8866533748965,0.00345388397029507,11.51091678621,NA,0.0212883032231556,3.89924418801761,4.24530881487187,0,"SUR121",172
"279",0.480497721984227,0,1,0,1,1,4,57,0.088,4,0,0.25,0,0.5,0,0.25,1,0.5,0,0,0,0,0,0.25,0,0.25,0,0,1,0.5,1,0.25,1,0.25,1,0.25,1,0.5,0,0,0,0,1,0.5,1,1,1,1,309,1,1,0,0,1,0,0,1,0,0,0,0,0,0,0,0,0,0,0,1,0,0,0,3,2018,"PEL",67,5,3,1,1.73156484,NA,12.50709566,6.365477648,NA,NA,0.11295571,0.263555616,0.017408176,0.648029396,0.631890169,444.1696297,37.8149612,6409.796345,6481.240292,215.7248627,2.747102106,0,5.611103979,0.636788573,6.247892552,947.1647182,1383.501441,1013.236935,1449.573658,0,NA,0,0,0,0,0,0,0,0.533333333333333,"Peel",3701.73625435823,837.146622820085,NA,124.583762453851,256.513426144643,38.6933243574061,0.364924347274226,21.8386053623034,0.0652333123141955,NA,3.67614166155048,3.60823482186206,0,"SUR123",209
"282",0.480497721984227,0,0,0,0,1,3,37,0.102,2,0,0.666666666666667,1,1,0,0.333333333333333,1,0.666666666666667,0,0,0,0.333333333333333,1,1,1,1,0,0,0,0.333333333333333,0,0,1,0.333333333333333,1,0.333333333333333,1,0.333333333333333,0,0,1,0.333333333333333,1,1,0,0.333333333333333,0,0,817,1,1,0,1,1,1,1,0,0,0,0,0,1,0,0,0,0,1,1,0,0,1,1,2,2018,"PEL",137,14,7,1,4.766222137,NA,26.97384605,14.55685122,NA,0.141156306,NA,0.020363069,NA,2.499552027,2.105150749,656.7902619,0.03009362,13308.48946,12846.11475,117.6540938,3.561994135,0,4.449321559,0,4.449321559,2527.973889,3499.971982,2697.888434,3669.886527,0,NA,0,0,0,0,0,0,0,0.440414507772021,"Peel",2792.25119548808,769.978070999002,NA,24.6849790920687,137.801017875638,28.7439393427499,0.441681207566428,0.0063139356779837,NA,0.0296159729745303,3.05416969700084,0.933511160644421,0,"SUR125",114
"283",0.480497721984227,0,1,1,1,0,4,63,0.175,4,0,0.5,0,0.5,1,0.5,1,0.5,0,0,0,0,0,0.25,0,0.25,0,0,1,0.5,0,0,1,0.25,1,0.25,0,0,0,0,0,0,1,0.5,1,0.5,0,0,388,0,1,0,0,0,0,0,0,0,0,0,0,0,0,0,0,0,0,0,0,0,0,0,2,2018,"PEL",89,8,4,1,4.459952677,0.153465297,13.15051035,17.3474573,30.65143294,NA,0.065179075,2.967595991,0.197583097,0.499011773,0.730582726,231.2074011,170.8990987,4257.769432,4162.981161,502.6953473,6.861175416,0.174178439,5.785276125,0,5.959454564,635.8202687,909.0575922,683.0985336,956.3358571,0,NA,0,0,0,0,0,0,0,0.333333333333333,"Peel",954.666952848477,214.427355256891,6.87259151830682,112.713157225278,51.8407745203974,19.9553686878727,0.163809524205855,38.3185901458837,0.0146142974422417,NA,3.88960568784977,1.33621475284546,0,"SUR127",148
"284",0.480497721984227,0,1,1,0,0,1,58,0.019,3,1,1,1,1,1,1,1,1,0,0,0,0,1,1,1,1,0,0,0,0,1,1,1,1,1,1,0,0,0,0,0,0,1,1,0,0,0,0,342,1,0,0,0,0,0,0,0,0,0,0,0,0,0,0,0,0,1,1,1,0,0,0,2,2018,"PEL",89,13,4,1,2.449254494,NA,18.13998185,6.257557546,NA,0.181990417,0.018842693,0.099432591,0.14062884,1.340835461,0.667524459,1118.346058,661.8414636,10219.8721,10150.18958,2702.376777,4.540821763,0.922436314,3.546737282,1.715672105,6.184845701,1334.756149,1819.28977,1450.268753,1934.802374,0,NA,0,0,0,0,0,0,0,0.452173913043478,"Peel",4172.64605415071,789.955628841239,NA,1103.34666471781,456.606718795307,36.3375877100667,0.27254189412952,270.221598131729,0.00769323606271191,0.0743044128104395,2.55488254133219,2.52519520374513,0,"SUR128",118
"285",0.480497721984227,0,1,0,0,0,2,59,0.14,4,0,0.5,1,1,1,0.5,1,0.5,0,0,0,0,1,0.5,1,0.5,0,0,1,0.5,0,0,1,0.5,1,0.5,1,0.5,0,0,0,0,1,0.5,1,1,1,1,474,1,1,0,1,1,1,0,1,1,1,1,1,1,0,0,0,0,1,1,1,0,0,0,3,2018,"PEL",65,9,5,1,2.331291551,2.539710317,11.1154988,7.058854516,20.71406363,0.21805534,0.692534722,0.420132785,NA,0.98924589,NA,1169.302694,49.6616142,10721.77465,11238.55078,1915.436373,7.696874394,0,6.672372332,0,6.672372332,1527.124666,2128.591472,1627.189029,2228.655835,0,NA,0,0,0,0,0,0,0,0.75,"Peel",4599.07069341067,955.974740286784,8.88523085888368,821.620261171701,501.568623408956,27.8815405872845,NA,21.3021894145749,0.297060537839182,0.0935341355766789,3.02787290288601,2.86209261520204,0,"SUR129",184
"286",0.59793070477151,1,1,1,0,1,3,55,0.071,3,1,1,1,1,0,0.333333333333333,0,0.333333333333333,0,0,0,0,1,0.666666666666667,1,0.666666666666667,0,0,1,0.666666666666667,1,0.333333333333333,1,0.333333333333333,1,0.333333333333333,1,0.333333333333333,0,0,1,1,0,0.333333333333333,1,1,1,1,826,1,1,0,1,1,1,1,1,1,0,0,1,1,0,0,0,0,0,0,0,0,1,1,3,2018,"PEL",126,8,3,1,2.533134004,NA,22.15991306,10.25172375,NA,NA,NA,0.423159062,0.007483155,1.709288524,0.393203245,829.0961212,33.20084521,14914.27881,14951.68385,157.7111603,5.980599896,0,8.298375157,0.926507423,9.22488258,2489.536735,3586.621271,2678.042761,3775.127297,0,NA,0,0,0,0,0,0,0,0.511343804537522,"Peel",5887.67857778123,1490.29908841727,NA,62.2593041074664,327.300537551822,49.7407558388293,0.155224020671273,13.1066280574077,NA,NA,4.04705149187204,3.64168755598135,0,"SUR13",175
"287",0.59793070477151,1,1,0,1,1,4,52,0.116,4,0,0.5,1,1,0,0.25,1,0.5,0,0,0,0.25,0,0.25,0,0.25,0,0,1,0.75,0,0,1,0.25,0,0,0,0,0,0,0,0,1,0.75,0,0.25,0,0,827,1,1,0,0,1,0,0,0,0,0,0,0,0,0,0,0,0,1,1,0,0,0,0,3,2018,"PEL",162,10,7,1,2.143537149,0.910500757,23.28648929,9.820364852,34.0173549,NA,NA,0.35163335,NA,1.791426649,NA,1959.134682,0.015706997,14374.19009,13571.12159,249.5997901,2.776323901,1.162248248,5.891335845,0.865270427,7.918854519,2381.996205,3608.15815,2512.096092,3738.258037,0,NA,0,0,0,0,0,0,0,0.560578661844485,"Peel",6705.82737355675,1743.96699340805,15.86972958032,116.442950483244,913.972814940004,75.576016993956,NA,0.00732760661849392,NA,NA,4.5813830922321,3.69429310926302,0,"SUR130",132
"288",0.480497721984227,1,1,0,1,1,3,62,0.098,4,1,1,1,1,0,0.333333333333333,0,0.333333333333333,0,0,0,0,1,0.666666666666667,1,0.666666666666667,0,0,0,0.333333333333333,1,0.333333333333333,0,0,0,0,0,0,0,0,0,0,0,0.333333333333333,0,0,0,0,428,1,1,0,1,0,0,0,0,1,0,0,1,0,0,0,0,0,0,0,0,0,0,1,3,2018,"PEL",72,8,0,1,2.033245273,NA,15.29459129,5.060120957,NA,0.023382117,0.453399062,0.180887428,0.118060864,1.184830825,0.072684995,598.7252492,70.04165084,8831.225321,9237.728096,647.9360225,1.983885692,1.109171944,4.434883436,0,5.54405538,1041.313918,1589.05925,1112.205371,1659.950704,0,NA,0,0,0,0,0,0,0,0.354838709677419,"Peel",4343.41367383078,816.40455583147,NA,318.670861358496,294.467793507567,35.4113696739429,0.0357482670513013,34.4482054231733,0.222992802698625,0.0114998998450887,2.48869185837768,2.72670270213878,0,"SUR131",66
"289",0.480497721984227,0,1,1,0,1,2,62,0.076,3,1,1,1,1,1,0.5,1,0.5,0,0,0,0,1,1,1,0.5,0,0,1,0.5,0,0,0,0,1,0.5,0,0,0,0,0,0,1,1,0,0,0,0,539,1,1,0,0,1,0,0,0,0,0,0,0,1,1,1,0,0,1,1,0,1,0,0,3,2018,"PEL",90,13,3,1,4.403387142,1.804477741,20.23356834,11.29053066,33.32857674,NA,NA,2.034104935,0.296522959,1.244790473,0.821372723,706.3384161,10,7898.016344,7028.833984,151.723114,8.238555156,0.410369927,3.028958013,0.301884401,3.741212341,1343.465052,2024.342822,1442.774563,2123.652333,0,NA,0,0,0,0,0,0,0,0.472727272727273,"Peel",1793.62297461148,482.276998255358,7.56884999324913,34.4560015068509,160.407975343086,20.4388115552162,0.186532025577687,2.27097906169069,NA,NA,2.56405587242367,0.84962148917498,0,"SUR132",85
"290",0.59793070477151,0,1,0,0,1,3,57,0.148,4,0,0.333333333333333,1,1,0,0.333333333333333,0,0.333333333333333,0,0,0,0,0,0.333333333333333,0,0.333333333333333,0,0,0,0.333333333333333,0,0,1,0.333333333333333,1,0.333333333333333,1,0.333333333333333,0,0,0,0,1,1,0,0,0,0,520,1,1,0,0,0,1,0,0,0,0,0,0,0,0,0,0,0,0,0,0,0,0,0,3,2018,"PEL",47,1,2,1,1.055407084,NA,11.01739025,2.133790933,NA,NA,2.40325e-07,0.000146088,NA,1.055260763,NA,779.3629802,29.9790567,8912.79224,9440.931249,1207.807885,0.058725137,0,3.605317119,0,3.605317119,1145.718814,1670.979639,1228.274094,1753.534919,0,NA,0,0,0,0,0,0,0,0.338006230529595,"Peel",8444.88574609568,1661.47730632439,NA,1144.40001712173,738.447744017606,44.5325796202444,NA,28.4052070092037,2.27708344622026e-07,NA,2.02177052376124,3.41604407783187,0,"SUR133",83
"292",0.480497721984227,1,0,1,0,1,3,22,0.016,1,1,1,1,1,0,0.333333333333333,1,0.666666666666667,0,0,0,0,1,1,0,0,0,0,1,0.666666666666667,0,0,0,0,1,0.333333333333333,0,0,0,0,0,0,1,0.666666666666667,0,0,0,0,513,1,1,0,0,0,0,0,1,0,0,0,0,0,0,0,1,1,0,0,1,0,1,1,2,2018,"PEL",143,6,1,1,3.937247935,4.008455666,25.8061296,11.87472467,41.68930994,NA,NA,0.819303947,0.235134456,2.792138628,0.00058497,650.2545504,60.00116432,12026.17678,11619.74668,112.6199545,12.9700972,2.117625789,7.367385994,0.417815571,9.902827354,1953.134844,3027.090636,2067.386917,3141.342709,0,NA,0,0,0,0,0,0,0,0.37914691943128,"Peel",3054.46265476294,797.852398645045,10.5884390894982,28.603724316894,165.154585419828,36.3197853832896,0.000148573320668971,15.2393665094398,NA,NA,3.01599616433604,2.51516478451083,0,"SUR136",105
"293",0.59793070477151,0,1,0,0,0,4,76,0.206,4,1,1,1,1,1,1,1,1,0,0,0,0,1,0.5,0,0,0,0,1,0.75,1,0.25,1,0.25,1,0.25,1,0.5,0,0,0,0,0,0.25,1,1,1,1,498,0,1,0,0,0,1,0,0,0,0,0,0,0,0,0,0,0,0,0,0,0,1,1,5,2018,"PEL",30,2,9,1,0.514438689,NA,3.942284629,1.779622011,NA,0.059445587,0.090922772,0.006617756,NA,0.357452565,NA,1643.41861,60.42371418,10371.09443,9463.297582,4539.695324,1.513555908,0,1.296207055,1.568592522,2.864799577,1341.52535,1709.663394,1483.485739,1851.623783,0,NA,0,0,0,0,0,0,0,0.746875,"Peel",20160.0203323743,3599.3089606058,NA,8824.56047935384,3194.58595385698,58.3159871943457,NA,117.455618078523,0.176741706920881,0.115554269675079,3.45934714680839,5.56878718155663,0,"SUR137",96
"294",0.480497721984227,1,1,0,1,0,3,39,0.104,2,0,0.666666666666667,0,0.666666666666667,1,0.666666666666667,1,0.666666666666667,0,0,0,0,0,0.333333333333333,0,0.333333333333333,0,0,0,0.333333333333333,0,0,1,0.333333333333333,1,0.333333333333333,0,0,0,0,0,0,1,0.666666666666667,0,0,0,0,555,1,1,0,1,1,1,0,0,1,0,0,0,0,0,0,0,0,1,1,0,0,1,1,3,2018,"PEL",163,24,7,1,3.789128941,NA,26.64940957,13.64566055,NA,0.329845726,NA,0.335171788,NA,3.122552813,NA,1066.52246,21.11408931,13119.07314,12657.26506,564.6667723,9.150889111,0.014869983,6.014126975,3.04872507,9.077722029,1486.623209,2655.82491,1568.226615,2737.428315,0,NA,0,0,0,0,0,0,0,0.49591280653951,"Peel",3462.29261243818,722.442639884817,NA,149.022844324473,281.469033280913,43.0178023862609,NA,5.57228050002113,NA,0.087050541466385,3.6012658219012,2.39572792859466,0,"SUR14",137
"295",0.285318238275449,1,1,0,1,0,4,25,0.053,1,0,0.5,1,1,1,0.5,1,0.5,0,0,0,0,0,0,0,0,0,0,0,0.25,1,0.5,0,0,0,0,1,0.5,0,0,0,0,1,0.5,1,1,1,1,470,1,1,0,1,1,1,0,0,0,0,0,1,0,1,1,0,0,1,1,1,0,1,1,3,2018,"PEL",251,20,6,1,9.335745945,2.824098243,55.17866997,14.49203855,72.49480676,0.170144658,0.852392706,0.130734476,2.356572088,4.736924024,1.006102988,516.6429724,2857.181671,19827.70259,20001.70845,3408.474319,6.892706757,1.977028707,13.06375547,1.528436513,16.56922069,2362.579345,3273.66878,2526.862445,3437.951881,0,NA,0,0,0,0,0,0,0,0.329032258064516,"Peel",2123.84770395549,368.256795038567,7.7652934416908,365.099301017879,55.3402990445238,26.8859072942564,0.107768891091005,306.047496132887,0.0913041883339297,0.0182250737115576,1.55231715123542,1.77481486617297,0,"SUR140",100
"296",0.480497721984227,0,1,1,0,1,1,61,0.063,3,1,1,1,1,1,1,1,1,0,0,0,0,1,1,1,1,0,0,1,1,0,0,1,1,1,1,0,0,0,0,0,0,1,1,0,0,0,0,523,1,0,0,1,1,1,0,0,1,0,0,1,0,1,1,0,0,1,1,1,0,1,1,3,2018,"PEL",133,15,3,1,3.282009709,NA,21.03135236,9.899382249,NA,0.044204008,0.22277584,0.131804775,0.383000349,1.892238619,0.60746375,700.6217527,308.5134656,12137.37657,12213.91672,1682.671138,4.551533274,3.175708828,6.44241423,0,9.618123058,1572.126313,2306.695567,1737.771581,2472.340835,0,NA,0,0,0,0,0,0,0,0.494880546075085,"Peel",3698.15376740557,753.300890067538,NA,512.69535656331,213.473394298237,40.5239508083369,0.185088955810886,94.0013872457438,0.0678778735447062,0.0134685792911529,3.01625623527368,2.93055899000694,0,"SUR141",94
"297",0.59793070477151,1,1,0,0,0,6,54,0.219,4,1,1,1,1,0,0.166666666666667,1,0.5,0,0,0,0,0,0.166666666666667,0,0.166666666666667,0,0,1,0.833333333333333,1,0.166666666666667,1,0.166666666666667,0,0,0,0.166666666666667,0,0,0,0,1,0.5,0,0.333333333333333,0,0,252,1,0,0,0,1,1,1,1,1,0,0,1,0,0,0,0,0,1,1,0,0,1,1,3,2018,"PEL",38,1,2,1,0.737406784,0.111560251,6.389064219,2.266359977,8.766984446,NA,0.12776254,0.002189564,0.009233507,0.598221177,NA,444.0345196,90.64101737,4251.218009,4441.081908,461.7322414,0.427053709,1.582034138,0.99943586,0.239041506,2.820511504,602.3274286,856.5908377,649.3476309,903.6110399,0,NA,0,0,0,0,0,0,0,0.604166666666667,"Peel",5765.09207840431,1225.39019101294,11.888939234386,626.156758275769,602.156813897714,51.531937086166,NA,122.918610645708,0.173259241401283,NA,3.07341894077286,3.8249058256562,0,"SUR143",296
"298",0.480497721984227,0,1,0,0,1,1,49,0.259,4,0,0,1,1,0,0,0,0,0,0,0,0,1,1,1,1,0,0,1,1,0,0,1,1,0,0,0,0,0,0,0,0,1,1,0,0,0,0,440,1,1,0,0,1,1,0,0,0,0,0,0,0,0,0,0,0,1,1,1,0,1,1,4,2018,"PEL",91,13,6,1,3.704232045,NA,20.26194173,7.379329595,NA,5.09024e-06,1.238265846,0.107393367,0.001028175,1.253710934,1.097196279,790.637708,12.08346916,10576.89742,10285.05476,1636.119458,3.443171952,1.795216784,4.518171131,1.831234843,8.144622759,1256.393626,1840.138847,1346.879193,1930.624414,0,NA,0,0,0,0,0,0,0,0.421052631578947,"Peel",2855.35498087297,521.194242300768,NA,441.689245739463,213.441733237854,24.5664955365937,0.296200741657371,3.26207133171108,0.334284092075555,1.37416877187023e-06,1.9921348083365,2.19873449072762,0,"SUR144",204
"299",0.285318238275449,1,1,0,0,0,3,47,0.053,1,0,0.666666666666667,0,0.666666666666667,0,0.333333333333333,0,0.333333333333333,0,0,0,0,0,0.333333333333333,0,0.333333333333333,0,0,1,0.666666666666667,1,0.333333333333333,1,0.333333333333333,1,0.333333333333333,1,0.333333333333333,0,0,0,0,1,1,0,0,0,0,427,1,1,0,0,0,1,0,0,0,0,0,0,0,0,0,0,0,0,0,0,0,0,0,2,2018,"PEL",202,23,4,1,6.098060582,0.682427145,38.55863861,20.51230575,59.7533715,0.030029763,0.647939489,1.252504831,0.31904116,3.794108329,NA,494.3543397,111.2412849,16663.64566,16531.06928,1073.625592,16.87463522,3.796980155,18.65005653,1.333956648,23.78099333,1681.393761,2609.375561,1797.332184,2725.313984,0,NA,0,0,0,0,0,0,0,0.291044776119403,"Peel",2732.61399028849,446.914875205482,9.79875006102391,176.060171518972,81.0674694113756,33.1252858648625,NA,18.2420760509263,0.106253370278505,0.00492447764271818,3.36374253324858,3.89976337726059,0,"SUR145",26
"300",0.480497721984227,1,1,0,0,1,3,38,0.043,1,0,0,0,0.333333333333333,0,0.333333333333333,0,0.333333333333333,0,0,0,0,1,0.666666666666667,1,0.666666666666667,0,0,1,0.666666666666667,0,0,1,0.333333333333333,1,0.333333333333333,0,0,0,0,0,0,1,1,0,0.333333333333333,0,0,302,1,0,0,0,1,1,1,1,1,0,0,1,0,1,1,0,0,1,1,1,0,1,0,3,2018,"PEL",111,9,3,1,2.895088929,NA,16.16691928,9.877615325,NA,NA,0.164437678,0.042530718,0.195007017,1.328108219,0.926452219,300.4309118,45.39164715,7711.896825,8015.613064,596.5234528,5.130420879,0,10.32118397,0,10.32118397,1016.439448,1497.563571,1098.906521,1580.030643,0,NA,0,0,0,0,1,0,0,0.489539748953975,"Peel",2663.7858159555,545.762386492826,NA,206.046676778957,103.77260221287,38.3407911543293,0.320008207595892,15.678843815578,0.0567988348657735,NA,3.41185212863629,3.56506629783047,0,"SUR15",225
"301",0.480497721984227,0,1,0,0,1,4,55,0.072,3,0,0.25,0,0.5,0,0,1,0.5,0,0,0,0,0,0.25,0,0.25,0,0,1,0.5,1,0.75,1,0.25,1,0.25,1,0.25,0,0,0,0,1,0.75,0,0,0,0,250,0,1,0,0,1,1,0,0,1,0,0,1,0,0,0,0,0,0,0,0,0,1,1,3,2018,"PEL",66,4,2,1,2.062651746,0.517812472,13.04328816,4.28816273,17.84926336,NA,0.022513729,0.001711598,0.033035769,0.894009119,1.111381537,183.4286385,687.7200545,3823.184144,3916.372364,433.2097269,0.816754859,0,1.128258871,0,1.128258871,470.8350362,670.8799585,494.5872154,694.6321378,0,NA,0,0,0,0,0,0,0,0.54040404040404,"Peel",1853.52866833391,336.766562337567,8.65355162092399,210.025627321773,88.9285546412351,31.9976458110249,0.538812011846037,333.415495773177,0.0109149443398091,NA,2.07895624567542,0.546994359657648,0,"SUR150",193
"302",0.480497721984227,1,1,0,0,1,2,49,0.043,3,0,0.5,0,0.5,1,0.5,1,0.5,0,0,0,0,1,0.5,0,0,0,0,1,0.5,0,0,1,0.5,1,0.5,0,0,0,0,0,0,1,1,1,0.5,0,0,361,1,0,0,1,0,1,1,0,1,0,0,1,0,0,0,0,0,1,1,0,0,1,1,3,2018,"PEL",86,12,3,1,3.339055031,NA,14.89618037,12.28704088,NA,NA,0.16221042,1.050498414,NA,0.840079002,1.286267378,155.9710282,58.69196169,4897.720253,4940.346466,151.4451962,6.894665565,0,6.70047092,0.103477831,6.803948751,612.7280846,940.8416889,663.0391035,991.1527078,0,NA,0,0,0,0,0,0,0,0.534653465346535,"Peel",1466.79830297172,296.836290087487,NA,45.3557053699245,46.711128373733,25.7557899470271,0.385218981435829,17.5774167077512,0.0485797384271981,NA,3.67979586018389,2.0376869167569,0,"SUR151",97
"303",0.59793070477151,0,1,0,0,1,4,50,0.068,3,0,0.5,0,0.75,1,0.5,1,0.5,0,0,0,0,1,0.75,0,0.25,0,0,1,0.5,0,0,1,0.25,1,0.25,1,0.25,0,0,0,0,1,0.75,1,1,0,0,304,1,1,0,0,1,1,1,1,0,0,0,1,0,0,0,0,0,0,0,0,0,0,0,3,2018,"PEL",83,2,5,1,1.494084238,NA,15.04520129,5.54097619,NA,0.030962454,0.124462641,0.016556347,0.222564226,1.099538629,NA,364.0723351,73.01017229,7535.054086,7901.441826,450.3967584,1.439462403,0,7.812694962,0,7.812694962,1100.509507,1593.980358,1169.189857,1662.660709,0,NA,0,0,0,0,0,0,0,0.850180505415162,"Peel",5043.25920477317,1112.82929483659,NA,301.453389939316,243.675909189265,55.5524232764177,NA,48.8661686088947,0.0833036303003954,0.0207233656660797,3.70861029724617,5.22908599347663,0,"SUR152",177
"304",0.480497721984227,0,1,0,0,0,3,55,0.107,4,0,0.666666666666667,0,0.666666666666667,0,0.333333333333333,0,0.333333333333333,0,0,0,0.333333333333333,0,0.333333333333333,0,0,0,0,0,0.333333333333333,0,0,0,0,1,0.333333333333333,0,0,0,0,0,0,0,0.333333333333333,0,0,0,0,113,0,0,0,0,0,1,0,0,0,0,0,1,0,0,0,0,0,0,1,0,0,0,0,2,2018,"PEL",76,11,0,1,7.510727855,NA,16.31723149,9.134539245,NA,0.017067609,NA,2.557839822,0.44780771,1.189408638,3.235288224,109.1442761,222.1800815,4667.104022,4734.197485,762.4324452,0.62873192,3.310943857,5.818972536,0,9.129916393,497.9772569,752.9376053,540.7100285,795.6703769,0,NA,0,0,0,0,0,0,0,0.408450704225352,"Peel",621.391709578858,105.93785213111,NA,101.51245790279,14.531784163547,10.1188595123182,0.430755618690966,29.5816977780777,NA,0.00227243075897602,1.21619893855148,1.21558343868392,0,"SUR153",84
"305",0.59793070477151,1,1,0,0,1,2,47,0.198,2,1,1,1,1,1,0.5,1,1,0,0,0,0.5,1,0.5,1,0.5,0,0,1,1,0,0,0,0,0,0,0,0,0,0,1,0.5,1,1,0,0,0,0,507,1,1,0,1,1,1,1,1,0,0,0,0,0,1,1,0,0,1,1,1,0,0,1,4,2018,"PEL",72,13,3,1,2.188979024,NA,13.84679572,5.225870234,NA,0.095144146,0.168988136,0.462386101,0.130531601,0.658330495,0.672813115,1160.215488,463.775039,11410.42888,11574.82507,2665.958526,1.133835404,2.102237151,1.532841421,0,3.635078572,1784.980323,2507.612141,1909.723365,2632.355183,0,NA,0,0,0,0,0,0,0,0.635714285714286,"Peel",5212.67164047525,1202.54929541984,NA,1217.90044434889,530.02585921536,32.8920465708401,0.307363893222944,211.868196960849,0.0771995227671035,0.0434650789052056,2.38735509874854,1.66062741220676,0,"SUR155",192
"306",0.59793070477151,0,1,0,0,0,1,40,0.113,2,1,1,1,1,1,1,1,1,0,0,0,0,1,1,1,1,0,0,1,1,0,0,0,0,1,1,0,0,0,0,0,0,1,1,0,0,0,0,336,1,0,0,1,1,1,0,0,1,0,0,1,1,1,1,0,0,1,1,0,0,1,1,2,2018,"PEL",51,6,4,1,0.941100023,NA,8.362107597,5.464990612,NA,NA,NA,0.016744858,0.054047201,0.870182853,0.000125109,579.8917317,93.33361026,5560.24283,4946.213126,1121.082204,2.656518837,0.82869297,2.41469834,0.207605126,3.450996435,638.7686906,894.7269911,696.0431752,952.0014757,0,NA,0,0,0,0,0,0,0,0.705426356589147,"Peel",5908.23790682237,1011.58373438909,NA,1191.24660142528,616.18501490569,54.191901767704,0.000132939110554033,99.1750164477469,NA,NA,5.80702420405743,3.66698156482778,0,"SUR157",209
"307",0.59793070477151,0,1,0,0,0,5,39,0.118,2,0,0.6,1,1,0,0.4,1,0.8,0,0,0,0,0,0.4,0,0.4,0,0,0,0.4,0,0,1,0.2,1,0.2,0,0,0,0,0,0,1,0.8,0,0,0,0,684,1,1,0,0,0,1,0,1,0,0,0,0,0,0,0,0,0,0,0,0,0,0,0,2,2018,"PEL",140,4,4,1,2.238952492,0.822598162,27.13743585,4.375390727,32.33542474,NA,NA,0.341651848,NA,1.894028662,NA,1455.375953,0.01389775,14909.30871,9555.846704,120.5806931,0.822598162,1.253537355,4.106737777,1.23352337,6.593798501,2754.247626,4092.138783,2891.039834,4228.930991,0,NA,0,0,0,0,0,0,0,0.464163822525597,"Peel",6659.05541241828,1888.79889417502,14.4422111927509,53.8558515782924,650.025383834719,62.5292410179465,NA,0.00620725542397976,NA,NA,1.95421329511622,2.9450372549486,0,"SUR16",176
"309",0.59793070477151,1,1,0,0,0,7,36,0.082,2,0,0.714285714285714,1,1,0,0.285714285714286,0,0.428571428571429,1,0.857142857142857,1,1,0,0.285714285714286,0,0.285714285714286,0,0,0,0.428571428571429,1,0.142857142857143,1,0.142857142857143,1,0.142857142857143,0,0,0,0,1,0.285714285714286,1,0.571428571428571,1,1,1,1,489,0,1,0,0,1,0,0,0,0,0,0,0,0,0,0,0,0,0,0,0,0,0,0,3,2018,"PEL",93,5,4,1,1.855519946,NA,18.9996157,7.654918299,NA,NA,0.055606503,0.060820495,0.08649786,0.776044662,0.736707302,761.3945074,49.8583254,11726.96397,11948.53397,666.5865359,5.516003589,0.781330514,8.936155207,0.577203734,10.29468946,2005.517014,2893.965469,2147.295906,3035.744361,0,NA,0,0,0,0,1,0,0,0.627118644067797,"Peel",6320.04198892077,1636.06129243948,NA,359.245147074264,410.340244006194,50.1207223347197,0.397035506725833,26.8702718650269,0.0299681515792232,NA,4.12548424257144,5.54814270910565,0,"SUR161",169
"311",0.480497721984227,1,1,0,1,1,4,52,0.078,3,0,0.75,1,1,0,0.25,0,0.25,0,0.25,0,0.5,0,0.25,0,0.25,0,0,0,0.25,0,0,1,0.25,1,0.25,1,0.25,0,0,0,0,1,0.5,0,0,1,0.25,495,0,0,0,1,1,1,0,0,0,0,0,1,0,0,0,0,0,1,1,1,0,1,1,2,2018,"PEL",68,4,6,1,1.919571539,NA,16.31213353,3.468830701,NA,3.47819e-06,0.917263042,0.046363887,NA,0.930183484,0.025757856,614.724017,10.01607377,8404.72441,7811.511715,339.8944843,0.403659785,0,4.918080099,0,4.918080099,1324.516995,1884.342207,1414.481643,1974.306855,0,NA,0,0,0,0,0,0,0,0.534201954397394,"Peel",4378.4377082286,1028.51434025143,NA,177.067891138388,320.240222628139,35.42457189974,0.0134185444390463,5.21786949144801,0.477847802680929,1.81196164317583e-06,1.80708592022941,2.56207179523097,0,"SUR18",227
"312",0.59793070477151,1,1,0,1,1,4,52,0.095,4,0,0.75,0,0.75,1,0.75,1,1,0,0,0,0,1,0.75,1,0.75,0,0,1,0.5,0,0,0,0,0,0,1,0.25,0,0,1,0.25,0,0.25,1,1,1,1,279,0,1,0,0,0,1,0,0,1,0,0,1,0,0,0,0,0,0,0,0,0,0,0,3,2018,"PEL",46,6,0,1,1.176080577,NA,8.25215551,4.137025247,NA,0.012442732,0.089349893,0.053566515,0.143172941,0.687246497,0.164321121,534.0041123,71.88017765,7793.648266,7744.632768,1423.663739,2.757428041,0,6.784872376,0,6.784872376,953.6595261,1385.800378,1030.444591,1462.585442,0,NA,0,0,0,0,0,0,0,0.863013698630137,"Peel",6626.79787288078,1243.60989425642,NA,1210.51547559058,454.054018698414,39.1129663218645,0.139719271122696,61.1184123398715,0.0759725946906782,0.0105798295145214,3.51763759040466,5.7690540161008,0,"SUR19",148
"313",0.480497721984227,0,1,0,0,1,3,35,0.022,1,0,0,0,0.666666666666667,0,0.333333333333333,0,0.333333333333333,0,0,0,0,0,0.333333333333333,0,0.333333333333333,0,0,0,0.333333333333333,0,0,0,0,0,0,0,0,0,0,0,0,1,0.666666666666667,0,0,0,0,441,0,0,1,0,1,0,0,0,0,0,0,1,0,0,0,0,0,1,1,0,0,0,0,3,2018,"PEL",345,57,2,1,22.28311467,26.03579735,65.48639514,75.77672476,167.2989173,4.5771e-05,0.520314135,8.566353422,1.388394428,2.349290608,9.401168926,568.1441854,209.8655667,10878.12727,11028.62415,929.2122918,81.2129941,0.392881739,18.00995638,0,18.40283812,1374.8974,2007.682335,1477.114614,2109.899549,0,NA,0,0,0,0,0,0,0,0.585858585858586,"Peel",488.178041135575,94.6860248329907,7.50787848905325,41.7002876644982,25.4966235112948,15.4825752642416,0.421896537590272,9.41814328059552,0.0233501529164819,2.05406652875246e-06,3.40063433152005,0.825864713821894,0,"SUR20",87
"314",0.480497721984227,0,1,0,0,1,4,58,0.175,NA,0,1,1,1,1,0.75,1,1,0,0.25,0,0.25,1,0.75,1,0.5,1,0.5,1,1,0,0,1,0.75,0,0,1,0.5,0,0,1,0.5,1,0.5,0,0,1,0.25,428,0,1,0,0,0,1,0,1,1,0,0,0,0,0,0,0,0,0,0,0,0,0,1,3,2019,"SUR",60,9,0,4,1.210052004,NA,10.67585022,4.428728503,NA,NA,0.255959821,0.007022507,0.03317187,0.913795635,0.000102138,386.553119,40.00419929,5334.743328,5156.314007,867.2603099,NA,0,0.000611369,2.652713891,2.65332526,704.0334021,1157.581035,766.7858862,1220.333519,0,0.339151624,1,0,0,0,0,0,0,0.570093457943925,"Toronto",4408.68930456315,1008.49675465684,NA,716.713254499102,319.45165804626,49.5846457851906,8.44079425201299e-05,33.0599008619137,0.211527950992096,NA,3.6599489016672,2.19273655283331,0,"SUR22",40
"315",0.480497721984227,0,1,1,0,1,4,50,0.066,NA,0,0.75,0,0.75,0,0.25,0,1,1,0.75,1,1,0,0.25,0,0.25,0,0.25,0,0.25,0,0,1,0.25,1,0.25,1,0.5,0,0,0,0,1,0.5,0,0.25,1,0.25,310,1,1,0,1,1,1,0,1,0,0,0,1,0,0,0,0,0,1,1,0,0,1,1,2,2019,"SUR",203,2,0,2,3.647962254,NA,34.33805828,8.181397216,NA,NA,0.065527854,0.503434735,0.02681176,3.050722561,NA,495.0308515,116.0837664,7049.1483,7299.703118,342.3969339,NA,2.198298858,1.546356912,0.442499329,4.187155099,890.5932966,1452.919817,925.0404426,1487.366963,0,0.797188425,0,0,0,0,0,0,0,0.470355731225296,"Toronto",1932.35231320461,407.725425713794,NA,93.8597798057151,135.700650673454,55.6475056114986,NA,31.8215371534379,0.0179628651387904,NA,2.2427307757993,1.14780658555575,0,"SUR25",117
"316",0.480497721984227,0,1,0,1,1,6,56,0.044,NA,0,0.666666666666667,0,0.666666666666667,1,0.666666666666667,1,1,0,0.333333333333333,0,0.5,1,0.5,0,0.333333333333333,0,0.333333333333333,0,0.333333333333333,0,0,1,0.166666666666667,0,0,0,0.166666666666667,0,0,0,0.166666666666667,0,0.166666666666667,0,0.166666666666667,1,0.166666666666667,455,1,0,0,0,1,1,1,0,0,0,0,0,0,0,0,0,0,1,1,0,0,0,0,2,2019,"SUR",113,2,0,1,6.388081709,NA,20.16785696,8.007183835,NA,NA,0.089575205,4.459900798,0.070562142,1.62539024,0.00580901,106.4944226,38.97457234,3587.114585,2977.278753,211.5119596,NA,0,1.36686488,4.945367156,6.312232037,676.0192684,934.3729415,717.3830111,975.7366842,0,0.322189061,2,0,0,0,0,0,0,0.520689655172414,"Toronto",561.532357976293,152.743300516227,NA,33.1104029715222,16.6707984417236,17.6891913954071,0.000909351236352509,6.10113866970264,0.0140222384559984,NA,1.25345670261526,0.988126377298347,0,"SUR26",155
"317",0.480497721984227,1,1,0,1,1,5,33,0.1,NA,0,0.8,0,0.8,0,0.2,0,1,0,0.2,0,0.4,1,0.6,1,0.6,1,0.6,1,0.8,0,0,1,0.4,0,0,1,0.8,0,0,0,0,1,0.6,0,0.2,0,0,521,1,1,0,1,1,1,0,0,0,0,0,1,0,0,0,0,0,1,1,0,0,0,0,3,2019,"SUR",82,6,0,2,2.174819185,NA,12.46079799,8.06894703,NA,0.091063206,NA,0.132581778,0.21065857,1.707198007,0.033317702,795.7634264,56.83665846,8646.860472,7663.947981,1678.337228,NA,0,0.500009064,4.521572204,5.021581268,1337.361974,1870.586536,1427.216183,1960.440744,0,0.184382716,0,0,0,0,0,0,0,0.690082644628099,"Toronto",3975.89856280397,901.427004838565,NA,771.713455341806,365.89866039829,37.7042839080896,0.0153197572606479,26.1339695971093,NA,0.0418716216171323,3.7101691421763,2.30896494873435,0,"SUR27",142
"318",0.285318238275449,0,1,0,0,1,7,17,0.128,NA,0,0.714285714285714,0,0.714285714285714,1,0.714285714285714,1,1,1,1,1,1,1,0.714285714285714,1,0.428571428571429,1,0.428571428571429,1,0.714285714285714,0,0,1,0.285714285714286,1,0.285714285714286,1,0.714285714285714,0,0,0,0,0,0.285714285714286,1,0.428571428571429,1,0.285714285714286,349,3,0,0,1,1,1,0,0,3,0,0,1,0,0,0,0,0,3,1,0,0,0,1,1,2019,"SUR",168,4,0,2,10.1649086,1.809314354,34.74491188,13.92517391,50.47940013,NA,NA,4.498313275,0.161901308,4.393753689,NA,452.7454397,116.0735978,5083.791163,5251.909594,201.012303,NA,0,3.128785972,4.91661675,8.045402722,622.8328898,1036.976912,647.1853816,1061.329404,1,0.704656104,1,0,0,0,0,0,0,0.356796116504854,"Toronto",500.131517463915,104.411111379791,4.96604564944145,19.7751215392138,44.5400403993795,16.527448166135,NA,11.4190498279542,NA,NA,1.36992613096393,0.791487955140098,0,"SUR3",111
"320",0.480497721984227,0,1,0,0,1,2,50,0.136,NA,0,0.5,0,0.5,1,0.5,1,1,1,0.5,0,0.5,1,0.5,1,0.5,1,0.5,1,0.5,0,0,1,0.5,0,0,1,0.5,0,0,0,0,1,0.5,0,0,1,0.5,328,1,0,0,1,1,1,1,1,0,0,0,1,0,0,0,0,0,1,1,0,0,0,0,2,2019,"SUR",246,11,0,2,3.956676343,2.217187991,26.46970672,17.43716552,46.12406023,NA,NA,0.974525673,0.253201912,2.697213531,0.00514058,396.3588206,44.78503078,6213.939993,5881.433228,499.1397959,NA,0,7.257168137,4.612435801,11.86960394,694.357384,1077.293606,739.6701111,1122.606333,1,0.514279712,2,0,0,0,0,0,0,0.360406091370558,"Toronto",1570.49489377453,283.724579844918,11.6572739925015,126.151282700456,100.174688612381,62.1733947066997,0.001299216704721,11.3188512017749,NA,NA,4.40702347333746,2.99989256412121,0,"SUR31",16
"321",0.480497721984227,0,1,0,0,1,2,16,0.075,NA,0,0.5,0,0.5,1,0.5,1,1,1,0.5,1,1,1,0.5,0,0,0,0,1,0.5,1,0.5,1,0.5,0,0,0,0,0,0,1,0.5,1,0.5,0,0,0,0,223,1,1,0,1,1,1,0,0,1,1,0,0,0,0,0,0,0,1,1,0,0,0,0,1,2019,"SUR",89,1,0,2,6.020069793,NA,13.18925105,12.80719687,NA,NA,NA,2.922287741,0.033826965,3.063929725,1.55061e-06,349.7373302,86.96865227,5602.870265,3451.6687,593.1521467,NA,0,1.367095482,6.106062706,7.473158188,954.0342737,1238.800846,1055.134331,1339.900903,0,0.82305325,1,0,0,0,0,0,0,0.219512195121951,"Toronto",930.698556271705,222.572320433561,NA,98.5291146274922,58.0952284982919,14.7838817588938,2.57573425777059e-07,14.4464524931464,NA,NA,2.12741667628038,1.24137401142585,0,"SUR35",105
"322",0.480497721984227,0,1,0,0,1,7,38,0.128,NA,0,0.571428571428571,0,0.571428571428571,0,0.285714285714286,1,1,1,0.571428571428571,0,0.714285714285714,0,0.142857142857143,0,0.142857142857143,0,0.142857142857143,0,0.142857142857143,0,0,1,0.142857142857143,0,0,0,0.142857142857143,0,0,0,0,0,0.142857142857143,1,0.571428571428571,1,0.285714285714286,525,1,1,0,1,1,1,0,1,0,1,0,1,0,0,0,0,0,0,1,0,0,0,1,2,2019,"SUR",104,3,0,2,2.502318184,2.948307605,17.33233415,4.962367278,25.24300903,NA,NA,0.72782438,NA,1.718605602,NA,373.7165118,1.459241349,5759.69943,5941.434351,242.2873346,NA,0,1.646629233,3.955627132,5.602256365,760.2568874,1204.272575,797.8906461,1241.906334,0,1.424861243,1,0,0,0,0,0,0,0.492753623188406,"Toronto",2301.74542423419,496.302325555893,10.0878494155562,96.8251504341864,149.348118152827,41.5614611542942,NA,0.583155794626955,NA,NA,1.98310802748017,2.23882654125332,0,"SUR4",119
"324",0.59793070477151,1,1,0,0,0,4,75,0.322,NA,0,1,1,1,1,1,1,1,0,0,0,0,1,1,1,0.75,1,0.75,1,1,0,0,1,0.5,0,0,1,0.5,1,0.25,1,1,1,1,1,0.75,1,1,575,3,1,0,1,3,3,0,1,1,0,0,3,1,0,0,0,0,3,3,1,1,3,3,4,2019,"SUR",13,4,0,1,0.523391513,NA,2.133999861,2.374467362,NA,0.066116986,0.031716236,0.007865948,0.045639728,0.341761947,0.030290673,1181.075204,191.836449,5393.41069,5127.717876,1985.347023,NA,0,0.436238905,1.099828999,1.536067903,946.8874621,1299.107277,1005.380882,1357.600697,2,NA,0,0,0,0,0,0,0,0.787096774193548,"Toronto",10304.7347082221,2593.85309711738,NA,3793.23503283478,2256.58073290157,24.8380030571875,0.057873832967559,366.525715903231,0.0605975359023447,0.126324146184617,4.53669443050369,2.93483532852012,0,"SUR41",223
"325",0.480497721984227,0,1,0,0,1,4,68,0.163,NA,1,1,1,1,1,0.5,1,1,0,0.25,0,0.25,1,0.5,0,0.25,0,0.25,1,1,1,0.25,1,0.25,0,0,1,0.75,0,0,1,0.5,0,0.25,0,0.25,1,0.5,288,0,0,0,1,1,1,1,1,0,0,0,1,0,0,0,0,0,1,1,0,0,1,1,3,2019,"SUR",65,3,0,2,1.164623003,NA,10.38168446,4.376442558,NA,NA,0.006762696,0.007886333,NA,1.149973955,NA,381.3392668,285.349837,4739.971562,4229.023712,1453.352462,NA,2.049612673,0,0.77557399,2.825186664,610.3902041,841.9796025,648.9719576,880.561356,0,0.775624224,0,0,0,0,0,0,0,0.755813953488372,"Toronto",4069.96216783467,756.091330612332,NA,1247.91667196702,327.435801815431,55.8120523401683,NA,245.014769813885,0.00580676835557918,NA,3.75781909401286,2.42583793787559,0,"SUR43",162
"327",0.480497721984227,0,1,0,1,1,4,65,0.228,NA,0,1,1,1,0,0.25,1,1,0,0,0,0.5,1,0.75,1,0.75,1,0.75,1,1,0,0,1,0.5,0,0,1,0.5,0,0,0,0,1,0.75,1,1,0,0,461,1,0,0,0,1,1,0,0,0,0,0,1,0,0,0,0,0,1,1,0,0,1,1,2,2019,"SUR",57,0,0,1,1.477500328,2.780800367,12.08422402,1.060463701,15.92548809,NA,0.038138342,0.603765542,NA,0.771959944,0.038469231,235.4825565,8.045694375,3299.238892,3382.348533,202.847201,NA,0,0,1.528165785,1.528165785,440.6624001,748.4390201,463.0867043,770.8633244,1,1.580389985,0,0,0,0,0,0,0,0.414383561643836,"Toronto",2232.98691003742,521.734790707945,10.7786697493038,137.290799301941,159.379021471188,38.5786716387111,0.0260366987884689,5.44547721751842,0.025812746892331,NA,0.717741770274585,1.0342913338426,0,"SUR44",178
"328",0.480497721984227,0,1,0,1,1,4,39,0.041,NA,0,1,1,1,1,0.75,1,1,0,0,0,0,1,0.5,1,0.5,1,0.5,1,0.5,0,0,1,0.25,0,0,1,0.5,0,0,0,0,1,0.5,1,0.5,1,0.5,551,1,1,1,1,1,1,0,0,1,0,0,1,1,0,0,0,0,0,1,0,0,0,1,2,2019,"SUR",99,2,0,1,1.718083044,NA,15.21139331,4.430185412,NA,NA,NA,0.494623153,NA,1.223459884,NA,71.26969789,9.938349338,5148.326259,3866.042537,294.5254147,NA,0,5.12252253,4.721688487,9.844211017,1053.427985,1387.311902,1112.46923,1446.353148,1,1.009464554,0,0,0,0,0,0,0,0.513157894736842,"Toronto",2996.55262705683,841.841232908414,NA,171.426762942898,41.482103056015,57.6223601913389,NA,5.78455702284435,NA,NA,2.57856302550181,5.72976437395072,0,"SUR45",103
"329",0.480497721984227,0,1,0,0,1,4,40,0.138,NA,0,0.75,0,0.75,0,0,1,1,1,0.5,0,0.5,1,0.5,1,0.5,1,0.5,1,0.5,0,0,1,0.5,0,0,0,0,1,0.25,1,0.75,1,0.5,1,0.75,0,0,172,0,0,0,1,1,1,0,0,1,0,0,1,0,0,0,0,0,1,1,0,0,1,1,2,2019,"SUR",62,3,0,1,2.237131584,3.107074614,15.21023535,2.495639253,20.81294922,NA,0.030329595,1.007103519,0.007567787,1.17994277,NA,171.3378436,235.3913088,4126.311049,3917.301276,655.1256394,NA,0,0.691326363,3.497448168,4.188774531,561.2832278,788.0240501,608.611467,835.3522893,1,0.763256639,0,0,0,0,0,0,0,0.5,"Toronto",1844.46506343723,373.403288065151,9.303408600931,292.841799778551,76.5881832009395,27.7140604707497,NA,105.220144618905,0.0135573585465056,NA,1.11555318017449,1.87238630081403,0,"SUR46",117
"330",0.59793070477151,0,1,1,0,1,4,49,0.067,NA,0,1,1,1,0,0.25,1,1,1,1,1,1,0,0.25,0,0.25,0,0.25,0,0.25,0,0,1,0.25,0,0,1,0.5,0,0,0,0,1,0.5,1,0.5,0,0,380,0,0,0,0,1,0,0,0,0,0,0,0,0,0,0,0,0,1,1,0,0,0,0,3,2019,"SUR",22,0,0,1,0.578770817,NA,3.576245099,1.975001707,NA,0.044321981,0.109824164,0.001243044,0.017166263,0.406215375,NA,324.6152858,85.14616698,3973.777349,3604.886087,600.334514,NA,0,0.660141123,0.11108027,0.771221393,638.7566274,900.6130886,686.3133715,948.1698327,0,NA,3,0,0,0,0,0,0,0.609929078014184,"Toronto",6865.89100949781,1638.24748043577,NA,1037.25774756884,560.870168752824,38.0115917281987,NA,147.115515293854,0.189754149266306,0.0765795021071354,3.4124072067718,1.33251603285312,0,"SUR47",132
"331",0.59793070477151,0,1,1,0,1,4,50,0.122,NA,0,1,1,1,0,0.25,1,1,1,0.5,0,0.5,0,0.25,0,0.25,0,0.25,0,0.25,0,0,1,0.25,0,0,0,0,0,0,1,0.5,1,0.75,1,0.5,0,0,482,0,1,1,1,1,1,0,0,1,1,1,1,1,0,0,0,0,1,1,1,1,1,1,3,2019,"SUR",61,6,0,2,1.16468216,NA,9.870308594,4.268679848,NA,NA,0.137557372,0.024789688,0.034616108,0.967719031,NA,602.0265867,59.6854185,5987.314641,6089.770293,1068.537696,NA,0,0.447361472,3.567700201,4.015061673,879.8784346,1280.584493,951.8834488,1352.589507,0,NA,0,0,0,0,0,0,0,0.597142857142857,"Toronto",5140.72838636079,1161.33787693631,NA,917.450041477411,516.902041927044,52.3748041268186,NA,51.2461000518802,0.118107219913113,NA,3.66510280195242,3.44734538820445,0,"SUR48",157
"333",0.285318238275449,1,1,0,0,1,8,43,0.125,NA,0,0.375,0,0.375,0,0.25,1,1,0,0.375,0,0.5,0,0.25,0,0.25,0,0.25,0,0.125,0,0,1,0.125,0,0,0,0.125,0,0,0,0,0,0.25,0,0.25,0,0,359,1,1,0,0,0,1,0,1,0,0,1,0,0,0,0,0,0,0,1,1,0,0,0,2,2019,"SUR",123,7,0,3,8.154515997,4.531042201,23.90797248,17.66551266,46.10452734,NA,NA,4.159716434,0.042647226,3.946383506,NA,372.6648019,53.41370627,6641.328242,6645.850703,851.4536283,NA,0,8.890866378,9.437808076,18.32867445,879.0228309,1389.583529,936.9441508,1447.504849,0,0.859898895,0,0,0,0,0,0,0,0.426512968299712,"Toronto",814.435613890917,177.509597078788,5.65386435650645,104.414980437005,45.7004195021631,15.0836665284918,NA,6.5501994587601,NA,NA,2.16634717088041,2.24767165295194,0,"SUR50",244
"336",0.480497721984227,0,1,0,0,1,4,54,0.071,NA,0,0.5,0,0.5,1,1,1,1,0,0.25,0,0.25,1,0.5,1,0.5,1,0.5,1,0.5,0,0,1,0.25,0,0,0,0,0,0,0,0,1,0.75,1,0.75,1,0.25,406,1,1,0,1,0,1,0,0,0,0,0,1,1,0,0,0,0,1,1,0,0,0,0,2,2019,"SUR",189,10,0,1,6.813315094,NA,28.75736539,17.43087839,NA,0.106642127,NA,2.599153528,0.168550111,3.362571713,0.576397618,204.1577969,73.26756031,9675.021515,7591.657293,1160.618636,NA,0,2.014458838,10.24224496,12.2567038,1511.540144,2030.246511,1638.457691,2157.164057,0,0.431238458,0,0,0,0,0,0,0,0.595238095238095,"Toronto",1420.01674390784,316.610053584585,NA,170.345656994797,29.9645318150319,27.7398002870055,0.0845987026943158,10.7535846059023,NA,0.0156520174876269,2.55835494902476,1.79893394491524,0,"SUR51",0
"337",0.59793070477151,0,1,0,1,1,3,76,0.169,NA,0,1,1,1,1,1,1,1,0,0,0,0.666666666666667,1,0.666666666666667,1,0.666666666666667,1,0.666666666666667,0,0.333333333333333,0,0,1,0.666666666666667,0,0,1,0.333333333333333,0,0,1,1,1,0.666666666666667,1,0.666666666666667,1,0.333333333333333,373,1,0,0,1,1,0,1,0,1,0,0,1,0,0,0,0,0,1,1,0,0,0,0,3,2019,"SUR",91,7,0,3,1.203398358,NA,10.56353533,4.408667243,NA,8.75397e-05,NA,0.038066671,8.66205e-05,1.165157519,NA,1001.808717,9.954750953,7590.255688,7826.32906,1838.132993,NA,0,0.77179758,1.789978701,2.561776281,1201.037494,1654.44121,1300.605767,1754.009482,2,NA,0,0,0,0,0,0,0,0.5,"Toronto",6307.35087640862,1457.54684667768,NA,1527.45180411822,832.483034682685,75.6191824552913,NA,8.2721992155153,NA,7.27437422679282e-05,3.66351442453938,2.12878492310524,0,"SUR52",115
"338",0.480497721984227,0,1,1,0,1,4,59,0.039,NA,0,0.75,0,0.75,0,0.25,0,1,1,1,1,1,1,0.5,1,0.5,1,0.5,1,0.5,0,0,1,0.25,1,0.25,1,0.25,0,0,1,0.5,1,0.5,1,0.5,0,0,268,0,0,0,0,1,1,0,0,0,0,0,0,0,0,0,0,0,0,0,0,0,0,0,3,2019,"SUR",52,1,0,1,1.012115037,NA,8.644753041,3.343633359,NA,NA,NA,0.029932814,NA,0.982182228,NA,91.82005937,30.43493264,3879.37231,4026.281697,417.4215775,NA,0,1.017859825,1.711442307,2.729302131,424.0816921,633.9657525,459.2432261,669.1272865,0,2.17272252,1,0,0,0,0,0,0,0.321951219512195,"Toronto",3832.93614676332,661.117819653538,NA,412.425032965892,90.7209714442766,51.3775589720835,NA,30.0706258946729,NA,NA,3.30361000159708,2.69663233054011,0,"SUR53",93
"339",0.59793070477151,0,1,0,1,1,4,45,0.082,NA,0,0.75,0,0.75,0,0.25,1,1,0,0,0,0.25,1,0.75,1,0.5,1,0.5,1,0.5,0,0,1,0.75,0,0,0,0,0,0,1,0.25,1,0.75,1,0.5,0,0,374,0,0,0,1,1,1,0,0,1,0,0,1,1,0,0,0,0,1,1,0,0,1,0,3,2019,"SUR",42,2,0,1,0.804584951,NA,8.667487972,1.464759763,NA,NA,0.031854915,0.003533037,6.25115e-05,0.769134454,NA,434.147178,190.7559786,4375.2044,4204.732079,865.3966696,NA,0,1.00130587,0.815454931,1.816760801,603.036734,873.8449246,661.4652737,932.2734642,2,0.194525063,0,0,0,0,0,0,0,0.47752808988764,"Toronto",5437.84021135638,1158.70109556648,NA,1075.58147654193,539.591471926499,52.2008272063741,NA,237.086187559081,0.039591736037827,NA,1.82051598302887,2.25800992019797,0,"SUR54",117
"340",0.480497721984227,1,1,0,1,1,4,24,0.11,NA,0,0.5,0,0.5,0,0.25,1,1,1,0.75,0,0.75,0,0.25,0,0.25,0,0.25,1,0.5,0,0,0,0,0,0,1,0.25,0,0,0,0,0,0.25,0,0.25,1,0.25,343,0,1,0,1,1,1,0,0,1,0,0,1,1,0,0,0,0,1,1,0,1,0,0,2,2019,"SUR",170,9,0,2,4.150165542,3.247991542,23.33506254,15.13236673,41.71542082,NA,NA,0.494188539,0.056228273,2.912431938,0.68731676,365.3601526,557.6721381,6107.673661,5504.076745,1229.817556,NA,0.781415396,2.626936992,3.562453249,6.970805637,762.221495,1074.677178,811.7805048,1124.236188,2,NA,1,0,0,0,0,0,0,0.406862745098039,"Toronto",1471.66988863212,270.889480581592,10.051507680317,296.329759272046,88.0350793004584,40.9622214534786,0.165611890187102,134.373468348748,NA,NA,3.64620798299713,1.67964520124677,0,"SUR57",181
"341",0.59793070477151,0,1,0,1,1,4,21,0.089,NA,0,1,1,1,1,0.5,1,1,0,0.25,0,0.75,0,0.25,0,0.25,0,0.25,0,0.25,0,0,1,0.5,0,0,1,0.75,0,0,1,0.25,1,0.5,1,0.5,0,0,268,1,0,0,0,1,1,0,0,1,1,1,1,0,1,0,0,0,1,1,1,1,1,1,2,2019,"SUR",68,3,0,1,0.897260379,NA,7.961920524,4.429289742,NA,NA,NA,0.027977362,NA,0.869283013,NA,339.2032523,17.65849317,4522.514912,3967.490436,664.9200991,NA,0,1.214764268,2.727826481,3.942590749,712.4580188,1010.343305,777.8625614,1075.747848,0,0.294298165,0,0,0,0,0,0,0,0.475113122171946,"Toronto",5040.3595409399,1198.92494216553,NA,741.055901566785,378.043275105988,75.7862506709438,NA,19.6804557331289,NA,NA,4.93645974531547,4.39403192348026,0,"SUR58",134
"342",0.480497721984227,0,1,0,0,1,3,29,0.049,NA,0,1,1,1,0,0.333333333333333,0,1,1,1,1,1,0,0.333333333333333,0,0.333333333333333,0,0.333333333333333,0,0.333333333333333,0,0,1,0.333333333333333,0,0,0,0,0,0,0,0,0,0.333333333333333,0,0.333333333333333,0,0,348,1,1,0,0,1,1,0,0,0,0,0,1,0,0,0,0,0,0,0,0,0,0,0,2,2019,"SUR",90,1,0,1,1.86645961,NA,14.72677186,5.549858236,NA,NA,4.84549e-08,0.348207526,NA,1.506850679,NA,149.9261672,63.75123976,4309.7422,4312.921434,224.9100567,NA,0.415400924,0.858773285,0.912079272,2.186253481,566.4613619,823.6521156,587.1187041,844.3094578,1,0.246516523,0,0,0,0,0,0,0,0.454976303317536,"Toronto",2309.04659115554,452.358815200935,NA,120.500896721789,80.3264996449615,48.2196343911241,NA,34.156238591201,2.59608618050942e-08,NA,2.97346816736099,1.17133715044603,0,"SUR60",57
"343",0.59793070477151,0,1,0,0,1,4,90,0.098,NA,0,1,1,1,1,0.5,1,1,0,0,0,0,0,0.25,0,0.25,0,0.25,1,1,0,0,1,0.25,0,0,0,0,0,0,0,0,1,0.5,0,0,1,0.25,476,0,1,0,0,0,1,0,0,1,0,0,0,1,0,0,0,0,1,1,0,0,0,0,4,2019,"SUR",142,3,0,1,1.795680329,NA,24.03276868,6.474514805,NA,NA,0.02873462,0.057037968,0.013504366,1.64937787,0.018369437,197.0006155,563.6728674,10095.70108,9593.447164,4816.905845,NA,0,0,0.104925232,0.104925232,496.0091575,763.2002449,529.9676714,797.1587589,0,NA,0,0,0,0,0,0,0,0.505535055350554,"Toronto",5622.21511087233,443.931331220814,NA,2682.49630360572,109.708065694359,79.0786632268109,0.0102297924097825,313.904907402926,0.0160020798445802,NA,3.60560546353237,0.0584320217276268,0,"SUR61",78
"344",0.480497721984227,0,1,1,0,1,4,17,0.064,NA,0,0.5,0,0.5,0,0,1,1,1,0.5,0,0.5,0,0.25,0,0.25,0,0.25,0,0.25,0,0,1,0.25,1,0.25,0,0,0,0,1,0.25,0,0.25,0,0.25,0,0,308,0,0,0,0,1,1,1,0,1,0,0,0,0,0,0,0,0,1,1,1,0,0,1,2,2019,"SUR",74,5,0,1,3.803986068,NA,13.0498099,9.050837725,NA,NA,NA,2.497403036,0.00143318,1.294810578,0.004193407,105.4410907,10.64958453,2946.436197,2802.22782,244.3443357,NA,0,2.009794361,6.242982881,8.252777242,430.5369072,632.2186822,458.0244564,659.7062314,0,0.910850725,1,0,0,0,0,0,0,0.483091787439614,"Toronto",774.56545432332,173.424986213698,NA,64.2337619886362,27.7185796202028,19.4532783972331,0.00110237180816089,2.79958557671563,NA,NA,2.37930359449466,2.16950774647264,0,"SUR63",90
"345",0.480497721984227,0,1,0,1,1,7,36,0.027,NA,0,0.714285714285714,0,0.714285714285714,1,0.714285714285714,1,1,0,0.285714285714286,0,0.285714285714286,0,0.142857142857143,0,0.142857142857143,0,0.142857142857143,0,0.142857142857143,0,0,1,0.142857142857143,0,0,1,0.285714285714286,0,0,0,0,0,0.142857142857143,0,0.428571428571429,0,0,455,0,1,1,1,0,1,0,0,0,0,0,1,0,0,0,0,0,0,0,0,0,0,0,2,2019,"SUR",171,9,0,3,4.237175076,NA,24.3477417,12.43803288,NA,NA,0.061701378,1.685093779,0.145520426,2.344564902,NA,200.0577651,157.1681165,6754.076202,6472.913099,651.533027,NA,0,1.806469831,5.425702928,7.232172758,1003.939458,1421.220427,1076.844386,1494.125354,1,1.262817779,1,0,0,0,0,0,0,0.429223744292237,"Toronto",1594.00451500249,352.622992253247,NA,153.765897163509,47.2148923543796,40.3570768101063,NA,37.0926652028669,0.0145619137499146,NA,2.93545408365373,1.7068383128571,0,"SUR64",218
"346",0.59793070477151,0,1,0,1,1,1,63,0.101,NA,0,0.666666666666667,0,0.666666666666667,0,0.333333333333333,0,1,0,0.333333333333333,0,0.666666666666667,0,0.333333333333333,0,0.333333333333333,0,0.333333333333333,0,0.333333333333333,0,0,1,0.333333333333333,0,0,1,0.666666666666667,0,0,0,0,0,0.333333333333333,0,0.333333333333333,0,0,663,1,1,1,1,1,1,0,1,1,0,0,0,0,0,0,0,0,1,1,0,0,0,1,3,2019,"SUR",179,4,0,1,1.239853338,NA,16.81392684,5.441324609,NA,NA,NA,0.125303591,NA,1.084874334,0.029675421,404.1371031,26.8546971,7854.985828,7417.455207,671.1723925,NA,0,0.388882934,3.103387105,3.492270039,1073.234897,1594.481219,1140.297157,1661.543478,1,0.084854774,1,0,0,0,0,0,0,0.68997668997669,"Toronto",6335.41531667837,1340.11292067836,NA,541.332084956648,325.955571287094,144.371914414284,0.0239346220157533,21.6595755940934,NA,NA,4.38868408240717,2.81667995073785,0,"SUR65",114
"347",0.480497721984227,0,1,0,0,1,4,24,0.055,NA,1,1,1,1,1,0.5,1,1,0,0,0,0.5,0,0,0,0,0,0,1,0.5,0,0,1,1,0,0,1,0.5,0,0,1,0.5,1,1,1,1,1,0.5,356,1,1,0,1,1,1,0,0,1,0,1,1,0,1,0,0,0,1,1,1,1,1,1,2,2019,"SUR",89,0,0,1,5.474518338,NA,13.98840437,5.757095961,NA,NA,NA,3.026868544,0.498579515,1.925082235,NA,257.9314304,22.33944066,4872.958457,4282.507752,317.1787429,NA,0.157026472,4.553184852,4.635390981,9.345602305,601.5910477,954.0390136,646.153025,998.6009909,4,0.890617294,0,0,0,0,0,0,0,0.598240469208211,"Toronto",890.116382143718,182.408922437698,NA,57.9372875049816,47.1149084677703,16.2571379809304,NA,4.08062212613964,NA,NA,1.05161689221836,1.70710950772232,0,"SUR66",174
"350",0.480497721984227,1,1,0,1,1,6,33,0.088,NA,1,1,1,1,1,1,1,1,0,0,0,0,0,0.166666666666667,0,0.166666666666667,0,0.166666666666667,1,0.5,0,0,1,0.166666666666667,0,0,1,0.666666666666667,0,0,0,0.166666666666667,0,0.166666666666667,1,0.5,1,0.333333333333333,593,1,1,0,1,1,0,0,0,0,0,0,0,0,0,0,0,0,1,1,0,0,0,0,3,2019,"SUR",66,1,0,3,1.303487977,NA,8.95481464,4.829493922,NA,NA,NA,0.022186707,NA,1.281301236,NA,468.6535548,21.91769695,5937.864937,2668.83192,693.6585787,NA,0,0.148387573,2.644260374,2.792647947,1112.468257,1518.833817,1223.228482,1629.594042,2,0.919378001,0,0,0,0,0,0,0,0.461722488038278,"Toronto",4555.36609602345,1250.1795726191,NA,532.15571676884,359.538072517258,50.633378415887,NA,16.81465217688,NA,NA,3.70505444408867,2.14244242852729,0,"SUR68",68
"351",0.480497721984227,0,1,1,1,1,7,39,0.149,NA,0,0.571428571428571,0,0.571428571428571,0,0.142857142857143,0,1,1,0.714285714285714,0,0.857142857142857,0,0.142857142857143,0,0.142857142857143,0,0.142857142857143,0,0.285714285714286,0,0,1,0.142857142857143,0,0,0,0.142857142857143,0,0.142857142857143,1,0.285714285714286,0,0.285714285714286,0,0.428571428571429,1,0.285714285714286,460,1,1,0,1,0,1,0,0,1,0,1,1,1,0,0,0,0,0,0,0,0,0,1,3,2019,"SUR",80,7,0,1,2.531128811,NA,11.97912352,8.849911894,NA,NA,0.004624717,0.787634953,0.029760683,1.22692133,0.482187112,565.8692974,83.27922188,5477.440603,5196.509005,852.1487637,NA,0,3.733411257,2.814664757,6.548076014,932.818811,1272.741637,1008.570949,1348.493775,0,0.418437505,1,0,0,0,0,0,0,0.442922374429224,"Toronto",2164.03075939702,532.763788685743,NA,336.667482111798,223.564006280833,31.6064514979755,0.190502794604711,32.902008589242,0.00182713616940454,NA,3.49642888798835,2.58701808676935,0,"SUR7",360
"352",0.59793070477151,0,1,0,1,1,5,58,0.049,NA,1,1,1,1,1,0.6,1,1,0,0,0,0,0,0.4,0,0.4,0,0.4,1,0.6,0,0,1,0.4,0,0,1,0.6,0,0,0,0,0,0.4,0,0.4,0,0,595,1,0,0,0,1,1,0,0,1,0,0,1,1,0,0,0,0,0,1,0,0,0,1,3,2019,"SUR",129,5,0,1,0.685856532,NA,12.52538366,3.848181368,NA,NA,0.043230267,0.057258331,NA,0.58536793,NA,149.3782994,0.072026789,4223.574113,3719.003015,123.9958237,NA,0,1.445461233,1.893961272,3.339422505,832.2305895,1155.370774,884.6055982,1207.745783,0,0.191220292,0,0,0,0,0,0,0,0.69140625,"Toronto",6158.10146282896,1760.93064168703,NA,180.789739420314,217.798172694228,188.085982973477,NA,0.105017282244095,0.0630310640534951,NA,5.61076725008139,4.86898111950912,0,"SUR73",78
"353",0.480497721984227,0,1,0,1,1,7,39,0.079,NA,0,0.714285714285714,0,0.714285714285714,0,0,0,1,0,0.285714285714286,0,0.285714285714286,0,0.285714285714286,0,0.285714285714286,0,0.285714285714286,0,0.142857142857143,0,0,1,0.142857142857143,1,0.142857142857143,1,0.285714285714286,0,0,0,0,0,0.285714285714286,0,0.142857142857143,1,0.142857142857143,348,0,1,0,0,1,0,0,0,1,0,1,0,1,0,0,0,0,0,0,0,0,0,0,3,2019,"SUR",129,10,0,2,2.283817378,NA,18.61081237,8.601909346,NA,NA,0.000892482,0.532039677,NA,1.750885197,NA,88.6760306,45.68345969,4817.109928,4584.737577,354.6197861,NA,0,3.507677715,5.847884852,9.355562567,757.0548893,1102.572537,797.9784537,1143.496101,0,0.573748844,0,0,0,0,0,0,0,0.730434782608696,"Toronto",2109.23604242756,500.695069586251,NA,155.275018710362,38.8279866219671,56.4843762214336,NA,20.0031141412919,0.000390785186502771,NA,3.76646111412504,4.09645826199681,0,"SUR74",149
"356",0.59793070477151,0,1,0,0,1,5,65,0.076,NA,0,0.8,0,0.8,0,0.2,0,1,0,0.2,0,0.4,1,0.6,0,0.4,0,0.4,1,0.6,0,0,1,0.2,0,0,1,0.6,0,0,0,0.2,0,0.4,0,0.4,0,0,499,0,1,0,0,1,1,0,0,1,1,0,1,0,0,0,0,0,0,1,0,0,0,1,3,2019,"SUR",96,7,0,1,1.48153371,NA,13.79814435,6.118504408,NA,0.042323028,0.085331527,0.034905329,NA,1.18851342,0.130460432,773.8358089,70.24228354,8636.645897,8492.603332,2266.541909,NA,0,0.882466358,3.055075651,3.937542009,960.4135075,1439.969558,1050.022855,1529.578906,0,0.328971614,0,0,0,0,0,0,0,0.654275092936803,"Toronto",5829.53046475061,1032.42936402709,NA,1529.86185444272,522.320756980953,64.7977156051346,0.0880576871922813,47.4118699195849,0.0575967501947695,0.0285670367905432,4.12984488081611,2.65774715919221,0,"SUR75",49
"357",0.480497721984227,0,1,0,0,1,4,40,0.054,NA,0,1,1,1,0,0.25,0,1,1,0.75,1,1,0,0.25,0,0.25,0,0.25,0,0.25,0,0,1,0.25,0,0,0,0,0,0,0,0,0,0.25,0,0.25,0,0,590,1,1,0,0,1,1,1,0,0,0,0,1,0,0,0,0,0,0,0,0,0,0,0,2,2019,"SUR",169,8,0,5,10.70597816,NA,26.83584812,20.69730508,NA,NA,0.167384628,7.456978439,NA,2.615343887,0.434474425,140.5953412,199.2986028,6436.79286,6060.710723,1280.378185,NA,0,0.874738273,5.120921794,5.995660067,839.2853786,1187.065661,906.6436427,1254.423925,0,0.799468057,0,0,0,0,0,0,0,0.572881355932203,"Toronto",601.233513071168,117.170416962629,NA,119.594694278734,13.1324143482094,15.7855730204479,0.0405824127890804,18.615636966702,0.0156346879751154,NA,1.93324745956702,0.560029170375218,0,"SUR77",161
"359",0.480497721984227,0,1,0,0,1,9,49,0.073,NA,0,0.555555555555556,0,0.555555555555556,0,0.444444444444444,1,1,1,0.666666666666667,1,1,0,0.333333333333333,0,0.333333333333333,0,0.4444444444,0,0.333333333333333,0,0,1,0.111111111111111,0,0,0,0,0,0,0,0,0,0.444444444444444,0,0.222222222222222,0,0,391,1,0,0,1,1,1,0,1,1,0,0,1,0,0,0,0,0,1,1,0,0,1,1,3,2019,"SUR",103,6,0,5,1.460154007,NA,12.23462163,8.846139548,NA,NA,NA,0.109526518,0.019365284,1.331262184,NA,440.7620593,72.64909291,6190.487026,5688.803129,819.4554238,NA,0,0,5.363540786,5.363540786,907.4626044,1320.448649,971.02622,1384.012264,2,NA,3,0,0,0,0,0,0,0.532374100719424,"Toronto",4239.61239453011,947.853621854287,NA,561.211639232244,301.859979965798,70.540504293531,NA,49.7544043722232,NA,NA,6.05836062880455,3.67327060042099,0,"SUR79",108
"360",0.480497721984227,0,1,0,0,1,4,29,0.088,NA,0,0.75,0,0.75,1,0.75,1,1,1,0.75,0,0.75,1,0.5,0,0.25,0,0.25,0,0.25,0,0,1,0.25,0,0,1,0.25,0,0,0,0,0,0.25,0,0.25,1,0.25,400,0,1,0,0,1,0,0,0,0,0,0,1,0,0,0,0,0,1,1,0,0,0,0,3,2019,"SUR",69,3,0,1,0.894166806,NA,9.839440198,4.031080635,NA,NA,NA,0.016976527,NA,0.877190289,NA,284.1344912,40.54599075,3919.952925,3204.980471,604.2950209,NA,0,0,3.281404033,3.281404033,568.987864,870.0101526,610.497017,911.5193056,1,0.909959492,0,0,0,0,0,0,0,0.412322274881517,"Toronto",4383.91684716599,1019.40633390052,NA,675.8191165732,317.764525917774,77.1668099699062,NA,45.3449965687946,NA,NA,4.50819758455672,3.66978958621732,0,"SUR80",82
"361",0.480497721984227,0,1,0,0,1,5,35,0.12,NA,0,0.6,0,0.6,0,0.2,1,1,0,0,0,0.4,0,0.2,0,0.2,0,0.2,0,0.2,0,0,0,0,0,0,0,0,0,0,1,0.4,1,0.6,0,0.4,0,0,154,0,0,0,0,0,0,0,0,0,0,0,0,0,0,0,0,0,0,0,0,0,0,0,2,2019,"SUR",122,7,0,1,3.235504226,7.143004497,19.64227019,13.98490897,40.77018365,NA,NA,0.591322708,0.047185095,2.342080682,0.253573134,76.38629114,152.9836348,1914.374382,1846.986764,255.5843481,NA,0.584886314,0.893962744,4.405020704,5.883869762,232.5517839,344.1559148,270.8651848,382.4693157,0,0.073976136,0,0,0,0,0,0,0,0.454545454545455,"Toronto",591.677293021715,118.210111619245,12.6008747948395,78.9936684508599,23.6087749557463,37.7066421423985,0.0783720608251185,47.282780090549,NA,NA,4.32232752398204,1.81853255350995,0,"SUR82",75
"362",0.59793070477151,1,1,0,0,1,4,55,0.113,NA,0,0.75,0,0.75,1,0.5,1,1,0,0.25,0,0.25,0,0.25,0,0,0,0,0,0.25,0,0,0,0,0,0,1,0.25,0,0,1,0.25,0,0.25,0,0,1,0.25,435,1,1,0,1,0,0,0,0,0,0,0,0,0,0,0,0,0,0,0,0,0,1,1,2,2019,"SUR",140,16,0,2,1.892648741,2.439110847,14.77388467,8.850923822,26.06391934,NA,NA,0.161109357,NA,1.583889471,0.147649916,807.5472757,44.41168851,9318.429005,8073.396114,1640.274066,NA,0,0.861069137,4.019004607,4.880073744,1203.460986,1829.162065,1305.050074,1930.751152,0,NA,0,0,0,0,0,0,0,0.483471074380165,"Toronto",4923.48569659921,1020.13179211472,13.7711339539047,866.655301888371,426.675726037429,73.970408225897,0.0780123182931386,23.4653623506149,NA,NA,4.6764746306404,2.57843605011544,0,"SUR83",6
"363",0.59793070477151,0,1,1,0,1,3,48,0.124,NA,0,1,1,1,1,0.666666666666667,1,1,0,0,0,0.333333333333333,0,0.333333333333333,0,0.333333333333333,0,0.333333333333333,1,0.666666666666667,1,0.333333333333333,1,0.666666666666667,1,0.333333333333333,0,0,0,0,0,0,1,1,1,1,1,0.666666666666667,804,1,1,0,0,1,0,0,0,0,0,0,0,1,0,0,0,0,0,0,1,0,0,0,3,2019,"SUR",144,2,0,1,0.799058615,NA,16.61655834,1.032548885,NA,NA,NA,0.028316976,NA,0.770741599,NA,181.226378,0.314900983,5427.575386,2090.43733,648.8686491,NA,0,2.309729151,2.502479982,4.812209133,1020.898373,1269.600286,1125.239175,1373.941089,3,0.995588062,1,0,0,0,0,0,0,0.603112840466926,"Toronto",6792.46213495865,1719.44969143471,NA,812.041365826461,226.799854976847,180.212061163999,NA,0.394089966729162,NA,NA,1.29220668623916,6.02234810145937,0,"SUR84",134
"364",0.480497721984227,1,1,1,1,1,5,42,0.08,NA,0,0.8,0,0.8,0,0.2,0,1,1,0.6,0,0.6,1,0.8,1,0.8,1,0.8,0,0.4,0,0,1,0.2,1,0.2,0,0.2,0,0,0,0,0,0.2,0,0.2,0,0,451,1,1,0,0,0,1,0,1,1,0,0,1,0,0,0,0,0,0,0,0,1,0,0,3,2019,"SUR",59,3,0,2,1.208926282,NA,9.972886825,5.339786377,NA,NA,NA,0.026078521,NA,1.137010115,0.045837577,289.2799181,36.87683637,5036.730968,4932.683858,492.5210974,NA,0,0.780892909,0.641567208,1.422460118,615.6793567,917.3795118,658.1229803,959.8231354,0,NA,0,0,0,0,0,0,0,0.559055118110236,"Toronto",4166.28461387028,793.946785416979,NA,407.403747220378,239.286648331796,48.8036374743981,0.0379159405188612,30.5037924305793,NA,NA,4.41696607684471,1.17663098170613,0,"SUR86",132
"365",0.480497721984227,0,1,0,0,1,4,42,0.137,NA,0,0.75,0,0.75,1,0.75,1,1,1,0.5,0,0.75,0,0.25,0,0.25,0,0.25,0,0.25,0,0,1,0.5,0,0,0,0,0,0,0,0,1,0.75,1,0.5,0,0,547,0,1,0,1,0,1,0,0,1,0,0,0,0,0,0,0,0,0,0,0,0,0,0,2,2019,"SUR",71,1,0,1,2.474468099,1.455976669,11.05781909,6.906444708,19.42024046,NA,NA,1.075943778,NA,1.337457585,0.000110851,160.8944487,1.526527835,4116.022641,3765.271444,291.3738671,NA,0,1.419278654,4.182910003,5.602188657,772.5158844,1079.340943,826.5078373,1133.332896,0,0.311042397,1,0,0,0,0,0,0,0.437007874015748,"Toronto",1663.39693070337,458.010712062932,7.84824846513408,117.752121038761,65.0218318696539,28.693035092549,4.47979103245655e-05,0.616911503371941,NA,NA,2.79108254044216,2.26399712296311,0,"SUR88",19
"366",0.480497721984227,0,1,0,1,1,2,11,0.11,NA,0,1,1,1,1,1,1,1,1,1,1,1,1,1,1,0.5,1,0.5,1,1,0,0,0,0,0,0,0,0,0,0,0,0,1,1,0,0,0,0,35,0,1,0,0,0,0,0,0,0,0,0,0,0,0,0,0,0,0,0,0,0,0,0,1,2019,"SUR",74,7,0,1,16.75934312,NA,26.29098866,25.29067257,NA,NA,NA,13.43289489,0.394968238,2.450081001,0.432938397,17.06640993,74.60010045,1346.802038,1398.868665,55.72466808,NA,0,2.508571589,9.001938396,11.51050999,137.316528,214.6325178,149.4582406,226.7742303,0,0.76284871,0,0,0,0,0,0,0,0.222222222222222,"Toronto",80.3612664504001,13.5312123319067,NA,3.32499118139661,1.01832212681615,4.41544751904334,0.025832659066652,4.45125443854508,NA,NA,1.50904915478573,0.686811524030663,0,"SUR9",179
"367",0.480497721984227,1,1,0,1,1,4,51,0.061,NA,0,0.75,0,0.75,1,0.75,1,1,0,0,0,0,0,0.25,0,0.25,0,0.25,1,0.5,0,0,1,0.25,0,0,1,0.25,0,0,1,0.5,1,0.5,1,0.5,1,0.25,283,1,1,1,0,1,1,0,0,0,0,1,1,0,0,0,1,1,1,1,1,1,1,1,1,2019,"SUR",109,8,0,3,11.44152731,1.800556435,19.29901009,17.91218697,39.01175349,NA,NA,8.14349307,0.821657658,2.069701261,NA,224.4811524,41.40409536,4877.654016,3988.056706,339.8493893,NA,0,0.334322715,13.08389377,13.41821648,756.5802982,1045.74132,815.5664403,1104.727462,0,0.258190623,0,0,0,0,0,0,0,0.456521739130435,"Toronto",426.311442855788,96.5541952632896,3.40966310117561,29.7031488971729,19.6198589854172,9.52670015520856,NA,3.61875597882919,NA,NA,1.56554159988279,1.17276444974897,0,"SUR90",231
"369",0.480497721984227,0,1,1,1,1,3,27,0.088,NA,0,1,1,1,1,0.666666666666667,1,1,0,0,0,0.333333333333333,0,0.333333333333333,0,0.333333333333333,0,0.333333333333333,0,0.333333333333333,0,0,1,0.333333333333333,0,0,0,0,0,0,0,0,0,0.333333333333333,1,0.666666666666667,1,0.333333333333333,678,1,1,1,1,1,1,0,0,0,0,0,0,0,0,0,0,0,1,1,0,0,0,0,3,2019,"SUR",47,3,0,2,1.031687489,NA,7.485954276,2.843158784,NA,NA,0.02491207,0.043214505,NA,0.963560963,NA,287.408559,29.1168216,3373.853079,1555.071772,383.0598788,NA,0,0.369198779,3.012658903,3.381857682,504.3176922,680.0007134,551.5831289,727.2661501,0,0.178199786,0,0,0,0,0,0,0,0.567430025445293,"Toronto",3270.22777243352,704.928728761583,NA,371.294488771299,278.581025809066,45.556431090927,NA,28.2225207831322,0.0241469148997308,NA,2.75583334518851,3.27798652019904,0,"SUR91",177
"370",0.480497721984227,0,1,0,0,1,5,76,0.071,NA,0,1,1,1,0,0.4,1,1,0,0,0,0,0,0.4,0,0,0,0,1,0.6,0,0,1,0.4,0,0,0,0.2,0,0,1,0.6,1,0.6,0,0.4,1,0.4,515,1,0,0,1,1,1,0,0,1,0,1,1,0,0,0,0,0,1,1,1,1,0,1,2,2019,"SUR",63,5,0,1,1.743243365,NA,8.329885733,8.023824233,NA,NA,0.032339374,0.020062209,0.177345721,0.916228596,0.597267456,611.7672744,21.97089391,5388.583494,5272.554168,902.2034059,NA,0,1.150863345,3.197729679,4.348593024,838.7398948,1210.355055,910.3009327,1281.916093,0,0.528157342,0,0,0,0,0,0,0,0.536423841059603,"Toronto",3091.12519926327,735.362668654127,NA,517.54300289564,350.936241423756,36.1395323595567,0.342618516720986,12.6034576417275,0.018551267510489,NA,4.60281357961744,2.49454156046652,0,"SUR92",138
"371",0.59793070477151,0,1,0,1,1,6,50,0.13,NA,0,0.666666666666667,0,0.666666666666667,0,0.166666666666667,0,1,0,0.333333333333333,0,0.5,1,0.666666666666667,1,0.666666666666667,1,0.666666666666667,0,0.333333333333333,0,0,1,0.333333333333333,0,0,0,0.166666666666667,0,0,0,0.166666666666667,0,0.333333333333333,0,0.333333333333333,0,0,494,1,1,0,1,1,1,0,1,1,0,0,1,0,0,0,0,0,1,1,0,0,1,1,3,2019,"SUR",89,1,0,2,0.988596912,NA,10.49433385,4.629226412,NA,NA,NA,0.017565657,NA,0.971031239,NA,984.7655936,21.94195784,9356.316251,8610.584514,1639.292856,NA,0,0.604911099,1.985816535,2.590727634,1462.487975,2085.30751,1561.933964,2184.753499,1,1.04593164,0,0,0,0,0,0,0,0.601351351351351,"Toronto",9464.23778734199,2209.95379661878,NA,1658.20147332202,996.124488804796,90.0265810257761,NA,22.1950499477182,NA,NA,4.68262277153461,2.62061068829234,0,"SUR95",139
"372",0.480497721984227,0,1,0,0,1,3,38,0.094,NA,0,0.428571428571429,0,0.428571428571429,0,0.285714285714286,0,1,0,0.142857142857143,0,0.285714285714286,0,0.142857142857143,0,0.142857142857143,0,0.142857142857143,0,0.142857142857143,0,0,1,0.142857142857143,0,0,0,0.142857142857143,0,0,0,0.142857142857143,0,0.142857142857143,0,0.142857142857143,0,0,409,1,1,0,0,1,0,0,0,1,0,1,1,0,0,0,0,1,1,1,1,1,1,1,3,2019,"SUR",56,4,0,1,1.38833351,NA,7.072800423,6.770986199,NA,NA,NA,0.04636873,NA,1.203977131,0.13798764,492.0893398,35.18838391,6032.786466,5465.478368,795.9278128,NA,0,0,3.106571614,3.106571614,984.1343218,1378.837187,1053.172009,1447.874875,1,NA,0,0,0,0,0,0,0,0.455752212389381,"Toronto",4345.34384032839,1042.88693211763,NA,573.297271201067,354.446057993659,40.3361293209727,0.0993908444952827,25.3457714998178,NA,NA,4.87706026702474,2.23762632798512,0,"SUR96",167
"373",0.59793070477151,0,1,0,0,1,7,36,0.085,NA,0,1,1,1,1,0.666666666666667,1,1,1,0.666666666666667,1,1,1,1,0,0.333333333333333,0,0.333333333333333,1,0.666666666666667,0,0,1,0.333333333333333,0,0,1,0.333333333333333,0,0,1,0.333333333333333,0,0.333333333333333,1,0.666666666666667,1,0.333333333333333,529,1,0,0,0,1,1,0,0,1,0,0,1,0,0,0,0,0,1,1,0,0,0,0,3,2019,"SUR",61,3,0,1,1.286168612,NA,10.1587754,3.619358974,NA,NA,6.92949e-05,0.138188061,NA,1.147911262,NA,665.9061692,64.23403216,6796.87869,6399.594904,1010.838001,NA,0,0.001769028,2.512291472,2.514060499,1067.480964,1521.600747,1146.978092,1601.097875,0,NA,0,0,0,0,0,0,0,0.485477178423237,"Toronto",5284.59381342763,1244.85845795155,NA,785.929614180322,517.744067913858,47.4276851657456,NA,49.9421549870632,5.38769950949479e-05,NA,2.81406258886374,1.95468966941327,0,"SUR97",99
"374",0.59793070477151,0,1,0,0,1,5,80,0.286,NA,0,0.6,0,0.6,0,0.2,0,1,0,0,0,0.2,1,0.6,0,0.4,0,0.4,0,0.4,0,0,1,0.2,0,0,1,0.4,0,0,1,0.4,0,0.4,0,0.2,1,0.2,245,0,1,0,0,0,1,0,0,0,0,0,0,0,0,0,0,0,1,1,1,1,0,0,3,2019,"SUR",28,5,0,1,0.612476146,NA,4.003667004,3.337200128,NA,0.116502123,NA,0.007322741,0.001304018,0.486411999,0.000935293,581.2958728,143.9393222,3762.446434,3392.882312,1381.837826,NA,0,0.001959329,1.546984639,1.548943968,469.388444,689.1481855,512.9512019,732.7109434,0,NA,0,0,0,0,0,0,0,0.8,"Toronto",6143.00892952654,1196.30935536876,NA,2256.14962317243,949.091448861096,45.7160661404763,0.00152706845174016,235.012127639662,NA,0.190214955734782,5.44870220627335,2.52898660317785,0,"SUR98",110
"375",0.480497721984227,1,1,0,0,1,4,61,0.11,NA,0,1,1,1,1,0.5,1,1,0,0.25,0,0.5,0,0,0,0,0,0,1,0.5,0,0,1,0.75,0,0,0,0,0,0,0,0,1,0.5,1,0.5,1,0.25,426,1,1,1,1,1,1,0,0,1,0,0,1,1,0,0,0,0,1,1,0,0,0,0,2,2019,"SUR",101,6,0,2,2.772005105,NA,14.97719454,8.718798849,NA,NA,0.066778777,0.045566435,0.027362368,1.02488906,1.607408499,605.026878,81.52217777,6156.906744,6410.946045,1144.644422,NA,0,1.073356942,4.907568534,5.980925477,930.4099687,1309.058975,995.6394903,1374.288497,0,0.094571674,0,0,0,0,0,0,0,0.733644859813084,"Toronto",2221.1022385545,495.774158034965,NA,412.930127702633,218.263262541863,36.4357193346511,0.579872127977196,29.4091008789827,0.024090423527557,NA,3.14530403759844,2.15761704991521,0,"TOR100",425
"376",0.480497721984227,0,1,0,1,1,4,40,0.095,NA,1,1,1,1,1,1,1,1,0,0,0,0,1,0.75,1,0.75,1,0.75,1,1,0,0,1,0.5,0,0,1,0.75,0,0,0,0,1,0.5,1,1,1,0.75,578,1,0,0,0,1,0,0,0,1,0,0,0,0,0,0,0,0,1,1,0,0,0,0,3,2019,"SUR",94,6,0,3,1.469023113,1.593768498,13.05616591,5.325055513,19.97498992,NA,NA,0.183315535,NA,1.285707585,NA,329.512892,1.823786813,5561.731422,1435.159121,522.2595345,NA,0,2.748736785,1.405119223,4.153856008,891.3089943,1177.935777,994.1103897,1280.737172,1,NA,2,0,0,0,0,0,0,0.635416666666667,"Toronto",3786.00675018787,871.829150042788,13.5974646982971,355.514851930039,224.307493247725,63.988101458823,NA,1.24149633648412,NA,NA,3.62489566425222,2.82763148601325,0,"TOR1013",154
"378",0.480497721984227,0,1,0,0,1,5,43,0.14,NA,0,0.8,0,0.8,0,0.4,0,1,1,0.6,0,0.8,0,0.4,0,0.2,0,0.2,1,0.6,0,0,1,0.2,0,0,0,0,0,0,0,0.2,1,0.6,0,0,0,0,528,1,1,0,1,0,1,1,1,1,0,0,1,1,0,0,0,0,0,0,0,0,0,1,3,2019,"SUR",69,3,0,1,1.592003056,NA,12.65646981,6.478560607,NA,NA,NA,0.122805905,0.061728283,1.40746887,NA,615.1898612,80.82045569,6704.701124,6392.800507,1027.230713,NA,0,0,2.72849153,2.72849153,1057.690428,1446.763539,1132.112519,1521.185629,0,NA,0,0,0,0,0,0,0,0.332369942196532,"Toronto",4211.4875965414,955.51677697282,NA,645.244184129255,386.425050430305,43.3416253442167,NA,50.766520444418,NA,NA,4.06943980577384,1.71387329924824,0,"TOR1069",121
"379",0.480497721984227,0,1,0,1,1,2,40,0.142,NA,1,1,1,1,1,1,1,1,1,0.5,1,1,1,1,1,0.5,1,0.5,1,1,0,0,1,1,0,0,0,0,0,0,0,0,1,1,1,0.5,1,1,367,0,1,0,0,1,0,0,1,1,0,0,1,1,0,0,0,0,1,1,0,0,0,0,2,2019,"SUR",138,2,0,1,3.495270559,NA,23.90279483,5.667326353,NA,NA,NA,0.15377284,0.051437705,2.863418018,NA,220.6736271,229.5845505,3914.69733,3901.325838,281.358284,NA,0,3.298913756,2.973111287,6.272025043,494.7909564,820.9178506,521.476509,847.6034032,0,1.720481386,0,0,0,0,0,0,0,0.399141630901288,"Toronto",1119.99837034647,242.500083725278,NA,80.4968540348124,63.1349199940433,39.4819221203528,NA,65.6843430643276,NA,NA,1.62142708478094,1.794431915106,0,"TOR1077",167
"380",0.59793070477151,0,1,0,0,1,6,52,0.158,NA,0,0.666666666666667,0,0.666666666666667,0,0.333333333333333,1,1,0,0.166666666666667,0,0.5,0,0.333333333333333,0,0.333333333333333,0,0.333333333333333,0,0.333333333333333,0,0,1,0.333333333333333,0,0,0,0,0,0,0,0.166666666666667,0,0.333333333333333,0,0.333333333333333,1,0.166666666666667,384,1,0,0,1,0,1,0,0,0,0,0,0,0,0,0,0,0,1,1,0,0,0,1,3,2019,"SUR",41,0,0,1,0.691847251,NA,6.375006308,3.253672284,NA,5.6231e-05,0.012753726,0.012223351,0.0129132,0.653900758,NA,499.7783989,107.6008992,4449.733665,4408.593802,932.7777582,NA,0,0.389996465,1.343977049,1.733973514,706.9144692,995.1036218,760.3700848,1048.559237,2,0.274414727,0,0,0,0,0,0,0,0.653631284916201,"Toronto",6431.67065933749,1515.59355838215,NA,1348.24234229703,722.382575312133,59.2616360630737,NA,155.526959230485,0.0184343089917112,8.12766111576268e-05,4.70287665275409,2.50629530072383,0,"TOR1081",267
"381",0.59793070477151,1,1,1,0,1,2,53,0.126,NA,0,1,1,1,1,0.5,1,1,0,0,0,0.5,1,0.5,1,0.5,1,0.5,1,0.5,1,0.5,1,0.5,0,0,1,0.5,0,0,1,1,1,0.5,1,0.5,0,0,481,1,1,0,0,1,1,0,1,0,0,1,1,0,0,0,0,1,1,1,0,0,1,1,3,2019,"SUR",44,4,0,1,0.95991503,NA,7.318771797,2.871091107,NA,NA,NA,0.047825158,0.000184258,0.91182405,8.15232e-05,721.1469741,37.99330064,5759.208882,5903.558558,1042.595752,NA,0,1.966999737,2.715890417,4.682890154,1023.775688,1399.538958,1102.33266,1478.095931,0,NA,0,0,0,0,0,0,0,0.701550387596899,"Toronto",5999.70695531249,1539.81955152843,NA,1086.13337578431,751.261259134571,45.8373904198583,8.49275169699135e-05,39.5798580630621,NA,NA,2.99098463642141,4.87844237005019,0,"TOR1102",215
"382",0.59793070477151,0,1,0,0,1,8,39,0.069,NA,0,0.75,0,0.75,0,0.125,0,1,0,0.25,0,0.5,0,0.25,0,0.25,0,0.25,0,0.25,0,0,1,0.25,0,0,0,0,0,0,0,0,0,0.25,0,0.125,0,0,454,1,1,0,1,1,1,0,0,1,0,0,0,0,0,0,0,0,1,1,0,0,0,1,3,2019,"SUR",111,8,0,2,1.427895468,NA,16.00778794,6.54706503,NA,0.084476294,0.000248352,0.029415508,NA,1.31375533,NA,371.5089202,40.1856992,7650.284435,6892.942818,1121.766149,NA,0,0.776693269,4.750166077,5.526859347,958.4236398,1440.189383,1018.710526,1500.476269,0,0.923920485,0,0,0,0,0,0,0,0.575107296137339,"Toronto",5357.73423646723,1050.83061234284,NA,785.608032338121,260.179353829282,77.7367829001331,NA,28.1433060756798,0.000173928698259584,0.0591613993413137,4.58511507090237,3.87063301961541,0,"TOR1108",309
"383",0.480497721984227,0,1,0,0,1,4,37,0.051,NA,0,0.75,0,0.75,1,0.5,1,1,1,0.75,1,1,1,0.5,1,0.5,1,0.5,1,0.5,0,0,1,0.25,0,0,0,0,0,0,0,0,0,0.25,1,0.5,1,0.5,305,1,1,0,0,0,0,0,0,0,0,0,0,1,0,0,0,0,0,0,0,1,0,0,2,2019,"SUR",58,2,0,4,1.431709186,NA,11.58587318,4.748792898,NA,NA,NA,0.019524635,0.03210387,1.380080684,NA,5.877460843,19.77766054,2479.208227,2382.798511,205.0374502,NA,0,1.175221846,1.866239957,3.041461804,328.9573946,474.2397125,341.2960153,486.5783331,0,0.800678256,1,0,0,0,0,0,0,0.28643216080402,"Toronto",1731.64232739651,339.858358008747,NA,143.211660723395,4.10520579212097,40.5110203714234,NA,13.8140208454317,NA,NA,3.31686975569912,2.12435726035776,0,"TOR118",249
"384",0.285318238275449,0,1,0,0,1,1,6,0.109,NA,0,1,1,1,1,1,1,1,1,0,1,1,1,1,1,1,1,1,1,1,1,1,1,1,0,0,1,0,0,0,1,1,1,1,1,1,0,0,347,1,0,0,1,1,0,0,0,1,0,0,1,1,0,0,0,0,1,1,0,1,1,1,1,2019,"SUR",192,9,0,1,8.838034529,2.356301961,34.60074301,22.11367291,59.07071788,0.14742578,NA,2.068135692,NA,6.622473046,NA,311.3850399,46.29575935,5348.333869,2136.753892,103.5032516,NA,0,1.066567087,2.730032922,3.796600009,789.1198203,1150.168546,866.2732225,1227.321948,0,3.443995807,2,0,0,0,0,0,0,0.319672131147541,"Toronto",605.149691534997,138.86820016066,6.68369394645075,11.711116454725,35.2323855352976,21.7242871557014,NA,5.23824151151379,NA,0.0166808332232982,2.50210302272966,0.429575150056534,0,"TOR127",236
"386",0.480497721984227,1,1,0,0,1,3,29,0.165,NA,0,1,1,1,0,0.333333333333333,1,1,1,0.666666666666667,0,0.666666666666667,0,0.333333333333333,0,0.333333333333333,0,0.333333333333333,1,0.666666666666667,0,0,0,0,0,0,0,0,0,0,1,0.333333333333333,1,0.666666666666667,1,1,0,0,495,0,0,0,0,1,1,1,1,1,0,0,1,0,0,0,0,0,1,1,0,0,0,1,3,2019,"SUR",122,9,0,2,2.633829471,NA,17.58285434,8.406937507,NA,NA,0.041549671,0.230076603,0.626378814,1.629498567,0.106325791,413.167039,100.6861561,8239.849915,7771.349387,1246.758992,NA,0,3.862302371,4.775479183,8.637781554,1106.778115,1553.510595,1168.248826,1614.981307,0,NA,0,0,0,0,0,0,0,0.685534591194969,"Toronto",3128.46750548035,613.168515570916,NA,473.363596894766,156.869320337254,46.3203868524106,0.0403692768156439,38.2280467314279,0.0157753838877901,NA,3.19190653744492,3.27955232072046,0,"TOR142",359
"387",0.480497721984227,0,1,0,0,1,10,33,0.029,NA,0,0.8,0,0.8,0,0.4,1,1,1,0.8,1,1,0,0.2,0,0.2,0,0.2,0,0.2,0,0,1,0.1,0,0,0,0.2,0,0,0,0.1,0,0.2,0,0.1,0,0,325,1,0,0,0,1,0,0,0,0,0,0,0,0,0,0,0,0,1,1,0,0,0,0,2,2019,"SUR",157,4,0,1,3.219293368,3.929545341,20.27135515,10.45542886,34.65632936,NA,0.002874451,1.197771935,0.063326291,1.910705798,NA,72.93523961,104.6740561,5246.181855,4948.172849,229.4865118,NA,0,0.19693696,4.626801566,4.823738525,550.7245957,817.1624374,589.6176098,856.0554515,0,0.16137326,2,0,0,0,0,0,0,0.457831325301205,"Toronto",1629.60664198778,265.914085373284,10.7651976376202,71.2847465475225,22.6556673383611,48.7684662605126,NA,32.5146061991328,0.00089288258987896,NA,3.24774031591146,1.49838426436941,0,"TOR152",77
"388",0.59793070477151,1,1,0,0,1,7,71,0.126,NA,0,0.571428571428571,0,0.571428571428571,0,0.142857142857143,0,1,0,0,0,0.285714285714286,0,0,0,0,0,0,0,0.142857142857143,0,0,1,0.142857142857143,0,0,0,0.142857142857143,0,0,0,0.142857142857143,0,0.142857142857143,0,0.142857142857143,0,0,416,1,0,0,1,1,1,0,0,1,0,1,0,0,1,0,0,0,1,1,0,0,1,1,3,2019,"SUR",43,3,0,1,0.848938673,NA,6.248304802,3.460391164,NA,0.128080344,NA,0.010285914,NA,0.71057245,NA,585.6677138,13.24243969,5701.64755,5573.244445,1265.690337,NA,0,0,0.542273665,0.542273665,910.2448887,1327.718715,975.5275181,1393.001345,0,NA,0,0,0,0,0,0,0,0.649253731343284,"Toronto",6716.2066369899,1640.8739397834,NA,1490.90903413232,689.882240527874,50.6514797447565,NA,15.5988178076557,NA,0.150871138367848,4.07613797563443,0.638766594392149,0,"TOR156",146
"389",0.480497721984227,1,1,0,0,1,8,64,0.109,NA,0,0.75,0,0.75,0,0.375,1,1,1,0.625,0,0.75,0,0.25,0,0.25,0,0.25,0,0.25,0,0,1,0.25,0,0,0,0.125,0,0,0,0,0,0.25,0,0.125,1,0.125,259,1,1,0,1,1,1,0,0,0,0,0,0,0,0,0,0,0,0,1,0,0,0,0,2,2019,"SUR",135,16,0,4,2.508940011,NA,18.60646444,9.50897097,NA,0.079677006,0.259568344,0.20769644,0.055424454,1.758069093,0.12596921,440.4828878,158.2316855,8379.94299,8319.316491,2584.15949,NA,1.23238655,4.496109552,4.771917744,10.50041385,539.8490549,969.533046,583.1167594,1012.800751,0,1.60716616,2,0,0,0,0,0,0,0.356020942408377,"Toronto",3340.03322250019,403.676750563806,NA,1029.98058091075,175.565332717714,53.8075838434226,0.0502081394723311,63.0671458090913,0.103457373576877,0.0317572383758362,3.79003520542923,4.18519924907045,0,"TOR157",238
"390",0.59793070477151,0,1,0,0,1,5,47,0.1,NA,1,1,1,1,1,0.6,1,1,0,0,0,0,0,0.4,0,0.4,0,0.4,0,0.4,0,0,1,0.4,0,0,0,0.2,0,0,0,0,0,0.2,1,0.8,0,0,690,1,1,0,1,0,0,0,1,1,0,0,1,0,0,0,0,0,0,1,0,0,0,0,3,2019,"SUR",118,5,0,1,1.605268228,NA,17.09376908,6.113756174,NA,NA,0.011249264,0.112941323,NA,1.464391562,0.016686063,378.8024505,14.92514237,7726.382752,5051.933663,549.7536271,NA,0,0.819288137,3.644853242,4.464141379,1498.048332,1918.031266,1627.813613,2047.796547,2,0.965064993,1,0,0,0,0,0,0,0.711462450592885,"Toronto",4813.14126650739,1275.6725083579,NA,342.468390958523,235.974551724573,73.5079645518282,0.0103945637924879,9.29760030733007,0.00700771609615387,NA,3.80855739082129,2.78093174781255,0,"TOR170",96
"391",0.480497721984227,0,1,0,0,1,2,68,0.097,NA,0,1,1,1,1,1,1,1,0,0,0,0,1,0.5,1,0.5,1,0.5,1,1,0,0,1,1,0,0,1,0.5,0,0,0,0,1,1,1,1,0,0,300,1,0,0,1,1,1,0,0,0,0,0,1,0,0,0,0,0,1,1,0,0,0,1,3,2019,"SUR",71,3,0,1,1.547624773,NA,8.636257136,6.727464127,NA,NA,NA,0.057448345,NA,0.946467209,0.543709219,361.4044836,33.32189475,4853.660761,4719.978249,1066.976552,NA,0,1.587220595,2.507376534,4.094597129,702.1930429,1000.512481,755.2235362,1053.542974,0,NA,0,0,0,0,0,0,0,0.430939226519337,"Toronto",3136.19996634675,680.748326325738,NA,689.42845230612,233.522033186012,45.8767533569327,0.351318503351458,21.5309908004426,NA,NA,4.34696073904214,2.64572989553715,0,"TOR174",113
"392",0.59793070477151,0,1,0,0,1,9,41,0.083,NA,0,0.444444444444444,0,0.444444444444444,0,0,1,1,0,0.222222222222222,0,0.444444444444444,0,0.444444444444444,0,0.222222222222222,0,0.222222222222222,1,0.555555555555556,0,0,1,0.222222222222222,0,0,0,0.111111111111111,0,0,0,0,0,0.444444444444444,0,0.111111111111111,0,0,434,1,1,0,1,1,0,0,0,0,0,0,0,0,0,0,0,0,0,1,0,0,0,0,3,2019,"SUR",53,4,0,2,0.743610014,NA,6.693280595,3.838454092,NA,NA,NA,0.038222111,NA,0.705387905,NA,561.1279985,35.12359076,4844.832905,4576.360279,633.9644724,NA,0,0,1.452438368,1.452438368,760.5897145,1110.820066,818.7701887,1169.000541,0,0.061666241,0,0,0,0,0,0,0,0.662222222222222,"Toronto",6515.28733312621,1572.06132111072,NA,852.549670478214,754.599841228066,71.2739191271838,NA,47.23388617518,NA,NA,5.16191823635124,1.95322593920851,0,"TOR189",207
"393",0.285318238275449,0,1,0,0,1,6,15,0.065,NA,0,0.166666666666667,0,0.166666666666667,1,0.5,1,1,1,0.833333333333333,0,0.833333333333333,0,0.333333333333333,0,0.333333333333333,0,0.333333333333333,0,0.333333333333333,0,0,1,0.166666666666667,0,0,1,0.333333333333333,0,0,0,0,0,0.166666666666667,0,0.333333333333333,0,0,239,1,1,1,0,1,0,0,0,0,0,0,1,0,0,0,0,0,1,1,1,0,1,1,1,2019,"SUR",95,2,0,1,9.440539392,5.030145647,22.94471253,15.21689587,43.19175405,NA,NA,5.807404454,0.045231866,3.500681616,0.028421754,228.5814186,141.1615449,5097.476946,3843.669579,439.7338679,NA,0,3.576034007,8.749297421,12.32533143,670.7489237,972.1609865,706.2477355,1007.659798,0,0.448679248,1,0,0,0,0,0,0,0.331081081081081,"Toronto",539.956112075508,106.737523795928,4.57513625615514,46.5793160370301,24.2127498343688,10.0629843333426,0.00301060700240125,14.9526991031489,NA,NA,1.61186720780964,1.3055749166668,0,"TOR198",140
"394",0.480497721984227,0,1,1,0,1,7,78,0.09,NA,0,0.428571428571429,0,0.428571428571429,0,0.428571428571429,1,1,0,0.142857142857143,0,0.285714285714286,0,0.142857142857143,0,0.142857142857143,0,0.142857142857143,0,0.428571428571429,1,0.142857142857143,1,0.142857142857143,0,0,0,0,0,0.142857142857143,0,0.142857142857143,0,0.142857142857143,0,0,1,0.571428571428571,463,1,1,0,1,1,1,0,0,1,0,0,1,1,0,0,0,0,1,1,0,0,1,1,3,2019,"SUR",49,0,0,1,0.956756366,1.409551454,10.99270316,2.135616733,14.53787135,0.032980952,0.020826695,0.031522161,0.025970509,0.845456043,NA,184.9690041,290.6459377,3597.624605,3478.285185,600.7709752,NA,1.090836699,0.801709784,0.389712015,2.282258498,440.5909804,666.2778093,473.1002042,698.7870332,0,NA,0,0,0,0,0,0,0,0.498452012383901,"Toronto",3760.23064266708,730.370926217595,15.1949564869684,627.924722060328,193.329264035438,51.2147101825503,NA,303.782601327369,0.0217680234384769,0.0344716305760123,2.23214269472653,2.38541239870883,0,"TOR206",227
"395",0.480497721984227,1,1,1,1,1,4,55,0.157,NA,0,1,1,1,1,0.75,1,1,0,0,0,0,0,0.25,0,0,0,0,0,0.25,0,0,1,0.75,1,0.25,1,0.5,0,0,0,0,1,0.5,0,0,1,0.5,589,1,1,0,1,0,1,0,0,0,0,0,1,1,0,0,0,0,0,0,0,0,1,1,2,2019,"SUR",62,10,0,3,1.353617501,NA,6.005771397,8.050994213,NA,0.044500132,0.093656371,0.318245444,NA,0.896792749,0.00042277,297.1867994,67.89577129,3772.721664,2929.95724,938.4126741,NA,0,1.749227383,2.708989848,4.458217231,411.9812927,566.721666,451.0818708,605.8222441,0,NA,0,0,0,0,0,0,0,0.262135922330097,"Toronto",2787.14013464872,447.557928035388,NA,693.26281124966,219.550056925572,45.8031903061218,0.000312326044608373,50.1587569899482,0.0691896868434475,0.0328749679781216,5.94776161437942,3.29355761705684,0,"TOR21",225
"396",0.480497721984227,0,1,0,0,1,5,25,0.084,NA,0,0.4,0,0.4,0,0.4,0,1,1,0.6,0,0.6,0,0.2,0,0.2,0,0.2,0,0.2,0,0,1,0.4,0,0,0,0.2,0,0,0,0,1,0.6,0,0.2,0,0,686,1,1,0,1,1,1,0,0,1,0,0,1,1,0,0,0,0,0,0,1,0,1,1,3,2019,"SUR",72,0,0,1,2.197724345,NA,13.96846675,4.495089892,NA,NA,NA,0.366516486,0.282841829,1.548366007,NA,568.4088107,3.024870712,7627.537044,7238.613393,1267.991479,NA,0,0.87824429,1.264034448,2.142278737,1129.842803,1579.409305,1218.651034,1668.217536,0,NA,0,0,0,0,0,0,0,0.485207100591716,"Toronto",3470.65229602305,759.065867289194,NA,576.956560491666,258.635170508611,32.7611604994074,NA,1.37636492896929,NA,NA,2.04533835293161,0.974771354685066,0,"TOR220",38
"399",0.480497721984227,1,1,0,0,1,6,47,0.141,NA,0,0.833333333333333,0,0.833333333333333,0,0,1,1,0,0.333333333333333,0,0.5,1,0.5,1,0.5,1,0.5,1,0.5,0,0,1,0.5,0,0,0,0,0,0,1,0.5,1,0.666666666666667,0,0.333333333333333,0,0,415,1,1,0,1,1,1,1,0,0,0,0,0,1,0,0,0,0,1,1,1,1,1,1,2,2019,"SUR",118,2,0,2,3.16567403,3.684090181,23.89756286,6.160865791,33.74251883,NA,0.063925564,0.420632912,0.186051647,2.420393677,0.074308242,212.9025846,453.6860564,5713.846833,5538.202347,757.9154046,NA,0.99133182,0,1.840464421,2.831796241,712.2214921,1054.554298,762.2133483,1104.546154,0,0.202547392,0,0,0,0,0,0,0,0.653658536585366,"Toronto",1804.93846771709,348.913420501478,10.6588734374524,239.416755299976,67.2534766948194,37.274842223727,0.0234731186141739,143.314204842499,0.0201933501030743,NA,1.94614661289053,0.894531848245917,0,"TOR225",65
"400",0.480497721984227,0,1,1,0,1,4,54,0.131,NA,0,0.5,0,0.5,0,0,0,1,1,0.75,0,0.75,0,0.25,0,0.25,0,0.25,0,0.25,1,0.25,1,0.25,1,0.25,0,0,0,0,0,0,1,0.5,0,0.25,0,0,355,1,1,0,1,0,1,0,0,1,0,0,0,1,0,0,0,1,0,0,0,0,0,1,3,2019,"SUR",58,2,0,1,0.810521981,NA,5.974093951,4.899119496,NA,NA,0.029996416,0.018878179,0.070692251,0.690955149,NA,271.1435446,39.84220055,3815.369513,3883.378218,424.4653373,NA,0,0,1.843577141,1.843577141,578.0494878,890.0286165,605.6068028,917.5859316,2,NA,0,0,0,0,0,0,0,0.653465346534653,"Toronto",4707.29924966711,1132.09259355053,NA,523.693801340596,334.529538934244,71.5588242633977,NA,49.1562246107672,0.0370087631219961,NA,6.0444005355112,2.27455539049718,0,"TOR273",56
"402",0.59793070477151,0,1,0,1,1,3,54,0.063,NA,1,1,1,1,1,1,1,1,0,0,0,0,1,0.666666666666667,1,0.666666666666667,1,0.666666666666667,1,1,0,0,1,0.333333333333333,0,0,1,0.666666666666667,0,0,0,0,1,1,1,1,0,0,664,1,1,0,0,1,1,0,0,0,0,0,1,0,0,0,0,0,1,1,0,0,0,1,3,2019,"SUR",157,4,0,1,1.149459585,NA,20.34422269,2.793241718,NA,NA,NA,0.078831812,NA,1.056717037,0.013910709,224.9267669,5.457147634,6481.610128,2786.310744,644.6564396,NA,0,0.624385852,2.623344062,3.247729914,1267.284156,1712.805932,1382.616072,1828.137848,0,2.166268456,5,0,0,0,0,0,0,0.628070175438596,"Toronto",5638.83255451735,1590.43247092502,NA,560.834367743343,195.680448303887,136.585924419431,0.0121019557203484,4.74757677887387,NA,NA,2.43004778458566,2.82544071699572,0,"TOR276",93
"403",0.480497721984227,0,1,0,1,1,4,33,0.144,NA,0,0.75,0,0.75,0,0,1,1,0,0.25,0,0.75,0,0.25,0,0.25,0,0.25,1,0.5,1,0.25,1,0.25,0,0,1,0.25,0,0,1,0.5,0,0.25,1,0.75,1,0.25,644,1,1,0,1,1,1,1,1,1,0,0,1,1,0,0,0,0,1,1,0,0,1,1,2,2019,"SUR",119,6,0,2,3.190666421,NA,18.71690537,7.95557039,NA,0.035367127,0.051099456,1.012393255,0.041808634,2.001752065,0.048245848,645.0247437,66.51287351,6920.590956,6723.118231,1110.854209,NA,0,3.311738847,2.496944783,5.808683631,952.4747812,1443.391088,1026.957193,1517.8735,2,2.14567692,1,0,0,0,0,0,0,0.568965517241379,"Toronto",2169.01112270802,475.72303077809,NA,348.157426200588,202.159880912227,37.296283690698,0.0151209313773638,20.8460756261552,0.016015292499297,0.0110845579993021,2.49338832089712,1.82052363505285,0,"TOR278",81
"405",0.480497721984227,0,1,0,0,1,3,39,0.116,NA,0,1,1,1,0,0.333333333333333,0,1,0,0.333333333333333,0,0.333333333333333,0,0.333333333333333,0,0.333333333333333,0,0.333333333333333,1,0.666666666666667,0,0,0,0,0,0,0,0,0,0,0,0,0,0.333333333333333,0,0.333333333333333,0,0,281,1,1,0,1,1,1,0,0,0,0,0,0,0,0,0,0,0,1,1,1,0,0,1,3,2019,"SUR",37,2,0,2,0.838089371,NA,5.615188517,2.501431427,NA,0.015037202,NA,0.175462298,NA,0.647589874,NA,202.7715616,28.9461574,3517.623787,3502.152913,751.8154987,NA,0,0.325854389,2.007866801,2.33372119,509.4227594,779.5037044,531.9993231,802.080268,0,NA,0,0,0,0,0,0,0,0.641860465116279,"Toronto",4197.19412835746,957.034292229438,NA,897.058863546904,241.945034284416,44.1480363315573,NA,34.5382705014642,NA,0.0179422416275937,2.98468339243501,2.78457318604987,0,"TOR296",84
"406",0.480497721984227,0,1,0,0,1,2,42,0.093,NA,0,0.5,0,0.5,1,0.5,1,1,1,1,1,1,1,0.5,1,0.5,1,0.5,1,0.5,0,0,1,0.5,0,0,0,0,0,0,0,0,1,0.5,1,0.5,0,0,321,1,0,0,0,1,1,0,0,1,0,0,1,0,0,0,0,0,1,1,0,0,1,1,2,2019,"SUR",134,4,0,1,2.511753485,NA,20.65729986,5.94562836,NA,NA,0.036790369,0.712906547,0.023449241,1.615934717,NA,197.9706346,149.4454034,4110.186465,4079.866419,196.9050722,NA,1.333539557,0.981435014,2.095634676,4.410609246,454.7893242,765.3387107,484.7217485,795.271135,0,0.255944392,0,0,0,0,0,0,0,0.514814814814815,"Toronto",1636.38131271469,316.619899106062,NA,78.3934702891435,78.817700774485,53.3491844642549,NA,59.4984357710566,0.0146472849424553,NA,2.36712256816078,1.75598810645225,0,"TOR333",228
"408",0.59793070477151,0,1,1,0,1,5,56,0.105,NA,0,0.4,0,0.6,0,0.2,0,0.8,1,1,1,1,0,0.4,0,0.4,0,0.4,0,0.4,0,0,0,0,0,0,0,0,0,0,0,0,0,0.2,0,0.4,1,0.4,356,1,1,0,1,1,1,0,1,1,0,1,1,0,0,0,0,0,1,1,0,0,1,1,3,2019,"SUR",51,4,0,1,0.914948386,NA,8.763883129,3.017179024,NA,NA,NA,0.05556605,NA,0.858672718,NA,500.4603125,57.7490875,5676.213711,5554.759838,1052.796645,NA,0,0.875805723,0.791985646,1.667791368,848.9975644,1225.425278,916.8514106,1293.279124,1,NA,0,0,0,0,0,0,0,0.515625,"Toronto",6203.86220452877,1413.49954138287,NA,1150.66233364556,546.982015770232,55.7408491892788,NA,63.1173171991365,NA,NA,3.29764943046744,1.82282562986017,0,"TOR339",46
"409",0.59793070477151,1,1,0,0,1,6,68,0.242,NA,0,0.5,0,0.666666666666667,0,0.166666666666667,1,1,1,0.666666666666667,0,0.833333333333333,0,0.333333333333333,0,0.333333333333333,0,0.333333333333333,1,0.5,0,0,1,0.833333333333333,1,0.166666666666667,0,0,0,0,1,0.5,1,0.833333333333333,0,0,1,0.333333333333333,450,0,0,0,1,0,1,0,1,1,0,0,1,1,0,0,0,0,0,0,0,0,1,1,3,2019,"SUR",80,13,0,2,1.187345953,NA,8.702754431,8.174875457,NA,NA,0.124343155,0.015358986,0.031668528,0.923807547,0.092167715,491.4796761,298.726391,5981.61767,4798.402322,2002.458523,NA,0.46878813,0.592556841,3.422451437,4.483796408,704.9155635,983.5616398,780.6302258,1059.276302,0,NA,2,0,0,0,0,0,0,0.561224489795918,"Toronto",5037.80524529231,892.137880559231,NA,1686.49964059801,413.931318718193,67.3771614733419,0.0776249877022994,251.591703534446,0.104723610406747,NA,6.88499879613436,3.77631843244258,0,"TOR349",53
"410",0.731884090044019,0,1,1,0,0,5,67,0.253,4,0,0.8,1,1,1,1,1,1,1,0.8,1,1,1,0.6,0,0.4,0,0,1,0.6,1,0.2,1,0.2,1,0.2,1,0.6,0,0,0,0.2,0,0.2,1,0.8,0,0,710,1,0,0,1,1,1,0,0,1,0,0,1,0,0,0,0,0,1,1,0,0,1,1,4,2018,"TOR",41,7,1,2,0.886617366,NA,4.803263129,3.148890063,NA,3.4524e-06,0.112237426,0.019817874,0.038249824,0.675376544,0.040932249,1074.551194,477.4463533,7675.352188,7336.183823,1868.892122,0.645878699,0,0,0,0,1547.73281,2117.999236,1657.577662,2227.844087,0,NA,0,0,0,0,0,2,0,0.682182985553772,"Surrey",8656.89358491541,2512.74582749375,NA,2107.89027337865,1211.96723096895,46.243172728471,0.0461667575773606,538.50327278611,0.126590601880902,3.89390072018959e-06,3.55157724600671,0,0,"TOR37",133
"411",0.59793070477151,0,1,0,0,1,4,48,0.165,2,0,0.75,1,1,1,0.5,1,0.5,0,0,0,0,1,1,1,1,0,0,1,0.5,0,0,1,0.5,0,0,1,0.25,0,0,0,0,1,0.5,0,0,0,0,450,0,1,1,0,1,0,0,0,1,0,0,0,0,0,0,0,0,1,1,0,1,0,0,4,2018,"TOR",128,15,5,14,2.957803496,NA,21.93345524,9.044574264,NA,0.261495866,0.326353949,0.012685622,0.432363853,1.860417487,0.064486729,2439.823608,1279.65024,16017.39612,15175.83225,3884.865016,0.465219379,0.344253351,2.682097402,0,3.026350753,1474.05277,2240.850516,1602.08502,2368.882766,0,0.015620557,0,0,0,0,4,2,0,0.613545816733068,"Surrey",5415.30096291427,800.892543809476,NA,1313.42904329301,824.876842325566,43.2753562476687,0.0218022357087646,432.63531256574,0.110336589107879,0.0884088028003332,3.05786854205544,1.02317505442559,0,"TOR4",73
"412",0.731884090044019,0,1,0,1,0,3,78,0.212,4,1,1,1,1,1,0.666666666666667,1,1,1,0.666666666666667,1,1,1,1,1,1,1,0.666666666666667,0,0.333333333333333,1,0.333333333333333,0,0,1,0.666666666666667,0,0,0,0,1,0.666666666666667,1,0.666666666666667,0,0.333333333333333,1,0.333333333333333,497,1,0,0,1,1,1,0,0,1,0,0,1,1,0,0,0,0,1,1,1,0,1,1,4,2018,"TOR",48,5,1,1,1.079863774,NA,9.491594219,1.917145139,NA,NA,0.02577779,0.003167111,0.208265855,0.792599054,0.050053956,795.7769342,1583.238888,8224.454152,8112.001184,2302.172829,NA,0,1.067349399,1.012226894,2.079576293,1117.63974,1615.855259,1217.176311,1715.391831,0,0.379786588,0,0,0,0,1,3,0,0.796052631578947,"Surrey",7616.19599621832,1588.52613848309,NA,2131.91041724861,736.923446605034,44.450051159879,0.0463521021865486,1466.14686603979,0.0238713350893462,NA,1.77535832311382,1.9257765128067,0,"TOR411",126
"413",0.731884090044019,0,1,0,0,1,4,88,0.076,3,1,1,1,1,1,1,1,1,0,0,0,0.5,1,1,1,0.75,0,0,1,1,0,0,1,0.25,0,0,1,0.25,1,0.25,1,0.75,1,0.75,0,0,0,0,361,1,1,0,0,1,1,0,0,0,0,0,1,0,0,0,0,0,0,1,0,0,1,1,5,2018,"TOR",126,23,5,2,1.220479145,NA,13.00225164,7.408806466,NA,0.029087207,0.041974883,0.050458937,0.100474561,0.822609435,0.174620538,174.0298449,2036.473515,9014.418094,8341.13938,2759.668499,3.269609535,0,0.656348419,1.970541722,2.626890141,843.4032001,1180.058994,906.6656005,1243.321394,0,2.795148618,0,0,1,0,4,4,0,0.784037558685446,"Surrey",7385.96651235691,1018.71580443925,NA,2261.13531747402,142.591412244082,103.238142590302,0.143075396835232,1668.58526288051,0.0343921345743274,0.0238326128874574,6.07040808222905,2.15234332496521,0.819350338018271,"TOR42",133
"414",0.731884090044019,0,1,1,1,0,3,54,0.144,2,1,1,1,1,0,0,1,1,1,1,1,1,1,1,0,0.333333333333333,0,0,1,1,0,0,1,0.333333333333333,1,0.333333333333333,1,0.333333333333333,0,0,1,0.333333333333333,0,0.333333333333333,0,0,0,0,487,1,0,0,1,1,1,0,0,1,0,0,1,1,1,1,0,0,1,1,1,1,1,1,3,2018,"TOR",52,5,0,1,1.00070176,NA,8.443028879,3.557091693,NA,0.066126626,0.047945461,0.004166847,0.090981751,0.791481065,NA,720.9178896,1124.138407,6828.059471,6640.991621,1260.419024,0.211903774,0,0.750277835,0,0.750277835,955.1931833,1365.385502,1018.38601,1428.578329,0,NA,0,0,0,0,0,0,0,0.634204275534442,"Surrey",6823.27117222218,1427.5765129063,NA,1259.53513262533,720.412333041165,51.9635340703308,NA,1123.35008484446,0.0479118383882926,0.0660802535212889,3.5545972188557,0.749751689254549,0,"TOR427",116
"415",0.731884090044019,0,0,0,0,1,4,88,0.121,3,1,1,1,1,1,1,1,1,1,1,1,1,1,0.75,1,0.75,1,0.75,1,0.5,0,0,0,0,1,0.25,0,0,1,0.75,1,0.5,1,0.75,1,1,1,1,448,1,1,0,1,1,1,0,0,1,0,0,1,1,0,0,0,0,1,1,1,0,1,1,5,2018,"TOR",132,12,2,2,0.711413537,NA,12.44618634,2.862565942,NA,NA,0.029793649,0.023136658,0.002711826,0.462468516,0.193302886,498.2959789,1809.844863,12947.18111,8382.115122,5804.423534,5.253911468,0.872573794,0,0.240327292,1.112901086,791.9338805,1057.869588,876.2502935,1142.186001,0,1.082986047,0,0,0,0,1,2,0,0.799256505576208,"Surrey",18199.2335493048,1605.516259666,NA,8159.0006826086,700.430836614794,185.546089770288,0.271716626050089,2544.0124047007,0.0418795081207458,NA,4.02377210036137,1.56435185460914,0,"TOR441",59
"416",0.731884090044019,0,0,0,1,0,4,91,0.203,4,1,1,1,1,1,1,1,1,0,0,0,0,1,1,1,0.75,0,0,1,0.5,0,0,1,0.5,1,0.25,1,0.5,0,0,1,0.25,1,0.5,1,1,1,1,758,1,1,1,1,1,1,1,1,1,0,0,1,0,0,0,0,0,1,1,0,0,1,1,4,2018,"TOR",136,13,5,8,1.902857089,NA,18.904279,6.047282658,NA,NA,0.047692478,0.004535539,0.198102549,1.648652397,0.003874135,269.312265,2381.345441,9328.117561,9187.437725,1292.193384,1.088622595,1.903419366,0,0,1.903419366,1546.952469,2195.430489,1635.887945,2284.365964,0,0.359811234,0,0,0,0,5,1,0,0.784263959390863,"Surrey",4902.16402215584,1200.49265770163,NA,679.080626427432,141.530473600375,71.4714734943503,0.00203595688945614,1251.45784975973,0.0250636152739477,NA,3.17800148679479,1.00029549092428,0,"TOR444",93
"418",0.731884090044019,0,1,0,1,1,2,46,0.049,1,1,1,1,1,1,1,1,1,0,0,0,0,1,1,1,0.5,0,0,0,0,1,0.5,1,0.5,1,0.5,0,0,0,0,0,0,1,0.5,1,1,1,1,680,1,1,0,0,0,1,0,0,0,0,0,0,0,1,1,0,0,1,1,1,0,0,0,3,2018,"TOR",97,10,1,7,1.820537638,0.411848915,15.65393337,6.351842259,22.41762454,0.036640485,0.243102636,0.040408853,0.198403697,1.204355411,0.097626569,346.1104433,1064.220435,8912.323536,8628.89641,2193.255355,2.840810121,0,0,0,0,1030.632596,1430.900499,1121.05752,1521.325423,0,NA,0,0,0,0,0,4,2,0.634408602150538,"Surrey",4895.43492536132,835.646235071137,12.3137385748462,1204.72947618345,190.114412399751,53.2809638072421,0.0536251308197343,584.563819383118,0.133533430414032,0.0201261892285031,3.48899255166072,0,0,"TOR449",150
"419",0.59793070477151,1,1,1,0,0,2,62,0.199,2,1,1,1,1,1,1,1,1,1,1,1,1,1,1,1,0.5,0,0,1,0.5,0,0,1,0.5,1,0.5,1,1,0,0,1,1,1,0.5,1,0.5,1,0.5,888,1,1,0,1,1,1,1,1,1,0,0,1,1,1,0,0,0,1,1,1,0,1,1,4,2018,"TOR",73,16,2,5,2.409082758,5.081327684,4.567467139,13.05713423,22.70592905,0.010913906,0.141875675,0.25542905,0.720521473,0.328420206,0.922528858,1919.760659,768.8034549,20404.74353,18510.50935,7691.911587,13.49761189,0,1.886315598,0,1.886315598,2672.707972,3740.533258,2903.820478,3971.645764,0,NA,0,0,0,0,0,3,0,0.772043010752688,"Surrey",8469.92219849676,1648.61325365893,9.42513451420418,3192.87976365983,796.884479217214,30.3019893183761,0.382937802753557,319.127042168636,0.0588919888820191,0.00453031593196932,5.41996084885018,0.783001576735373,0,"TOR452",169
"420",0.480497721984227,0,1,0,0,0,4,77,0.09,3,1,1,1,1,1,0.5,1,0.75,0,0,0,0,1,0.75,1,0.75,0,0,1,0.75,1,0.25,0,0,0,0,0,0,0,0,0,0,1,0.5,1,1,1,1,153,0,1,0,1,1,1,1,0,1,0,0,1,0,1,1,0,0,1,1,1,0,1,1,4,2018,"TOR",129,12,1,2,2.632192252,1.984347505,15.44417041,13.14315953,30.57167745,NA,0.06831336,0.564806702,0.090583498,0.874450081,1.03403858,248.8511497,744.5521968,6017.861585,5050.663075,1315.11956,8.54112767,0,0.110197908,0.764484378,0.874682286,644.1977003,859.8163037,726.9138497,942.5324531,0,NA,0,0,0,0,1,2,0,0.652542372881356,"Surrey",2286.25457750189,358.078879832521,11.6145305977445,499.628991385695,94.5414034673635,49.0085782685451,0.392843106051358,282.863911720078,0.0259530282972659,NA,4.99323691877504,0.332301823825899,0,"TOR459",121
"421",0.731884090044019,0,1,0,0,1,4,94,0.09,3,1,1,1,1,1,1,1,1,1,0.5,0,0.5,1,0.75,1,0.75,1,0.75,1,0.5,1,0.25,1,0.25,0,0,0,0,1,0.25,1,1,1,0.75,1,0.5,1,0.25,331,1,1,0,1,1,1,0,0,1,0,0,1,1,1,1,0,0,1,1,0,0,1,1,5,2018,"TOR",111,10,4,2,0.685752109,NA,8.905710695,4.615040782,NA,NA,0.12571421,0.030465712,0.122249504,0.363550174,0.043772496,210.3090273,1347.253102,7659.74031,6410.558013,2950.699966,4.623807479,1.120156777,0.826638132,0.086230608,2.033025517,589.810415,739.7113447,668.4242249,818.3251545,0,1.268529898,0,0,0,0,4,0,0,0.760416666666667,"Surrey",11169.8385020935,1193.32502774702,NA,4302.86677543415,306.683748456397,161.866071636099,0.0638313691281699,1964.63573982242,0.183323111004825,NA,6.72989659299757,2.96466535110576,0,"TOR460",168
"422",0.59793070477151,0,1,1,1,0,4,58,0.222,2,1,1,1,1,1,1,1,1,1,1,1,1,1,0.75,1,0.5,0,0,1,0.5,0,0,1,0.5,0,0,1,0.5,0,0,1,0.5,0,0.25,1,0.75,0,0,549,1,0,0,1,1,1,1,0,0,0,0,0,0,0,0,0,0,1,1,0,0,1,1,3,2018,"TOR",43,7,0,1,0.857196129,2.885555436,2.950164252,6.438935868,12.27465556,NA,5.32639e-06,0.127127563,0.062991467,0.336621493,0.330450285,595.3049984,297.457281,5960.356144,6111.338055,1725.61334,6.078100516,0,0,0,0,981.8030842,1310.152941,1043.769338,1372.119195,0,NA,0,0,0,0,0,0,0,0.570743405275779,"Surrey",6953.31668255819,1600.70624280666,14.3195415200014,2013.0904487554,694.479335895368,50.163548977016,0.385501373396893,347.011927535198,6.21373547989972e-06,NA,7.51162499475076,0,0,"TOR461",288
"423",0.480497721984227,0,1,0,0,0,6,60,0.145,2,1,1,1,1,0,0.333333333333333,1,0.833333333333333,0,0,0,0,0,0.333333333333333,0,0.166666666666667,0,0,1,0.833333333333333,0,0,0,0,1,0.166666666666667,1,0.666666666666667,0,0,1,0.666666666666667,0,0.333333333333333,0,0,0,0,184,0,1,1,0,0,0,0,1,0,0,1,0,0,0,0,0,0,0,0,1,0,1,1,3,2018,"TOR",49,10,3,3,3.36966275,NA,10.41034452,5.83553179,NA,0.044442525,1.019927351,0.842412631,0.817316023,0.287494423,0.358069799,684.060449,470.9096365,5252.583753,5460.617076,1253.976379,1.378031932,0,2.225149889,0,2.225149889,678.5537082,990.9847235,744.1585882,1056.589604,0,NA,0,0,0,0,2,0,0,0.716417910447761,"Surrey",1558.78618802431,313.559451609809,NA,372.137057039314,203.005612060139,14.5415145773861,0.106262800038372,139.749782526456,0.30267935596819,0.0131890127580275,1.73178511410378,0.660347949954339,0,"TOR48",200
"424",0.731884090044019,0,1,0,0,0,4,72,0.116,3,1,1,1,1,1,1,1,1,1,1,1,1,1,1,1,1,0,0,0,0.25,0,0,0,0,1,0.25,0,0,0,0,1,0.25,1,0.75,1,0.5,0,0,314,1,1,0,0,1,1,0,0,1,0,0,0,1,1,1,0,0,1,1,0,0,1,1,4,2018,"TOR",53,6,2,1,0.50193856,NA,7.183646088,1.618831738,NA,2.59575e-05,0.033150131,0.002797494,0.00612892,0.459836059,NA,300.9287312,758.729663,4538.080811,4526.869461,711.0396202,2.76370677,0,0,0.022628273,0.022628273,576.0601533,853.7576649,631.3708414,909.068353,0,0.183215099,0,0,0,0,1,2,0,0.779310344827586,"Surrey",9041.10816072788,1811.11479659981,NA,1416.58696275496,599.53300101112,105.59061252437,NA,1511.59867653922,0.0660442007085489,5.1714496690591e-05,3.22515914696811,0.04508175861205,0,"TOR49",102
"425",0.731884090044019,0,1,0,0,1,4,84,0.16,4,1,1,1,1,1,1,1,1,1,1,1,1,1,0.75,1,0.75,1,0.75,0,0.25,0,0,0,0,0,0,0,0,0,0,1,0.25,1,0.75,1,1,0,0,325,0,0,0,0,0,0,0,0,0,0,0,1,1,1,0,0,0,1,1,1,0,0,0,5,2018,"TOR",127,11,4,2,0.788974482,NA,11.28801358,3.204897669,NA,NA,0.026583749,0.046242172,0.205866651,0.485171345,0.003175834,291.9522068,2017.948028,6897.785111,7204.554011,2211.878104,3.974609241,1.423679938,1.603432144,0.266351395,3.293463478,791.3264553,1126.094013,855.6899625,1190.45752,0,2.977866543,0,2,4,0,4,2,0,0.903930131004367,"Surrey",8742.72269682862,1508.86694964109,NA,2803.48497253426,370.04011341396,160.968450688117,0.00402526833561139,2557.68478453781,0.0336940542520614,NA,4.06210560939283,4.17435994843747,5.06987246261787,"TOR505",143
"426",0.59793070477151,0,1,1,1,0,4,65,0.094,3,1,1,1,1,1,0.5,1,0.5,1,1,1,1,1,0.5,1,0.5,0,0,1,0.75,0,0,1,0.5,1,0.25,1,0.25,0,0,0,0,0,0.25,1,0.5,1,0.25,343,1,0,0,1,1,1,1,1,0,0,1,1,0,0,0,0,0,1,1,0,0,1,1,4,2018,"TOR",108,20,1,3,2.183706332,2.343257896,9.63890695,14.88389857,26.86606342,0.204370071,0.159862202,0.152408166,0.490455776,1.057227564,0.119382556,754.6090328,871.0644585,11122.59181,9773.668071,3795.620802,10.90677009,0,3.624217062,0.844673498,4.46889056,870.7552345,1219.150553,981.0233238,1329.418642,0,NA,0,0,0,0,1,2,0,0.465116279069767,"Surrey",5093.44669977355,608.790029372869,12.3029653879302,1738.15533086067,345.563422032519,49.457199632281,0.0546696935620737,398.892674227956,0.0732068225737965,0.0935886240769485,6.81588836002881,2.04647048667348,0,"TOR506",78
"427",0.731884090044019,0,1,1,1,0,6,57,0.248,2,0,0.833333333333333,1,1,1,0.666666666666667,1,0.833333333333333,1,1,1,1,1,0.666666666666667,0,0.333333333333333,0,0,1,0.5,1,0.333333333333333,1,0.166666666666667,1,0.166666666666667,1,0.333333333333333,0,0,0,0,0,0.166666666666667,1,0.5,0,0,310,0,0,0,0,0,0,0,0,0,0,0,1,0,0,0,0,0,1,1,0,0,0,0,4,2018,"TOR",26,7,1,3,0.658070821,NA,5.019012821,1.965797364,NA,0.089842749,0.167837604,0.002397803,0.030562845,0.35361177,0.013818057,383.2690459,662.4328875,4971.858652,4904.613361,1200.14291,0.026125876,0,0,0,0,841.1314384,1181.487025,876.5394843,1216.895071,0,NA,0,0,0,0,1,1,0,0.837638376383764,"Surrey",7555.20301666741,1849.18557724656,NA,1823.72910589816,582.413068121736,39.5094253844754,0.0209978266153819,1006.62856695784,0.255044895844121,0.136524437998141,2.98721247207525,0,0,"TOR509",42
"428",0.731884090044019,1,1,0,0,1,4,82,0.049,3,0,0.75,0,0.75,0,0,1,1,1,1,1,1,1,1,1,1,0,0,0,0.25,1,0.75,0,0,1,0.25,0,0,0,0,0,0,1,0.75,0,0,0,0,511,1,0,0,1,1,1,1,1,0,0,0,0,0,1,1,0,0,1,1,1,0,1,1,4,2018,"TOR",40,3,2,3,0.616621614,NA,7.942921886,1.18518212,NA,3.08026e-05,0.040905047,0.001630524,0.040472291,0.533582959,NA,100.8456983,998.1675657,3552.22999,3554.428035,242.5241959,NA,0,0.48642132,0,0.48642132,614.6855348,853.7527752,641.0720089,880.1392493,0,0.019180767,0,0,0,0,2,1,0,0.833333333333333,"Surrey",5760.79383101222,1427.35711709904,NA,393.311214517368,163.545513180795,64.8696041329489,NA,1618.76837113271,0.0663373551482417,4.99538117066393e-05,1.92205737374623,0.788848961755661,0,"TOR513",142
"429",0.480497721984227,0,1,0,1,0,5,72,0.155,4,0,0.4,0,0.4,1,0.6,1,0.6,0,0.4,0,0.4,0,0.4,0,0,0,0,1,0.8,1,0.4,0,0,0,0,0,0.2,0,0,0,0.2,0,0.2,1,1,1,1,232,1,1,0,1,0,1,0,0,0,0,0,1,0,0,0,0,0,0,0,0,0,0,0,2,2018,"TOR",46,1,0,1,0.981488996,NA,8.465755366,3.006249713,NA,NA,0.046174034,0.041148987,0.156211705,0.681572777,0.056381477,115.7200945,570.3867883,2983.787174,2990.690612,258.9052056,1.417416189,0,1.244720766,0,1.244720766,417.5351365,602.2237885,439.4668337,624.1554857,0,0.414848571,0,0,0,0,0,0,0,0.351851851851852,"Surrey",3040.06176957689,635.927135447986,NA,263.78818983723,117.902589811613,46.8675656960702,0.0574448386378037,581.144353756973,0.0470448819988604,NA,3.06294795484391,1.26819635377756,0,"TOR514",107
"430",0.480497721984227,0,1,0,1,0,4,49,0.119,1,1,1,1,1,1,0.75,1,1,1,0.75,1,1,1,1,1,1,0,0,1,1,0,0,0,0,1,0.25,1,0.25,0,0,1,0.75,1,0.5,1,1,1,1,145,0,0,0,0,1,0,0,0,1,0,0,1,1,0,0,0,0,1,1,0,0,1,1,3,2018,"TOR",64,10,0,2,1.050144035,NA,10.76638307,2.368470088,NA,9.68955e-05,0.024840181,0.015671587,0.148381583,0.466652063,0.394501741,184.2812574,552.3898367,5037.008181,5288.23541,653.6385333,0.360268937,0.212450603,1.282662634,0,1.495113237,670.1240303,985.6314296,735.1685484,1050.675948,0,0.418927619,0,0,0,0,0,0,0,0.580357142857143,"Surrey",4796.49268397739,1000.50651432782,NA,622.427506622937,175.481887491748,60.9440208837638,0.375664411596644,526.013402247245,0.0236540704628199,9.22687714928553e-05,2.25537641415066,1.42372206780187,0,"TOR515",51
"431",0.480497721984227,0,1,0,0,0,5,72,0.055,3,0,0.6,0,0.6,1,0.6,1,0.6,1,0.6,0,0.6,1,0.6,0,0.4,0,0.2,1,0.6,1,0.2,1,0.2,0,0,0,0,0,0.2,1,0.5,0,0.2,1,1,1,1,259,1,0,0,1,1,1,0,0,1,0,0,1,1,0,0,0,0,1,1,0,1,1,1,5,2018,"TOR",126,10,2,2,1.468130066,NA,11.94717765,8.73389426,NA,0.000794227,0.09620493,0.104385968,0.24014979,0.936235201,0.088931348,192.9409078,1694.697975,6369.686098,6231.961596,2279.790245,1.972004325,1.364354721,2.06489626,0.85489966,4.284150641,482.2777398,784.0277159,513.0549444,814.8049206,0,0.218543115,0,0,0,0,2,1,2,0.455284552845528,"Surrey",4338.63882057436,554.995050826784,NA,1552.85304605975,131.419492229103,85.8234586417087,0.0605745703732492,1154.3241394254,0.0655288875474879,0.000540978635608161,5.94899216511243,2.91810020121201,0,"TOR521",99
"432",0.480497721984227,1,1,0,1,0,5,49,0.06,1,0,0.6,1,1,0,0.4,1,0.8,1,0.8,1,1,0,0.4,0,0.4,0,0,1,0.6,0,0,1,0.2,0,0,1,0.4,0,0,0,0.2,0,0.2,0,0,0,0,257,1,1,1,1,0,1,0,0,1,0,0,1,1,1,1,0,0,1,1,0,0,0,0,2,2018,"TOR",51,4,0,3,2.394471942,4.240164608,5.739183831,9.231694005,19.21104244,0.059637489,NA,0.25529541,1.272295961,0.737714271,NA,128.8585505,32.38802008,3636.800158,3668.699168,436.5577398,10.45994748,0,0,1.544728914,1.544728914,417.3615676,643.4445095,450.9545668,677.0375087,0,NA,0,0,0,0,0,0,0,0.465,"Surrey",1518.83181181164,282.750236836979,8.02308104055454,182.319004095476,53.8150179335031,21.2990593480924,NA,13.5261639578652,NA,0.0249063219133766,3.85541957835144,0.645122996392162,0,"TOR525",143
"433",0.731884090044019,1,0,0,0,0,3,59,0.129,2,0,0.333333333333333,0,0.666666666666667,0,0,0,0.333333333333333,0,0,0,0,0,0,0,0,0,0,0,0,0,0,0,0,0,0,0,0,0,0,0,0,1,0.666666666666667,0,0,0,0,194,0,0,0,0,0,0,0,0,1,0,0,1,0,0,0,0,0,0,0,0,0,0,0,3,2018,"TOR",25,5,3,3,0.551187576,NA,4.598053371,2.087950165,NA,0.001651271,0.000168434,0.023470861,0.041096869,0.484800146,NA,398.6535916,530.775615,5023.874335,5070.868045,1496.339519,0.809376158,0,0.429261305,0,0.429261305,618.2531883,904.4361805,660.8972789,947.0802712,0,NA,0,0,0,0,1,2,0,0.618320610687023,"Surrey",9114.63638469239,1718.25402537738,NA,2714.75552816161,723.26302144372,45.3566101424608,NA,962.967305707195,0.00030558381090941,0.00299584219946206,3.78809366523167,0.778793506405159,0,"TOR528",136
"434",0.480497721984227,1,1,0,0,0,5,82,0.057,3,1,1,1,1,1,0.6,1,0.8,1,1,1,1,0,0.4,0,0.4,0,0.4,0,0.2,0,0,1,0.2,1,0.2,1,0.4,0,0,1,0.4,0,0.4,0,0.2,0,0,262,1,1,0,1,1,1,1,0,1,0,0,1,1,0,0,0,0,1,1,0,1,1,1,3,2018,"TOR",62,6,1,2,0.658672864,NA,6.710676891,2.725381174,NA,0.062122015,0.046967816,0.002099805,0.100759742,0.441920341,0.004803141,96.38235672,824.4223322,3033.672793,3021.954796,708.445553,0.41866513,0,0.223812359,0,0.223812359,340.0805772,475.7975109,374.1021855,509.8191193,0,0.839613922,0,0,0,0,1,0,0,0.583333333333333,"Surrey",4605.735196949,774.009598944097,NA,1075.56511239546,146.328112159787,94.1286690079888,0.00729214950625323,1251.64156178142,0.0713067420369697,0.0943139127103921,4.13768552335564,0.339792894519486,0,"TOR534",191
"435",0.731884090044019,0,1,0,0,1,4,80,0.059,3,0,0.5,1,1,1,0.5,1,1,0,0,0,0,1,0.75,1,0.75,0,0,0,0.25,0,0,1,0.5,1,0.25,1,0.25,0,0,0,0,1,0.5,1,1,1,1,553,1,1,1,1,1,1,1,1,1,0,0,1,1,1,1,0,0,1,1,0,0,1,1,4,2018,"TOR",159,17,6,13,2.446966849,NA,28.30730869,9.189851674,NA,0.002005879,0.075088475,0.041708027,0.069510743,2.255707244,0.002946489,811.9024842,1451.47193,13701.07652,13568.09633,1437.422413,0.524176916,1.616326995,0,0,1.616326995,2474.008689,3501.925795,2619.560915,3647.47802,0,1.010528485,2,0,0,0,6,1,0,0.609625668449198,"Surrey",5599.20806675383,1490.61194739545,NA,587.430276624888,331.799543803301,64.9784038001898,0.00120413932097369,593.171881586043,0.0306863474798142,0.000819740978844785,3.75560938954102,0.660543070152562,0,"TOR55",239
"436",0.480497721984227,0,1,0,0,0,6,39,0.186,2,0,0,0,0.333333333333333,0,0.166666666666667,0,0.166666666666667,0,0,0,0,0,0.333333333333333,0,0.333333333333333,0,0.166666666666667,0,0.166666666666667,1,0.166666666666667,1,0.166666666666667,1,0.166666666666667,0,0,0,0,0,0,1,0.5,1,1,1,1,276,1,0,0,1,1,1,0,1,1,0,0,1,0,0,0,0,0,1,1,1,0,1,1,3,2018,"TOR",119,13,1,7,3.103829325,NA,23.31067297,9.268481594,NA,0.087615522,0.257559555,0.08491994,0.269537834,2.290300974,0.113895501,1733.596654,1003.170254,14077.85132,14193.47335,2861.685135,NA,0,2.838780162,0,2.838780162,1080.201568,1661.965222,1198.35146,1780.115114,0,NA,0,0,0,0,1,1,0,0.340740740740741,"Surrey",4535.63963927044,573.522229351319,NA,921.985339835012,558.534787991282,38.3397369956868,0.0366951559103528,323.204064708036,0.0829812235245893,0.0282282022707547,2.98614408960776,0.914605754618933,0,"TOR555",190
"437",0.480497721984227,0,1,1,0,0,5,45,0.257,2,0,0,0,0.2,1,0.6,1,0.8,1,0.6,0,0.6,0,0.4,0,0.4,0,0,1,0.8,1,0.6,1,0.2,1,0.2,0,0.2,0,0,1,0.4,0,0.2,0,0.4,1,0.2,155,1,1,0,1,1,1,0,0,1,0,0,1,1,0,0,0,0,1,1,0,0,1,1,3,2018,"TOR",37,16,1,4,2.44287447,NA,6.240905053,8.684490751,NA,NA,0.020658215,0.006232127,0.158511885,0.484244903,1.77322734,124.5083113,83.71475043,2962.634556,3072.962705,432.6486997,NA,0.532713674,0.95563008,0,1.488343754,243.0277927,347.4481728,260.9977139,365.4180941,0,NA,0,0,0,0,0,1,0,0.395522388059701,"Surrey",1212.76577752274,149.58529330408,NA,177.106398635375,50.9679530524546,15.1460913994488,0.725877388206525,34.2689530133736,0.00845651925782335,NA,3.5550294776301,0.609259203564398,0,"TOR581",180
"439",0.480497721984227,0,1,0,0,0,4,56,0.075,1,0,0.75,1,1,1,0.75,1,0.75,0,0,0,0,1,0.75,1,0.5,0,0,1,0.5,0,0,0,0,0,0,0,0,0,0,0,0,0,0.25,0,0,0,0,224,1,0,1,0,1,1,0,0,1,0,0,1,0,0,0,0,0,1,1,0,0,0,0,4,2018,"TOR",33,4,1,1,0.685858243,NA,5.207202683,3.189434647,NA,0.000211422,0.001763119,0.04887793,0.035126859,0.513760755,0.081524539,99.4153607,129.7765607,2726.141018,2702.485363,192.6402141,NA,0.571213236,0,0,0.571213236,329.9934899,505.2236493,346.6563872,521.8865466,0,NA,0,0,0,0,0,1,0,0.544776119402985,"Surrey",3974.78786006221,760.924800316208,NA,280.874679375983,144.950303819561,48.1148988683949,0.118864998462955,189.21776041117,0.00257067552660441,0.00030825903480466,4.65028259053817,0.83284445704329,0,"TOR587",100
"440",0.480497721984227,0,1,1,1,0,4,35,0.065,1,1,1,1,1,0,0.25,1,0.75,1,0.75,1,1,1,1,1,0.75,0,0,1,1,0,0,1,0.25,1,0.25,0,0,0,0,0,0,0,0.25,1,1,0,0,326,1,0,0,0,1,0,0,0,1,0,0,1,1,0,0,0,0,1,1,0,0,0,0,2,2018,"TOR",106,9,0,2,2.254276157,6.788270139,13.05041973,9.596472201,29.43516207,0.133114831,0.096354541,0.208785369,0.590360033,1.186889317,0.038772075,410.9293731,171.3720045,7326.132367,7275.925364,582.5599338,11.37415714,0,0,0,0,862.2551785,1268.642035,942.3851337,1348.77199,0,NA,0,0,0,0,0,4,0,0.510121457489879,"Surrey",3249.88238209007,598.317107605375,13.0574783300607,258.424386910641,182.288834410983,47.0217456148164,0.0171993457321565,76.0208566141526,0.0427430067522113,0.0590499218947291,4.25700825127434,0,0,"TOR609",1126
"441",0.480497721984227,0,0,0,0,0,4,71,0.13,4,1,1,1,1,1,0.5,1,0.5,1,0.75,0,0.75,1,0.5,0,0.25,0,0,1,0.75,0,0,1,0.25,1,0.25,1,0.25,0,0,0,0,0,0.25,0,0,0,0,230,1,0,0,1,1,1,1,1,1,0,0,1,0,1,1,0,0,1,1,0,0,1,1,3,2018,"TOR",53,7,0,1,1.143983579,0.658741119,4.902203066,8.119340526,13.68028471,NA,0.028441884,0.072166829,0.148153361,0.464567531,0.430653987,266.939408,20.23282884,5163.383967,5270.026697,636.5166625,4.261163257,0,0,0,0,620.4412793,936.010117,690.5497413,1006.118579,0,NA,0,0,0,0,0,2,0,0.624413145539906,"Surrey",4513.51231065179,879.486906516164,11.9584624824409,556.403670633458,233.341992752503,46.3293363409371,0.376451196420539,17.6862930652259,0.0248621435850173,NA,7.09742751123878,0,0,"TOR677",94
"443",0.731884090044019,0,1,0,0,0,4,75,0.17,4,0,0.75,0,0.75,1,1,1,1,1,1,1,1,0,0.25,0,0.25,0,0,0,0.25,0,0,0,0,1,0.25,0,0,0,0,1,0.25,0,0.25,0,0,0,0,138,0,1,0,0,1,1,0,0,0,0,0,1,1,0,0,0,0,1,1,1,0,0,0,4,2018,"TOR",49,7,2,2,0.673359685,NA,5.568485781,4.022001636,NA,1.87839e-05,0.037760929,0.038830002,0.130240654,0.462265518,0.004243793,225.7806678,611.3972239,3448.277379,3188.924251,726.8374712,2.141110479,0,0,0,0,390.4356325,574.5220561,419.7782033,603.8646269,0,NA,0,0,0,0,0,2,0,0.728395061728395,"Surrey",5121.00361191062,896.793556774935,NA,1079.41934658592,335.304700934093,72.7694293132503,0.00630241621905238,907.980144222623,0.0560783929320033,2.7895789454636e-05,5.973035994871,0,0,"TOR698",389
"444",0.731884090044019,1,0,0,0,1,4,97,0.396,4,1,1,1,1,1,1,1,1,1,0.75,1,1,1,1,1,1,1,0.75,1,0.5,1,0.5,1,0.25,1,0.25,1,0.25,1,0.5,1,1,1,0.5,1,1,1,1,137,1,0,0,1,0,0,0,0,1,0,0,0,0,0,0,0,0,0,0,0,0,0,0,5,2018,"TOR",148,17,1,4,0.968749736,NA,12.39680481,7.114097078,NA,NA,0.481704916,0.050485963,0.045858812,0.390700052,NA,248.7608079,1804.000002,6863.999311,7285.348378,2156.963811,9.019989895,0.268164977,0,2.228563132,2.496728109,371.3839964,528.2252021,406.6763828,563.5175885,0,NA,0,1,4,0,3,0,0,0.939393939393939,"Surrey",7085.42057450429,581.695733747276,NA,2226.54389554332,256.785420068491,152.77423518183,NA,1862.19405792953,0.497243919765053,NA,7.34358608176178,2.57726842776657,4.12903338329271,"TOR72",307
"445",0.731884090044019,0,1,0,0,0,4,87,0.097,3,1,1,1,1,1,1,1,1,1,1,1,1,1,1,1,1,1,0.5,0,0.25,1,0.5,1,0.25,0,0,1,0.75,1,0.25,1,0.25,1,0.75,1,0.5,1,0.25,266,1,1,0,1,1,1,1,1,1,0,0,1,0,0,0,0,0,1,1,1,0,1,1,4,2018,"TOR",84,13,3,3,0.671608265,NA,8.695495611,3.040068666,NA,NA,0.044878277,0.013139162,0.058530267,0.510929878,0.044130693,124.33651,1292.588209,5339.914814,5178.984033,1181.368706,1.624467428,0.949636334,0.407218388,0.009445389,1.366300111,722.356926,1011.657978,787.9478088,1077.248861,0,0.336715448,0,0,0,0,2,4,0,0.797872340425532,"Surrey",7950.93671755216,1603.98392506382,NA,1759.01454399165,185.132489398414,125.072909875521,0.0657089784325391,1924.61629250498,0.0668221035070198,NA,4.52655040807159,2.03437060292878,0,"TOR733",110
"446",0.59793070477151,0,1,0,0,0,4,57,0.148,2,1,1,1,1,0,0.25,1,1,0,0.25,0,0.25,1,0.75,1,0.75,0,0,0,0.25,1,0.25,1,0.25,1,0.25,1,0.5,0,0,1,0.25,0,0.25,0,0,1,0.25,220,0,0,0,0,0,0,0,1,0,0,0,0,0,0,0,0,0,0,0,1,0,0,0,4,2018,"TOR",37,10,0,4,0.792187164,1.750858536,3.541508877,5.571681873,10.86404929,0.19738575,0.012389473,0.084230994,0.02127993,0.4766766,0.000224419,752.2820511,230.1086182,3866.497088,3945.783533,807.1356653,5.369483247,0.926345278,0,0,0.926345278,502.1694747,718.2467881,520.1711919,736.2485052,0,NA,0,0,0,0,0,0,0,0.889473684210526,"Surrey",4880.78734888464,929.38706742287,13.7139930861086,1018.86991102522,949.626660575379,46.7061342084558,0.000283290376565607,290.472540653284,0.0156395780732443,0.24916554946856,7.03328976559888,1.16935153723344,0,"TOR747",104
"452",0.731884090044019,0,1,0,0,0,4,61,0.41,2,1,1,1,1,1,0.75,1,0.75,1,1,1,1,1,0.5,0,0.25,0,0,1,0.75,1,0.25,1,0.25,1,0.5,1,0.5,1,0.5,1,1,0,0.25,1,1,1,1,416,1,1,0,1,0,0,0,0,0,0,0,1,1,0,0,0,0,1,1,0,1,0,0,4,2018,"TOR",63,6,2,1,1.159413099,NA,8.892478135,3.495896289,NA,NA,0.00755712,0.018885255,0.224276578,0.521676034,0.387018107,398.0749093,750.6830729,6799.957177,6354.556148,1375.306655,0.710466682,0,1.404903227,0,1.404903227,1030.099576,1553.342472,1108.940896,1632.183792,0,NA,0,0,0,0,2,1,0,0.722222222222222,"Surrey",5864.99944054884,1407.76725173087,NA,1186.20934694132,343.341738715339,54.3378370093781,0.333805187584826,647.468166046656,0.00651805642571923,NA,3.01522925005352,1.21173654861389,0,"TOR754",58
"453",0.731884090044019,0,0,0,0,1,3,54,0.459,2,0,0.666666666666667,1,1,0,0,1,1,0,0,0,0.333333333333333,1,0.666666666666667,1,0.666666666666667,0,0.333333333333333,1,0.666666666666667,0,0,0,0,0,0,0,0,0,0,0,0,1,1,0,0,0,0,209,0,0,0,0,1,0,0,0,0,0,1,1,0,0,0,0,0,1,1,1,0,1,1,3,2018,"TOR",39,2,0,2,0.433968238,NA,4.976890548,1.413356001,NA,NA,NA,0.002269205,0.074483144,0.308903055,0.019803811,99.7913535,751.0391474,3344.976057,3306.908612,762.938172,NA,0,0.960396693,0,0.960396693,589.9539407,818.2206857,640.6070537,868.8737988,0,NA,0,0,0,0,0,0,2,0.678260869565217,"Surrey",7707.88219989501,2002.15988802388,NA,1758.05071706653,229.950823036962,89.8683281056159,0.0456342406330668,1730.63160304372,NA,NA,3.25681899558741,2.21305756713006,0,"TOR783",205
"454",0.59793070477151,0,0,1,0,0,2,57,0.043,1,1,1,1,1,1,1,1,1,0,0,0,0,1,0.5,1,0.5,0,0,1,0.5,0,0,0,0,1,0.5,1,1,0,0,0,0,1,0.5,0,0,0,0,152,0,0,0,1,1,1,0,0,0,0,0,1,0,0,0,0,0,1,1,0,0,1,1,3,2018,"TOR",55,4,3,4,1.048955221,2.021889949,8.568132493,5.16854632,15.75856876,3.34363e-05,0.136783609,0.053799599,0.067632151,0.790706429,NA,82.96162134,471.6384014,5166.20145,5284.31057,1038.691381,3.884674307,0,0,0,0,569.3802935,844.8943486,589.0790019,864.593057,0,NA,0,0,0,0,1,2,0,0.466666666666667,"Surrey",4925.09246016709,824.242102704592,15.0231091323201,990.215178117694,79.0897644428618,52.4331247882697,NA,449.626821009931,0.130399855267034,3.1875812551964e-05,4.92732789400931,0,0,"TOR79",435
"456",0.731884090044019,0,1,0,0,0,4,52,0.038,1,0,0.5,1,1,1,0.75,1,1,0,0,0,0,1,0.75,1,0.75,1,0.5,1,0.75,0,0,1,0.25,0,0,0,0,0,0,0,0,1,1,0,0,0,0,547,1,1,0,1,1,1,1,1,1,0,1,1,1,0,0,0,0,0,0,0,0,1,0,4,2018,"TOR",108,10,3,3,1.117182299,1.534785128,13.6220958,4.382264756,19.53914568,NA,0.019577202,0.024100208,0.005904091,1.027377515,0.040223274,1118.903416,1787.09173,12055.63162,11977.14871,3649.914689,4.317917237,2.430116209,1.238031125,0.755263322,4.423410656,1555.164633,2170.769785,1693.48664,2309.091792,0,3.085396177,0,0,0,0,3,1,0,0.672955974842767,"Surrey",10791.1051139918,2066.88898854456,17.4896663664378,3267.07171449733,1001.54058742386,96.6717787210483,0.0360042170700379,1599.64200256273,0.017523730923345,NA,3.92260489619519,3.95943496415888,0,"TOR814",92
"457",0.480497721984227,0,1,1,0,1,3,50,0.033,1,0,0,0,0,0,0.333333333333333,0,0.333333333333333,0,0,0,0,1,0.666666666666667,1,0.666666666666667,0,0,1,0.666666666666667,1,0.333333333333333,1,0.333333333333333,1,0.333333333333333,1,0.333333333333333,0,0,0,0,0,0.333333333333333,0,0.333333333333333,0,0,295,1,0,0,1,1,1,0,0,0,0,0,1,0,0,0,0,0,1,1,0,0,0,0,2,2018,"TOR",63,2,0,1,2.057818034,2.090170329,12.4581039,6.556225059,21.10449929,0.000145455,NA,0.053081457,0.491382072,1.236273288,0.126979696,52.52741056,399.3411434,4288.984126,4334.995837,113.6312287,4.54012261,0.427132423,1.05009795,0,1.477230373,507.6516632,757.3713506,539.4798705,789.1995579,0,NA,0,0,0,0,0,0,0,0.244019138755981,"Surrey",2084.23876899506,383.512800869933,10.2557655445253,55.2192792669442,25.5257800700176,30.6149518368931,0.0617059885286242,194.060474153664,NA,7.06840923719886e-05,3.18600816528756,0.717862487641121,0,"TOR829",89
"459",0.480497721984227,0,1,0,0,0,2,38,0.043,1,0,0.5,1,1,0,0,1,0.5,1,1,1,1,1,1,1,1,1,1,1,1,1,0.5,1,0.5,1,0.5,0,0,1,0.5,0,0,1,1,0,0,1,0.5,288,1,1,0,1,1,1,0,1,1,0,0,0,1,0,0,0,0,1,1,1,0,1,1,2,2018,"TOR",86,11,2,2,1.776479573,NA,14.71902064,6.053864849,NA,0.000154038,0.034118424,0.02891755,0.404262553,1.309027006,NA,230.7961407,1809.093246,6967.620629,6996.459752,1070.478345,2.227465064,3.41384003,3.863076239,0.054975729,7.331891998,983.4259711,1491.910671,1056.270024,1564.754724,0,0.535656787,0,0,0,0,2,0,0,0.711442786069652,"Surrey",3922.15071588667,880.817740762167,NA,602.584100188806,129.917700269554,48.4103511839255,NA,1018.358597248,0.0192056382288613,8.67096939031339e-05,3.40778748093154,4.12720309843945,0,"TOR87",234
"460",0.731884090044019,0,1,0,1,1,4,82,0.122,3,1,1,1,1,1,0.75,1,1,1,1,1,1,1,0.75,1,0.75,1,0.5,1,0.75,1,0.25,1,0.25,1,0.5,1,0.25,0,0,1,0.25,1,0.5,1,0.75,1,0.25,362,1,1,0,1,1,1,0,0,1,0,0,1,1,1,1,0,0,1,1,1,0,1,1,4,2018,"TOR",95,15,6,2,1.561695471,4.738956558,11.66161153,6.245640949,22.64620904,NA,0.032313203,0.133208446,0.369133479,0.991011626,NA,472.7680361,2340.89495,9401.567598,9443.27846,2535.493597,5.897012854,0.011133648,4.56744944,1.13425185,5.712834938,1081.527186,1451.056502,1164.327982,1533.857298,0,1.149044199,0,0,0,0,2,4,0,0.641509433962264,"Surrey",6020.10300508837,982.174390899543,14.5010403503949,1623.5518665982,302.727417015094,60.8313219600801,NA,1498.94457240185,0.0206911037395203,NA,3.99926942542821,3.65809790966603,0,"TOR908",60
"462",0.731884090044019,0,0,0,0,1,4,98,0.354,4,1,1,1,1,1,0.75,1,1,1,0.5,0,0.75,1,0.75,1,0.75,1,0.75,1,1,1,0.25,1,0.25,0,0,0,0,1,0.25,0,0,1,0.75,0,0,0,0,434,1,1,0,1,1,1,0,0,1,0,0,1,1,0,0,0,0,1,1,0,0,1,1,5,2018,"TOR",112,29,1,8,1.056069235,NA,6.743347364,10.48134231,NA,0.000190022,0.152223371,0.011817146,0.11099027,0.780848414,NA,2053.701874,2826.266891,30988.35554,27637.10924,18092.56489,4.037412618,2.544209882,0,1.473677666,4.017887548,1067.558526,1319.744222,1293.762342,1545.948039,0,0.388498122,0,0,0,0,1,3,0,0.802013422818792,"Surrey",29343.1098198784,1463.8699696616,NA,17131.9874591366,1944.6659422855,106.053652817564,NA,2676.21363953472,0.144141469096011,0.000179933278711599,9.92486284291768,3.80456831317504,0,"TOR913",55
"463",0.731884090044019,1,1,1,1,0,7,59,0.307,2,1,1,1,1,1,0.857142857142857,1,1,1,1,1,1,1,0.714285714285714,0,0.428571428571429,0,0,0,0.428571428571429,1,0.142857142857143,1,0.285714285714286,1,0.285714285714286,1,0.428571428571429,0,0,0,0.142857142857143,0,0.142857142857143,0,0.428571428571429,0,0,690,1,0,0,1,1,1,0,0,1,0,0,1,0,0,0,0,0,1,1,0,0,1,1,3,2018,"TOR",37,5,0,5,1.014126512,NA,5.250487646,4.255113569,NA,0.036360643,0.216742131,0.02411666,0.073408066,0.364276185,0.299222831,446.496014,651.8785248,5910.014453,5459.724099,981.5441413,0.511624591,0,0.236422523,0,0.236422523,1130.473741,1587.68237,1212.36022,1669.568849,0,NA,0,0,0,0,0,0,0,0.407725321888412,"Surrey",5827.68952696505,1646.31219995164,NA,967.871493039125,440.276443537056,36.484599862231,0.295054736721053,642.79803070566,0.213722970887088,0.0358541489348224,4.19584097117067,0.233129220272273,0,"TOR915",146
"464",0.480497721984227,1,1,0,0,1,7,43,0.069,1,0,0.428571428571429,0,0.714285714285714,0,0.142857142857143,0,0.428571428571429,0,0,0,0,0,0.428571428571429,0,0.428571428571429,0,0,0,0.142857142857143,0,0,1,0.142857142857143,1,0.142857142857143,0,0.142857142857143,0,0,0,0,0,0.285714285714286,0,0,0,0,300,1,0,0,1,0,1,1,0,1,0,0,1,0,0,0,0,0,0,0,0,0,1,1,3,2018,"TOR",82,5,2,4,1.251189474,3.735860219,11.33450944,5.805230271,20.87559993,0.000204233,0.048312218,0.094875923,0.09703868,1.010758416,NA,384.4068347,1100.549146,5684.321827,5671.818058,764.8168204,6.208257205,0,0,0,0,656.6677647,896.8616848,713.9976517,954.1915718,0,NA,0,0,0,0,2,0,0,0.845070422535211,"Surrey",4543.13430948828,762.627556919489,16.6846032226131,611.271782805935,307.233111121905,65.5376357490041,NA,879.602305541774,0.0386130310428107,0.000163231072706419,4.63976910902305,0,0,"TOR925",64
"465",0.480497721984227,1,1,0,1,1,5,47,0.118,1,0,0.6,1,1,0,0.4,1,0.6,0,0,0,0,0,0.2,0,0.2,0,0,0,0.4,0,0,1,0.2,0,0,0,0.2,0,0,0,0,1,0.6,0,0.4,0,0,398,1,0,0,0,1,1,1,1,1,0,0,1,1,0,0,0,0,1,1,1,0,0,1,3,2018,"TOR",36,9,3,6,1.090841193,NA,6.870095809,2.749524653,NA,0.014172319,0.056626298,0.015123482,0.417778584,0.583408076,NA,340.3767068,388.119457,4718.187152,4753.875831,913.5499747,0.406993824,0.115426216,1.718795482,0,1.834221698,628.2862376,972.0285519,698.324277,1042.066591,0,NA,0,0,0,0,2,5,0,0.4149377593361,"Surrey",4325.27409331158,955.28716525101,NA,837.472934247726,312.031401989785,33.0020540395929,NA,355.798313714763,0.0519106707405026,0.0129921010417875,2.52055447726386,1.68147454438861,0,"TOR932",388
"466",0.731884090044019,1,1,0,1,0,2,71,0.319,4,1,1,1,1,1,0.5,1,1,1,1,1,1,1,0.5,1,0.5,0,0,1,0.5,1,1,1,0.5,1,0.5,1,1,0,0,1,1,1,0.5,1,0.5,1,0.5,1482,1,1,0,1,0,1,0,1,1,0,0,0,0,1,1,0,1,1,1,0,0,0,1,4,2018,"TOR",26,9,3,2,1.816271398,NA,2.280162382,5.62206927,NA,0.065066168,NA,0.126769553,0.639945946,0.315747966,0.648253483,3741.906185,1394.628969,20015.13329,18548.0598,6524.007282,2.584751749,0,1.857120002,0.323015024,2.180135025,4499.00673,5787.127733,4843.312147,6131.433149,0,NA,0,0,0,0,0,3,0,0.992070484581498,"Surrey",11019.9022635272,3375.83532711668,NA,3591.978208314,2060.21313176017,14.3150412590487,0.356914436748731,767.852739703827,NA,0.0358240338264689,3.09539052158768,1.20033549358354,0,"TOR943",139
"468",0.731884090044019,1,1,0,1,0,4,87,0.179,4,0,0.75,1,1,1,1,1,1,1,0.5,0,0.75,1,0.75,1,0.75,1,0.5,1,0.75,1,0.25,1,0.25,1,0.25,1,0.75,0,0,1,1,1,0.75,1,1,1,1,804,1,1,0,0,1,1,0,0,1,0,0,1,1,0,0,0,0,1,1,1,1,1,1,5,2018,"TOR",119,28,2,5,2.57136109,5.58878676,16.62960356,11.2810818,33.49947212,0.638893283,0.092616329,0.248323149,0.341059919,0.744376716,0.424820116,1885.539206,4813.966962,25219.35978,21700.16287,13607.46604,16.13758018,0,4.526856629,0,4.526856629,1611.95913,2210.739645,1848.667583,2447.448099,0,3.866121787,0,0,0,0,1,2,0,0.902552204176334,"Surrey",9807.78618688673,951.810349980835,13.0279143797731,5291.93122386401,733.284490199702,46.2789922670876,0.165212158514851,1872.14739334801,0.0360184065008155,0.248465019356733,4.38720249904692,1.76049044477063,0,"TOR955",116
"469",0.731884090044019,0,1,1,0,0,6,80,0.07,3,1,1,1,1,0,0.333333333333333,0,0.333333333333333,1,1,1,1,0,0.166666666666667,0,0.166666666666667,0,0,1,0.833333333333333,1,0.166666666666667,1,0.166666666666667,1,0.166666666666667,0,0.166666666666667,0,0,0,0,0,0.166666666666667,0,0.166666666666667,0,0,745,1,0,0,1,1,1,0,1,1,1,0,1,1,1,1,1,1,1,1,0,0,1,1,3,2018,"TOR",23,5,0,1,0.931251772,NA,2.824495,3.415014393,NA,0.001930668,0.021981153,0.013727287,0.347008468,0.476378623,0.070225582,777.605223,622.8588279,7069.113502,7205.391304,2030.145862,0.426128707,0,0.918068066,0,0.918068066,1347.340822,1842.797748,1456.320355,1951.777281,0,NA,0,0,0,0,0,0,0,0.696145124716553,"Surrey",7590.97992030452,2095.86423315821,NA,2180.01825396795,835.010731125889,24.6979395814777,0.0754098774482654,668.840421707139,0.0236038777706616,0.00207319659199532,3.66712257166046,0.98584302720661,0,"TOR965",18
"471",0.731884090044019,0,1,0,0,1,5,91,0.062,3,1,1,1,1,1,1,1,1,1,0.6,0,0.6,1,0.8,1,0.8,0,0,1,0.6,0,0,1,0.4,1,0.4,0,0,0,0,1,0.6,0,0.4,0,0.2,1,0.2,231,0,1,0,0,1,1,0,0,0,0,0,0,0,0,0,0,0,1,1,0,0,1,1,5,2018,"TOR",121,14,2,2,1.161667425,1.799767423,10.33339489,7.950594214,20.08375653,0.066929791,0.06051776,0.046667241,0.219755569,0.467477664,0.297098737,872.2952906,1019.94657,18944.04518,14259.60265,10625.78042,7.61894912,1.804684871,1.58137637,1.979966913,5.366028155,966.1818746,1123.559952,1200.464551,1357.842629,0,0.652266658,0,6,3,0,2,0,0,0.904347826086957,"Surrey",16307.6322640277,1168.87380998912,17.2887317813874,9147.00730288619,750.899329556392,104.160620669896,0.255751973935225,878.002213068856,0.052095598703734,0.0576152774534415,6.84412254565888,4.61924647237138,2.5824947273528,"VAN101",108
"472",0.59793070477151,0,1,0,0,0,3,48,0.04,1,0,0.666666666666667,1,1,0,0.333333333333333,0,0.333333333333333,0,0,0,0,0,0.333333333333333,0,0.333333333333333,0,0,0,0,0,0,0,0,1,0.333333333333333,1,0.333333333333333,0,0,0,0,0,0.333333333333333,0,0,0,0,226,1,0,0,1,1,1,1,1,1,1,1,1,0,1,1,0,0,1,1,1,1,1,1,4,2018,"TOR",49,3,0,2,0.857374387,NA,7.311272221,3.675999637,NA,0.000153503,0.062163395,0.031295682,0.047458845,0.713854333,0.002448631,616.4685077,173.8222787,6409.668645,6526.809237,1139.797249,NA,1.262463733,0,0,1.262463733,686.5879721,978.237236,734.8099401,1026.459204,0,NA,0,0,0,0,0,1,0,0.426470588235294,"Surrey",7475.92736870503,1197.21234919512,NA,1329.40436089794,719.019038878753,57.1512290814444,0.00285596471871278,202.737895294742,0.0725043760841902,0.000179038471789571,4.2875081093366,1.47247661248364,0,"VAN102",176
"473",0.731884090044019,1,1,0,0,1,4,97,0.172,4,1,1,1,1,1,1,1,1,1,1,1,1,1,1,1,1,1,0.5,1,1,0,0,1,0.25,0,0,1,0.25,0,0,1,0.75,1,0.75,1,1,1,1,315,0,1,0,1,1,1,0,0,0,0,0,0,1,1,1,0,0,1,1,1,0,0,0,5,2018,"TOR",69,7,3,2,0.389661124,NA,6.010458126,2.029511555,NA,NA,0.082986315,0.016899178,0.020530744,0.254547713,0.01469717,127.9746114,1316.559207,3985.899117,4039.826932,1359.884556,1.890570467,0,0,0,0,360.2611318,479.4446166,401.3831984,520.5666832,0,0.834942057,0,0,2,0,2,2,0,0.813492063492063,"Surrey",10229.1423791099,1335.94718881938,NA,3489.91590959944,328.425402273387,177.076941347631,0.0377178247835676,3378.72865911047,0.212970475853783,NA,5.20840142882717,0,5.132664966598,"VAN103",205
"474",0.731884090044019,0,1,1,1,0,3,68,0.179,4,0,0.666666666666667,1,1,0,0.333333333333333,0,0.333333333333333,0,0,0,0.333333333333333,1,0.666666666666667,1,0.666666666666667,0,0,1,0.666666666666667,1,0.333333333333333,0,0,0,0,1,0.333333333333333,1,0.333333333333333,1,0.666666666666667,1,0.666666666666667,1,1,1,0.333333333333333,607,1,0,0,0,0,0,0,0,0,0,0,0,1,0,0,0,0,1,1,1,0,1,1,5,2018,"TOR",4,2,0,1,0.117810053,NA,1.26092349,0.022430498,NA,NA,NA,2.13255e-05,0.018261425,0.087322327,0.012204979,1686.448511,388.0436201,7503.134092,7561.623694,2770.704017,NA,0,0,0.606404033,0.606404033,1326.964439,1722.653349,1430.502992,1826.191901,0,NA,0,0,0,0,0,1,0,0.949781659388646,"Surrey",63688.4026527006,15501.1550754501,NA,23518.4005646785,14314.9796477895,33.9529598547927,0.103598790503897,3293.80736379093,NA,NA,0.190395449529252,5.14730294705835,0,"VAN105",120
"476",0.59793070477151,0,1,1,0,1,5,56,0.129,2,1,1,1,1,0,0.2,1,0.8,1,0.8,0,0.8,0,0.4,0,0.4,0,0,1,0.6,0,0,1,0.4,1,0.2,0,0.2,0,0,1,0.4,0,0.2,1,0.6,1,0.2,227,1,0,0,0,1,1,1,1,1,0,0,1,0,1,1,0,0,1,1,0,0,1,1,3,2018,"TOR",37,4,0,2,0.758655485,NA,5.102211126,3.981191504,NA,NA,0.054603478,0.006048778,0.021855937,0.38222938,0.293917917,390.1032101,0.602694448,5480.371743,5735.780377,1199.178923,NA,0,0,0,0,496.6308315,718.2097525,531.5826441,753.1615651,0,NA,0,0,0,0,0,0,0,0.508571428571429,"Surrey",7223.79505764728,992.758346827216,NA,1580.66335340606,514.203374012382,48.7704903365986,0.387419484616262,0.794424425732584,0.0719740107065857,NA,5.24769356145893,0,0,"VAN106",173
"477",0.731884090044019,0,1,0,0,0,4,65,0.111,3,1,1,1,1,1,0.75,1,0.75,1,1,1,1,1,0.5,1,0.5,0,0,1,0.75,0,0,1,0.25,1,0.25,1,0.25,1,0.25,0,0,0,0.25,0,0,0,0,509,1,1,0,1,1,1,0,0,1,0,0,1,0,0,1,0,0,1,1,0,0,1,1,4,2018,"TOR",51,2,1,2,0.947852186,NA,10.36215015,1.251644309,NA,NA,0.008630531,0.003691911,0.039055518,0.60251061,0.293963623,492.3234246,904.7234525,7049.043485,6197.817476,1356.436284,0.105999178,0,0,0,0,997.7299275,1450.251027,1072.897946,1525.419045,0,NA,0,0,0,0,1,0,0,0.754838709677419,"Surrey",7436.85944825157,1609.34275146568,NA,1431.06309616086,519.409494298513,53.8058578682225,0.310136567011093,954.498460691423,0.00910535537869193,NA,1.32050579983576,0,0,"VAN107",154
"478",0.731884090044019,1,1,0,1,1,2,23,0.244,2,1,1,1,1,1,0.5,1,1,1,1,1,1,1,1,1,1,0,0,1,1,0,0,0,0,0,0,0,0,0,0,0,0,1,1,0,0,0,0,195,0,0,0,1,1,1,0,0,0,0,0,1,0,1,1,0,0,1,1,0,0,1,1,3,2018,"TOR",73,16,0,2,2.155275822,2.560681079,7.475974333,11.03162358,21.06827899,0.021692861,0.188828634,0.202950154,0.523329813,0.671061076,0.424598729,1028.213122,1216.857353,15528.29055,10320.85979,7903.219632,9.129032269,0.255033883,5.135329117,2.416808843,7.807171843,1073.082373,1399.509301,1242.523202,1568.950129,0,NA,0,0,0,0,0,3,0,0.631578947368421,"Surrey",7204.78111965755,727.957931409486,9.77521242290445,3666.917965361,477.067998213734,33.8703748517251,0.197004357709535,564.594721742301,0.0876122824153316,0.0100650045709092,5.11842775174972,3.62235392951019,0,"VAN108",244
"479",0.731884090044019,0,1,0,1,0,4,84,0.066,3,1,1,1,1,1,1,1,1,0,0.25,1,1,1,0.75,1,0.75,0,0,1,1,0,0,1,0.25,1,0.25,1,0.25,1,0.5,1,0.5,1,0.5,0,0.25,1,0.25,120,1,1,0,1,1,0,0,0,0,0,1,1,0,0,0,0,0,1,1,0,0,0,0,4,2018,"TOR",100,10,4,2,0.854416099,NA,11.54205272,3.383094952,NA,NA,0.037083973,0.012075354,0.229887923,0.526481517,0.048887321,214.133524,1251.680893,5561.507063,5754.686372,689.9868133,1.164465175,0,0,1.311833015,1.311833015,664.9036761,912.0503394,736.364328,983.5109913,0,2.071622512,0,0,0,0,1,4,4,0.774647887323944,"Surrey",6509.13187322796,1151.09136221929,NA,807.553619492369,250.619720591196,117.038993199027,0.0572172283003764,1464.95471523179,0.0434027086373989,NA,3.9595402707879,1.53535615320844,0,"VAN110",241
"480",0.731884090044019,1,1,0,1,0,4,94,0.266,4,1,1,1,1,1,1,1,1,1,1,1,1,1,0.75,1,0.5,0,0,1,1,1,0.5,0,0,0,0,1,0.25,1,0.25,1,0.5,1,0.5,0,0,0,0,256,1,1,0,1,1,0,1,0,0,0,0,1,1,0,1,0,0,1,1,0,1,1,1,4,2018,"TOR",54,12,8,2,0.576345494,NA,6.168349979,3.155464246,NA,0.020165139,0.052688206,0.005864248,0.058614555,0.415754849,0.023258504,942.937524,1295.521566,6731.563448,6504.688045,1928.282231,3.172643965,0,0.527298644,0.21189093,0.739189574,686.6315808,1015.732438,739.0066051,1068.107462,0,1.616501876,0,1,0,0,8,0,0,0.632034632034632,"Surrey",11679.7364047753,1853.2416287096,NA,3345.70539906052,1636.06297579556,93.693800961685,0.040355141563751,2247.82110641434,0.0914177460368936,0.0349879355524206,5.47495257419328,1.28254594109831,0,"VAN111",108
"482",0.731884090044019,0,1,0,0,0,2,70,0.316,4,1,1,1,1,1,1,1,1,0,0,0,0,1,1,1,1,0,0,1,1,1,0.5,0,0,1,0.5,0,0,0,0,1,1,1,1,0,0,0,0,704,1,0,0,1,1,1,1,1,0,0,0,1,1,1,1,0,0,1,1,1,0,0,1,4,2018,"TOR",41,3,0,1,0.580009263,4.610325254,2.376345206,8.338782734,15.32545319,NA,0.014731949,0.143193617,0.07518437,0.185943546,0.160955785,2308.653535,298.1496218,10932.8126,7081.146107,3920.562306,11.79808409,0,0,0,0,1564.175564,2041.35699,1685.150232,2162.331658,0,NA,0,0,0,0,0,0,0,0.915094339622642,"Surrey",18849.3758590197,3728.09849073048,26.4227731652624,6759.48222916571,3980.37355999951,70.6885262278992,0.277505542183039,514.04286244994,0.0253995064213311,NA,14.3769820000271,0,0,"VAN114",125
"483",0.731884090044019,0,1,0,0,0,5,74,0.273,4,0,0.4,0,0.6,0,0.4,0,0.4,1,0.6,0,0.6,1,0.6,1,0.6,0,0,0,0.4,0,0,1,0.2,0,0,0,0.2,0,0,0,0,0,0.4,0,0.2,0,0,239,1,0,0,0,1,1,0,1,0,0,0,1,0,1,1,0,0,0,0,0,0,0,0,4,2018,"TOR",36,3,0,1,0.875243879,1.173164132,5.38377635,4.846520343,11.40346082,7.27518e-06,0.01393566,0.146360693,0.020928894,0.456424251,0.237587106,475.274071,459.2145679,5110.743396,4577.362212,1519.431514,3.603842173,0,0,0,0,508.446215,718.7452969,558.0376083,768.3366903,0,0.016229565,0,0,0,0,0,0,0,0.695,"Surrey",5839.22209411989,877.854400053451,13.0288952526339,1736.00930032897,543.019017217257,41.1313930479941,0.271452462222818,524.670413490547,0.0159220308012003,8.31217466874738e-06,5.5373370317509,0,0,"VAN18",363
"484",0.480497721984227,0,1,1,0,0,3,22,0.076,1,0,0.333333333333333,1,1,1,0.666666666666667,1,0.666666666666667,0,0.333333333333333,1,1,1,1,1,0.666666666666667,0,0,1,0.666666666666667,0,0,1,0.333333333333333,1,0.333333333333333,1,0.666666666666667,0,0,0,0,0,0.333333333333333,1,0.666666666666667,0,0,257,1,1,0,0,1,0,0,0,1,0,0,1,1,0,0,0,0,1,1,0,0,0,0,2,2018,"TOR",69,6,1,1,1.688892033,4.187706495,12.60017454,9.026910155,25.81479119,NA,NA,0.154442778,0.033333351,1.501115908,NA,144.2035021,139.7084428,5216.275396,5343.374826,276.7698167,10.06394424,0,0,0,0,583.1570788,863.9282634,616.5345685,897.305753,0,NA,0,0,0,0,1,0,0,0.444444444444444,"Surrey",3088.57836621697,531.298469924158,15.285045275597,163.87656007138,85.383493605479,40.8551871000507,NA,82.7219502905903,NA,NA,5.34487106257787,0,0,"VAN19",169
"485",0.480497721984227,0,1,0,0,0,5,43,0.088,1,1,1,1,1,0,0.2,0,0.4,0,0,0,0,1,0.6,1,0.6,0,0,0,0.2,1,0.2,0,0,1,0.2,0,0,0,0,0,0,0,0.2,1,1,1,1,121,0,0,0,1,1,1,0,1,0,0,0,1,0,0,1,0,0,1,1,0,0,1,1,2,2018,"TOR",32,2,1,3,1.057464112,NA,6.875891087,1.603769228,NA,NA,0.035024081,0.007116642,0.401210134,0.538426142,0.058371468,379.5103937,117.3332393,3449.043336,3747.800751,429.1298494,NA,0,2.082018151,0,2.082018151,399.5131542,623.2513725,424.1075056,647.8457239,0,NA,0,0,0,0,1,0,0,0.321428571428571,"Surrey",3261.61738905424,612.640860855995,NA,405.810319735938,358.887256213571,30.261074240598,0.0551994789587715,110.957183292098,0.0331208223546786,NA,1.51661811479045,1.96887830742761,0,"VAN21",200
"486",0.731884090044019,0,1,0,0,1,4,85,0.109,3,1,1,1,1,1,1,1,1,0,0,0,0,1,0.5,1,0.5,1,0.5,1,0.75,1,0.25,1,0.5,0,0,0,0,0,0,1,0.5,1,0.75,0,0.25,0,0,295,1,0,0,0,1,0,0,0,0,0,0,0,1,0,0,0,0,1,1,0,0,0,0,4,2018,"VAN",253,14,0,2,1.788369608,NA,31.53142304,7.948198986,NA,0.072292248,0.306951348,0.083554434,0.083012919,1.24255885,NA,636.2211171,2129.97416,12693.72982,11963.36884,5942.675166,NA,3.770580737,0,0.466766182,4.237346919,988.7801286,1336.42605,1094.11292,1441.758841,0,1.90929016,10,0,10,0,7,0,0,0.631578947368421,"Vancouver",7097.93420958203,806.186167865139,NA,3322.95692088277,355.754825095417,141.469637410658,NA,1191.01451426589,0.171637533218469,0.0404235498504401,4.44438272180702,2.36939103641936,5.59168527314852,"VAN22",43
"487",0.480497721984227,0,1,0,0,1,4,91,0.1,3,1,1,1,1,0,0,1,1,0,0,0,0,1,1,1,1,1,1,1,1,0,0,0,0,0,0,0,0,0,0,1,1,1,0.75,1,1,1,1,391,1,0,0,1,1,1,0,0,1,0,0,1,0,0,0,0,0,1,1,0,0,1,1,4,2018,"VAN",188,9,0,1,1.573169912,NA,24.72520546,4.419981079,NA,NA,0.014597926,0.038549788,0.666823438,0.846860591,NA,242.4230946,1154.939361,6015.25538,5817.145946,1396.875542,NA,2.354241707,0,1.757213438,4.111455145,766.4327318,1112.150596,815.2896983,1161.007563,0,2.358632213,4,0,13,0,0,0,0,0.64,"Vancouver",3823.65269899721,738.005192029124,NA,887.936853702043,154.098481512275,119.503938237029,NA,734.147883321582,0.0092793066334719,NA,2.80960183975347,2.61348447719359,8.26357019724135,"VAN23",19
"488",0.731884090044019,0,1,0,0,1,4,81,0.177,4,1,1,1,1,0,0.25,1,0.75,0,0,0,0,1,1,1,1,1,1,1,0.75,1,0.5,1,0.75,0,0,0,0,0,0,1,0.25,1,0.5,1,1,1,0.25,444,1,0,1,0,1,1,1,1,0,0,0,1,0,0,0,0,0,1,1,1,0,1,1,4,2018,"VAN",258,8,0,4,1.382007559,NA,33.45047654,3.103908272,NA,NA,0.032029385,0.05793814,0.101371466,1.190668632,NA,340.389918,2072.336294,9349.675834,8981.643812,2358.521546,NA,3.069834435,0,0,3.069834435,1054.037285,1413.563227,1166.236743,1525.762685,0,2.840361479,15,0,17,8,6,1,0,0.745454545454545,"Vancouver",6765.28559711011,1104.01905913164,NA,1706.59091597631,246.301053697782,186.684941279688,NA,1499.51154789595,0.0231759839455408,NA,2.24594160269712,2.22128628386178,12.3009457432353,"VAN24",120
"490",0.731884090044019,0,1,0,0,0,5,66,0.154,2,0,0.6,0,0.8,0,0.2,1,0.8,0,0,0,0,0,0.4,0,0.4,0,0.4,0,0.4,0,0,0,0,0,0,0,0,0,0,1,0.8,1,0.8,1,1,1,1,433,1,0,0,1,1,1,0,0,1,0,0,1,1,0,0,0,0,1,1,1,1,1,1,4,2018,"VAN",132,6,0,1,0.814343532,NA,16.50423825,3.29053253,NA,NA,0.025898323,0.069685884,0.032271429,0.686487874,NA,477.8835031,421.2307856,7391.621732,7395.618532,2141.735109,NA,0.665586441,0,1.122746436,1.788332878,713.3828538,1094.28495,764.0424437,1144.94454,0,1.564545957,0,0,7,0,0,0,0,0.692,"Vancouver",9076.78570718973,1405.97241214412,NA,2630.01426896579,586.832809890851,162.093753818874,NA,517.26423683316,0.0318026999445733,NA,4.04071795341527,2.19604234297522,8.59588088433421,"VAN25",147
"491",0.731884090044019,0,1,0,0,1,4,82,0.288,4,1,1,1,1,0,0.25,1,1,0,0,0,0,1,0.75,1,0.75,1,0.75,1,1,0,0,1,1,0,0,1,0.5,0,0,1,1,1,1,1,0.5,0,0,449,1,0,0,1,1,1,0,1,1,1,0,1,1,1,0,0,0,1,1,0,0,1,1,4,2018,"VAN",180,14,0,2,1.100998212,NA,24.1994564,3.625982422,NA,NA,0.028384262,0.010614676,0.113719665,0.948279636,NA,766.1829982,642.436725,8988.042017,9243.455129,2401.380186,NA,2.481910319,0,0,2.481910319,1001.460142,1474.320867,1074.025974,1546.886699,0,1.33536652,3,0,22,0,0,0,0,0.599221789883268,"Vancouver",8163.53915840873,1404.98565950441,NA,2181.09362924197,695.898494519989,163.488003920573,NA,583.50387675289,0.0257804796507699,NA,3.29335904679925,2.25423646646213,19.9818671458478,"VAN26",181
"493",0.59793070477151,1,1,0,0,1,4,63,0.135,1,0,0.75,1,1,1,0.5,1,0.75,0,0,0,0,1,1,1,1,1,1,1,1,0,0,1,0.25,0,0,1,0.25,0,0,1,0.25,1,0.75,1,1,0,0,483,1,0,0,1,1,1,1,0,0,0,0,1,0,0,0,0,0,1,1,0,0,0,1,4,2018,"VAN",193,5,0,2,1.387061519,NA,25.08140828,5.435276122,NA,NA,0.039699788,0.032978071,0.06543869,0.87761045,0.343688184,849.9709995,475.9190113,8534.881332,8680.744581,2168.073181,0.850746882,3.381395275,0,0.596176263,3.977571538,1095.09395,1608.105433,1174.346481,1687.357965,0,1.316267744,6,0,12,0,0,0,0,0.708823529411765,"Vancouver",6153.21037682107,1216.49828928748,NA,1563.06923038502,612.785365217821,139.143071418449,0.247781500165747,343.11312424204,0.0286215048548254,NA,3.91855447472766,2.86762445898407,8.65138267886732,"VAN27",275
"495",0.731884090044019,0,0,0,1,1,4,98,0.191,4,0,0.75,1,1,1,1,1,1,0,0,0,0,0,0,0,0,0,0,1,0.5,0,0,1,0.25,0,0,1,0.25,0,0,1,0.25,1,0.5,0,0.25,1,0.5,236,0,0,0,1,0,0,0,0,0,0,0,0,0,0,0,0,0,0,0,0,0,0,0,5,2018,"VAN",249,110,0,1,2.128968216,NA,16.28155848,29.11485928,NA,0.023294907,0.189565292,0.163979352,0.139556579,1.339898149,0.245424433,2460.390012,1972.91894,34059.06241,28518.88462,19300.35862,13.80076926,9.082539797,0,6.845836369,15.92837617,1298.804591,1606.193408,1644.59927,1951.988088,0,NA,0,1,23,0,5,4,0,0.771604938271605,"Vancouver",15997.9196279368,916.870469615315,NA,9065.5926542024,1155.67249595801,116.958063595629,0.115278580091306,926.701923106587,0.0890409215954213,0.0109418763628926,13.6755725431647,7.48173507255404,10.8033552718854,"VAN28",42
"496",0.480497721984227,1,1,0,1,1,2,51,0.341,2,1,1,1,1,1,1,1,1,0,0,0,0,0,0,0,0,0,0,1,1,0,0,1,1,0,0,1,1,0,0,0,0,1,1,1,1,1,1,663,1,1,1,0,0,0,0,0,0,0,0,0,0,0,0,0,0,0,0,0,0,0,0,2,2018,"VAN",221,1,0,1,4.595894598,NA,27.8692804,16.5096777,NA,NA,1.352689969,0.063341952,2.33383173,0.826689281,0.004968481,536.4791706,337.2008416,6338.656067,5405.742814,1552.728016,NA,0,0,0,0,506.8006549,750.372426,540.891138,784.4629091,0,NA,0,0,1,0,0,0,0,0.769067796610169,"Vancouver",1379.19961649216,170.687750202404,NA,337.851093598992,116.730085766862,48.0863943433718,0.0010810693966224,73.3700119551784,0.294325716170395,NA,3.5922663907881,0,0.217585494766388,"VAN29",134
"497",0.731884090044019,0,1,0,0,1,4,97,0.407,4,1,1,1,1,1,0.75,1,1,0,0,0,0,1,1,1,1,1,1,1,1,0,0,1,0.75,0,0,0,0,0,0,1,0.75,1,0.5,1,1,0,0,530,0,0,0,1,1,0,0,0,0,0,0,1,1,0,0,0,0,1,1,0,0,1,1,4,2018,"VAN",146,24,0,1,1.697512451,NA,22.73956751,5.512869509,NA,0.004180711,0.057272375,0.022202907,0.070875938,0.76097684,0.758287034,253.8170175,1501.890908,10268.75931,10078.98124,4354.317111,1.917920699,2.763384575,0,0.470589459,3.233974034,636.8160367,885.9880793,704.3106407,953.4826833,0,0.836716904,0,0,7,1,9,0,0,0.849246231155779,"Vancouver",6049.29837418907,561.694073429804,NA,2565.11644932848,149.522919463994,86.0082056623454,0.446704843639465,884.759877381306,0.0337390014230888,0.00246284555823856,3.24761653780647,1.90512536865039,4.12368109340012,"VAN30",209
"499",0.480497721984227,0,1,0,0,1,4,89,0.198,4,1,1,1,1,0,0.25,1,1,0,0,0,0,1,0.75,1,0.75,1,0.75,1,0.75,0,0,1,0.75,0,0,0,0,1,0.25,1,0.75,1,0.75,1,0.75,0,0,128,0,0,0,0,1,0,0,0,1,1,0,1,1,0,0,0,0,1,1,0,1,0,1,4,2018,"VAN",133,10,0,1,1.549967747,NA,17.53348268,5.064782591,NA,NA,0.012683555,0.006887538,0.113214714,0.515256191,0.88324128,131.9434017,520.2672355,3527.656653,3324.057075,1468.06236,0.470849338,2.728820246,0,0,2.728820246,352.742699,493.5632227,387.8450534,528.665577,0,0.856568789,0,0,5,0,5,0,0,0.767857142857143,"Vancouver",2275.95487701461,341.08166316573,NA,947.156715255185,85.1265466364572,85.8082371439178,0.569844941425094,335.663265578906,0.00818310898697687,NA,3.26766966654823,1.76056582550295,3.22587357683902,"VAN31",252
"500",0.731884090044019,1,1,0,0,1,4,95,0.121,3,1,1,1,1,1,0.5,1,0.75,0,0,0,0,1,0.5,1,0.5,1,0.5,1,1,1,0.25,1,0.5,0,0,0,0,1,0.25,1,1,1,1,1,1,1,1,85,0,0,0,0,0,0,0,1,0,0,0,0,1,0,0,0,0,0,0,0,0,0,0,4,2018,"VAN",67,5,0,1,0.594659175,NA,10.34401434,1.986097363,NA,NA,0.012358463,0.000300595,0.000189764,0.362215807,0.217628809,96.85667805,482.7776266,3276.220111,3060.938711,1620.168809,NA,0.242984321,0,0,0.242984321,254.9701594,349.5618003,281.8203849,376.4120259,0,0.13337426,1,0,2,5,2,0,0,0.678571428571429,"Vancouver",5509.40815972443,632.987838622014,NA,2724.53344220242,162.877631628235,112.669580856967,0.365972338693,811.856012479754,0.0207824305409901,NA,3.33989190194535,0.408611068684848,3.36327107035723,"VAN33",90
"501",0.731884090044019,1,1,0,0,1,8,90,0.176,4,0,0.75,0,0.875,0,0.25,1,0.625,0,0.125,0,0.125,0,0.25,0,0.25,0,0.25,0,0.375,1,0.125,1,0.25,0,0,0,0,0,0,1,0.5,1,0.5,0,0.375,1,0.25,387,1,0,0,1,1,1,0,0,1,0,0,1,0,0,0,0,0,1,1,0,0,1,1,4,2018,"VAN",243,15,0,1,1.871455456,NA,29.37641093,11.57171853,NA,NA,0.015492826,0.047533216,0.052932913,1.285219334,0.411822414,830.3408402,1150.86855,10781.38617,10783.67866,4178.668939,NA,3.051464621,0,1.310277056,4.361741677,861.5097173,1319.757795,942.0675279,1400.315606,0,1.295177588,1,1,7,0,2,0,0,0.670391061452514,"Vancouver",5760.96328418302,748.249498277131,NA,2232.84445568979,443.6872048105,129.845462910125,0.220054617212327,614.959093100637,0.00827849038582728,NA,6.1832722189034,2.33066817754919,3.74040428136164,"VAN34",179
"502",0.480497721984227,0,1,0,0,1,6,88,0.149,3,0,0.833333333333333,1,1,1,0.666666666666667,1,0.666666666666667,0,0.166666666666667,0,0.166666666666667,0,0.166666666666667,0,0.166666666666667,0,0.166666666666667,1,0.5,0,0,1,0.333333333333333,1,0.166666666666667,0,0,0,0,1,0.333333333333333,0,0.333333333333333,0,0.166666666666667,1,0.166666666666667,228,1,0,0,1,1,0,1,0,1,0,0,1,1,0,0,0,0,1,1,0,0,1,1,3,2018,"VAN",117,9,0,1,0.9282323,NA,14.86846113,2.916788194,NA,NA,0.027138589,0.005246409,0.290839305,0.605008075,NA,88.52686313,566.3592106,4383.392772,4078.356231,1291.414268,NA,2.545335875,0,0.79587515,3.341211025,541.2687746,780.0160022,578.1019198,816.8491474,0,1.168615987,4,0,9,0,3,0,0,0.761658031088083,"Vancouver",4722.30148853902,880.005088596895,NA,1391.26193734047,95.3714529541797,126.046033950769,NA,610.148139210411,0.0292368505168372,NA,3.14230413442842,3.59954186575925,9.69584876544374,"VAN35",115
"503",0.480497721984227,1,1,0,0,1,4,61,0.148,1,1,1,1,1,1,0.75,1,0.75,0,0,0,0,0,0.25,0,0.25,0,0.25,1,0.75,1,0.25,1,0.75,0,0,0,0,0,0,1,1,1,0.5,1,0.5,0,0,591,1,0,0,1,1,1,0,0,0,0,0,1,0,0,0,0,0,1,1,0,0,1,1,3,2018,"VAN",277,10,0,2,3.896359952,NA,47.32272833,10.32031784,NA,NA,0.054095302,0.003915669,0.551503349,3.026935947,0.19485244,592.0347419,1273.540895,9317.606936,9585.731822,1249.524458,NA,5.995522735,0,1.407542014,7.403064749,1146.804987,1891.542577,1190.914791,1935.652382,0,2.478638193,11,0,27,0,5,4,0,0.615646258503401,"Vancouver",2391.36195084268,496.784795513164,NA,320.690201468327,151.945597735679,71.0919944287529,0.0500088396350502,326.854015206242,0.0138835484057968,NA,2.6487075031922,1.89999508264117,6.92954458330805,"VAN36",143
"504",0.731884090044019,0,1,0,0,1,6,81,0.193,4,0,0.833333333333333,1,1,1,0.666666666666667,1,0.833333333333333,0,0,0,0,1,0.5,1,0.5,1,0.5,1,0.5,1,0.166666666666667,1,0.333333333333333,0,0,0,0,0,0,1,1,1,0.666666666666667,0,0.166666666666667,0,0,715,0,0,0,1,1,1,0,0,1,0,0,1,1,0,0,0,0,1,1,0,0,1,1,4,2018,"VAN",232,7,0,4,1.436915292,NA,30.68156301,3.510728285,NA,NA,0.06295033,0.039714026,0.074103274,1.260147589,NA,646.8829007,1084.8062,11683.38957,10806.74233,3097.457025,NA,2.7076822,0,0.053440757,2.761122958,1356.100945,1934.572005,1483.262809,2061.733868,0,2.845636874,2,0,10,0,0,0,0,0.806451612903226,"Vancouver",8130.88261712229,1434.83327060312,NA,2155.62952266222,450.188611883741,161.456977520983,NA,754.954871758717,0.043809353516157,NA,2.44323955945484,1.92156279035549,6.95935247935269,"VAN37",230
"505",0.731884090044019,0,0,0,1,0,4,94,0.125,3,1,1,1,1,1,0.75,1,1,0,0.25,0,0.25,1,0.75,1,0.75,1,0.75,1,1,1,0.25,1,0.75,0,0,0,0,1,0.25,1,0.5,1,1,1,0.75,0,0,218,0,0,0,1,1,1,0,0,1,0,0,1,0,0,0,0,0,0,1,1,0,0,0,5,2018,"VAN",145,15,0,1,0.759580849,NA,15.77335868,4.494716321,NA,NA,0.062743474,0.014575102,0.022247784,0.6600145,NA,345.3524459,1144.234771,7900.353473,7482.65591,3391.468519,NA,1.138002435,0,0.222741444,1.360743879,667.8309212,818.5585018,744.2813635,895.008944,0,0.538773697,9,0,15,1,2,0,0,0.446808510638298,"Vancouver",10400.9382061185,1178.29319311867,NA,4464.92104621242,454.661865625841,190.894754904491,NA,1506.40287009132,0.0826027592488709,NA,5.9173639342242,1.79144047772063,19.7477332659818,"VAN38",170
"506",0.731884090044019,0,1,0,0,1,6,98,0.168,4,1,1,1,1,1,0.833333333333333,1,0.833333333333333,0,0,0,0,0,0.333333333333333,0,0.333333333333333,0,0.333333333333333,1,0.5,0,0,1,0.333333333333333,0,0,0,0.166666666666667,0,0,1,0.333333333333333,0,0.333333333333333,1,0.5,1,0.333333333333333,378,1,0,0,1,1,1,0,0,1,0,0,1,1,0,0,0,0,1,1,0,0,0,1,4,2018,"VAN",156,23,0,2,1.389172588,NA,23.19411255,6.234360249,NA,NA,0.063521207,0.000783481,0.075667443,1.249035823,NA,724.1661675,2119.691987,13748.10073,13283.68642,6238.654953,NA,5.859477779,0,0,5.859477779,1061.366305,1441.161523,1204.663018,1584.458236,0,2.182858113,10,1,28,1,4,2,0,0.632075471698113,"Vancouver",9896.61101058236,1140.57695183948,NA,4490.91423692849,521.293159507694,112.297061824834,NA,1525.86655201117,0.0457259289081221,NA,4.48782268153998,4.21796242570257,20.1558828916368,"VAN39",75
"507",0.731884090044019,0,1,0,0,1,4,96,0.154,4,1,1,1,1,1,1,1,1,0,0,0,0,1,0.75,1,0.75,1,0.75,1,0.75,0,0,1,0.5,0,0,0,0,0,0,1,0.25,1,1,1,0.5,1,0.5,389,1,0,0,1,0,0,0,0,0,0,0,0,0,0,0,0,0,1,1,0,1,0,1,5,2018,"VAN",295,37,0,2,2.38561398,NA,38.42968712,13.05261351,NA,NA,0.028392766,0.070024643,0.4293904,1.660010253,0.165491891,1210.193585,2741.442946,22105.38435,20859.30657,12774.23552,0.54932316,15.24335862,0,0.174931781,15.41829041,1119.348262,1404.894264,1344.249595,1629.795597,0,0.99604088,11,1,17,0,7,0,0,0.757246376811594,"Vancouver",9266.11955468168,683.176578718741,NA,5354.69511291177,507.288100734554,123.657893721766,0.0693707751494649,1149.1561371551,0.0119016597982881,NA,5.47138540410465,6.46302819285122,7.12604811277976,"VAN40",116
"508",0.731884090044019,0,0,0,0,1,4,80,0.223,4,0,0.75,1,1,1,0.5,1,0.75,0,0.25,0,0.25,1,0.5,1,0.5,1,0.5,1,0.75,0,0,1,0.75,0,0,0,0,0,0,1,0.5,1,0.75,1,0.75,1,0.25,647,1,0,0,1,1,1,0,0,0,0,0,1,0,0,0,0,0,1,1,0,1,1,1,4,2018,"VAN",126,10,0,1,0.907924591,NA,16.284936,4.019354153,NA,NA,0.018180605,0.032782228,0.080775675,0.745749555,0.026292537,199.043656,782.1649044,5938.251386,5720.668877,1784.588675,NA,3.243970504,0,0.292663167,3.536633671,650.7028343,938.3138597,708.3208847,995.9319101,0,0.942923147,3,2,10,0,2,0,0,0.726224783861671,"Vancouver",6540.46761687502,1096.93241043628,NA,1965.56926939762,219.229281785143,138.778045279313,0.0289589435737621,861.486639037404,0.0200243557452009,NA,4.42696914792563,3.89529450579668,11.0141305777233,"VAN41",82
"509",0.480497721984227,0,1,0,0,1,4,68,0.123,1,1,1,1,1,1,0.75,1,1,0,0,0,0,1,1,1,1,1,1,1,1,1,0.25,1,1,0,0,0,0,0,0,1,0.75,1,0.75,1,1,1,1,266,0,0,0,0,1,1,0,0,0,0,0,1,1,0,0,0,0,1,1,0,0,1,1,3,2018,"VAN",103,5,0,1,0.959630621,NA,14.08501126,2.603782068,NA,NA,0.020107901,0.008434214,0.016951892,0.484716974,0.407755404,497.6950836,277.0911072,4106.971384,4192.960397,1108.534338,NA,0.808558032,0,8.98722e-05,0.808647904,461.7966642,733.0624815,490.7471225,762.0129398,0,0.982859999,0,0,6,0,0,0,0,0.671641791044776,"Vancouver",4279.74190706864,794.069012726929,NA,1155.16774240158,518.631932650678,107.332965149306,0.424908704533721,288.747671381362,0.0209537925947446,NA,2.71331698991293,0.842665799010597,6.25240573685278,"VAN42",110
"511",0.731884090044019,0,1,0,0,1,3,95,0.142,3,1,1,1,1,1,0.666666666666667,1,1,0,0,0,0,1,1,1,1,1,1,1,1,0,0,1,0.333333333333333,0,0,1,0.333333333333333,1,0.333333333333333,1,0.333333333333333,1,1,1,1,1,0.333333333333333,486,0,0,0,1,1,1,0,1,1,0,0,1,0,0,0,0,0,1,1,0,0,0,1,4,2018,"VAN",180,8,0,2,1.016531963,NA,23.45276362,2.608496371,NA,NA,0.017464067,0.017196189,0.026253319,0.955618367,NA,331.2821555,1212.371596,7910.956961,7657.191836,2210.440746,NA,1.165221299,0,0,1.165221299,1038.965165,1348.927631,1123.782269,1433.744736,0,1.637580535,6,0,13,0,0,0,0,0.777027027027027,"Vancouver",7782.30026102977,1410.42759911722,NA,2174.492122684,325.894480014496,177.072641640094,NA,1192.65467307298,0.0171800470970533,NA,2.56607412845316,1.1462711861624,12.7885796740068,"VAN43",40
"512",0.731884090044019,1,0,0,0,1,4,90,0.079,3,1,1,1,1,1,0.5,1,0.75,0,0,0,0,1,1,1,1,1,1,1,1,0,0,1,0.5,0,0,1,0.5,0,0,1,0.25,1,0.75,1,1,0,0,330,0,0,0,1,1,1,0,0,1,0,0,1,0,0,0,0,0,1,1,1,0,1,1,4,2018,"VAN",115,4,0,2,0.701928115,NA,16.37979284,1.564905963,NA,NA,0.048882406,0.000481583,0.026254352,0.626309776,NA,176.9002708,736.2185941,5174.445618,5186.903204,1534.821927,NA,0,0,0.154978747,0.154978747,619.5456656,825.000046,669.0358856,874.4902661,0,1.869893579,1,0,9,0,0,0,0,0.668224299065421,"Vancouver",7371.76002417285,1245.84020416393,NA,2186.57992777508,252.020494719748,163.834440511049,NA,1048.85183876699,0.0696401881551646,NA,2.22943906870008,0.220790054833464,12.8218257791255,"VAN44",124
"513",0.480497721984227,0,0,0,1,1,4,92,0.127,3,1,1,1,1,1,0.5,1,0.75,0,0,0,0.25,1,1,1,1,1,1,1,1,0,0,1,0.75,0,0,0,0,0,0,1,0.25,1,0.75,1,1,0,0,643,1,0,0,1,1,1,0,0,1,0,0,1,1,0,0,0,0,1,1,0,0,1,1,4,2018,"VAN",238,13,0,2,2.493321552,1.631997843,33.94049543,11.27118927,46.84368254,NA,0.028754381,0.128929793,0.703701787,1.204803995,0.385561289,411.0105672,1560.697732,10725.50557,10568.28607,4325.997752,NA,8.693880155,0,0.456675579,9.150555735,937.3006486,1271.133828,1038.00769,1371.840869,0,3.102720615,11,1,22,0,4,3,0,0.666666666666667,"Vancouver",4301.69368302962,550.20615688321,18.7876619854446,1735.03403463141,164.844589287054,95.4549964921653,0.15463761129836,625.951245938615,0.011532560241552,NA,4.52055181609404,3.6700263259907,8.8235711043178,"VAN45",76
"514",0.731884090044019,0,1,0,0,1,4,76,0.187,2,1,1,1,1,0,0,1,0.75,0,0,0,0,1,0.5,1,0.5,1,0.5,1,0.75,0,0,1,0.75,1,0.25,0,0,0,0,1,0.75,1,0.75,0,0.25,0,0,631,1,0,1,1,1,1,1,1,0,0,0,0,1,0,0,0,0,1,1,0,0,1,1,4,2018,"VAN",206,6,0,1,1.26912317,NA,26.37405797,3.668070204,NA,NA,0.010528487,0.045912576,0.096423725,1.116258438,NA,740.4281143,722.9325844,10235.5538,10025.00872,2669.728823,NA,2.352322889,0,0.87331271,3.225635599,1027.88734,1599.429887,1132.51991,1704.062457,0,0.442529214,0,0,10,0,3,2,0,0.622710622710623,"Vancouver",8065.05943784794,1342.70849140671,NA,2103.60104212738,583.417064476098,162.316790733558,NA,569.631538915171,0.00829587485980577,NA,2.89023972669256,2.54162533255145,7.87945586085234,"VAN46",53
"515",0.480497721984227,1,0,0,0,1,3,62,0.15,1,0,0.666666666666667,1,1,0,0,1,0.666666666666667,0,0,0,0,1,0.666666666666667,1,0.666666666666667,1,0.666666666666667,1,0.666666666666667,1,0.333333333333333,1,0.333333333333333,0,0,0,0,0,0,0,0,1,1,1,1,1,1,352,1,0,0,1,1,1,0,1,0,0,0,0,0,0,0,0,0,1,1,0,0,1,1,3,2018,"VAN",203,5,0,1,2.185674629,NA,26.9987418,4.078774396,NA,NA,0.097727377,0.030899918,0.51975439,0.917735901,0.596990054,368.787366,465.8540257,6958.458194,6514.66503,2030.396164,NA,4.492113656,0,1.055160654,5.54727431,551.8637023,882.2228154,614.3725557,944.7316688,0,1.654662148,5,0,7,0,2,0,0,0.396825396825397,"Vancouver",3183.66608719966,432.23801761941,NA,928.956276044141,168.72930723853,92.877502125226,0.273137660143467,213.139695871906,0.0447126830788683,NA,1.86613979129462,2.5380146872721,3.20267248707676,"VAN48",90
"516",0.59793070477151,0,1,0,1,1,4,67,0.161,2,1,1,1,1,1,0.5,1,1,0,0,0,0,1,0.75,1,0.75,1,0.75,1,0.75,0,0,1,0.75,0,0,1,0.25,0,0,1,0.25,0,0.25,0,0.25,0,0,483,1,0,1,1,1,1,1,0,1,0,0,1,0,0,0,0,0,1,1,0,0,1,1,3,2018,"VAN",176,6,0,3,0.983281825,NA,22.00779861,3.90375817,NA,NA,0.088058239,0.013296534,0.028724354,0.85320273,NA,575.1049744,268.6489924,6014.218232,5938.192572,1350.443781,0.124563436,1.765161016,0,0.189399895,1.954560911,580.1112087,903.203966,623.9142983,947.0070557,0,1.218471853,1,0,7,0,2,0,0,0.349397590361446,"Vancouver",6116.47452346635,963.108471673419,NA,1373.40459943923,584.883153311615,178.99242671347,NA,273.216676612527,0.0895554425609362,NA,3.9701315235843,1.98779318533626,7.11901697155848,"VAN49",73
"517",0.731884090044019,1,1,0,0,1,4,86,0.215,4,1,1,1,1,1,0.75,1,0.75,0,0.25,0,0.25,1,1,1,1,1,1,1,1,0,0,1,0.75,0,0,0,0,0,0,1,0.75,1,0.75,1,1,0,0,195,0,0,0,1,1,0,0,0,0,0,0,1,1,0,0,0,0,0,1,0,0,0,1,3,2018,"VAN",181,6,0,1,0.923889443,2.010700142,17.55477115,6.953720883,26.51919218,NA,0.009474991,0.064461265,0.06944915,0.780503597,4.24469e-07,89.97245317,730.7623436,4622.01475,4225.607889,1087.152835,NA,2.814160689,0,0.050528744,2.864689432,482.3406298,669.6284202,522.9329608,710.2207512,0,1.187275841,3,0,7,0,4,0,0,0.607407407407407,"Vancouver",5002.77905004701,768.729155399603,28.7038588663687,1176.71312648607,97.3844369060509,195.910886709851,4.59437006468749e-07,790.962976291959,0.010255546344629,NA,7.52657250895765,3.1006842363064,7.5766641269003,"VAN50",57
"518",0.59793070477151,0,1,0,0,1,4,67,0.099,1,1,1,1,1,1,1,1,1,0,0,0,0,1,0.5,1,0.5,1,0.5,1,0.75,1,0.5,1,0.25,0,0,0,0,0,0,1,0.25,1,0.75,0,0.25,1,0.5,491,1,0,0,1,1,1,0,0,1,0,0,1,1,0,0,0,0,1,1,0,0,1,1,4,2018,"VAN",178,10,0,1,1.098302272,NA,25.07328437,2.875484236,NA,NA,0.023370979,0.071647778,0.002032138,1.001251369,NA,686.7222927,507.4709295,7967.689672,7827.533139,1878.148506,NA,3.093310232,0,0,3.093310232,856.3131842,1301.279715,925.4669313,1370.433463,0,1.224667868,5,0,19,0,0,0,0,0.436507936507937,"Vancouver",7254.55084190156,1247.77440413052,NA,1710.04700061296,625.258009754896,162.068316289525,NA,462.050332078344,0.0212791866099317,NA,2.61811735194152,2.81644708461461,17.2994270196684,"VAN53",132
"520",0.480497721984227,1,1,0,0,1,1,75,0.201,2,1,1,1,1,1,1,1,1,0,0,0,0,0,0,0,0,0,0,1,1,0,0,1,1,0,0,0,0,0,0,0,0,1,1,0,0,0,0,349,1,0,1,0,1,1,0,0,1,0,0,1,1,0,0,0,0,1,1,1,1,1,1,3,2018,"VAN",195,4,0,1,1.73205295,NA,24.17013229,4.727989208,NA,0.104600599,0.007500903,0.031548307,0.490363828,1.087201408,0.004834846,449.0905638,390.2568192,8206.430986,8111.176413,1263.482147,NA,0.843334326,0,1.183652365,2.026986691,946.8566538,1434.361293,1004.726858,1492.231497,0,1.485656468,1,4,8,0,8,0,0,0.587677725118483,"Vancouver",4737.97927828938,861.539190819773,NA,729.470855380028,259.282237185647,112.583163234126,0.00279139618681981,225.3146009191,0.00433064300949922,0.0603911092902789,2.72970246550488,1.17027986413464,4.61879644037441,"VAN56",146
"523",0.731884090044019,0,1,0,0,1,4,68,0.233,2,0,0.75,1,1,0,0,1,0.75,0,0,0,0,1,1,1,1,1,1,1,1,1,0.25,1,0.75,1,0.5,1,0.25,0,0,1,0.25,1,0.5,1,1,1,0.25,408,1,0,1,1,1,1,0,0,1,0,0,1,1,0,0,0,0,1,1,0,0,1,1,3,2018,"VAN",217,5,0,1,1.330284894,NA,28.81931133,6.150216769,NA,0.016942904,0.021045281,0.02695866,0.05323658,1.212101468,NA,391.9555693,1195.771934,7295.903802,7157.397676,1798.651096,NA,1.835466325,0,0,1.835466325,929.5245125,1364.80384,982.9343182,1418.213646,0,0.748443155,6,0,7,0,2,1,0,0.616438356164384,"Vancouver",5484.46715053806,1066.0976850873,NA,1352.07962152504,294.6403218347,163.122952819158,NA,898.884095725137,0.0158201307817001,0.0127362973724033,4.62323281030958,1.37975431674713,5.26203073610186,"VAN57",182
"524",0.731884090044019,1,1,0,1,1,4,75,0.136,1,0,0.75,1,1,1,0.75,1,1,0,0,0,0,1,1,1,1,1,1,1,1,0,0,1,1,0,0,1,0.25,0,0,1,0.75,1,0.75,1,0.5,0,0,143,0,0,0,0,1,0,0,0,0,0,0,1,0,0,0,0,0,1,1,0,0,1,1,2,2018,"VAN",179,9,0,1,0.896497698,0.571725265,20.41712388,2.78079651,23.76964566,NA,0.023878795,0.021120522,0.071483384,0.779987405,2.75949e-05,125.2018863,703.0942477,4838.927832,4778.748213,1219.994589,NA,2.097743152,0,0,2.097743152,552.0464602,750.9176206,618.0294186,816.9005791,0,2.502761235,5,1,5,0,0,0,0,0.669724770642202,"Vancouver",5397.5909171827,911.213247867146,26.5138948075693,1360.84519985014,139.656673496556,199.665878004296,3.07807817706187e-05,784.267766965309,0.0266356456388804,NA,3.10184456268397,2.33993144285798,5.57725916213117,"VAN60",141
"525",0.480497721984227,1,1,0,0,1,4,56,0.083,1,0,0.25,1,1,0,0,1,1,0,0,0,0,1,1,1,1,1,1,1,1,0,0,1,0.5,0,0,0,0,0,0,0,0,1,0.75,0,0.25,0,0,264,0,0,0,1,1,0,0,0,1,0,0,1,0,0,0,0,0,1,1,1,0,1,1,1,2018,"VAN",199,7,0,1,2.291984715,NA,24.24585046,7.357707058,NA,NA,0.018774099,0.048933255,0.775251103,1.3716602,NA,287.0029998,542.7048665,4867.507653,4498.9318,739.7515554,NA,4.484322072,0,2.408990178,6.89331225,528.5329333,852.6268209,561.8447462,885.9386338,0,1.276234211,7,0,6,0,5,1,0,0.372549019607843,"Vancouver",2123.70860117189,386.537758302633,NA,322.755885132506,125.220293975652,86.8243137476595,NA,236.783807042099,0.00819119729600815,NA,3.21019028174453,3.00757339474666,2.61781850495456,"VAN61",64
"526",0.59793070477151,0,1,0,1,1,4,65,0.099,1,1,1,1,1,1,0.5,1,1,0,0,0,0,1,0.5,1,0.5,1,0.5,1,0.75,0,0,1,0.5,1,0.25,0,0,0,0,1,0.75,1,0.5,1,1,1,1,420,1,0,1,0,1,1,0,0,1,0,0,1,1,0,0,1,1,1,1,0,0,1,1,3,2018,"VAN",175,5,0,1,0.915494565,NA,18.99975461,4.08350908,NA,NA,0.074817872,0.008074705,0.102256252,0.727542642,0.002803081,312.3330383,413.6725847,5289.114535,5274.753688,1379.156871,NA,0,0,0.727282534,0.727282534,483.47047,712.587078,527.989787,757.1063949,0,1.085513813,0,0,5,0,2,1,0,0.525896414342629,"Vancouver",5777.33034930688,826.991687165287,NA,1506.46101432617,341.163181345593,191.153510561802,0.0030618215630805,451.856953077597,0.0817239936317918,NA,4.46044054887426,0.79441491168219,5.46152887319435,"VAN62",183
"527",0.59793070477151,1,1,0,1,1,4,56,0.139,1,1,1,1,1,1,0.5,1,1,0,0,0,0,1,0.75,1,0.75,1,0.75,1,1,0,0,1,0.75,0,0,1,0.25,0,0,1,0.5,1,0.75,1,1,1,1,495,1,0,0,0,1,1,0,0,1,0,0,1,0,0,0,0,0,1,1,0,1,1,1,4,2018,"VAN",184,6,0,2,1.035609111,NA,19.95968803,4.467723513,NA,NA,0.034878709,0.033451483,0.153114954,0.814144161,NA,569.4174108,355.9507813,5827.057293,5620.584593,1241.787929,NA,1.672412035,0,0.698587821,2.370999856,618.3944589,984.5910539,668.9754266,1035.172022,0,1.194671768,1,0,9,0,2,0,0,0.584,"Vancouver",5626.6956625877,999.577940175152,NA,1199.0894207187,549.838162634705,177.673214773407,NA,343.711519644983,0.0336794149737835,NA,4.3141021699644,2.28947373175437,8.69053767913403,"VAN63",181
"529",0.731884090044019,0,0,0,0,1,4,94,0.192,4,1,1,1,1,1,0.5,1,1,0,0,0,0,1,1,1,1,1,1,1,1,0,0,1,1,0,0,0,0,0,0,0,0,1,1,1,1,0,0,279,0,0,0,1,1,1,0,1,1,0,0,1,0,0,0,0,0,1,1,0,0,1,1,4,2018,"VAN",172,13,0,1,1.111989456,NA,23.92916721,4.513351916,NA,NA,0.02262291,0.008574177,0.072803587,1.007988788,NA,398.6852983,1563.829798,8274.231006,7873.873719,3192.005735,NA,3.762874544,0,0.177728939,3.940603483,795.9750392,1107.528341,875.3019929,1186.855295,0,1.508568626,4,0,9,0,5,0,0,0.691176470588235,"Vancouver",7440.92577618829,1067.32603317059,NA,2870.5359729598,358.533344132716,154.677725649226,NA,1406.33509568098,0.020344536432367,NA,4.05880819431079,3.54374176997592,8.09360192350601,"VAN64",136
"530",0.59793070477151,0,0,0,0,1,3,64,0.152,2,0,0.666666666666667,1,1,0,0,1,1,0,0,0,0,1,0.666666666666667,1,0.666666666666667,1,0.666666666666667,1,0.666666666666667,0,0,1,0.666666666666667,0,0,0,0,0,0,0,0,1,0.666666666666667,0,0.333333333333333,0,0,229,0,0,0,1,1,0,0,0,0,0,0,1,0,0,0,0,0,1,1,0,0,0,1,3,2018,"VAN",174,4,0,1,1.105106473,NA,21.49730978,2.763044997,NA,NA,0.000385418,0.039029203,0.219702026,0.81716637,NA,153.2884373,538.4056148,5432.970921,5326.698601,1322.882532,NA,3.441529601,0,0.488977641,3.930507242,550.8148301,757.1698269,606.2899211,812.6449179,0,1.08460033,2,0,10,0,3,0,0,0.56140350877193,"Vancouver",4916.24205788178,735.354409511272,NA,1197.06341815989,138.709202276114,157.450892064407,NA,487.197955992789,0.000348760965044135,NA,2.50025229650428,3.55667742252017,9.04890184278199,"VAN65",105
"533",0.480497721984227,1,1,0,0,1,4,50,0.129,1,1,1,1,1,1,1,1,1,0,0,0,0,1,0.75,1,0.75,1,0.75,1,1,0,0,1,0.75,0,0,0,0,0,0,1,0.5,1,0.75,1,0.75,1,0.25,419,1,1,1,1,1,0,0,0,0,0,0,1,0,0,0,0,0,1,1,0,0,1,1,2,2018,"VAN",343,14,0,1,3.003442623,NA,53.83453762,8.697645751,NA,1.25774e-05,0.037060581,0.087813875,0.187760933,2.686254499,0.004540247,838.17336,2023.911672,12071.1227,11969.92441,4251.245822,NA,6.467308867,0,0.565625478,7.032934345,1011.934038,1617.218002,1084.723994,1690.007958,0,2.380742118,6,0,8,0,5,1,0,0.494545454545455,"Vancouver",4019.0954898092,562.690275838174,NA,1415.45764498528,279.070874729342,114.202281532981,0.00151168095079671,673.863937503294,0.0123393670703727,4.18766115379857e-06,2.89589209542226,2.34162433839842,2.66361006490917,"VAN66",104
"534",0.59793070477151,0,0,0,0,1,4,64,0.14,1,0,0.75,1,1,0,0,1,0.75,0,0,0,0,1,1,1,1,1,1,1,1,0,0,1,0.75,0,0,0,0,0,0,1,0.25,1,0.75,1,1,1,1,334,0,0,0,0,1,1,0,0,1,0,0,1,1,0,0,0,0,1,1,0,0,0,0,3,2018,"VAN",135,6,0,1,1.005445909,1.342301041,18.04176715,4.641182405,24.0252506,NA,0.010680256,0.077784606,0.156255465,0.759270741,0.001454849,246.4170031,409.8593742,4905.73932,4930.630357,948.8946058,NA,0,0,0,0,504.9411881,751.4087965,530.159553,776.6271615,0,0.286138152,1,0,4,0,0,0,0,0.573770491803279,"Vancouver",4879.16781607791,772.420629044501,23.8951199512017,943.755001941134,245.082307157709,134.268784418516,0.00144696893883329,407.639407084205,0.0106224073362857,NA,4.61604385025152,0,3.97833435314122,"VAN67",81
"535",0.480497721984227,1,1,0,1,1,5,77,0.26,2,0,0.8,1,1,1,0.8,1,1,0,0,0,0,1,1,1,1,1,1,1,1,0,0,1,1,0,0,0,0,0,0,1,0.8,0,0.4,1,0.6,0,0,481,1,0,0,1,1,1,1,0,0,0,0,0,0,0,0,0,0,1,1,0,0,1,1,3,2018,"VAN",297,15,0,2,2.33971029,NA,46.41198294,5.406999863,NA,NA,0.061244497,0.018322715,0.134437092,2.1257058,NA,547.5813253,1260.168207,8947.357371,9531.651039,2056.8394,NA,4.853244159,0,0.013354755,4.866598914,838.0855755,1431.720466,885.8209593,1479.45585,0,2.021779329,9,0,4,0,4,1,0,0.390977443609023,"Vancouver",3824.13045292031,632.324376365417,NA,879.100035927952,234.038089091791,126.938792922093,NA,538.600104630903,0.0261761027686894,NA,2.31096981797691,2.08000064572097,1.70961337268812,"VAN68",41
"536",0.480497721984227,1,1,0,0,1,4,88,0.15,3,1,1,1,1,0,0.25,1,1,0,0,0,0,1,1,1,1,1,1,1,1,1,0.25,1,1,0,0,0,0,0,0,1,0.5,1,0.75,1,0.75,0,0,305,1,0,0,1,1,1,1,1,1,0,0,1,1,0,0,0,0,1,1,1,0,1,1,3,2018,"VAN",147,4,0,2,1.274523953,NA,23.81169656,2.767493697,NA,NA,0.048743623,0.024414019,0.057310138,1.144056013,NA,317.1228662,793.6751172,4999.744955,5277.1036,1526.897958,NA,4.347946635,0,0.446394313,4.794340948,445.1319468,768.4877019,458.6857988,782.0415539,0,0.800633282,7,0,5,0,4,0,0,0.468208092485549,"Vancouver",3922.83326118077,613.595022721397,NA,1198.01432872717,248.816717374004,115.337181112986,NA,622.722794131747,0.0382445719323409,NA,2.1713940255778,3.76167190637334,3.92303337119,"VAN69",150
"537",0.731884090044019,1,1,0,0,1,4,94,0.126,3,1,1,1,1,0,0.25,1,1,0,0,0,0,1,0.75,1,0.75,1,0.75,1,1,0,0,1,0.5,0,0,0,0,0,0,1,0.25,1,0.5,1,0.5,1,0.5,135,0,0,0,1,1,1,0,0,1,0,0,1,1,0,0,0,0,1,1,0,0,1,1,4,2018,"VAN",126,12,0,2,0.898756881,NA,15.66645515,3.85661876,NA,NA,0.012318733,0.017013016,0.034382188,0.694976316,0.140066627,286.9329468,906.729584,7383.503719,6931.020503,3422.849145,NA,2.069130458,0,0.592966988,2.662097446,574.5795528,756.8387413,657.4475887,839.7067772,0,1.206234905,3,0,22,0,3,1,0,0.745454545454545,"Vancouver",8215.24026696158,934.298023138028,NA,3808.42607979988,319.255354663593,140.193641532743,0.155844845209035,1008.87081163833,0.013706413002695,NA,4.29105895212612,2.96197726245837,24.4782548707964,"VAN70",144
"538",0.59793070477151,0,1,0,0,0,5,74,0.109,1,0,0.8,1,1,0,0,0,0.4,0,0,0,0,0,0,0,0,0,0,1,0.6,0,0,1,0.4,1,0.2,0,0,0,0,0,0.2,0,0.4,0,0.4,1,0.4,430,1,0,1,0,1,0,0,1,0,0,0,0,1,0,0,0,0,1,1,0,0,1,1,3,2018,"VAN",231,7,0,2,1.350353299,NA,28.96907838,6.871699772,NA,NA,0.025424418,0.065469569,0.139596855,1.114006211,0.005856256,365.0729822,576.989891,7417.984066,7256.741291,1575.222032,NA,0,0,2.309732985,2.309732985,733.7562852,1118.352783,795.7343817,1180.33088,0,0.940300492,0,0,7,0,2,1,0,0.590551181102362,"Vancouver",5493.36538185478,874.090418317999,NA,1166.52585154309,270.353678900443,171.066342542405,0.00433683244550654,427.288096698314,0.0188279748854081,NA,5.08881622097626,1.71046568828355,5.18382856189105,"VAN71",130
"539",0.731884090044019,0,1,0,0,1,3,77,0.152,1,1,1,1,1,0,0,1,1,0,0.333333333333333,0,0.333333333333333,1,1,1,1,1,1,1,1,1,0.666666666666667,1,0.666666666666667,0,0,0,0,0,0,0,0,1,0.666666666666667,1,1,1,1,385,1,0,0,1,1,1,1,0,1,0,0,1,1,0,0,0,0,1,1,0,0,0,1,4,2018,"VAN",196,7,0,3,1.406995367,NA,25.77071268,4.496260686,NA,NA,0.067875157,0.025363596,0.281903359,1.030390473,NA,507.1852703,980.3636194,9376.045564,9098.366361,2633.179164,NA,3.743219011,0,0,3.743219011,1139.068643,1680.409145,1240.804841,1782.145343,0,1.886406143,6,0,13,0,1,0,0,0.692307692307692,"Vancouver",6663.87806520759,1266.63199097798,NA,1871.49099830689,360.474015903423,139.303941290092,NA,696.77814326449,0.0482412086009378,NA,3.1956471154464,2.6604344966546,9.23954712638368,"VAN72",42
"540",0.480497721984227,1,1,0,0,1,2,51,0.173,2,0,0.5,1,1,1,0.5,1,1,0,0,0,0,1,0.5,1,0.5,1,0.5,1,1,0,0,1,1,0,0,1,1,1,0.5,0,0,1,1,1,1,1,1,379,0,0,0,1,1,0,0,0,0,0,0,0,1,0,0,0,0,1,1,0,0,1,1,3,2018,"VAN",216,7,0,4,2.029115316,NA,40.74749703,5.154186626,NA,NA,0.149589821,0.034586051,0.207176669,1.63776244,NA,605.079855,1649.926162,8672.965204,8661.817524,1521.233905,NA,1.91549655,0,0.506872198,2.422368748,1152.357463,1887.974817,1185.83982,1921.457174,0,1.58835716,2,0,6,0,3,0,0,0.601851851851852,"Vancouver",4274.25939551678,946.943310145514,NA,749.703032156306,298.198850616729,106.450332465974,NA,813.125872635225,0.0737216952730349,NA,2.54011518485823,1.1938053637953,2.95695367961039,"VAN73",81
"541",0.480497721984227,0,0,0,1,1,6,67,0.3,2,0,0.833333333333333,1,1,0,0,0,0.333333333333333,0,0,0,0,0,0.333333333333333,0,0.333333333333333,0,0.333333333333333,0,0.333333333333333,0,0,0,0,0,0,0,0.166666666666667,0,0,1,0.5,1,0.5,1,1,1,1,211,0,0,0,1,1,1,0,0,1,0,0,1,0,0,0,0,0,1,1,0,0,1,1,3,2018,"VAN",121,8,0,1,1.416420849,1.923018565,15.20067918,8.822154053,25.94585179,NA,0.017828058,0.090633135,0.047036105,0.501489062,0.759434476,208.4902741,311.54874,4980.695718,4833.706687,1293.312298,NA,1.500746023,0,0.240940078,1.741686101,555.5814624,886.821916,606.4229029,937.6633565,0,1.01435128,0,1,1,0,2,0,0,0.538461538461538,"Vancouver",3516.39537183909,661.994884614975,18.3178974019748,913.084764964512,147.195146306407,85.4265877866925,0.536164429192188,219.954923863169,0.0125866955520929,NA,6.22848361715975,1.22963884796644,0.70600485774126,"VAN74",89
"542",0.480497721984227,0,0,0,1,1,4,52,0.172,2,1,1,1,1,1,0.5,1,1,0,0,0,0.25,1,0.75,1,0.75,1,0.75,1,0.75,0,0,1,0.5,0,0,1,0.5,0,0,0,0,1,0.5,1,0.75,0,0,483,1,0,0,1,1,1,1,0,1,0,0,1,0,0,0,0,0,1,1,0,0,1,1,3,2018,"VAN",250,7,0,2,1.804928158,NA,37.40732292,6.513719266,NA,0.008640694,0.076749477,0.058764815,0.143894058,1.495050694,0.021828368,484.3659297,637.0487907,6430.879077,6703.34485,807.1885207,NA,4.21010415,0,1.475237593,5.685341743,698.4062738,1162.498607,717.722992,1181.815325,0,2.182117135,0,0,3,0,4,0,0,0.45,"Vancouver",3562.95570463365,654.771393399692,NA,447.213656190298,268.357456529857,138.509668039652,0.0120937600221094,352.949666099674,0.0425221783259475,0.00478727863028884,3.60885237294857,3.14989919005962,1.66211601647582,"VAN75",86
"544",0.480497721984227,0,1,0,1,1,4,59,0.198,2,0,0.5,1,1,1,0.5,1,1,0,0,0,0,1,0.75,1,0.75,1,0.75,1,0.75,0,0,1,0.75,0,0,1,0.25,0,0,0,0,1,0.75,1,0.5,0,0,211,0,0,0,0,1,0,0,1,0,0,0,1,0,0,0,0,0,1,1,0,0,1,1,3,2018,"VAN",246,7,0,1,1.885561064,NA,34.21705576,5.974666908,NA,NA,0.038880266,0.074184245,0.266511662,1.49943682,NA,327.7056952,408.6280749,5373.170632,5324.743124,388.5756756,NA,1.697973083,0,0.000519026,1.698492109,494.2332817,834.3272281,529.352498,869.4464443,0,0.922885602,1,0,2,0,1,0,0,0.518072289156627,"Vancouver",2849.64021297801,461.10755090348,NA,206.079603052304,173.797444939179,130.465146261633,NA,216.714315278203,0.0206199983348829,NA,3.16864143096243,0.900788704979326,1.06069224602954,"VAN76",95
"545",0.59793070477151,0,1,0,0,1,4,65,0.112,1,1,1,1,1,0,0.25,1,0.75,0,0,0,0,1,0.5,1,0.5,1,0.5,1,0.75,0,0,1,0.25,0,0,0,0,0,0,1,0.25,1,0.5,1,0.5,1,0.5,223,0,0,0,1,1,0,0,0,1,0,0,1,0,0,0,0,0,1,1,0,0,1,1,4,2018,"VAN",131,9,0,2,0.764575586,NA,15.79686638,3.276391905,NA,NA,0.007073141,0.037026389,0.047238804,0.579510099,0.093727206,939.6906399,324.3223077,10705.86378,10795.06218,4144.333216,NA,0.986713127,0,0.084136369,1.070849497,1073.773837,1473.807932,1180.636442,1580.670536,0,1.316141778,1,1,17,0,3,0,0,0.612903225806452,"Vancouver",14002.3615402232,2067.38295721621,NA,5420.43624186556,1229.03563376401,171.336885977942,0.12258723364468,424.186063011434,0.0092510683436863,NA,4.28524264309951,1.40058029135134,22.2345577223283,"VAN88",86
"546",0.480497721984227,0,1,0,0,1,2,15,0.209,2,1,1,1,1,1,0.5,1,1,0,0,0,0,0,0,0,0,0,0,1,1,0,0,1,0.5,1,0.5,1,1,0,0,0,0,1,1,1,0.5,1,0.5,359,1,1,0,0,1,1,0,1,0,0,0,0,0,0,0,0,0,0,1,0,0,0,0,1,2018,"VAN",211,2,0,1,7.986087985,NA,19.69136855,21.9447654,NA,NA,1.67121516,0.315841772,5.370188743,0.420121491,0.198611496,1210.085435,43.84481979,9477.031982,4810.688451,3160.148219,NA,1.805670866,0,0,1.805670866,1263.692603,1886.824676,1343.068609,1966.200682,0,0.529548022,1,2,1,0,2,0,0,0.382222222222222,"Vancouver",1186.69265850819,246.203233134051,NA,395.706662002172,151.52418020849,26.4209460747633,0.0248696854295927,5.49014985464125,0.209265808633587,NA,2.74787423344422,0.226102050139133,0.125217753908831,"VAN90",76
"547",0.59793070477151,0,0,0,0,1,4,97,0.16,4,1,1,1,1,0,0,1,0.75,1,0.5,0,0.5,1,1,1,1,1,1,1,0.75,0,0,1,0.75,0,0,0,0,0,0,1,0.25,1,0.75,1,1,1,1,218,1,0,0,1,1,1,0,0,0,0,1,1,1,0,0,0,0,1,1,0,0,1,1,5,2018,"VAN",153,10,0,1,1.210536271,NA,16.03320365,6.405947197,NA,NA,0.01195579,0.075199446,0.076820599,0.526767379,0.519793041,433.0832037,533.873701,8291.96364,7206.713197,4877.694853,8.63904e-05,4.309243432,0,0.454142266,4.763385698,465.679935,610.012994,555.2004177,699.5334767,0,0.823603783,7,0,18,0,2,0,0,0.608,"Vancouver",6849.8266748754,577.870728418678,NA,4029.36695896822,357.761443481771,126.390264930773,0.429390720007596,441.022473914786,0.00987644095135089,NA,5.2918259043227,3.93493843357957,14.8694429330321,"VAN93",35
"548",0.731884090044019,1,1,0,1,1,12,97,0.158,4,0,0.916666666666667,0,0.916666666666667,1,0.583333333333333,1,0.666666666666667,0,0,0,0,0,0.333333333333333,0,0.333333333333333,0,0.333333333333333,1,0.5,0,0,1,0.5,0,0,0,0.166666666666667,1,0.25,1,0.25,0,0.333333333333333,0,0.25,0,0,193,1,0,0,0,0,1,0,1,1,0,0,1,1,0,0,0,0,0,0,0,0,0,0,4,2018,"VAN",109,7,0,2,0.563131931,NA,11.62493323,2.784818506,NA,NA,0.018162364,0.004479157,0.049731733,0.489110783,0.001647875,159.6450451,885.828332,4747.552945,4375.22681,2189.53235,NA,1.144161581,0,0,1.144161581,479.673511,621.5556974,526.9306283,668.8128147,0,0.503833081,6,0,16,0,1,0,0,0.538461538461538,"Vancouver",8430.62288542114,1187.66629608862,NA,3888.13389805807,283.494925987424,193.560325741855,0.00292626808974183,1573.03872012188,0.032252413688827,NA,4.94523281792025,2.03178246164841,28.4125248795384,"VAN95",124
"549",0.59793070477151,0,1,0,1,1,3,84,0.093,3,1,1,1,1,1,0.666666666666667,1,1,0,0,0,0,0,0.333333333333333,0,0.333333333333333,0,0.333333333333333,0,0.333333333333333,0,0,0,0,0,0,1,0.666666666666667,0,0,0,0,0,0.333333333333333,1,1,1,1,278,0,1,0,0,1,0,0,0,1,0,1,1,0,0,0,0,0,1,1,0,0,0,1,5,2018,"VAN",164,21,0,1,1.080839773,NA,17.76295739,8.478143867,NA,0.016740081,0.029092677,0.052194934,0.123710926,0.793951969,0.009172233,340.8312213,114.9027699,10395.83278,9419.576372,4907.898216,0.774600965,6.654985752,0,0.228288128,6.88327388,770.3769179,1001.460096,893.912507,1124.995685,0,0.326335291,3,1,12,0,9,0,0,0.688888888888889,"Vancouver",9618.29222026603,1040.85333747244,NA,4540.81940598609,315.339266572308,151.733868512997,0.00848620973166205,106.308791340157,0.0269167343085921,0.0154880320082374,7.84403394359545,6.36844984052969,11.1024781838779,"VAN97",61
"550",0.731884090044019,0,1,0,0,1,4,91,0.23,4,1,1,1,1,1,0.75,1,1,0,0,0,0,1,0.5,1,0.5,1,0.5,1,0.5,0,0,1,0.75,0,0,1,0.25,1,0.25,1,0.75,1,0.75,1,0.5,1,0.5,189,1,0,0,0,1,1,0,0,0,0,0,0,1,0,0,0,0,0,1,0,0,0,1,4,2018,"VAN",69,9,0,1,0.528017377,NA,8.681793448,3.60270142,NA,NA,0.026921825,0.017969482,0.082089794,0.400994361,NA,215.5698053,767.9491772,4406.336717,4384.792297,1693.171639,NA,2.415374682,0,0,2.415374682,434.8604526,577.3594931,482.2771628,624.7762033,0,1.611219686,6,0,7,0,0,1,0,0.74390243902439,"Vancouver",8345.06004714311,1183.24932192525,NA,3206.65893349946,408.26271007365,130.677517456021,NA,1454.40133346218,0.0509866269041369,NA,6.82307358986786,4.57442271260705,13.2571394520601,"VAN98",196
"552",0.731884090044019,1,1,0,0,1,4,84,0.09,3,1,1,1,1,1,0.5,1,0.75,0,0,0,0,1,0.75,1,0.75,1,0.75,1,1,1,0.5,1,0.75,0,0,1,0.75,0,0,0,0,1,0.75,1,1,0,0,309,1,0,0,0,1,0,0,0,1,0,1,1,0,0,0,0,0,1,1,0,0,0,1,5,2018,"VAN",307,25,0,1,1.865547823,NA,36.36228502,9.660635738,NA,NA,0.113193415,0.014274569,0.034134448,1.247431001,0.453854932,644.9986877,2074.525682,16314.06741,11158.80172,8252.592631,0.415514078,7.566932776,0,3.175334657,10.74226743,1214.121787,1461.297525,1446.160577,1693.336316,0,0.558527336,15,5,43,0,4,1,0,0.668449197860963,"Vancouver",8744.92050477979,907.688505822882,NA,4423.68323623511,345.742242438349,164.562921526349,0.2432823894432,1112.01956681225,0.060675697296236,NA,5.17844443272683,5.75823749869102,23.0495297251889,"VAN99",125
