Schoolid	Entropie1000m	City	SUMIntersection	NbrSchools	PropIntersectionKm	SUMOnewaykm	PropOneWayKm	NbrCrossingGuard	PropCrossingGuardKm	NbrTrafSignals	Pop2016	Pop2011	Highwaykm	MajorRoadkm	MinorRoadkm	roadcovkm	ShapeAreakm	ISPH1116	OPDbPC60Less	STDMulti	SumParkkm	SumReskm	SumComkm	SumIndkm	SumOpenAreakm	SumGouvkm	CHASEYEAR	BikeClass01	BikeClass02	BikeClass03	BikeClassAll	AG112	AG117	AG012	AG017	NbrRaisedCrosswalk	SpeedHumpkm	NbrTrafficCircles	NbrMidBlockNarrowings	NbrCurbExtension	NbrDiverter	NbrCrosswalk	NbrFlashingCrosswalk	NbrSpeedActivatedSign
"VAN99"	0.308248657	"VAN"	290.0	1.0	6.7					25.0	15704.68755	14252.61588	0.0	6.610369554	36.45104746	43.06141701	1.677191679	503.3271335	2565.968313	7241.120899	0.031564048	1.418944451	0.01096884	0.050590367	0.006774191	0.158349781	2018.0	4.619009751	0.0	1.283334211	5.902343963	1442.248853	1842.089555	1639.378508	2039.21921	0.0	1.015346517	19.0	1.0	38.0	0.0	4.0	1.0	0.0
"VAN98"	0.502405724	"VAN"	111.0	1.0	4.7					6.0	3662.338933	3525.694756	0.0	4.357581119	19.42073972	23.77832084	1.315580041	188.712227	549.4536567	760.6731639	0.377399939	0.774289571			0.016442302	0.145085573	2018.0	1.321276963	0.0	2.755371835	4.076648797	405.3486391	649.5750587	427.6690679	671.8954875	0.0	0.850071569	1.0	0.0	7.0	0.0	8.0	0.0	0.0
"CAL100"	0.476022834	"CAL"	95.0	3.0	5.2	0.483	2.64			8.0	5173.660389	4917.307744	0.0	3.604641568	14.68879583	18.2934374	1.225714511	467.4205565	42.52072254	347.9880314	0.173247916	0.886721346		0.067091556	0.038123606	0.060530087	2018.0	0.0	2.026068931	0.0	2.026068931	771.5091217	1056.175918	842.1688271	1126.835624	0.0		0.0	0.0	0.0	0.0	3.0	5.0	0.0
"TOR189"	0.470353515	"TOR"	275.0	5.0	8.8	8.843	28.43	11.0	0.354	28.0	18343.59781	17346.6138	0.0	8.071417812	23.02991598	31.10133379	1.51103481	787.1208499	3714.289207	6959.551446	0.300452385	1.041090817		0.003198598	0.039690142	0.11786671	2018.0	2.283975503	1.98512805	1.248622893	5.517726445	1827.018405	2659.068075	1992.336495	2824.386166	0.0	4.729900601	0.0	2.0	4.0	0.0	6.0	8.0	0.0
"VAN97"	0.372107752	"VAN"	167.0	2.0	6.1					23.0	10110.38079	9780.975762	0.0	7.18547135	20.04502285	27.2304942	1.190527662	441.5307013	1337.423753	4362.188352	0.088851755	0.970313833		0.050519192	0.041549952	0.039250908	2018.0	4.61846093	0.0	0.885630156	5.504091086	906.9885043	1209.47576	1012.936629	1315.423884	0.0	2.452186196	8.0	0.0	29.0	0.0	2.0	2.0	0.0
"CAL103"	0.449740751	"CAL"	67.0	2.0	4.5	0.106	0.71			3.0	4602.284915	4383.261343	0.0	0.334390832	14.60102177	14.9354126	1.145249467	388.4069165	25.64276088	311.7447428	0.194542347	0.820338768	0.085827197		0.005501466	0.039039651	2018.0	0.0	1.378780111	0.0	1.378780111	703.8060799	970.250613	762.2287139	1028.673247	0.0		0.0	0.0	0.0	0.0	2.0	2.0	0.0
"CAL104"	0.373495447	"CAL"	69.0	2.0	4.9	0.091	0.65			7.0	3765.33422	3581.57515	0.0	1.818909052	12.19555847	14.01446752	0.991332105	299.7156087	85.56679045	242.3099146	0.100902647	0.80414055	0.01657856	0.009103015	0.027456362	0.033150972	2018.0	0.0	0.693146999	0.342069687	1.035216686	478.9955337	669.046369	522.7932755	712.8441108	0.0		0.0	0.0	0.0	0.0	1.0	4.0	0.0
"VAN95"	0.563828145	"VAN"	114.0	1.0	6.8	0.09	0.53			10.0	7204.526438	6661.395299	0.0	3.910999788	12.96503732	16.87603711	0.811857612	212.0134955	206.5368612	3333.244733	0.123291906	0.504362616			0.023621088	0.028099624	2018.0	5.220334214	0.0	0.144810768	5.365144982	535.5583278	692.715223	622.3262608	779.4831561	0.0	0.326335291	4.0	1.0	12.0	0.0	7.0	0.0	0.0
"CAL107"	0.336103935	"CAL"	74.0	4.0	5.0	0.319	2.16			5.0	4411.298456	4350.393358	0.0	1.308038979	13.48778125	14.79582023	0.978796369	306.9575487	32.77233499	298.6957117	0.119528281	0.795517541	0.002878217		0.019278435	0.04159275	2018.0	0.0	2.349480768	0.0	2.349480768	709.0606565	957.4929293	771.2422068	1019.67448	0.0		0.0	0.0	0.0	0.0	3.0	3.0	0.0
"CAL109"	0.313778606	"CAL"	64.0	3.0	4.2	0.157	1.04			3.0	4923.844816	4720.953977	0.0	0.775224124	14.31639254	15.09161667	1.06706741	348.5963821	59.04667464	414.0569202	0.127463672	0.880951032	6.26499E-4		0.021402083	0.036622977	2018.0	0.0	0.985583448	0.0	0.985583448	775.6889438	1037.82035	853.8521362	1115.983543	0.0		0.0	0.0	0.0	0.0	2.0	2.0	0.0
"VAN93"	0.400389532	"VAN"	231.0	2.0	7.5					15.0	9324.342151	8462.17291	0.0	5.080842621	25.69396613	30.77480875	1.246122977	326.4039251	1757.222428	4119.970624	0.083893178	0.953680819		0.174387239	0.015999368	0.018162364	2018.0	2.594708192	0.0	0.0	2.594708192	873.306368	1092.912117	984.0539657	1203.659715	0.0	1.820790987	10.0	0.0	30.0	4.0	5.0	1.0	0.0
"TOR174"	0.316929742	"TOR"	155.0	4.0	6.3	4.937	19.92	5.0	0.202	19.0	11783.40269	11835.52817	0.0	6.614552517	18.16718992	24.78174244	1.394934059	689.2292461	1981.892459	2214.466833	0.012948708	1.190524882	0.056827093	0.02520712	0.01833006	0.091096179	2018.0	0.0	0.0	0.543474573	0.543474573	1518.233812	2190.804052	1639.605523	2312.175764	0.0	0.36994744	0.0	0.0	0.0	0.0	2.0	4.0	1.0
"CAL113"	0.392843469	"CAL"	71.0	2.0	4.7					3.0	2807.780711	2815.70799	0.0	0.0	15.14919631	15.14919631	1.122072774	62.45286859	121.9879134	193.4308536	0.071505239	0.874656482		0.111922103	2.63412E-4	0.063725538	2018.0	0.0	0.11683009	1.397134053	1.513964143	338.4206207	490.214015	365.9732252	517.7666195	0.0		0.0	0.0	0.0	0.0	3.0	2.0	0.0
"TOR170"	0.728833304	"TOR"	47.0	3.0	3.8	1.155	9.44	3.0	0.245	8.0	6942.830367	7168.251584	0.0	4.709212132	7.519570206	12.22878234	1.086704745	838.4325072	556.4039942	1498.865801	0.325875863	0.429272974	0.044442525	0.11983802	0.007528804	0.159746533	2018.0	0.0	0.99782134	0.051851183	1.049672523	904.357635	1321.453637	982.1944715	1399.290474	0.0		0.0	0.0	0.0	0.0	2.0	0.0	0.0
"VAN90"	0.397982968	"VAN"	292.0	2.0	7.5					23.0	16391.77008	14595.77745	0.0	9.519313541	29.57032638	39.08963992	1.466248083	816.4254655	1945.70697	8794.116503	0.080697325	1.170940796		0.062455112	0.049966941	0.10218788	2018.0	4.703834836	0.0	1.078154184	5.781989021	1086.102368	1342.196432	1259.69778	1515.791844	0.0	1.483254772	16.0	0.0	30.0	1.0	3.0	0.0	0.0
"TOR198"	0.29982101	"TOR"	70.0	3.0	4.2	0.53	3.19	1.0	0.06	7.0	4976.7882	4969.818676	0.0	5.641409462	10.94978254	16.591192	1.301551801	237.5233505	1061.202443	306.6198111	0.194283516	1.063212662		1.34004E-4	0.010962639	0.032958979	2018.0	0.361821817	1.690898234	1.341898927	3.394618978	597.789954	871.5706588	639.3233776	913.1040824	0.0		0.0	0.0	0.0	0.0	1.0	2.0	0.0
"VAN88"	0.498541198	"VAN"	23.0	1.0	3.5					0.0	554.927758	592.6114479	0.0	3.062650008	3.536073665	6.598723673	0.991847513	58.13801248	78.61698686	91.86012853	0.619244911	0.218577299			0.016770835	0.137254451	2018.0	0.0	0.0	0.0	0.0	49.37384051	83.35207238	51.40017136	85.37840323	0.0		0.0	0.0	0.0	0.0	0.0	0.0	0.0
"CAL122"	0.379151288	"CAL"	91.0	2.0	4.6					1.0	4588.275689	3958.71393	0.0	0.0	19.96470946	19.96470946	1.558863802	156.4942133	596.8060257	434.6354561	0.439115472	1.070891896			4.36739E-4	0.041425285	2018.0	0.0	0.45489311	0.741543623	1.196436733	882.5156897	1138.647236	953.5219995	1209.653546	0.0	0.097510523	0.0	0.0	0.0	0.0	2.0	1.0	0.0
"CAL124"	0.248732601	"CAL"	121.0	1.0	4.6	0.498	1.89			10.0	6373.959714	5571.844809	0.0	0.497507906	25.82269368	26.32020159	1.610386231	218.9669928	937.2050962	1447.356745	0.089743008	1.411761048			0.013662888	0.095219288	2018.0	0.0	0.348825198	2.030396565	2.379221763	753.7149594	930.782286	857.8795588	1034.946885	0.0	0.461603284	0.0	0.0	0.0	0.0	4.0	5.0	0.0
"CAL127"	0.281981123	"CAL"	85.0	2.0	5.4	0.154	0.97			1.0	3832.961189	3892.82187	0.0	0.153812385	15.67639451	15.83020689	1.140651559	149.4193708	2.840159427	5.692146007	0.146804068	0.955746295			0.020405422		2018.0	0.0	1.894696919	0.0	1.894696919	547.4662431	729.717091	569.6299633	751.8808112	0.0		0.0	0.0	0.0	0.0	2.0	1.0	0.0
"TOR157"	0.542267788	"TOR"	30.0	1.0	5.4	1.947	34.74			4.0	4557.38355	4721.231242	0.016022698	4.145156211	1.443792003	5.604970913	0.541806855	508.1851406	233.5288234	1399.588132	0.059361802	0.32732674		0.121217734	0.033900576		2018.0	0.0	0.0	0.0	0.0	777.6070268	1027.465806	828.8825758	1078.741355	0.0		0.0	0.0	0.0	0.0	0.0	0.0	0.0
"TOR156"	0.558544834	"TOR"	298.0	4.0	8.3	12.961	36.16	7.0	0.195	22.0	19359.0478	16949.87456	0.0	9.697188621	26.14196085	35.83914947	1.482013024	555.7534701	3932.303764	7642.553522	0.184685297	0.967941902		0.10640188	0.044324709	0.178659215	2018.0	3.140650573	1.170381437	0.25975597	4.57078798	1361.867173	1726.980441	1539.646453	1904.759721	0.0	4.086601249	0.0	0.0	6.0	0.0	7.0	0.0	0.0
"CAL13"	0.183914764	"CAL"	57.0	1.0	4.7	0.259	2.14			2.0	2258.701372	2240.151625	0.0	0.28354708	11.82874576	12.11229284	0.900641712	84.07649071	8.385059757	40.21679819	0.055398436	0.823613137		0.001904986	0.017440691	0.002284457	2018.0	0.0	0.637349574	0.0	0.637349574	270.7865166	400.9235416	291.2554496	421.3924745	0.0		0.0	0.0	0.0	0.0	2.0	2.0	0.0
"CAL131"	0.444275708	"CAL"	103.0	1.0	4.3	1.212	5.11			7.0	5253.167274	4741.144548	0.0	3.959760025	19.73593878	23.69569881	1.536585795	384.1265752	622.1450226	1305.577548	0.399908181	1.031603296		0.04619177	0.049934754	0.008947777	2018.0	1.59876597	0.87190144	0.753899903	3.224567314	707.7125452	888.058507	779.1978991	959.5438609	0.0	1.802754376	0.0	0.0	0.0	0.0	3.0	2.0	0.0
"TOR152"	0.432022559	"TOR"	102.0	5.0	5.4	1.18	6.28	2.0	0.107	7.0	5252.217226	5097.555924	0.098514895	3.267388214	15.41055843	18.77646154	1.166826975	198.2653865	828.1410422	1447.586646	0.026535774	0.835140256		0.237749809	0.011494902	0.05590623	2018.0	0.226833998	0.0	1.53979922	1.766633217	563.3552149	767.3596021	625.6733292	829.6777164	0.0		0.0	0.0	0.0	0.0	1.0	3.0	0.0
"CAL132"	0.381048801	"CAL"	62.0	1.0	5.2	0.47	3.96			6.0	2521.713395	2315.417734	0.0	0.470373747	11.39134239	11.86171614	0.709870559	151.0072214	499.113447	834.7454705	0.067221106	0.552787947		4.43745E-4	0.015415837	0.074001924	2018.0	0.0	0.235300889	0.226405339	0.461706228	272.1336415	355.098819	291.4225019	374.3876794	0.0		0.0	0.0	0.0	0.0	5.0	4.0	0.0
"TOR206"	0.610171211	"TOR"	69.0	3.0	4.7	0.73	4.93	2.0	0.135	11.0	8804.869254	8668.283657	0.0	4.255773165	10.55609167	14.81186483	1.174499949	843.5783848	1233.24852	2081.227324	0.079945965	0.723604692	0.173162285	0.021284401	0.028372644	0.148129965	2018.0	0.0	0.138513674	0.0	0.138513674	1382.028506	1948.287789	1474.845579	2041.104862	0.0		0.0	0.0	0.0	0.0	2.0	1.0	0.0
"TOR142"	0.643301652	"TOR"	32.0	5.0	4.0	2.938	36.69	4.0	0.499	9.0	13456.42882	13120.6664	0.035916985	5.009180905	2.963190466	8.008288355	1.054823762	2140.332202	669.6548599	4325.495765	0.431027909	0.016199931		0.389810613	0.051722131	0.162811737	2018.0	0.0	0.988003431	0.0	0.988003431	2398.55311	3348.258084	2590.864685	3540.569659	0.0		0.0	0.0	0.0	0.0	2.0	3.0	0.0
"VAN76"	0.321419901	"VAN"	247.0	2.0	6.8					12.0	11883.5255	11668.59897	0.0	9.04560848	27.25137316	36.29698164	1.394459543	764.2821199	592.3755415	3322.133414	0.040531125	1.180822865		0.027125517	0.092227771	0.053752233	2018.0	1.057446177	0.0	1.003833192	2.06127937	1165.304608	1745.49671	1254.827894	1835.019997	0.0	1.517617299	1.0	0.0	9.0	0.0	2.0	0.0	0.0
"TOR21"	0.309247525	"TOR"	139.0	7.0	5.0	0.277	1.0	8.0	0.288	15.0	9957.377116	9916.335114	0.0	6.92594809	20.88997495	27.81592304	1.666066673	181.4727044	2712.515258	1174.174168	0.061413287	1.425514671	0.014582607	0.085034045	0.003250834	0.076271219	2018.0	0.17035884	2.603771055	0.0	2.774129894	1585.341527	2264.201337	1672.099797	2350.959607	0.0	1.237233658	0.0	0.0	0.0	0.0	8.0	2.0	1.0
"VAN75"	0.215685644	"VAN"	224.0	1.0	5.7					7.0	5328.131742	5160.098538	0.0	4.928164062	34.58708196	39.51524602	1.647854277	326.5882206	392.3147958	444.7232389	0.068964824	1.488332155			0.031378721	0.059178578	2018.0	2.502605412	0.0	0.263805568	2.76641098	539.5542221	871.1675458	575.8724698	907.4857934	0.0	1.032542571	5.0	0.0	1.0	0.0	1.0	0.0	0.0
"VAN74"	0.380820234	"VAN"	227.0	2.0	6.3					7.0	7259.225464	7665.49968	0.0	4.799044748	30.99897651	35.79802126	1.706286234	500.8697607	537.4718603	1227.232161	0.226888945	1.307911216			0.021560428	0.149925641	2018.0	4.520124754	0.0	1.049344215	5.569468968	654.3193087	1069.847883	716.7062542	1132.234829	0.0	1.691441802	6.0	0.0	13.0	0.0	4.0	1.0	0.0
"VAN73"	0.251448919	"VAN"	232.0	2.0	6.0					3.0	5562.99015	5766.405678	0.0	5.941510537	32.89858215	38.84009268	1.466000448	424.2383179	633.3111367	659.1053159	0.078498735	1.292607729		1.98091E-5	0.054084294	0.040789857	2018.0	4.025960731	0.0	1.317416552	5.343377283	660.6232181	1057.338113	677.751174	1074.466069	0.0	1.860663184	1.0	0.0	8.0	0.0	6.0	0.0	0.0
"CAL150"	0.748166194	"CAL"	83.0	4.0	5.4	0.153	1.0			8.0	1654.218711	1575.695909	0.0	0.152937774	15.1228901	15.27582787	1.444992739	58.83038259	457.031582	409.9839292	0.217866794	0.480583103		0.439767035	0.259589077	0.027115694	2018.0	0.0	1.555038194	0.0	1.555038194	151.1421475	202.1434393	181.9171311	232.918423	0.0	1.097918481	0.0	0.0	0.0	0.0	0.0	2.0	0.0
"VAN72"	0.560815612	"VAN"	150.0	1.0	6.2					10.0	5069.375851	4898.896524	0.009841329	7.265390374	16.8136432	24.0888749	1.099708183	224.970112	335.740248	1368.537605	0.065628856	0.593376731		0.363615622	0.059258902	0.017828058	2018.0	0.977646419	0.0	0.458312747	1.435959166	544.7361031	862.1604625	592.6814099	910.1057693	0.0	1.01435128	0.0	0.0	2.0	0.0	2.0	0.0	0.0
"VAN71"	0.474828726	"VAN"	117.0	3.0	4.1					5.0	5336.289291	5105.082812	0.0	4.48203608	23.73257613	28.21461221	1.626294573	407.5785507	1015.669445	979.8050287	0.625963112	0.890501873			0.041129092	0.068700486	2018.0	3.089504895	0.0	0.0	3.089504895	747.0071417	1165.579037	768.308655	1186.88055	0.0	0.711910531	3.0	0.0	6.0	0.0	2.0	0.0	0.0
"CAL153"	0.361210381	"CAL"	109.0	2.0	5.9	0.161	0.87			8.0	2672.077152	2733.344525	0.0	0.161326504	18.26256894	18.42389545	1.271757613	9.89277337	590.8274604	16.36714459	0.178117904	1.006966672			0.013799142	0.015611531	2018.0	0.0	1.811319515	0.0	1.811319515	452.2595712	699.3908958	463.9323748	711.0636995	0.0		0.0	0.0	0.0	0.0	5.0	5.0	0.0
"VAN70"	0.417365051	"VAN"	208.0	3.0	6.6					12.0	8992.32595	8781.71606	0.0	5.117091217	26.32743818	31.4445294	1.404641018	490.4532441	984.3653351	2505.824862	0.303465221	1.001196698			0.03649766	0.062018707	2018.0	4.109501491	0.0	0.0	4.109501491	1078.959022	1594.419433	1178.356131	1693.816541	0.0	2.110103326	5.0	0.0	19.0	0.0	1.0	0.0	0.0
"CAL157"	0.36416499	"CAL"	113.0	2.0	5.3	0.13	0.61			7.0	3337.039655	2843.622088	1.469713233	0.3397434	19.42720302	21.23665965	1.316565371	94.56303743	454.2823249	370.5864498	0.219903544	1.026975394		0.023587616	0.012871217	0.031210432	2018.0	0.235094512	1.035559027	1.041811776	2.312465314	332.9780692	425.5389607	391.1523202	483.7132117	0.0		0.0	0.0	0.0	0.0	5.0	4.0	0.0
"TOR127"	0.37836466	"TOR"	96.0	4.0	4.8			1.0	0.05	10.0	5815.471711	5714.705626	0.0	3.78085127	16.14996085	19.93081212	1.491213003	112.253144	936.4727765	783.7039633	0.05419666	1.206842847	0.03172664	0.046258151	0.008498372	0.143690333	2018.0	0.0	0.654389101	0.0	0.654389101	705.9119495	995.3865897	760.3692931	1049.843933	0.0		0.0	0.0	0.0	0.0	0.0	4.0	2.0
"VAN69"	0.328364836	"VAN"	283.0	1.0	6.8					6.0	9046.630149	8742.123156	0.0	6.421685107	35.3457585	41.7674436	1.51210424	478.9345183	683.3331214	1952.75897	0.154667735	1.25302311		0.019608558	0.062846285	0.021958541	2018.0	0.0	0.0	3.085285712	3.085285712	922.7690146	1376.923378	997.3469023	1451.501266	0.0	1.491025237	0.0	0.0	13.0	0.0	3.0	1.0	0.0
"VAN68"	0.397024961	"VAN"	240.0	3.0	6.6					26.0	13531.95191	12738.40602	0.0	8.264536845	28.32784759	36.59238443	1.624903786	556.038644	1973.011937	6143.183768	0.094769341	1.279459332		0.171100518	0.040217887	0.039314713	2018.0	4.988482405	0.0	0.885630156	5.874112561	1192.407677	1558.863677	1346.425653	1712.881653	0.0	2.385956816	12.0	0.0	43.0	0.0	4.0	1.0	0.0
"VAN67"	0.274336367	"VAN"	186.0	2.0	5.7					9.0	5882.889284	6224.390737	0.0	3.346375561	29.22347641	32.56985198	1.450566405	420.6190142	921.41138	1748.757342	0.113366348	1.250964266			0.031739557	0.054496151	2018.0	5.790181364	0.0	0.283199541	6.073380905	523.2898165	925.4464698	544.4632855	946.6199389	0.0	1.497978096	8.0	0.0	8.0	0.0	7.0	2.0	0.0
"CAL163"	0.312962083	"CAL"	124.0	3.0	4.5	0.487	1.77			44.0	17788.43059	16796.90665	0.0	0.487369357	27.0129738	27.50034316	1.62408495	1754.251154	1071.929048	10521.23522	0.085936291	1.3867771		0.029570771	0.055204533	0.066390004	2018.0	1.433958968	0.390926074	2.46216859	4.287053632	767.919564	1040.135644	893.5024204	1165.7185	0.0		0.0	0.0	0.0	0.0	4.0	6.0	0.0
"VAN66"	0.261595945	"VAN"	225.0	4.0	6.1					10.0	6708.812482	7012.495695	0.0	3.720668826	33.39303492	37.11370375	1.562935287	440.9145649	1031.318605	1743.135335	0.091866354	1.364354211			0.02998447	0.076730245	2018.0	4.413852301	0.0	0.0	4.413852301	612.7625141	1063.002143	653.894547	1104.134176	0.0	1.507095266	9.0	0.0	4.0	0.0	3.0	1.0	0.0
"CAL165"	0.371215265	"CAL"	115.0	3.0	4.6	0.182	0.74			8.0	4981.149262	4518.517974	1.452096203	0.182282224	23.10717248	24.74155091	1.689977228	193.365779	932.0796644	1014.379714	0.350172742	1.264953025	0.014044935		0.016520194	0.043568082	2018.0	0.0	1.98034329	0.0	1.98034329	576.1164258	733.0022044	657.4977696	814.3835482	0.0	1.457784726	0.0	0.0	0.0	0.0	2.0	1.0	0.0
"VAN65"	0.3599846	"VAN"	238.0	1.0	6.5					7.0	7794.002853	7688.266494	6.4082E-4	6.229741797	30.43820364	36.66858626	1.367357202	286.6143113	765.1405386	1858.560755	0.169983624	1.088041864		0.010595801	0.082710768	0.016025125	2018.0	1.145805385	0.0	0.0	1.145805385	794.6157317	1170.285785	846.2595106	1221.929564	0.0	1.889016199	4.0	0.0	8.0	0.0	1.0	0.0	0.0
"TOR220"	0.480929663	"TOR"	78.0	4.0	4.5	2.779	16.16	2.0	0.116	5.0	3933.970605	3890.143088	0.0	4.451645037	12.74562019	17.19726523	1.261108416	124.4177439	849.0864554	274.3647867	0.138717603	0.913529609	0.044548239	2.24674E-6	0.044149502	0.120161217	2018.0	0.430368999	0.479037788	0.0	0.909406787	513.9502824	766.7669914	540.2816602	793.0983692	0.0	0.579789947	0.0	0.0	0.0	0.0	2.0	1.0	0.0
"TOR118"	0.720285799	"TOR"	29.0	3.0	3.7					5.0	6757.36342	6891.256599	0.0	3.405358554	4.380323698	7.785682252	1.046755894	829.5919224	414.5255576	1767.044871	0.270852056	0.436772849	0.08847825	0.20856875	0.02340137	0.018682615	2018.0	0.0	0.0	0.0	0.0	1123.40248	1557.220774	1216.104801	1649.923094	0.0		0.0	0.0	0.0	0.0	0.0	0.0	0.0
"VAN64"	0.249004326	"VAN"	207.0	1.0	5.7					6.0	3459.87512	3654.015197	0.0	6.630042789	29.84803952	36.47808231	1.658505396	169.5759642	471.7506175	340.7482883	0.072623312	1.480674048	0.008640694	0.007936123	0.048561779	0.040069443	2018.0	4.810075574	0.0	0.89351249	5.703588064	389.6819146	653.3113683	402.9194632	666.5489169	0.0	1.452827925	3.0	0.0	3.0	0.0	0.0	1.0	0.0
"VAN63"	0.278708781	"VAN"	288.0	1.0	6.5					14.0	12411.37366	12029.32238	0.0	6.146088282	37.82588953	43.97197782	1.680928668	345.8500161	2232.863217	4399.461178	0.085296987	1.468603389	0.001255687	0.016150827	0.058703399	0.050918392	2018.0	3.792564675	0.0	0.0	3.792564675	1506.524332	2062.183393	1646.761154	2202.420215	0.0	2.839930717	16.0	0.0	25.0	0.0	5.0	0.0	0.0
"VAN62"	0.226902969	"VAN"	278.0	1.0	6.2					7.0	7543.601768	7705.182983	0.0	8.188432069	36.5811065	44.76953856	1.672110787	524.5749517	1290.771809	1120.835868	0.076894895	1.498212742			0.066030935	0.030972195	2018.0	3.890961327	0.0	1.447340577	5.338301904	966.9886307	1553.986837	1000.826758	1587.824964	0.0	1.040105231	5.0	0.0	9.0	0.0	5.0	1.0	0.0
"VAN61"	0.391562675	"VAN"	277.0	1.0	7.6					8.0	7893.722433	7745.281105	0.0	5.469187609	30.84692745	36.31611506	1.490988841	321.6674754	717.3865128	2068.167705	0.228642793	1.149857694		0.001961059	0.04080593	0.055542228	2018.0	3.370264666	0.0	1.05520158	4.425466246	779.3702054	1102.809021	850.1717383	1173.610554	0.0	1.870720793	0.0	0.0	13.0	0.0	2.0	0.0	0.0
"CAL174"	0.389246502	"CAL"	61.0	2.0	5.5	0.498	4.52			5.0	2237.952009	2069.227237	1.050384905	0.497915125	9.475602051	11.02390208	0.743206016	301.9841368	79.81086344	718.8107757	0.103486555	0.567695144		0.056271848	0.015752467		2018.0	0.0	0.197112283	0.0	0.197112283	213.1043517	268.5660353	236.0043561	291.4660396	0.0		0.0	0.0	0.0	0.0	2.0	2.0	0.0
"VAN60"	0.234817321	"VAN"	251.0	2.0	5.9					18.0	11728.88763	11194.50932	0.0	6.693680165	35.51230099	42.20598115	1.614223685	513.9417625	2183.265431	4298.041671	0.05212499	1.423958192			0.01184889	0.126291573	2018.0	5.160890201	0.0	0.470293334	5.631183535	1193.28068	1656.236298	1307.900351	1770.855969	0.0	1.842705999	5.0	0.0	17.0	0.0	6.0	0.0	0.0
"TOR225"	0.655609385	"TOR"	57.0	3.0	5.6	0.064	0.63			6.0	4297.689175	4410.956898	0.0	1.785304875	8.336616148	10.12192102	0.824992817	168.2745645	627.8877084	793.5085707	0.131557365	0.409423844		0.205432002	0.033864171	0.044715433	2018.0	0.0	1.179293231	0.0	1.179293231	571.6375509	861.7120402	623.8420607	913.91655	0.0	0.435714456	0.0	0.0	0.0	0.0	0.0	0.0	0.0
"CAL177"	0.423184828	"CAL"	150.0	2.0	7.0	2.035	9.53			3.0	6402.414453	6148.956581	0.0	1.581128258	19.76566044	21.3467887	1.304873462	505.1541309	0.0	209.8962939	0.033525693	0.332373748		0.891415441	0.047558581		2018.0	0.0	4.332490494	0.0	4.332490494	1226.194302	1741.855588	1281.019476	1796.680762	0.0		0.0	0.0	0.0	0.0	5.0	2.0	0.0
"CAL178"	0.739276606	"CAL"	86.0	1.0	5.8	0.604	4.1			4.0	1107.544715	995.3657483	0.0	2.901631416	11.84032503	14.74195644	1.513031506	23.48657202	323.9450219	216.1462596	0.525417777	0.566713373		0.181860696	0.112909757	0.0331328	2018.0	0.0	2.20597635	0.0	2.20597635	98.78294202	138.9086349	113.8583853	153.9840782	0.0	0.162789152	0.0	0.0	0.0	0.0	1.0	0.0	0.0
"CAL180"	0.557658136	"CAL"	81.0	1.0	6.2	0.361	2.76			0.0	2463.552085	2500.860589	0.0	1.412270642	11.6618124	13.07408305	0.851816383	81.34439117	0.099406969	8.598783819	0.23616735	0.434625959		0.167321424	0.013701657		2018.0	0.0	0.643228339	0.0	0.643228339	398.8108621	519.1994128	428.8605289	549.2490796	0.0		0.0	0.0	0.0	0.0	2.0	0.0	0.0
"CAL181"	0.398001377	"CAL"	120.0	2.0	5.9	0.721	3.54			7.0	9014.36384	7878.367437	0.0	1.133707427	19.25169834	20.38540576	1.376600332	1756.72954	0.008137758	498.3539415	0.078300706	0.183988707			1.053558424		2018.0	0.0	5.059193509	0.0	5.059193509	2050.16801	2740.178013	2204.495062	2894.505065	0.0		0.0	0.0	0.0	0.0	3.0	3.0	0.0
"VAN57"	0.203248726	"VAN"	222.0	2.0	6.2					11.0	11028.86957	11139.15126	0.0	4.108869603	31.49260672	35.60147633	1.358263781	957.5921084	703.2222918	2892.780911	0.028694764	1.244646308	0.048447289		0.014062344	0.022413102	2018.0	1.550822274	0.0	0.0	1.550822274	1280.502865	1951.160935	1364.932834	2035.590904	0.0	1.953643053	3.0	0.0	22.0	0.0	0.0	0.0	0.0
"CAL182"	0.272133742	"CAL"	116.0	3.0	4.3					12.0	6570.968851	6301.865623	0.0	2.108494272	24.94537042	27.05386469	1.671586851	582.2338185	754.2081258	1458.660338	0.076121537	1.464394284		0.068402166	0.049805698	0.012863172	2018.0	0.978196552	0.085613893	0.408168111	1.471978556	988.8287981	1354.052148	1057.144215	1422.367565	0.0		0.0	0.0	0.0	0.0	8.0	3.0	0.0
"CAL183"	0.267046591	"CAL"	119.0	3.0	4.4					12.0	6591.321315	6431.134211	0.0	2.022801093	25.1435554	27.16635649	1.665564991	598.8409518	714.3027561	1453.74159	0.098160568	1.454222851		0.072359337	0.037343358	0.003478878	2018.0	1.133748576	0.116008118	0.698674969	1.948431663	947.0432393	1310.74147	1014.884536	1378.582767	0.0		0.0	0.0	0.0	0.0	8.0	3.0	0.0
"VAN56"	0.316206918	"VAN"	306.0	2.0	7.1					12.0	11563.83209	11446.14704	0.0	7.657509026	35.35930681	43.01681584	1.765926931	1050.892457	695.2174825	2727.824007	0.190094352	1.46281123			0.047030206	0.065971286	2018.0	4.520327529	0.0	0.860474153	5.380801682	1190.720641	1860.611855	1279.857652	1949.748867	0.0	1.792881412	2.0	0.0	18.0	0.0	4.0	1.0	0.0
"VAN53"	0.448670819	"VAN"	293.0	2.0	7.2					8.0	8385.459872	8272.547236	0.0	6.889091172	33.55806739	40.44715856	1.601894465	454.6895441	598.5926918	2086.710081	0.149887606	1.205851409		0.134056564	0.035911816	0.076187107	2018.0	1.791641544	0.0	1.747732932	3.539374476	764.6902661	1156.488011	840.202255	1232.0	0.0	1.942449932	0.0	0.0	13.0	0.0	3.0	1.0	0.0
"CAL191"	0.131097924	"CAL"	48.0	1.0	3.7	0.538	4.17			0.0	1147.894945	682.3712021	0.0	1.204037297	11.69840299	12.90244028	1.220865968	172.0763981	0.226049711	74.09706485	0.011833167	0.001110467			1.14884507		2018.0	0.0	2.344164624	0.0	2.344164624	241.8161632	321.2561506	262.1832648	341.6232522	0.0		0.0	0.0	0.0	0.0	4.0	0.0	0.0
"TOR1108"	0.205633038	"TOR"	132.0	5.0	5.1	1.124	4.38	4.0	0.156	13.0	10366.71881	10206.98049	0.0	6.313317015	19.37266684	25.68598385	1.485785007	354.4324661	2882.936958	1512.301728	0.077914985	1.342854951		0.003004826	0.003466578	0.058543658	2018.0	2.580588195	0.0	0.0	2.580588195	1696.248962	2377.959838	1807.41842	2489.129296	0.0	0.565335221	0.0	0.0	0.0	0.0	4.0	1.0	0.0
"CAL194"	0.305372095	"CAL"	116.0	2.0	5.6	0.985	4.74			5.0	3558.243057	3540.800654	0.0	0.985332952	19.79628985	20.7816228	1.222769486	103.1838228	0.0	44.37993311	0.181215471	0.039204589		0.994376961	0.007972457		2018.0	0.0	2.812319679	0.0	2.812319679	378.2677603	590.6493949	403.5767717	615.9584063	0.0		0.0	0.0	0.0	0.0	1.0	2.0	0.0
"VAN50"	0.601988396	"VAN"	137.0	1.0	6.1					1.0	2464.506557	2578.947987	0.0	4.886731497	17.64314229	22.52987379	1.837362116	137.4730924	294.0912538	209.0038286	0.524462552	0.993701552		0.001635661	0.061027138	0.080578066	2018.0	2.210910537	0.0	1.72244225	3.933352788	259.5563876	430.4751687	272.0127257	442.9315068	0.0	0.353028955	4.0	0.0	6.0	0.0	5.0	1.0	0.0
"CAL196"	0.52152472	"CAL"	64.0	4.0	4.8	0.019	0.14			3.0	2368.98278	2323.405063	0.0	0.01880761	13.31596902	13.33477663	1.057429706	28.87816376	413.962487	282.716274	0.355824846	0.591971107		0.007382639	0.004621712	0.078864884	2018.0	0.0	0.183536662	0.0	0.183536662	279.4569152	363.2866675	305.0943992	388.9241515	0.0		0.0	0.0	0.0	0.0	9.0	2.0	0.0
"VAN49"	0.457698063	"VAN"	233.0	2.0	7.2					10.0	6252.682607	6112.08483	0.805759955	5.432739739	26.1781828	32.41668249	1.377592885	192.8081789	758.0496908	1447.188586	0.26271968	0.979068788		0.050940551	0.058294672	0.026569187	2018.0	4.431113199	0.0	0.047536689	4.478649889	675.5741725	951.2625603	748.5288738	1024.217262	0.0	2.482359679	6.0	0.0	7.0	0.0	1.0	0.0	0.0
"TOR1102"	0.424453369	"TOR"	325.0	4.0	9.0	11.931	33.21	6.0	0.167	26.0	22796.93961	18506.35319	0.0	7.411400363	28.51052797	35.92192834	1.509682289	793.2087112	4783.357326	9186.823819	0.030727751	1.139049629		0.220275828	0.044728375	0.074900712	2018.0	2.199234307	0.0	0.358830951	2.558065258	1691.779995	2239.460674	1863.306238	2410.986917	0.0	2.115023138	0.0	0.0	2.0	0.0	5.0	6.0	0.0
"VAN48"	0.19285425	"VAN"	262.0	1.0	6.7					4.0	7162.008365	7099.456721	0.0	6.059963278	33.0846731	39.14463638	1.418689833	408.4032072	1185.474641	1282.849404	0.065482143	1.298101193			0.034061199	0.021045281	2018.0	2.88210867	0.0	0.266460237	3.148568907	931.6254663	1399.619482	964.8986384	1432.892654	0.0	0.748443155	5.0	0.0	7.0	0.0	3.0	1.0	0.0
"CAL20"	0.34124665	"CAL"	107.0	2.0	5.2	1.424	6.93			4.0	4053.18987	4184.598715	0.0	3.679842004	16.85821441	20.53805642	1.113637624	153.6556534	3.250743393	16.79995928	0.153730598	0.877297816			0.080203323		2018.0	0.0	1.313800018	0.0	1.313800018	533.8797194	807.8758169	567.4705734	841.4666709	0.0		0.0	0.0	0.0	0.0	1.0	1.0	0.0
"CAL200"	0.384289378	"CAL"	108.0	1.0	6.3	0.763	4.42			3.0	3468.271475	3519.305379	0.032590895	2.532777247	14.69821604	17.26358418	1.037808903	99.70016818	1.40836E-4	3.610423228	0.190070763	0.760075922			0.087662223		2018.0	0.0	1.709284222	0.0	1.709284222	513.4174572	787.0765132	549.6946297	823.3536858	0.0		0.0	0.0	0.0	0.0	1.0	1.0	0.0
"CAL202"	0.324329759	"CAL"	101.0	2.0	4.5	0.228	1.02			6.0	4631.273906	4103.314266	0.0	0.099690747	22.15038295	22.2500737	1.581392198	321.778068	880.5461496	1372.688831	0.160573892	1.304279188			0.040909987	0.075629122	2018.0	0.994477444	0.859662323	0.0	1.854139766	495.8508938	661.6725034	559.4325015	725.2541111	0.0		0.0	0.0	0.0	0.0	1.0	3.0	0.0
"VAN46"	0.343977257	"VAN"	203.0	2.0	6.9					4.0	6072.862931	5930.053433	0.0	2.791847441	26.76880381	29.56065125	1.443214322	229.3751336	224.0071815	1064.033673	0.330586131	1.070282561			0.002456446	0.039889187	2018.0	2.736431224	0.0	0.0	2.736431224	578.2344849	876.1951452	607.9312448	905.8919052	0.0	0.714478185	2.0	0.0	5.0	0.0	1.0	0.0	0.0
"VAN45"	0.342407341	"VAN"	293.0	3.0	6.3					9.0	11102.15412	10965.83642	0.0	5.618932906	41.08825652	46.70718943	1.724419954	389.3951771	1341.073201	2639.303312	0.079301478	1.440940614		0.038244259	0.099156474	0.066776952	2018.0	2.084209616	0.0	0.0	2.084209616	1139.567972	1730.627914	1213.87913	1804.939072	0.0	3.143513635	8.0	1.0	16.0	0.0	1.0	0.0	0.0
"CAL205"	0.491015749	"CAL"	90.0	3.0	4.7	0.303	1.57			4.0	2936.620547	2918.724939	0.0	2.57368963	16.77773013	19.35141976	1.229773723	22.59081635	8.391498344	7.220006087	0.308355215	0.802395361			0.04307285	0.047997551	2018.0	0.0	0.545547951	0.0	0.545547951	427.6968969	597.9159317	440.792645	611.0116798	0.0		0.0	0.0	0.0	0.0	3.0	1.0	0.0
"VAN44"	0.366551308	"VAN"	223.0	1.0	8.4					6.0	7081.203594	7083.140526	0.0	4.442075579	22.11631898	26.55839456	1.13693914	522.606991	437.1284887	1179.218965	0.113973272	0.902907364	0.098334587		0.014223004	0.007500903	2018.0	0.0	0.0	1.144658221	1.144658221	809.8114455	1256.635655	861.2102507	1308.03446	0.0	0.694336024	1.0	0.0	5.0	0.0	7.0	0.0	0.0
"CAL208"	0.389175133	"CAL"	83.0	3.0	3.5					4.0	3561.727445	3477.400499	0.0	2.638305715	21.22828092	23.86658663	1.644373957	129.340869	1026.664171	297.4002607	0.292723316	1.244297339			0.032880252	0.061752532	2018.0	1.086395368	0.876671783	1.388908089	3.351975241	505.9472544	683.7476371	544.0011279	721.8015105	0.0	0.074472003	0.0	0.0	0.0	0.0	3.0	1.0	0.0
"VAN43"	0.36453455	"VAN"	113.0	1.0	4.9					3.0	3145.270924	3033.278519	0.0	3.418581961	19.43921156	22.85779352	1.499520033	227.25548	484.6290394	295.007478	0.579739931	0.909307973		6.8301E-4	0.008728328	0.001060748	2018.0	1.13764434	0.0	1.548115474	2.685759814	375.5256803	663.3161261	393.7860004	681.5764461	0.0	1.355417708	0.0	0.0	3.0	0.0	3.0	1.0	0.0
"CAL209"	0.346561296	"CAL"	102.0	3.0	5.2	0.646	3.32			7.0	7141.702477	6578.174754	0.0	5.644118348	13.83562235	19.4797407	1.124900882	1139.691873	0.754063347	388.8533572	0.095060169	0.902183731			0.112439618	0.015188732	2018.0	0.0	1.796379891	0.0	1.796379891	1366.474108	1870.276344	1471.335917	1975.138153	0.0		0.0	0.0	0.0	0.0	1.0	4.0	0.0
"VAN42"	0.193390426	"VAN"	290.0	1.0	6.4					10.0	13162.35538	13086.47526	0.0	5.119123717	39.89155388	45.0106776	1.734327709	1052.87179	794.338581	3105.356713	0.023212259	1.585596081			0.082446524	0.043072802	2018.0	4.573413814	0.0	0.0	4.573413814	1446.681991	2194.155752	1562.576905	2310.050666	0.0	1.407275482	9.0	0.0	20.0	0.0	0.0	0.0	0.0
"CAL211"	0.492876902	"CAL"	93.0	3.0	5.4	0.694	4.01			9.0	5406.022945	5173.19191	0.0	3.165274678	14.13767542	17.30295009	1.092922364	861.7797213	9.26905825	375.3700931	0.14801388	0.772094701		0.102726891	0.033795239	0.036291649	2018.0	0.0	1.697359737	0.0	1.697359737	916.2495962	1296.271106	983.5709172	1363.592427	0.0		0.0	0.0	0.0	0.0	2.0	3.0	0.0
"VAN41"	0.353552974	"VAN"	238.0	1.0	6.4					8.0	7540.198859	7082.661565	1.544732246	10.5360698	25.08019532	37.16099737	1.394835679	194.9573534	962.8462534	2327.863469	0.148871756	1.131592052		0.043295238	0.06160163	0.009474991	2018.0	3.801173047	0.0	0.374455816	4.175628863	750.9371298	1046.659964	832.272324	1127.995158	0.0	1.16408946	3.0	1.0	5.0	0.0	4.0	0.0	0.0
"CAL213"	0.394124139	"CAL"	183.0	1.0	8.4	0.776	3.57			3.0	4669.889965	4590.173841	0.0	5.25426737	16.46919655	21.72346392	1.204762982	284.9182966	17.39477193	238.3502013	0.149679634	0.898313463			0.149837013		2018.0	0.0	4.025328556	0.0	4.025328556	502.2814297	777.1948155	541.0094031	815.9227889	0.0		0.0	0.0	0.0	0.0	2.0	0.0	0.0
"VAN40"	0.224943552	"VAN"	289.0	3.0	7.1					6.0	8750.57628	8563.935765	0.0	4.705287893	35.71870542	40.42399332	1.508120735	628.0825839	340.366462	1810.453668	0.074552794	1.346052443		4.62271E-4	0.009912751	0.077140438	2018.0	2.117455546	0.0	0.0	2.117455546	851.5146637	1303.619149	904.4280461	1356.532531	0.0	1.250429903	1.0	0.0	6.0	0.0	3.0	0.0	0.0
"CAL214"	0.45867068	"CAL"	60.0	2.0	4.6	0.325	2.47			2.0	4334.872856	4382.781359	0.0	2.055836673	11.11724367	13.17308035	1.005881541	272.7752621	36.68204819	151.4309073	0.104265695	0.700443085	0.007228233		0.178860852	0.015083678	2018.0	0.0	2.430616755	0.0	2.430616755	673.631881	960.505519	724.1229448	1010.996583	0.0		0.0	0.0	0.0	0.0	5.0	1.0	0.0
"CAL215"	0.462109653	"CAL"	78.0	3.0	4.9	0.659	4.11			2.0	5070.982843	5020.671242	0.0	3.72904846	12.30205651	16.03110497	1.120178003	347.0221648	33.91085218	196.8489432	0.117288646	0.755299161		0.002618891	0.229887626	0.015083678	2018.0	0.0	1.468092769	0.0	1.468092769	873.2924649	1212.946733	940.0303714	1279.684639	0.0		0.0	0.0	0.0	0.0	5.0	0.0	0.0
"VAN39"	0.501147015	"VAN"	217.0	1.0	7.3					7.0	7211.528647	7210.995957	0.0	3.810045875	26.07739375	29.88743963	1.501291755	445.8769405	513.4570499	1772.456514	0.439477393	0.918524622	3.91527E-4	0.052707018	0.014309317	0.075881824	2018.0	4.271214603	0.0	0.595632032	4.866846635	669.1489229	1058.660302	732.2755191	1121.786898	0.0	1.530310715	5.0	0.0	12.0	0.0	2.0	0.0	0.0
"CAL218"	0.417202004	"CAL"	66.0	2.0	4.7	0.763	5.49			3.0	2493.002171	2621.638382	0.0	3.252204385	10.65036156	13.90256594	0.893756406	74.02993046	0.0	0.0	0.132300765	0.662994683			0.026763798		2018.0	0.0	0.0	0.0	0.0	328.7187956	544.6534738	343.3030395	559.2377177	0.0		0.0	0.0	0.0	0.0	4.0	2.0	0.0
"VAN38"	0.234993846	"VAN"	295.0	2.0	6.9					9.0	13574.96338	12812.10164	0.0	5.256572609	37.49159639	42.748169	1.675874687	981.2745785	841.4696746	3725.852976	0.118186342	1.485135019			0.049127932	0.023425388	2018.0	4.846298463	0.0	0.809410094	5.655708558	1337.974189	2022.811934	1472.45031	2157.288054	0.0	1.528250019	3.0	1.0	28.0	0.0	6.0	2.0	0.0
"TOR1081"	0.336221097	"TOR"	74.0	1.0	4.3					6.0	7784.044814	7495.026364	0.0	3.62685805	13.52691899	17.15377704	1.421539394	743.2437824	1445.075895	1191.822452	0.159764574	1.164670275	0.023881398	0.009509253	0.001126258	0.062587629	2018.0	0.0	1.416307641	0.0	1.416307641	1076.151661	1555.986134	1143.792639	1623.627111	0.0		0.0	0.0	0.0	0.0	0.0	0.0	0.0
"VAN37"	0.285878454	"VAN"	257.0	3.0	6.2					17.0	10947.74509	10765.80915	0.0	5.533279246	36.14102758	41.67430683	1.675925943	398.7758584	1710.329023	3753.639669	0.218073227	1.400839011		9.45054E-4	0.027152464	0.028916178	2018.0	3.426561762	0.0	0.0	3.426561762	1050.479915	1438.313182	1168.406452	1556.23972	0.0	3.063637575	9.0	1.0	21.0	1.0	1.0	3.0	0.0
"VAN36"	0.169504553	"VAN"	327.0	3.0	7.0					13.0	13483.45458	13072.23378	0.0	4.854020752	42.03661067	46.89063142	1.743679905	462.4633717	2243.136887	4186.502026	0.03440532	1.609417227			0.007051027	0.092806334	2018.0	1.358698084	0.0	1.574882338	2.933580422	1598.569142	2160.993966	1735.082733	2297.507556	0.0	2.871632868	10.0	1.0	33.0	0.0	2.0	0.0	0.0
"VAN35"	0.165770576	"VAN"	344.0	3.0	7.2					15.0	14477.25089	14023.19153	0.0	6.852068921	41.23826852	48.09033744	1.77443789	599.6817973	2149.200066	4367.088415	0.051219219	1.653416435			0.031870393	0.037931775	2018.0	2.756277535	0.0	0.0	2.756277535	1721.50504	2264.271016	1877.924785	2420.690761	0.0	2.469279335	11.0	0.0	28.0	0.0	2.0	0.0	0.0
"TOR1077"	0.49246008	"TOR"	128.0	4.0	6.1	3.535	16.74	4.0	0.189	22.0	12056.90908	11076.22315	0.0	7.478445473	13.6398698	21.11831528	1.205518071	407.6925716	2879.750047	4847.042922	0.069955202	0.889643813	0.020650839	0.13001156	0.054983781	0.039019279	2018.0	0.022637689	0.611847918	1.857766877	2.492252484	1017.508934	1418.107642	1105.107836	1505.706544	0.0	2.857376188	0.0	0.0	0.0	0.0	3.0	3.0	0.0
"VAN34"	0.338643559	"VAN"	313.0	1.0	7.1					14.0	8720.158418	8534.417837	0.0	5.362262789	38.67504701	44.0373098	1.67349876	476.0140932	849.5193412	2026.113003	0.130807375	1.393230726	0.019217969		0.056728945	0.072246447	2018.0	5.303370726	0.0	0.646097175	5.949467901	878.2620776	1359.117044	930.8215913	1411.676558	0.0	2.574005335	11.0	0.0	12.0	0.0	2.0	0.0	0.0
"CAL228"	0.343881597	"CAL"	42.0	4.0	4.4					3.0	2414.573577	2363.041565	0.0	0.163622167	9.277816668	9.441438835	0.722153061	240.8524816	212.0767643	604.9727261	0.164884361	0.536696395		0.018290428	0.002281902		2018.0	0.716155999	0.236121035	0.176792552	1.129069586	234.6942787	343.1792	260.5034991	368.9884204	0.0		0.0	0.0	0.0	0.0	2.0	1.0	0.0
"VAN33"	0.347668965	"VAN"	276.0	1.0	6.7					10.0	11430.04376	11603.10551	0.0	5.761628006	35.56453977	41.32616777	1.646079359	1108.941679	730.2359454	2814.366266	0.050555813	1.314356772	2.32571E-4	0.240740733	0.018008198	0.022185257	2018.0	2.781446827	0.0	0.0	2.781446827	1332.166057	2070.738414	1433.605852	2172.178208	0.0	2.050438487	3.0	0.0	15.0	0.0	1.0	0.0	0.0
"CAL229"	0.488730298	"CAL"	88.0	4.0	5.6	0.638	4.04			7.0	3536.419711	3281.512585	0.0	2.333404331	13.46506124	15.79846557	1.006049727	389.694649	190.5874446	750.1204727	0.168485601	0.684754266		0.087724045	0.065085773		2018.0	0.327380967	1.112251308	0.236611014	1.67624329	569.9344795	725.4491974	625.7287702	781.2434882	0.0		0.0	0.0	0.0	0.0	2.0	3.0	0.0
"VAN31"	0.35336092	"VAN"	231.0	2.0	6.3					13.0	9754.567459	9429.242585	0.0	6.601246253	29.99242795	36.5936742	1.549208404	335.9383546	1312.633447	2887.260994	0.142539472	1.276048775		0.033697911	0.044201264	0.049097824	2018.0	4.350705725	0.0	0.419318568	4.770024293	1039.21609	1507.775423	1126.368553	1594.927886	0.0	1.395115749	6.0	3.0	20.0	0.0	4.0	0.0	0.0
"TOR1069"	0.370677175	"TOR"	95.0	1.0	5.0	0.125	0.66	2.0	0.105	10.0	11160.32285	11003.34529	0.0	4.39924214	14.58502467	18.98426681	1.45870611	1064.837091	2148.408279	3016.543683	0.240922838	1.129750873		0.050215326	0.010425856	0.027391215	2018.0	0.0	1.494265218	1.387435825	2.881701043	1490.388471	2130.896987	1630.585559	2271.094075	0.0	0.394968771	0.0	0.0	0.0	0.0	2.0	3.0	0.0
"VAN30"	0.527998769	"VAN"	175.0	1.0	5.9	0.022	0.07			15.0	12032.41933	11632.18826	0.0	6.293532582	23.50019487	29.79372745	1.407323316	736.1576409	1470.259706	6958.649423	0.289724993	0.905061956		0.125292494	0.016843225		2018.0	9.629075839	0.0	0.075477262	9.704553102	641.2685544	804.4203529	750.1608275	913.3126259	0.0	0.628195728	8.0	0.0	12.0	0.0	2.0	0.0	0.0
"CAL235"	0.594609147	"CAL"	72.0	1.0	5.2	0.142	1.03			8.0	4434.979717	4071.479117	0.0	3.189931778	10.57248633	13.76241811	1.110775396	151.5149658	586.7279279	1942.589661	0.331804042	0.591170875		0.020961903	0.02228554	0.014164762	2018.0	0.0	6.269357868	1.224659967	7.494017835	292.2694735	380.2061436	326.5556313	414.4923014	0.0		0.0	0.0	0.0	0.0	6.0	0.0	0.0
"VAN29"	0.167139049	"VAN"	251.0	3.0	6.0					21.0	13796.9729	13049.62282	0.0	6.887805574	35.27615195	42.16395753	1.711603868	620.1333452	2783.128791	5172.866989	0.048635154	1.590940912			0.002556386	0.059861129	2018.0	6.557415564	0.0	0.0	6.557415564	1342.435352	1854.231485	1478.919562	1990.715695	0.0	2.117810798	10.0	0.0	27.0	1.0	5.0	0.0	0.0
"CAL239"	0.381106356	"CAL"	73.0	1.0	4.7	0.762	4.93			2.0	2953.131386	2842.399423	0.0	0.280948123	15.17069287	15.45164099	0.994535912	76.62767898	135.3532945	107.4888517	0.139037224	0.766307137			0.021351723	0.067839824	2018.0	0.0	0.656255359	0.0	0.656255359	378.8487146	504.3546937	408.8896854	534.3956645	0.0		0.0	0.0	0.0	0.0	2.0	1.0	0.0
"VAN28"	0.260090842	"VAN"	368.0	2.0	7.5					28.0	19144.66386	18148.07366	0.0	9.708933874	39.49512524	49.20405911	1.795182041	849.3979164	2524.332624	9042.938249	0.063006262	1.573588363		0.002575698	0.043342792	0.11266892	2018.0	3.345141545	0.0	1.077985378	4.423126923	1556.827217	1965.715803	1754.055763	2162.944348	0.0	1.241459435	23.0	0.0	32.0	1.0	3.0	0.0	0.0
"VAN27"	0.26774733	"VAN"	255.0	3.0	6.9					13.0	12416.091	11736.31966	0.0	5.388187092	31.80906892	37.19725601	1.549262801	637.7057417	1249.482496	3338.46124	0.104173678	1.347234728			0.044390801	0.053463619	2018.0	1.887612355	0.0	0.053440757	1.941053113	1439.827457	2001.925938	1582.015656	2144.114137	0.0	3.221349373	0.0	0.0	19.0	0.0	1.0	1.0	0.0
"CAL241"	0.366464377	"CAL"	121.0	4.0	5.2	0.343	1.46			8.0	6348.362428	5467.129588	0.0	0.666894755	22.8242653	23.49116005	1.510114015	156.6018859	725.7077302	1023.208363	0.16990768	1.211423763		0.019041193	0.033684208	0.076057176	2018.0	0.0	0.12057531	0.936609188	1.057184497	817.3370914	1033.80084	910.0505578	1126.514307	0.0	0.321442462	0.0	0.0	0.0	0.0	1.0	3.0	0.0
"VAN26"	0.162372678	"VAN"	185.0	2.0	5.2					9.0	6903.079171	7069.419576	0.0	5.364994446	30.52336795	35.88836239	1.718471844	429.9525953	979.5415267	1172.942715	0.057622768	1.598413786			0.008339942	0.054095302	2018.0	4.091491532	0.0	0.32952414	4.421015672	825.6854852	1360.269441	863.5580638	1398.14202	0.0	1.088432947	9.0	0.0	23.0	0.0	4.0	3.0	0.0
"CAL243"	0.692459805	"CAL"	112.0	3.0	5.3	1.823	8.64			12.0	4744.095309	4183.861872	0.51587215	1.822538884	18.75388061	21.09229165	1.386069258	136.3353662	490.9937558	1220.828225	0.303369112	0.707492465	0.048810903	0.033259209	0.100061548	0.193076036	2018.0	0.0	0.992259623	1.688365714	2.680625337	562.3235929	705.1320663	618.3049215	761.1133949	0.0	0.056858125	0.0	0.0	0.0	0.0	3.0	5.0	0.0
"VAN25"	0.401928053	"VAN"	198.0	1.0	6.4					10.0	7017.850984	6752.817188	0.0	4.122612949	26.84719329	30.96980624	1.570625689	253.9894698	991.9141519	1943.761798	0.556930946	0.972491407			0.011503043	0.026394132	2018.0	4.383989393	0.0	1.718742113	6.102731506	864.203746	1256.701448	917.6516011	1310.149303	0.0	2.506062118	6.0	0.0	9.0	0.0	3.0	0.0	0.0
"CAL245"	0.481541695	"CAL"	88.0	2.0	5.2	0.157	0.93			7.0	2807.234471	2435.39473	1.788321736	0.157024959	15.01336309	16.95870979	1.035980247	49.78706529	465.1855673	255.2760378	0.172351229	0.734679475	0.027701188	0.001673288	0.035435714	0.064139349	2018.0	0.0	0.773375264	0.0	0.773375264	335.7295949	482.5024233	359.3231771	506.0960056	0.0	0.227712799	0.0	0.0	0.0	0.0	2.0	3.0	0.0
"VAN24"	0.250344145	"VAN"	214.0	1.0	6.6					16.0	10477.22658	10210.15883	0.0	7.228737486	25.20060571	32.42934319	1.264903133	896.3704349	1140.940099	4242.202459	0.037297832	1.127677552		0.043499201	0.040935701	0.015492826	2018.0	2.35419998	0.0	0.927360445	3.281560426	839.2998945	1295.972201	914.2131376	1370.885445	0.0	1.544290935	2.0	1.0	8.0	0.0	2.0	0.0	0.0
"VAN23"	0.361333302	"VAN"	265.0	2.0	6.3					16.0	11576.14947	10817.03183	0.0	6.696430054	35.09668982	41.79311987	1.590752039	362.455539	1855.97886	5094.608518	0.089885901	1.268049925		0.194109005	0.008625774	0.030081435	2018.0	3.531518908	0.0	0.0	3.531518908	991.0192786	1299.098082	1121.104812	1429.183616	0.0	1.77584218	5.0	0.0	20.0	7.0	7.0	1.0	0.0
"VAN22"	0.526849014	"VAN"	185.0	1.0	6.0	0.443	1.44			16.0	6236.559174	6020.999028	0.0	6.186296501	24.49871271	30.68500922	1.474751037	192.7872715	1022.823895	2578.676868	0.16394617	0.834106634		0.444340554	0.00970171	0.02265598	2018.0	3.73902775	0.0	0.0	3.73902775	609.3900388	838.8941396	658.5042385	888.0083393	0.0	1.452345021	1.0	0.0	12.0	1.0	6.0	0.0	0.0
"VAN21"	0.345257469	"VAN"	189.0	3.0	5.7	0.381	1.15			27.0	34341.55682	32546.39203	0.0	5.739936413	27.33440574	33.07434216	1.418975546	2710.826707	5209.083348	22347.18351	0.146524249	1.170295065		0.012003446	0.013672464	0.029517132	2018.0	5.851359219	0.0	1.891431585	7.742790804	1127.508326	1380.344421	1354.097044	1606.933139	0.0	0.960704707	5.0	1.0	14.0	5.0	14.0	0.0	0.0
"CAL254"	0.2585148	"CAL"	75.0	3.0	5.0	0.248	1.65			4.0	3979.596482	3910.452219	0.0	0.749338639	14.29841976	15.0477584	0.967135141	310.7347839	9.301906688	61.24811051	0.123402302	0.817399488			0.02633335		2018.0	0.0	1.805369772	0.0	1.805369772	454.4812878	730.7873114	485.2434854	761.5495089	0.0		0.0	0.0	0.0	0.0	2.0	2.0	0.0
"VAN19"	0.519955508	"VAN"	187.0	1.0	6.0	3.192	10.28			38.0	12409.3358	12535.71353	0.0	8.29408816	22.75585332	31.04994148	1.418534714	352.5010526	1958.116123	5499.284611	0.076139157	0.952924001	0.004180711	0.288682583	0.019653223	0.059559108	2018.0	4.016058276	0.0	1.017640418	5.033698694	791.5328376	1110.833698	868.5798299	1187.88069	0.0	0.836716904	0.0	0.0	13.0	1.0	7.0	0.0	0.0
"CAL258"	0.404029902	"CAL"	114.0	2.0	6.5	0.759	4.32			3.0	3114.345209	3183.712007	0.0	0.478995505	17.08126915	17.56026465	1.169089878	67.93046994	2.992045832	17.41103367	0.206362135	0.854551567			0.011152654		2018.0	0.0	2.098993891	0.0	2.098993891	474.4336311	739.0365318	509.2275699	773.8304706	0.0		0.0	0.0	0.0	0.0	0.0	2.0	0.0
"VAN18"	0.45624004	"VAN"	54.0	1.0	6.0					0.0	3231.441039	3128.562143	0.0	2.50308598	6.550361417	9.053447397	0.762642431	337.753875	91.3488373	1103.371624	0.034728946	0.22079688		0.00784672	0.009909273	0.489360616	2018.0	0.0	0.0	0.0	0.0	474.9599679	618.765322	518.7130943	662.5184484	0.0		0.0	0.0	0.0	0.0	0.0	0.0	0.0
"CAL26"	0.426580275	"CAL"	88.0	5.0	4.4	0.34	1.7			8.0	5511.586219	5217.74719	0.0	4.153906352	15.85419474	20.00810109	1.373671057	616.2871682	215.6764981	366.4042146	0.165639469	1.050891027		0.06238092	0.034437469	0.060322167	2018.0	0.0	0.255861559	0.990207479	1.246069038	856.5321186	1185.463805	919.4323298	1248.364016	0.0		0.0	0.0	0.0	0.0	5.0	6.0	0.0
"CAL260"	0.297268491	"CAL"	87.0	1.0	6.5					1.0	2979.120657	3038.05685	0.0	0.0	13.32580855	13.32580855	0.933724554	122.3646805	0.0	96.39468721	0.165709274	0.747796308			0.016232787		2018.0	0.0	1.114111485	0.0	1.114111485	333.0020645	530.0072317	352.4986976	549.5038647	0.0		0.0	0.0	0.0	0.0	3.0	1.0	0.0
"CAL266"	0.172487787	"CAL"	94.0	3.0	6.2	0.499	3.29			3.0	2273.66521	1527.457217	0.0	2.22976	12.93260501	15.16236501	1.068591275	137.1603174	0.0	86.74408249	2.78939E-4	0.957464674			0.110847658		2018.0	0.0	2.809308132	0.0	2.809308132	543.7185226	680.8103273	577.4560924	714.5478971	0.0		0.0	0.0	0.0	0.0	3.0	0.0	0.0
"TOR273"	0.52985199	"TOR"	145.0	2.0	6.8	3.222	15.03	2.0	0.093	21.0	10082.22504	9224.337847	0.0	9.87731539	11.56510705	21.44242245	1.3706469	558.8226705	1624.027935	4625.430989	0.234957789	0.926749552	0.033892457	0.026620683	0.030846108	0.11758031	2018.0	0.929276514	1.808478493	0.383561893	3.121316899	586.462321	922.6218905	655.3310815	991.490651	0.0	0.628006785	0.0	0.0	0.0	0.0	2.0	1.0	2.0
"CAL271"	0.402139558	"CAL"	116.0	4.0	5.3	1.052	4.79			9.0	3209.377871	3108.174114	0.0	1.052379115	20.91859177	21.97097089	1.458877156	131.7501947	820.3396532	358.9345481	0.358165008	1.030982343		0.010597944	0.021769422	0.03736243	2018.0	0.0	1.480601181	1.371164361	2.851765542	417.8205306	543.0307234	458.0241953	583.2343881	0.0	0.460725252	0.0	0.0	0.0	0.0	2.0	5.0	0.0
"VAN114"	0.799067481	"VAN"	193.0	1.0	6.1	7.97	25.24			65.0	20648.12937	18130.09442	0.0	18.80170743	12.77346397	31.5751714	1.617171171	1229.808534	1808.722607	10862.07178	0.14901408	0.72078661	0.0083257	0.333136469	0.131615482	0.14399591	2018.0	7.501427577	0.0	5.322147372	12.82357495	948.8273751	1246.086293	1154.038648	1451.297566	0.0		0.0	0.0	22.0	0.0	4.0	4.0	0.0
"CAL273"	0.379094162	"CAL"	64.0	2.0	5.4	0.21	1.79			5.0	1814.317328	1768.851164	0.0	0.210055517	11.53453792	11.74459344	0.825658863	49.30025014	478.2812918	188.2389527	0.237057547	0.565138107			0.008600743	0.014862474	2018.0	0.0	1.979322923	1.705590824	3.684913747	220.1153849	279.9959208	237.945906	297.826442	0.0	0.559163086	0.0	0.0	0.0	0.0	1.0	3.0	0.0
"TOR276"	0.469151413	"TOR"	53.0	3.0	4.2	3.817	30.24			7.0	2969.315891	2959.867244	0.177154811	6.514204761	5.930206155	12.62156573	1.045257407	128.3013317	24.92112894	420.6528154	0.11750073	0.758381317	0.059637489	0.001243815	0.100248042		2018.0	0.0	0.0	1.655828784	1.655828784	343.5786226	536.1247601	368.2730417	560.8191791	0.0		0.0	0.0	0.0	0.0	0.0	0.0	0.0
"VAN111"	0.249925576	"VAN"	250.0	4.0	6.3					10.0	11177.84582	10955.06846	0.0	6.088457975	33.53924272	39.62770069	1.632982202	712.7730637	632.7858828	2687.00387	0.136047175	1.426069846			0.01835428	0.05249104	2018.0	5.446260564	0.0	0.0	5.446260564	1029.038786	1630.480615	1117.899529	1719.341357	0.0	2.807651298	4.0	0.0	19.0	0.0	2.0	3.0	0.0
"VAN110"	0.287830826	"VAN"	281.0	3.0	6.6	0.139	0.33			7.0	13079.37616	13225.7622	0.0	5.416492872	37.10457093	42.52106381	1.6367684	1346.612035	742.8323993	3258.844824	0.06543869	1.419125706		0.087944967	0.018295019	0.045964045	2018.0	3.649266293	0.0	0.127035817	3.77630211	1650.488851	2445.902987	1763.178386	2558.592521	0.0	2.32356501	7.0	0.0	23.0	0.0	0.0	0.0	0.0
"TOR278"	0.354466965	"TOR"	40.0	5.0	4.3	0.217	2.33	6.0	0.645	6.0	6913.212075	6990.031964	0.0	2.597707525	6.705342839	9.303050364	0.822714757	669.5343302	682.4800628	1912.766956	0.0682652	0.670423506	0.035749706		0.003014071	0.045262269	2018.0	0.0	0.362170664	0.0	0.362170664	821.8835797	1229.598702	885.1214665	1292.836589	0.0		0.0	0.0	0.0	0.0	4.0	2.0	0.0
"CAL281"	0.417704287	"CAL"	67.0	3.0	4.7	0.351	2.47			5.0	2440.877074	2452.729993	1.231589182	0.351430125	12.64415593	14.22717524	1.053050036	145.9877516	264.9697096	535.9358084	0.165533003	0.799995694	0.009625126	0.0419754	0.01393235	0.021010667	2018.0	0.0	0.21383499	0.48804971	0.701884699	272.2369696	354.3651654	297.7303069	379.8585027	0.0		0.0	0.0	0.0	0.0	4.0	1.0	0.0
"CAL282"	0.574066098	"CAL"	29.0	1.0	3.7					2.0	1225.671601	1177.623953	0.0	0.041050649	7.801904944	7.842955593	0.756513187	133.0340895	40.09710718	50.29794255	0.175911413	0.37285481	3.6802E-4	0.194009092	0.00113427		2018.0	0.0	2.244513594	0.0	2.244513594	266.8796281	322.5476927	276.718193	332.3862576	0.0		0.0	0.0	0.0	0.0	0.0	0.0	0.0
"VAN108"	0.62970798	"VAN"	131.0	1.0	5.9	5.936	26.87			41.0	27535.59167	23795.68615	0.0	12.55360725	9.539969049	22.0935763	1.216853787	1730.927131	449.6617423	15492.53886	0.092954713	0.738595343		0.050240635	0.094790708	0.030478683	2018.0	5.755929915	0.0	3.272634695	9.02856461	1533.765965	1906.220903	1815.000194	2187.455132	0.0	0.808365068	2.0	2.0	19.0	0.0	4.0	1.0	0.0
"VAN107"	0.150707639	"VAN"	282.0	2.0	6.1					15.0	14111.52485	14360.22607	0.0	6.148672345	39.89012748	46.03879982	1.734347346	1169.190173	911.1301784	3684.703472	0.054274884	1.628212711			0.023475427	0.028384262	2018.0	4.238296372	0.0	0.0	4.238296372	1460.961212	2197.686613	1579.692891	2316.418292	0.0	1.345620876	6.0	0.0	28.0	0.0	0.0	0.0	0.0
"VAN106"	0.33259448	"VAN"	275.0	3.0	7.0					13.0	13950.71798	13756.42717	0.0	6.965021733	32.45892434	39.42394607	1.521353015	978.8995639	786.1401256	3987.877546	0.069356666	1.274646457		0.023517528	0.10726653	0.046565827	2018.0	1.731839589	0.0	1.838121003	3.569960592	1347.556369	2055.74057	1458.010851	2166.195052	0.0	2.46781404	1.0	0.0	11.0	0.0	4.0	0.0	0.0
"TOR1013"	0.518785107	"TOR"	44.0	4.0	4.1			1.0	0.093	6.0	5050.193562	4823.594322	0.0	3.671522349	7.031796496	10.70331885	0.988415558	674.0692073	350.3631974	1219.613032	0.230922131	0.621703023	0.06178934	4.68586E-4	0.001633314	0.071899158	2018.0	0.149479829	1.675212621	0.0	1.82469245	427.2244252	663.6294602	472.5706861	708.9757211	0.0		0.0	0.0	0.0	0.0	0.0	1.0	0.0
"CAL289"	0.315086079	"CAL"	63.0	3.0	4.9	0.165	1.29			3.0	4044.978536	3966.659529	0.0	0.680152555	12.15446487	12.83461742	0.85884176	523.7046148	18.17138016	185.9648184	0.117162098	0.700022814		1.11512E-4	0.010238242	0.031307099	2018.0	0.0	1.771912212	0.0	1.771912212	632.8223212	920.832857	689.7148755	977.7254113	0.0	0.276133816	0.0	0.0	0.0	0.0	2.0	2.0	0.0
"VAN105"	0.248421025	"VAN"	316.0	4.0	7.5					9.0	12655.47541	12012.13712	0.0	4.729319317	37.14553932	41.87485864	1.56889072	620.2351506	1351.611721	3449.851042	0.102675299	1.381220675			0.029139245	0.0558555	2018.0	3.697034972	0.0	0.053440757	3.75047573	1594.894559	2244.107976	1717.859171	2367.072588	0.0	2.806794982	8.0	0.0	25.0	0.0	1.0	0.0	0.0
"VAN103"	0.232397126	"VAN"	330.0	3.0	7.2					10.0	11356.03455	10913.3769	0.0	4.931590994	40.73946743	45.67105843	1.626021736	392.3261979	2547.262299	3065.494305	0.09258673	1.449269216			0.05555115	0.028614602	2018.0	2.787017966	0.0	0.0	2.787017966	1247.113713	1656.303729	1384.07032	1793.260336	0.0	2.746634882	18.0	0.0	23.0	9.0	6.0	1.0	0.0
"VAN102"	0.372002321	"VAN"	254.0	1.0	6.9					11.0	7868.445605	7482.46906	0.0	6.263847016	30.34263045	36.60647746	1.504938293	275.7849453	1532.617433	1979.023649	0.245796729	1.162704404			0.056235596	0.035970126	2018.0	3.083648178	0.0	2.375964627	5.459612806	993.4642143	1426.47517	1054.279579	1487.290535	0.0	2.876696119	10.0	0.0	14.0	0.0	0.0	0.0	0.0
"VAN101"	0.433401738	"VAN"	277.0	1.0	6.8					11.0	6267.901917	6239.833297	0.0	6.760764324	34.03520335	40.79596768	1.68619617	253.7234502	1231.271549	1491.178256	0.09604071	1.297358032	0.045715767		0.101443684	0.145637975	2018.0	2.367246339	0.0	0.0	2.367246339	752.7064778	1080.287615	801.2478765	1128.829014	0.0	1.938938871	14.0	0.0	10.0	0.0	2.0	0.0	0.0
"CAL299"	0.497685498	"CAL"	77.0	3.0	5.9	0.401	3.08			5.0	3830.004374	3662.723579	0.0	2.59021621	10.44461937	13.03483558	0.9708805	261.4339747	139.2795957	574.382437	0.150256147	0.679270223		0.035096802	0.032759461	0.073497853	2018.0	0.0	0.989862645	0.143328676	1.133191321	613.3073028	820.3720891	669.0397569	876.1045432	0.0		0.0	0.0	0.0	0.0	4.0	2.0	0.0
"CAL30"	0.22276681	"CAL"	130.0	3.0	4.6					10.0	6364.917269	5854.818555	0.0	0.0	28.43022271	28.43022271	1.735881365	512.8499794	1242.910831	1085.835724	0.103695561	1.558839273		0.045924023	0.004358821	0.023063585	2018.0	1.555421453	0.776805719	0.429668947	2.761896119	785.3397044	1050.280285	873.023713	1137.964293	0.0	0.696689162	0.0	0.0	0.0	0.0	6.0	6.0	0.0
"CAL300"	0.372250522	"CAL"	114.0	2.0	6.1	0.401	2.15			5.0	3617.063225	3635.778407	0.0	0.401057856	18.25125987	18.65231772	1.157415331	149.573553	2.24831E-4	36.33116302	0.113250172	0.160851465		0.880505255	0.002808439		2018.0	0.0	1.883648365	0.0	1.883648365	404.0067028	617.7430013	438.3367904	652.0730889	0.0		0.0	0.0	0.0	0.0	1.0	2.0	0.0
"TOR100"	0.746068663	"TOR"	58.0	3.0	5.2	2.936	26.21	1.0	0.089	11.0	10428.92047	10239.54679	0.0	7.562032953	3.641755519	11.20378847	1.042947086	1302.263413	648.351908	3022.336824	0.104937111	0.521426518	0.085276846	0.061707527	0.074517617	0.195081471	2018.0	0.0	0.0	0.0	0.0	1969.283314	2707.848206	2111.803429	2850.368321	0.0		0.0	0.0	0.0	0.0	1.0	2.0	0.0
"CAL301"	0.385991957	"CAL"	48.0	1.0	4.4	0.015	0.14			0.0	3223.057781	3214.016707	0.0	0.623007163	10.35022881	10.97323597	0.863684582	290.049896	0.0	7.476100269	0.100902279	0.639597007			0.123185292		2018.0	0.0	3.542861113	0.0	3.542861113	547.8556822	806.9870212	581.711656	840.842995	0.0		0.0	0.0	0.0	0.0	3.0	0.0	0.0
"SUR98"	0.287142554	"SUR"	94.0	3.0	4.8					12.0	7982.912084	6848.291376	0.0	7.397304612	12.0978429	19.49514752	1.434683279	660.1781104	365.4698343	2479.532961	0.071740551	1.207563263		7.04595E-5	0.008371406	0.146937575	2019.0	0.187285446	0.601346225	3.51720598	4.305837651	992.0494365	1378.479218	1088.114994	1474.544775	0.0		2.0	0.0	0.0	0.0	0.0	0.0	0.0
"SUR97"	0.247330816	"SUR"	70.0	4.0	4.5					6.0	6086.732651	5986.440098	0.0	5.395092897	10.32931042	15.72440331	1.360279686	538.9935402	80.60517406	1103.190929	0.025553459	1.160500811			0.172528206	9.87614E-4	2019.0	0.0	1.908913675	2.080726569	3.989640245	903.9496529	1296.624208	972.5034849	1365.17804	1.0		0.0	0.0	0.0	0.0	0.0	0.0	0.0
"SUR96"	0.524842089	"SUR"	78.0	3.0	4.4					7.0	6117.270144	5845.072142	0.0	8.788680685	8.896143983	17.68482467	1.409111298	623.5926208	43.96989596	1212.451329	0.08852016	0.936064338		0.252730632	0.025441511	0.10635463	2019.0	0.0	0.0	3.184809915	3.184809915	921.2235646	1350.260611	988.2270701	1417.264116	0.0		0.0	0.0	0.0	0.0	0.0	0.0	0.0
"SUR95"	0.065225968	"SUR"	108.0	1.0	5.2					4.0	3439.890852	3452.07827	0.0	4.060614315	16.62428863	20.68490294	1.332915668	163.8856138	104.2352877	151.1737771		1.296142507			0.036648644	1.24511E-4	2019.0	1.854196236	0.716935682	1.609435294	4.180567211	379.3471317	643.3031035	401.57305	665.5290218	0.0	0.486278437	0.0	0.0	0.0	0.0	0.0	0.0	0.0
"CAL31"	0.286224857	"CAL"	101.0	5.0	4.6					3.0	4825.059016	4672.691668	0.0	0.0	22.12818418	22.12818418	1.51107968	284.9056757	941.1886176	761.3943528	0.246147729	1.232966444			0.0114698	0.020495703	2018.0	1.240000069	0.598627334	0.205981238	2.044608641	584.5855369	839.258913	641.6952405	896.3686165	0.0		0.0	0.0	0.0	0.0	8.0	1.0	0.0
"SUR92"	0.300591649	"SUR"	42.0	3.0	4.9					3.0	3816.584815	3808.642114	0.0	2.907292506	5.658823502	8.566116008	0.950918437	224.8137432	31.27367427	762.7841652		0.740938333	0.015037202		0.194942903		2019.0	0.0	0.62019664	2.371402942	2.991599582	553.3089252	851.2897655	580.6406604	878.6215008	0.0	0.149980635	0.0	0.0	0.0	0.0	0.0	0.0	0.0
"SUR91"	0.268425219	"SUR"	57.0	2.0	4.2					1.0	5941.779259	4880.42179	0.0	4.14917256	9.31533646	13.46450902	1.195481343	569.8972912	12.61764093	1173.711368	0.220282205	0.965756538			0.009442576		2019.0	0.0	0.0	1.928104445	1.928104445	968.1912635	1339.927551	1031.68181	1403.418098	1.0		0.0	0.0	0.0	0.0	0.0	0.0	0.0
"SUR90"	0.30510573	"SUR"	105.0	2.0	5.6					2.0	6155.819187	6009.573141	0.0	4.4479253	14.31397498	18.76190028	1.558691591	504.8289359	29.72541309	923.5674163	0.055131801	1.309561902		0.048245848	0.145752046		2019.0	0.0	1.641570314	2.798489825	4.440060139	813.6249178	1270.401794	858.9435014	1315.720378	4.0	1.468875693	2.0	0.0	0.0	0.0	0.0	0.0	0.0
"SUR9"	0.13453852	"SUR"	224.0	2.0	7.5					4.0	8034.507863	3198.491034	0.0	3.545657036	26.42707446	29.97273149	1.436980289	269.1366693	4.576250467	749.4194953		1.332541819		2.55301E-4	0.10418316		2019.0	0.0	2.202931167	3.536195688	5.739126854	1553.194055	2067.769518	1700.48363	2215.059092	3.0	2.105933935	3.0	0.0	0.0	0.0	0.0	0.0	0.0
"CAL313"	0.357757042	"CAL"	53.0	4.0	5.0	0.052	0.49			2.0	3155.702006	3024.111736	0.0	0.665487212	9.910577283	10.57606449	0.766805461	390.3974061	3.986851423	165.2885769	0.133000439	0.592049733			0.013296863	0.028458419	2018.0	0.0	2.290320525	0.0	2.290320525	495.1307736	703.4742603	529.2469126	737.5903994	0.0		0.0	0.0	0.0	0.0	3.0	1.0	0.0
"SUR88"	0.293894669	"SUR"	47.0	1.0	4.4					2.0	2560.181635	2432.413687	0.0	1.84343786	8.829142552	10.67258041	0.822928569	135.7451988	243.0501171	330.37849	0.105959109	0.686968962	0.005229		0.008803258	0.015968242	2019.0	1.095519474	0.650169614	0.949636952	2.695326039	353.3946165	527.4553509	372.948874	547.0096084	0.0		0.0	0.0	0.0	0.0	0.0	0.0	0.0
"TOR296"	0.50897966	"TOR"	118.0	2.0	5.5	0.465	2.18	1.0	0.047	6.0	6396.351818	6358.642789	0.0	4.257571833	17.05716532	21.31473715	1.588150905	184.9527882	1751.354544	1252.793722	0.053307414	1.053589377	0.08404121	0.34712758	0.003112459	0.046972859	2018.0	0.0	0.019642373	0.0	0.019642373	762.7884253	1064.987684	832.616712	1134.815971	0.0	2.407358436	0.0	0.0	0.0	0.0	1.0	0.0	0.0
"CAL316"	0.414665535	"CAL"	89.0	2.0	4.9	0.187	1.02			2.0	4143.647176	3816.159176	0.0	0.186556501	18.0995759	18.2861324	1.23084047	167.489489	205.2074379	808.2887176	0.394486697	0.788399309		0.0245117	0.022412772	0.00103	2018.0	0.0	3.665753233	0.0	3.665753233	545.5294206	773.8663333	583.4343689	811.7712816	0.0		0.0	0.0	0.0	0.0	5.0	1.0	0.0
"SUR86"	0.294842751	"SUR"	90.0	3.0	5.6					7.0	5077.873175	5037.403263	0.0	8.054511475	8.139293696	16.19380517	1.107271201	399.9728732	68.05182215	581.2449776	0.068247106	0.946499102		0.003066674	0.06395718	0.025501118	2019.0	0.0	0.0	4.004428932	4.004428932	799.0107117	1204.310696	835.4567627	1240.756747	4.0		1.0	0.0	0.0	0.0	0.0	0.0	0.0
"SUR84"	0.106593801	"SUR"	90.0	2.0	4.6					1.0	4191.429217	4123.730326	0.0	2.946551773	16.61268799	19.55923977	1.454122414	184.8837753	406.030196	625.9445173	0.004376981	1.38435049			0.001019916	0.064375046	2019.0	1.709418986	0.0	0.0	1.709418986	585.4082522	851.4444977	619.4484076	885.4846531	0.0	0.202547392	0.0	0.0	0.0	0.0	0.0	0.0	0.0
"CAL319"	0.29866225	"CAL"	100.0	2.0	5.1	0.371	1.88			1.0	4231.077467	4107.958728	0.0	0.371250989	19.40822486	19.77947585	1.261380767	150.2202559	67.85858869	486.4096191	0.254044697	0.987031731		2.09104E-6	0.020302247		2018.0	0.0	2.691262094	0.0	2.691262094	517.4943583	734.7282787	556.2653226	773.499243	0.0		0.0	0.0	0.0	0.0	4.0	1.0	0.0
"SUR83"	0.404728191	"SUR"	12.0	1.0	1.7					0.0	275.3596921	270.6862206	0.0	4.108619264	3.088617188	7.197236452	1.625589939	3.560846806	23.28106375	15.59703231	0.051996976	0.964935446			0.60865752		2019.0	0.0	0.108664608	2.482054236	2.590718845	21.26565979	40.21616087	24.33495408	43.28545516	0.0		0.0	0.0	0.0	0.0	0.0	0.0	0.0
"SUR82"	0.212806126	"SUR"	101.0	1.0	4.8					8.0	5088.498964	4888.560894	0.0	8.784238221	12.04317426	20.82741248	1.362656549	237.9344321	126.8580559	1397.584615		1.235486901	0.001320046	0.030806698	0.056372285	0.038670624	2019.0	0.0	0.948128213	4.702636453	5.650764666	444.6510763	671.4457132	476.3153366	703.1099735	0.0	0.348167663	0.0	0.0	0.0	0.0	0.0	0.0	0.0
"SUR80"	0.155333078	"SUR"	67.0	2.0	4.2					1.0	7360.043257	6722.430678	0.0	3.964867126	11.99157561	15.95644274	1.313343015	614.5156945	4.575222606	1254.077234	0.117944774	1.195383942			1.43653E-5		2019.0	0.0	0.0	2.356022687	2.356022687	1142.917713	1599.907309	1231.043437	1688.033033	1.0		0.0	0.0	0.0	0.0	0.0	0.0	0.0
"CAL323"	0.270035261	"CAL"	69.0	4.0	3.4					5.0	3885.793518	3802.643406	0.0	2.235594189	17.81794462	20.05353881	1.292437184	103.5351808	202.3698363	202.6281089	0.070031012	1.128776763		0.008157057	0.021897005	0.063575313	2018.0	0.0	0.0	0.0	0.0	415.6784876	577.7923614	458.309088	620.4229618	0.0		0.0	0.0	0.0	0.0	5.0	3.0	0.0
"SUR79"	0.311935494	"SUR"	59.0	4.0	4.2					9.0	4030.562119	3650.370902	0.0	6.932107701	7.077186107	14.00929381	1.357978147	339.1290852	59.42178693	839.8405986		1.003777969			0.345078602	0.008411946	2019.0	0.0	2.292789711	3.172720489	5.4655102	565.9227928	791.8048328	612.4066541	838.2886942	1.0		0.0	0.0	0.0	0.0	0.0	0.0	0.0
"SUR77"	0.257574099	"SUR"	91.0	3.0	4.5					7.0	8120.611601	7790.711805	0.0	4.375278848	15.73537846	20.11065731	1.536689962	1099.977731	513.0527727	2115.949876	0.047509306	1.359008301	0.03301457		0.015706779	0.081451003	2019.0	1.321575066	1.894700947	1.923465553	5.139741566	1231.858156	1798.914044	1311.28224	1878.338128	0.0		0.0	0.0	0.0	0.0	0.0	0.0	0.0
"SUR75"	0.340179139	"SUR"	30.0	1.0	3.3					0.0	979.4709655	916.6578915	0.0	2.693420958	6.529591746	9.223012704	1.333569585	19.98546065	24.69915788	35.25614122	0.01972095	0.990940842		0.010822446	0.312085326		2019.0	0.0	0.114130887	1.894398132	2.008529019	116.2422734	171.5371843	121.2943727	176.5892836	0.0	0.448679248	1.0	0.0	0.0	0.0	0.0	0.0	0.0
"SUR74"	0.144446826	"SUR"	60.0	2.0	5.8					6.0	4429.356951	4315.634375	0.0	5.02221951	5.353840424	10.37605993	0.607569293	604.8159078	18.026028	752.5228518	0.004905574	0.572057353			0.016006124	0.014600249	2019.0	0.0	0.0	2.655988765	2.655988765	657.5307219	967.2624471	708.4388475	1018.170573	1.0	0.150998268	0.0	0.0	0.0	0.0	0.0	0.0	0.0
"SUR73"	0.407724642	"SUR"	65.0	1.0	4.4					5.0	5758.673368	5640.561147	0.0	5.570607532	9.368068573	14.93867611	1.455215993	439.7216912	48.27489422	1172.685424		1.063723263	0.012835379	0.236333918	0.142323398		2019.0	0.0	0.663375376	2.585211214	3.24858659	833.6127881	1190.340872	897.1881463	1253.91623	0.0		0.0	0.0	0.0	0.0	0.0	0.0	0.0
"SUR7"	0.063766682	"SUR"	123.0	2.0	6.2					3.0	7446.183323	4866.889684	0.0	4.305970637	15.45882406	19.7647947	1.186129319	359.658464	5.817206736	552.9228284		1.154146406			0.031982912		2019.0	0.0	0.0	1.219949914	1.219949914	1502.619216	1915.811913	1635.216078	2048.408775	0.0	0.595451275	0.0	0.0	0.0	0.0	0.0	0.0	0.0
"SUR68"	0.416240536	"SUR"	95.0	2.0	4.8					10.0	5764.779712	5659.970201	0.0	5.20114042	14.39933221	19.60047263	1.530195057	266.5730793	147.6315998	1846.168297	0.078873697	1.170564004	0.043568852		0.014005945	0.212978505	2019.0	1.600077972	1.771168383	2.06257199	5.433818345	377.7856336	696.5735166	412.3299822	731.1178653	0.0	0.935180891	1.0	0.0	0.0	0.0	0.0	0.0	0.0
"CAL336"	0.376239041	"CAL"	54.0	2.0	5.0					1.0	1500.850947	1503.652552	0.0	0.0	10.7197082	10.7197082	0.799028417	0.0	10.56736142	37.78331735	0.20171613	0.571160123		0.00955654	0.003813779	0.012781825	2018.0	0.0	1.19616986	0.0	1.19616986	219.9240551	312.9962158	224.0160696	317.0882302	0.0		0.0	0.0	0.0	0.0	4.0	1.0	0.0
"SUR66"	0.124601598	"SUR"	47.0	2.0	5.1					2.0	4755.10139	4901.080346	0.0	2.755933549	6.425734975	9.181668524	0.834040339	537.1965312	23.12282788	915.7487615	0.028875936	0.789637963			0.015526443		2019.0	0.0	1.432691575	2.700891498	4.133583073	822.7177768	1146.850682	887.9545363	1212.087442	0.0		0.0	0.0	0.0	0.0	0.0	0.0	0.0
"SUR65"	0.206579144	"SUR"	74.0	2.0	4.8					2.0	3260.875099	3321.132062	0.0	4.614833505	10.90726637	15.52209988	1.170354779	50.41982531	59.90846537	219.6469957	0.027382065	1.060973806			0.062034569	0.019964322	2019.0	0.0	0.0	2.116972328	2.116972328	429.8877525	614.9587095	455.4091352	640.4800922	0.0		1.0	0.0	0.0	0.0	0.0	0.0	0.0
"SUR64"	0.286610682	"SUR"	37.0	2.0	4.7					2.0	2564.758305	2531.529278	0.0	1.145115856	6.800287589	7.945403445	0.729058276	139.4416479	59.01364547	296.4820995	0.030106783	0.627088846			0.033395867	0.03846678	2019.0	0.0	0.087710785	1.046492086	1.134202871	394.5456937	555.993495	410.6592622	572.1070635	0.0		0.0	0.0	0.0	0.0	0.0	0.0	0.0
"SUR63"	0.104194863	"SUR"	59.0	2.0	4.8					5.0	3570.523897	3418.205333	0.0	4.144137149	8.098916264	12.24305341	0.901285315	212.51956	34.19719002	338.6007784	0.025838531	0.862965804			0.012480984		2019.0	0.0	1.319204517	1.398298921	2.717503438	472.7113053	663.3793444	509.4808713	700.1489105	0.0	0.332113008	0.0	0.0	0.0	0.0	0.0	0.0	0.0
"CAL34"	0.326629667	"CAL"	120.0	2.0	5.7	0.18	0.85			8.0	4614.142211	4535.090614	0.0	0.179940541	20.93353509	21.11347563	1.28832261	327.3568391	672.448471	486.2631112	0.108611364	1.08127394		0.028819116	0.03236027	0.037257921	2018.0	0.0	0.215253859	0.0	0.215253859	549.9294384	742.9202011	613.2043329	806.1950956	0.0	0.344956568	0.0	0.0	0.0	0.0	4.0	3.0	0.0
"SUR61"	0.145553208	"SUR"	20.0	1.0	3.0					0.0	500.85057	501.0456627	0.0	2.293207029	4.469777096	6.762984125	1.207096412	29.03499457	0.029388165	13.94420627		1.108340074			0.098756329		2019.0	0.0	0.0	0.0	0.0	60.57099786	92.4518423	66.20530547	98.08614991	0.0	1.193056007	1.0	0.0	0.0	0.0	0.0	0.0	0.0
"SUR60"	0.090487298	"SUR"	76.0	2.0	4.7					3.0	3691.892001	3580.663646	0.0	4.297983854	11.93796321	16.23594706	1.291902632	16.43159601	34.07538028	303.8504561	0.016188461	1.251036109		8.09809E-4	0.01604289	0.007825397	2019.0	0.0	1.714888551	3.862268775	5.577157326	507.6314156	727.6798424	531.0907754	751.1392022	0.0	0.458434617	0.0	0.0	0.0	0.0	0.0	0.0	0.0
"CAL342"	0.343955173	"CAL"	130.0	2.0	6.6	0.606	3.07			3.0	3918.447318	3948.391475	0.0	0.743990343	19.02059937	19.76458972	1.389442077	187.8414584	2.11547383	177.6781128	0.377941021	0.98662562			0.024875441		2018.0	0.0	4.761382994	0.0	4.761382994	431.4908794	665.3578501	460.0762	693.9431707	0.0		0.0	0.0	0.0	0.0	2.0	0.0	0.0
"CAL343"	0.358460078	"CAL"	99.0	2.0	5.9	1.106	6.57			3.0	3669.177182	3598.518241	0.0	1.879631601	14.965152	16.84478361	1.186008508	239.5623444	0.0	250.4209984	0.283887939	0.858559686			0.043560882		2018.0	0.0	2.408447445	0.0	2.408447445	484.3065875	700.2350316	513.5087288	729.4371728	0.0		0.0	0.0	0.0	0.0	1.0	0.0	0.0
"SUR58"	0.129333349	"SUR"	81.0	2.0	4.6					7.0	5734.081848	5600.641301	0.0	4.561386693	12.93156363	17.49295033	1.278987715	262.4945498	24.3249036	816.0785447		1.19314017	0.084476294		0.00137118		2019.0	0.0	0.0	3.047152129	3.047152129	661.3174246	1017.739146	699.4908807	1055.912602	0.0	0.393767255	0.0	0.0	0.0	0.0	0.0	0.0	0.0
"SUR57"	0.189123795	"SUR"	72.0	2.0	4.9					5.0	7358.307334	7500.756806	0.0	4.648668061	10.10292733	14.75159539	1.259001076	867.0242457	42.56536441	1425.387507	0.06022001	1.154168605		0.009173595	0.033249194	0.002189592	2019.0	0.0	1.943393132	3.551396512	5.494789644	1261.865143	1764.406955	1360.549903	1863.091715	0.0		0.0	0.0	0.0	0.0	0.0	0.0	0.0
"CAL346"	0.387148542	"CAL"	66.0	3.0	5.1	0.151	1.17			4.0	3930.133818	4089.280688	0.0	1.194177277	11.65788292	12.8520602	0.905389002	577.1977176	24.34351161	212.6483209	0.153011717	0.685828327	6.73085E-4		0.04373202	0.022143843	2018.0	0.0	2.027995014	0.0	2.027995014	566.9634422	816.3218474	616.4022797	865.7606848	0.0		0.0	0.0	0.0	0.0	6.0	2.0	0.0
"CAL348"	0.466340798	"CAL"	95.0	1.0	5.1	1.357	7.26			5.0	5406.689512	5430.905541	0.0	3.13970633	15.54560762	18.68531395	1.215957951	864.5310203	0.0	213.7774708	0.083961535	0.907275745	0.052905904	0.111707152	0.060107616		2018.0	0.0	1.900688738	0.0	1.900688738	885.1400067	1239.784122	957.3956541	1312.03977	0.0		0.0	0.0	0.0	0.0	2.0	2.0	0.0
"SUR54"	0.154625355	"SUR"	83.0	1.0	4.7					4.0	7399.765286	7170.813392	0.0	4.78704159	12.92995946	17.71700105	1.2585321	812.631498	192.2814097	1432.08715	0.013301959	1.187795562	0.004918453	0.025084111	0.013121612	0.014310358	2019.0	0.0	2.038094929	2.086872228	4.124967156	1197.822461	1695.067991	1284.687858	1781.933388	2.0	0.565087522	0.0	0.0	0.0	0.0	0.0	0.0	0.0
"SUR53"	0.099933532	"SUR"	82.0	1.0	4.7					3.0	2758.496403	2743.063422	0.0	4.272061935	13.35687228	17.62893421	1.619547395	165.3654118	82.17295244	187.8185937	0.018525367	1.553589677			0.047432262		2019.0	0.0	0.0	2.138380313	2.138380313	374.5179778	626.0711788	393.189233	644.742434	0.0	0.391599445	0.0	0.0	0.0	0.0	0.0	0.0	0.0
"SUR52"	0.155707401	"SUR"	90.0	2.0	4.3					7.0	6825.087162	6579.722592	0.0	6.331080815	14.68153194	21.01261275	1.467184098	602.1372276	59.58110073	1011.688897	0.033453347	1.361936452			0.07179431		2019.0	0.0	0.059178878	2.597558582	2.65673746	1028.436992	1407.053801	1101.28993	1479.906739	0.0	0.258593839	0.0	0.0	0.0	0.0	0.0	0.0	0.0
"SUR51"	0.300656004	"SUR"	10.0	1.0	3.1					1.0	98.44132482	100.500063	0.0	3.132568929	0.046511561	3.17908049	1.550334085	2.948892377	7.667682542	4.499660971	0.301000359	0.023437597			1.221786565		2019.0	0.0	0.092634599	0.299136467	0.391771066	6.771809015	11.83238914	7.821215393	12.88179552	0.0		0.0	0.0	0.0	0.0	0.0	0.0	0.0
"SUR50"	0.261784324	"SUR"	91.0	3.0	5.0					6.0	5166.689266	1233.042744	0.0	2.457561203	15.8359747	18.2935359	1.493501919	310.516534	5.445787597	453.3713594	0.024621663	1.240173558			0.22870669		2019.0	0.0	1.775114761	0.849512682	2.624627443	835.1307474	1110.643393	927.1145688	1202.627215	1.0		2.0	0.0	0.0	0.0	0.0	0.0	0.0
"SUR48"	0.512298009	"SUR"	97.0	1.0	5.4					4.0	4665.164723	4751.57582	0.0	5.162313332	12.82108523	17.98339856	1.357403465	463.2237399	56.72708501	857.9720728	0.027362368	0.831745381		0.386993858	0.044523074	0.066778777	2019.0	0.0	0.242101845	4.053029871	4.295131716	698.3257631	983.5479541	746.6358855	1031.858077	0.0	0.094571674	0.0	0.0	0.0	0.0	0.0	0.0	0.0
"SUR47"	0.389350647	"SUR"	61.0	2.0	3.7					9.0	9498.62509	8933.241972	0.0	7.008115851	9.383929755	16.39204561	1.519334707	1544.116929	374.4903781	3312.685532	0.105426201	1.19836473	0.167982122	0.012081021	0.013996136	0.02148431	2019.0	0.0	0.745605855	3.778546248	4.524152104	1345.858568	1935.52132	1461.701291	2051.364043	2.0		0.0	0.0	0.0	0.0	0.0	0.0	0.0
"SUR46"	0.177344228	"SUR"	48.0	1.0	4.8					2.0	4410.818726	3991.359074	0.0	3.666138895	6.368289172	10.03442807	0.744111849	489.7866868	22.49537447	758.3317769	0.044922988	0.680232524			0.018956335		2019.0	0.0	0.096611272	2.500283826	2.596895098	697.7380868	964.4913277	753.1206208	1019.873862	0.0	4.32058E-4	0.0	0.0	0.0	0.0	0.0	0.0	0.0
"CAL357"	0.552035743	"CAL"	58.0	1.0	5.6	0.123	1.18			2.0	2502.440896	2460.670748	0.0	0.696782912	9.684190921	10.38097383	0.939687102	187.1048906	15.67994775	65.20102571	0.119033881	0.520199986		0.272190823	0.014833197	0.013429219	2018.0	0.0	0.95434422	0.283000478	1.237344698	462.4130968	612.2779583	496.1414975	646.006359	0.0		0.0	0.0	0.0	0.0	1.0	0.0	0.0
"SUR45"	0.011775574	"SUR"	19.0	1.0	4.3					1.0	1864.511055	1647.558121	0.0	1.732750062	2.654048939	4.386799001	0.41926458	210.4033424	18.00947819	249.6592522		0.417988014		6.13829E-4	6.62729E-4		2019.0	0.0	0.0	0.0	0.0	288.9064831	410.3300669	313.8243446	435.2479283	1.0		0.0	0.0	0.0	0.0	0.0	0.0	0.0
"CAL358"	0.464269947	"CAL"	76.0	1.0	4.3	0.128	0.73			2.0	3603.069641	3593.461001	0.0	2.064986869	15.49823777	17.56322464	1.163612655	126.5521289	26.39361695	38.93906436	0.156530483	0.805318052		0.170342335	0.03142178		2018.0	0.0	0.099763981	0.0	0.099763981	417.4170671	622.7008909	450.185112	655.4689357	0.0		0.0	0.0	0.0	0.0	1.0	1.0	0.0
"SUR44"	0.092774625	"SUR"	109.0	3.0	5.9					7.0	9599.190006	9095.434284	0.0	7.252233353	11.24260017	18.49483352	1.22087101	984.1023106	26.86849437	1637.918365		1.172738104	0.005718888		0.042413965		2019.0	0.0	1.018594272	3.427342474	4.445936746	1478.982977	2119.500912	1576.886556	2217.404491	2.0	1.873021504	0.0	0.0	0.0	0.0	0.0	0.0	0.0
"SUR43"	0.606744306	"SUR"	64.0	1.0	4.2					6.0	5381.173673	5386.220556	0.0	6.964906082	8.114193231	15.07909931	1.462570508	589.5825847	21.51311892	922.6987646	0.171698845	0.864251576		0.277639236	0.067850867	0.081129995	2019.0	0.0	1.670597852	2.558798576	4.229396428	843.5275114	1209.428016	917.2726249	1283.173129	0.0	0.528157342	0.0	0.0	0.0	0.0	0.0	0.0	0.0
"CAL36"	0.294142655	"CAL"	85.0	2.0	5.0	0.095	0.56			4.0	4292.790226	4211.207139	0.0	0.094896536	16.96614765	17.06104419	1.09724132	244.8874748	522.5233556	439.8117919	0.101692911	0.935419233		0.013157725	0.016841914	0.030129523	2018.0	0.0	0.025940212	0.0	0.025940212	589.6005517	810.4734116	641.5108974	862.3837573	0.0		0.0	0.0	0.0	0.0	4.0	3.0	0.0
"SUR41"	0.093693777	"SUR"	53.0	3.0	4.1					3.0	5163.000234	2400.393176	0.0	4.297146875	8.647401452	12.94454833	1.348506019	433.624282	30.18885577	626.4282039		1.297978859			0.036023045	0.014504127	2019.0	0.0	0.517586352	4.614633754	5.132220106	861.1468493	1175.436018	946.5200354	1260.809205	1.0	0.386979459	0.0	0.0	0.0	0.0	0.0	0.0	0.0
"SUR4"	0.39294308	"SUR"	84.0	2.0	5.6					4.0	4003.080765	3200.874571	0.0	1.659067549	13.35555499	15.01462254	1.476052421	248.4644486	10.0	233.9650289	0.046500546	1.050660684		0.021143847	0.355458594		2019.0	0.0	1.004554592	1.583812973	2.588367564	590.8397939	835.7417916	632.8484942	877.7504919	3.0	2.144873106	3.0	0.0	0.0	0.0	0.0	0.0	0.0
"SUR35"	0.15959055	"SUR"	112.0	3.0	5.6					6.0	5627.714851	4265.828712	0.0	5.394180241	14.6705704	20.06475064	1.422102478	235.0045266	9.407303931	350.324982	0.022401132	1.312540604			0.087160757		2019.0	0.0	0.0	2.68021917	2.68021917	1122.019791	1424.377981	1213.369338	1515.727529	0.0	0.423687713	0.0	0.0	0.0	0.0	0.0	0.0	0.0
"TOR965"	0.48520804	"TOR"	24.0	1.0	3.3			1.0	0.139	3.0	2543.201338	2750.835649	0.0	1.82909981	5.341729912	7.170829722	0.910881552	271.5818656	88.22489884	269.5467143	0.41606607	0.443531364		0.014907872	0.005818172	0.011762406	2018.0	0.0	2.271582935	0.0	2.271582935	274.0052285	429.35865	291.6108831	446.9643047	0.0		0.0	0.0	0.0	0.0	1.0	0.0	0.0
"SUR31"	0.259998154	"SUR"	5.0	1.0	1.1					2.0	156.3301127	161.8071925	0.0	2.632698886	1.765578587	4.398277474	1.50969456	0.307046254	8.337610905	5.419616552	0.053602195	0.173680718			1.282411656		2019.0	0.0	0.0	0.334667078	0.334667078	18.1157589	27.85196259	19.79166994	29.52787363	0.0		0.0	0.0	0.0	0.0	0.0	0.0	0.0
"SUR3"	0.159183407	"SUR"	86.0	1.0	5.6					4.0	4364.062335	4040.480173	0.0	2.689991638	12.62192912	15.31192076	1.191499621	195.6198299	6.368384714	133.4959602		1.11420285		0.021143847	0.034336612		2019.0	0.0	1.589003395	1.597199178	3.186202573	818.1103231	1150.785236	873.2243239	1205.899236	1.0	0.77974482	2.0	0.0	0.0	0.0	0.0	0.0	0.0
"SUR27"	0.061808387	"SUR"	56.0	1.0	4.2					6.0	3919.935466	3829.354407	0.0	4.881686644	8.435697835	13.31738448	0.946712079	227.3711749	20.09429131	425.2475983		0.922188757			0.024523264		2019.0	0.0	0.888189827	1.414844405	2.303034232	506.3728095	772.1840926	533.7738985	799.5851816	0.0		0.0	0.0	0.0	0.0	0.0	0.0	0.0
"SUR26"	0.098172495	"SUR"	156.0	2.0	7.0					3.0	6172.707583	2011.809314	0.0	1.511670847	20.87507167	22.38674251	1.112123502	207.2434776	5.587057113	539.9254867		1.06817084		0.01376137	0.030191281		2019.0	0.0	2.132237399	2.769293186	4.901530586	1170.910298	1508.906621	1288.985088	1626.981412	3.0	1.879573737	2.0	0.0	0.0	0.0	0.0	0.0	0.0
"SUR25"	0.31384581	"SUR"	72.0	1.0	4.7					11.0	4384.022765	3669.097709	1.661929142	7.637093394	6.158884439	15.45790697	1.025167905	349.2555511	34.00276318	748.1955564		0.830637497	2.6296E-4	0.068272083	0.125995364		2019.0	0.0	0.871650563	3.27871537	4.150365932	597.3224728	915.9852624	647.5382119	966.2010015	0.0		1.0	0.0	0.0	0.0	0.0	0.0	0.0
"CAL379"	0.538099252	"CAL"	70.0	5.0	4.3	0.031	0.19			7.0	3950.234937	3859.943852	0.0	0.031044042	16.26806462	16.29910866	1.229448593	270.3340604	127.4595314	625.6929684	0.283390912	0.776702998		0.075098609	0.036071851	0.058184231	2018.0	0.0	1.408929743	0.0	1.408929743	466.2533627	641.2131907	514.1216871	689.081515	0.0		0.0	0.0	0.0	0.0	2.0	3.0	0.0
"SUR22"	0.174956547	"SUR"	38.0	1.0	4.5					1.0	678.6759634	641.543015	0.0	2.326194976	6.095441114	8.42163609	0.529837715	40.10636336	74.07318838	77.82295997	0.047185095	0.479057906			0.003594721		2019.0	0.0	0.186943734	0.0	0.186943734	93.24275962	139.7369903	111.2148258	157.7090565	0.0	0.073976136	0.0	0.0	0.0	0.0	0.0	0.0	0.0
"SUR20"	0.103605681	"SUR"	125.0	1.0	6.6					6.0	6010.274091	5455.914025	0.0	6.956458343	11.91952027	18.87597861	1.122378608	486.4371133	34.140866	888.9709337		1.065100422			0.057278186		2019.0	0.0	0.052801498	3.691456869	3.744258368	943.0940112	1377.05963	1025.506266	1459.471885	1.0	0.714701674	0.0	0.0	0.0	0.0	0.0	0.0	0.0
"SUR19"	0.144742029	"SUR"	101.0	6.0	5.6					5.0	5357.656744	4713.343971	0.0	7.817028216	10.30516618	18.1221944	1.235932498	424.256879	67.97917905	699.2297468	0.019365284	1.159845305			0.050744535	0.005977373	2019.0	0.0	0.0	3.778297883	3.778297883	794.1694706	1144.242032	844.5004787	1194.57304	3.0		3.0	0.0	0.0	0.0	0.0	0.0	0.0
"CAL384"	0.430352786	"CAL"	158.0	2.0	6.4	1.53	6.16			9.0	5988.238058	5840.797304	0.0	1.64439407	23.17493656	24.81933063	1.576467421	441.7886604	118.0416966	319.6418808	0.406493382	1.067451577		0.024614992	0.07372609	0.004181382	2018.0	0.0	2.092680419	0.0	2.092680419	959.0045651	1328.478881	1023.142479	1392.616795	0.0		0.0	0.0	0.0	0.0	1.0	3.0	0.0
"SUR18"	0.407643501	"SUR"	71.0	2.0	4.6					5.0	6342.412907	5595.928902	0.0	6.231286824	9.133661141	15.36494796	1.162994305	659.0430106	212.2868479	2303.282014	0.127714684	0.866433001			0.01904535	0.149801277	2019.0	0.9891810089999999	0.88429815	2.73407903	4.607558189	724.3750074	1010.358383	797.8449114	1083.828287	0.0	0.852587681	0.0	0.0	0.0	0.0	0.0	0.0	0.0
"SUR161"	0.252205666	"SUR"	88.0	3.0	5.0					2.0	2974.534231	2884.555353	0.0	6.304446049	11.32179078	17.62623683	1.234536578	42.90809444	40.39087136	269.2764929	3.56666E-5	1.04832419			0.029786571	0.156390159	2019.0	0.0	1.608931196	2.110576155	3.719507351	453.8841303	646.1784324	483.6699671	675.9642692	0.0	0.856584174	0.0	0.0	0.0	0.0	0.0	0.0	0.0
"SUR16"	0.496422961	"SUR"	80.0	3.0	5.3					11.0	5380.397683	5351.512143	0.0	6.848306702	8.14529174	14.99359844	1.045518752	489.6259162	21.74298836	1237.726294		0.693596655	8.12188E-7	0.043976788	0.178494203	0.129450307	2019.0	0.0	0.354419842	2.568957331	2.923377173	639.2334355	994.6491133	672.4817991	1027.897477	0.0	0.357724814	0.0	0.0	0.0	0.0	0.0	0.0	0.0
"TOR955"	0.193117521	"TOR"	51.0	1.0	3.2	3.518	22.02	1.0	0.063	3.0	3719.157824	3836.81822	0.330908596	5.6559557	9.991459401	15.9783237	1.151913945	93.48185933	96.54487724	221.6089995	0.044971054	1.043533869			0.063409036		2018.0	0.0	0.0	0.0	0.0	403.4866709	613.8393992	421.7449231	632.0976514	0.0		0.0	0.0	0.0	0.0	1.0	0.0	0.0
"SUR157"	0.462807482	"SUR"	51.0	1.0	4.4					3.0	4363.189786	3707.846792	0.0	3.260097898	8.2358129	11.4959108	1.370593874	465.3891917	78.94779035	984.4363212	0.041025041	0.850154702			0.419435922	0.059978271	2019.0	0.0	1.079621159	3.607794357	4.687415516	594.9741884	826.2784966	645.944687	877.2489952	0.0	0.547842867	0.0	0.0	0.0	0.0	0.0	0.0	0.0
"TOR333"	0.21631699	"TOR"	96.0	4.0	4.0	1.122	4.72	1.0	0.042	9.0	10098.47122	9736.156753	0.0	6.219937955	17.53994013	23.75987809	1.548882384	636.2545716	1037.297016	1570.387307	0.046467151	1.391429795	6.93512E-4		0.014588167	0.095703762	2018.0	1.66602262	0.0	0.0	1.66602262	1761.873187	2467.039275	1868.014223	2573.180311	0.0	1.188009074	2.0	0.0	0.0	0.0	1.0	1.0	0.0
"SUR155"	0.222822007	"SUR"	87.0	3.0	5.2					8.0	5492.900984	4633.879566	0.0	6.626804149	10.25384398	16.88064812	1.257562133	436.1413431	10.37080822	511.7592183		1.102562434		0.029675421	0.125324275		2019.0	0.0	0.388882934	5.173380796	5.56226373	824.0172425	1160.682741	874.6884549	1211.353953	0.0	0.622635047	0.0	0.0	0.0	0.0	0.0	0.0	0.0
"CAL393"	0.461698466	"CAL"	164.0	4.0	6.6	1.18	4.76			5.0	8063.024658	7544.80036	0.043967845	3.846118544	20.88508226	24.77516865	1.4574718	1226.146259	0.0	638.1949726	0.122623759	0.968232222		0.336598548	0.030017237		2018.0	0.0	3.057441152	0.0	3.057441152	1546.743705	2151.181174	1661.292577	2265.730046	0.0		0.0	0.0	0.0	0.0	6.0	2.0	0.0
"CAL394"	0.205821018	"CAL"	75.0	1.0	5.6	0.093	0.69			2.0	3616.524667	3523.10708	0.034864736	0.077988441	13.36131145	13.47416463	0.956400974	191.4950853	0.0	3.016463041	0.0088262	0.862467383			0.026400206		2018.0	0.0	2.176443008	0.0	2.176443008	791.7872776	1187.986025	822.5678595	1218.766607	0.0		0.0	0.0	0.0	0.0	2.0	1.0	0.0
"SUR153"	0.175932917	"SUR"	124.0	1.0	5.9					3.0	4703.085664	4421.797928	0.0	4.351436111	16.66945727	21.02089338	1.241911002	99.04352756	27.18110793	299.9804356		1.139311976			0.049242761	0.053356267	2019.0	0.0	1.684560541	3.877467085	5.562027626	809.6842909	1161.528837	849.8216757	1201.666222	0.0	0.973756037	0.0	0.0	0.0	0.0	0.0	0.0	0.0
"SUR152"	0.224098358	"SUR"	150.0	1.0	7.0					4.0	4960.813082	4220.335926	0.0	4.834378902	16.50645187	21.34083077	0.993959434	131.933593	5.395464129	203.0678402		0.878676302			0.071160337	0.044122754	2019.0	0.0	0.995674964	3.930366242	4.926041206	899.2426154	1262.75765	955.7552086	1319.270243	0.0	0.191220292	1.0	0.0	0.0	0.0	0.0	0.0	0.0
"CAL396"	0.432653399	"CAL"	69.0	1.0	7.2	1.984	20.78			0.0	2165.088048	1542.283459	0.0	0.177750912	9.367762902	9.545513813	0.555624584	170.2432123	0.711663951	56.31284262				0.379837098	0.096715802		2018.0	0.0	2.345617157	0.0	2.345617157	516.235921	628.5357592	558.4569295	670.7567678	0.0		0.0	0.0	0.0	0.0	1.0	0.0	0.0
"SUR151"	0.288862439	"SUR"	45.0	1.0	5.3					2.0	3160.832009	2957.302244	0.0	3.99069937	4.556513361	8.547212731	0.732668166	381.0800685	47.33038967	527.5767402	0.040820994	0.630224091		0.012539252	0.044459072	0.004624717	2019.0	0.0	2.326143626	1.786786663	4.112930289	544.4756178	761.3664863	574.587623	791.4784915	0.0	0.603891771	3.0	0.0	0.0	0.0	0.0	0.0	0.0
"SUR150"	0.090819803	"SUR"	58.0	2.0	4.1					3.0	5807.689217	2802.671679	0.0	5.930167265	8.084811312	14.01497858	1.324809286	456.2847507	19.34012559	800.829176		1.277416497		0.032246662	0.015146137		2019.0	0.0	0.0	2.898669449	2.898669449	1067.722818	1452.354011	1177.156653	1561.787847	1.0	0.668927834	0.0	0.0	0.0	0.0	0.0	0.0	0.0
"CAL398"	0.339199568	"CAL"	76.0	1.0	5.2	2.045	13.93			0.0	1038.888055	319.3320805	0.0	0.0	14.68135967	14.68135967	1.133821437	61.17472806	0.0	34.11667526				0.875442712	0.198570229		2018.0	0.0	1.463817257	0.0	1.463817257	252.9339718	300.4620297	281.6390365	329.1670944	0.0		0.0	0.0	0.0	0.0	4.0	0.0	0.0
"SUR15"	0.128216108	"SUR"	99.0	2.0	4.4					3.0	5358.725374	5314.448788	0.0	3.385493067	19.23531146	22.62080452	1.517353622	165.5984274	215.0445816	748.1384933	0.004109128	1.438256026			0.040585226	0.034403167	2019.0	0.0	0.0	0.494491329	0.494491329	709.5085468	1020.12975	745.6651299	1056.286333	0.0		0.0	0.0	0.0	0.0	0.0	0.0	0.0
"CAL400"	0.170949037	"CAL"	121.0	2.0	6.1	0.364	1.83			3.0	5572.485082	4991.655036	0.0	0.251862221	19.6412709	19.89313312	1.158253614	509.5043526	0.0	141.8958348	0.00499243	1.055525484			0.093189361		2018.0	0.0	1.881482436	0.0	1.881482436	1206.944709	1591.065472	1293.316906	1677.43767	0.0		0.0	0.0	0.0	0.0	4.0	2.0	0.0
"TOR339"	0.380337708	"TOR"	54.0	2.0	3.8			1.0	0.071	8.0	4345.182021	4322.859633	0.0	4.071500186	9.957138824	14.02863901	1.471185057	700.0375662	446.1151559	537.68386	0.019538448	1.199526481	0.075262423	0.100158995	0.016602142	0.060096575	2018.0	0.0	0.529843917	0.0	0.529843917	401.1853318	610.8899299	436.2916981	645.9962961	0.0		0.0	0.0	0.0	0.0	1.0	0.0	0.0
"SUR145"	0.144698978	"SUR"	28.0	2.0	3.7					0.0	836.662691	843.8089097	0.0	2.156813326	5.474505073	7.631318399	0.789214367	39.97266408	1.613331282	43.43435088		0.725196916			0.064017446		2019.0	0.0	1.759490196	2.056821029	3.816311225	131.8645894	198.2494478	133.6586735	200.0435319	1.0	0.599051731	0.0	0.0	0.0	0.0	0.0	0.0	0.0
"CAL402"	0.203830925	"CAL"	98.0	1.0	6.0	0.261	1.6			3.0	4737.709722	4507.72331	0.0	0.557389639	15.78487656	16.3422662	1.047401839	260.5614046	0.00270851	63.7163496	0.060775294	0.941467217			0.045159328		2018.0	0.0	1.934441222	0.0	1.934441222	1061.1656	1378.862294	1138.35715	1456.053844	0.0		0.0	0.0	0.0	0.0	3.0	2.0	0.0
"SUR144"	0.132951649	"SUR"	107.0	2.0	6.1					3.0	4357.775768	3986.376755	0.0	5.728533957	11.84068086	17.56921481	1.296162131	285.7247752	19.74167378	289.2478943		1.203558995		2.44896E-4	0.092358246		2019.0	0.0	0.662770724	4.168271356	4.83104208	610.1631449	940.6800485	657.3826404	987.899544	2.0	0.682449201	0.0	0.0	0.0	0.0	0.0	0.0	0.0
"CAL403"	0.36585406	"CAL"	99.0	1.0	7.3	0.073	0.54			1.0	2935.422086	2997.181631	0.0	0.367193659	13.20309767	13.57029133	1.045212704	87.0012874	0.0	0.0	0.343360094	0.684235644			0.017616964		2018.0	0.0	2.855065898	0.0	2.855065898	269.7797943	493.0789077	272.8890204	496.1881337	0.0		0.0	0.0	0.0	0.0	1.0	0.0	0.0
"SUR143"	0.181216457	"SUR"	143.0	2.0	7.7					5.0	6304.96409	5686.286218	0.0	6.572534068	11.90838168	18.48091574	1.029436258	391.2910841	14.78443798	468.0265573		0.933162264		0.015937663	0.080336314		2019.0	0.0	0.309942486	4.041418418	4.351360903	936.2215437	1381.604357	1002.040259	1447.423073	2.0	0.309203766	1.0	0.0	0.0	0.0	0.0	0.0	0.0
"CAL404"	0.434127993	"CAL"	101.0	1.0	6.4	0.188	1.18			2.0	3576.507304	3499.056386	0.0	2.550198915	13.34850507	15.89870399	1.099127313	183.0693785	0.017628628	10.44722964	0.231229514	0.739925614			0.127972216		2018.0	0.0	2.636537148	0.0	2.636537148	535.8324021	838.5889901	573.9545618	876.7111498	0.0		0.0	0.0	0.0	0.0	3.0	0.0	0.0
"SUR141"	0.208288431	"SUR"	83.0	2.0	4.8					4.0	3523.677473	3413.715501	0.0	5.003533969	12.42313094	17.42666491	1.186615612	99.42233295	90.50073933	372.7748208	0.054926543	1.076027217			0.020367651	0.03529422	2019.0	0.0	0.762433198	2.605037559	3.367470757	540.1335467	760.8587321	591.0228194	811.7480049	1.0	0.93086844	0.0	0.0	0.0	0.0	0.0	0.0	0.0
"CAL406"	0.260254288	"CAL"	92.0	1.0	5.2	5.424	30.94			1.0	4689.767142	2414.999017	0.0	1.325745718	16.20291364	17.52865936	1.161572784	421.1413208	0.658250378	74.75879594				0.993804381	0.109155942		2018.0	0.0	4.79956191	0.0	4.79956191	1063.38884	1292.46559	1179.252891	1408.329641	0.0		0.0	0.0	0.0	0.0	2.0	0.0	0.0
"SUR140"	0.398558948	"SUR"	77.0	1.0	5.5					3.0	2449.356021	2093.156127	0.0	4.405928475	9.622951359	14.02887983	0.926606767	189.6265815	4.190105661	172.8473468		0.652646226		0.203671981	0.07028856		2019.0	0.0	1.96970502	3.239963678	5.209668698	401.4781073	577.8027846	435.3675009	611.6921782	1.0	0.913063657	1.0	0.0	0.0	0.0	0.0	0.0	0.0
"CAL407"	0.611504383	"CAL"	156.0	2.0	6.9	1.438	6.32			6.0	5487.4413	3930.380588	0.0	3.631012378	19.13071659	22.76172897	1.179781755	489.3296776	0.0	267.1635474	0.088628549	0.269037694		0.675110169	0.049185289		2018.0	0.0	3.230534508	0.0	3.230534508	1091.150389	1341.291188	1210.015259	1460.156058	0.0		0.0	0.0	0.0	0.0	3.0	2.0	0.0
"SUR14"	0.174355879	"SUR"	125.0	1.0	4.7					4.0	9653.74134	9218.418358	0.0	6.021217288	20.42959289	26.45081017	1.514136799	210.0729435	439.7696674	4935.979782	0.005082069	1.414727027	0.032978593	0.017496224	0.027194743	0.016658067	2019.0	0.0	0.112556807	0.110343611	0.222900418	461.0475393	706.9188832	496.5703344	742.4416783	0.0		0.0	0.0	0.0	0.0	0.0	0.0	0.0
"CAL41"	0.409453257	"CAL"	78.0	3.0	4.5	0.113	0.65			2.0	4179.373377	4255.268394	0.0	1.005919485	16.39751108	17.40343056	1.340925934	167.5544083	11.76431666	59.76381799	0.175166727	1.035744117		0.052071921	0.060234943	0.006609106	2018.0	0.0	0.62679054	0.0	0.62679054	550.0818239	746.6321723	581.0772879	777.6276363	0.0	0.268637804	0.0	0.0	0.0	0.0	2.0	2.0	0.0
"SUR137"	0.095620511	"SUR"	58.0	1.0	4.3					1.0	2391.992604	2393.540291	0.0	3.565086394	9.868063306	13.4331497	0.976786842	122.0883102	24.34450541	67.10925808		0.932036959			0.044749886		2019.0	0.0	0.0	0.875470714	0.875470714	353.3764701	531.3840925	366.6056684	544.6132908	1.0	0.382176765	0.0	0.0	0.0	0.0	0.0	0.0	0.0
"SUR136"	0.047729543	"SUR"	72.0	1.0	5.1					2.0	3830.351646	3469.939521	0.0	6.166145423	7.892772089	14.05891751	0.949040695	178.9010718	24.1496335	540.8714458		0.931324966			0.017715723		2019.0	0.0	1.280273868	3.934291645	5.214565513	517.20902	759.3021271	563.6720185	805.7651256	0.0	1.521665639	0.0	0.0	0.0	0.0	0.0	0.0	0.0
"CAL413"	0.415463986	"CAL"	93.0	1.0	5.2	0.065	0.36			3.0	4545.916637	3802.519833	0.0	0.29793791	17.74946439	18.0474023	1.196104789	470.3742027	0.0	21.76050207	0.079992533	0.001837006		0.842705626	0.262142132		2018.0	0.0	2.831623026	0.0	2.831623026	1027.536652	1325.396823	1105.060557	1402.920728	0.0		0.0	0.0	0.0	0.0	2.0	2.0	0.0
"TOR943"	0.694516658	"TOR"	60.0	2.0	4.3	0.462	3.35	1.0	0.072	8.0	10061.80926	9298.903023	0.0	5.794877513	8.000926145	13.79580366	1.241200965	1108.833573	719.7944117	3107.326375	0.04725497	0.667864538	0.1561479	0.231769191	0.055607257	0.082557112	2018.0	0.0	0.0	0.0	0.0	1280.731656	1699.84431	1388.400518	1807.513172	0.0	0.071393972	0.0	0.0	0.0	0.0	1.0	0.0	0.0
"SUR133"	0.137789421	"SUR"	84.0	2.0	4.6					1.0	5049.838756	4595.415882	0.0	4.734504848	13.42592678	18.16043163	1.362162063	427.2045345	464.8765649	838.5383953	0.056228273	1.281902988		0.004174112		0.019856681	2019.0	0.0	1.086509812	2.176296459	3.262806272	721.725697	1014.640661	776.2258732	1069.140837	4.0		0.0	0.0	0.0	0.0	0.0	0.0	0.0
"CAL414"	0.357287963	"CAL"	146.0	1.0	5.9	0.385	1.55			3.0	6563.747873	6222.192033	0.0	5.230161993	19.59192067	24.82208266	1.30785478	494.1703035	9.91551901	100.6442917	0.030958791	0.213690894		1.01830311	0.044901956		2018.0	0.0	4.14607194	0.0	4.14607194	1222.680832	1669.647387	1293.192483	1740.159038	0.0	0.096158421	0.0	0.0	0.0	0.0	3.0	2.0	0.0
"SUR132"	0.212258464	"SUR"	93.0	3.0	4.7					3.0	7181.86922	6782.478137	0.0	6.840850374	12.8947237	19.73557408	1.4004325	559.4910498	303.0367167	1258.353031	0.067581668	1.261623346			0.010439099	0.06078837	2019.0	0.0	1.049332068	1.188128081	2.237460149	1018.048256	1504.637066	1106.588742	1593.177553	4.0	0.194525063	0.0	0.0	0.0	0.0	0.0	0.0	0.0
"SUR131"	0.095597094	"SUR"	90.0	2.0	5.4					4.0	6178.800026	6188.146822	0.0	6.388441349	10.12578703	16.51422838	1.185186537	397.1157187	32.29142743	891.0323786		1.134800895	0.003231618		0.047154014		2019.0	0.0	0.923929449	3.19194797	4.115877418	822.8150151	1206.186024	878.2398249	1261.610833	0.0	1.979546594	1.0	0.0	0.0	0.0	0.0	0.0	0.0
"SUR130"	0.148185995	"SUR"	89.0	2.0	5.8					6.0	8398.272124	8344.043265	0.0	5.193284669	10.07670427	15.26998894	1.163604972	1083.324475	6.379760994	1756.18658		1.078996314	0.073844324		0.010764319		2019.0	0.0	1.051890524	2.420947608	3.472838133	1375.445265	1923.375811	1474.591912	2022.522458	2.0		0.0	0.0	0.0	0.0	0.0	0.0	0.0
"SUR13"	0.404530746	"SUR"	83.0	1.0	4.9					4.0	3233.355438	3154.386748	0.0	5.07954819	11.97005488	17.04960307	1.361851158	20.23844597	37.9697638	276.948435	0.042412581	0.939978571		0.354721216	0.024738787		2019.0	0.0	0.0	4.142364522	4.142364522	432.3993866	615.2552205	466.9960708	649.8519048	0.0		0.0	0.0	0.0	0.0	0.0	0.0	0.0
"SUR129"	0.285198758	"SUR"	84.0	2.0	4.9					5.0	7077.796126	6683.970161	0.0	6.194455918	11.10967223	17.30412815	1.316887436	608.1257354	97.13949084	1105.722008	0.059350445	1.146563614		0.055891621	0.034088935	0.020992837	2019.0	0.0	1.256735594	0.215304873	1.472040466	1007.957314	1531.073253	1080.352459	1603.468398	0.0	0.014587653	1.0	0.0	0.0	0.0	0.0	0.0	0.0
"SUR128"	0.412144564	"SUR"	148.0	2.0	6.7					3.0	4690.506461	4003.805586	0.0	2.587933772	19.58971916	22.17765293	1.376981099	190.3346483	5.999006291	392.4087467	0.094839564	1.032520426		0.00580901	0.20957723	0.034158327	2019.0	0.0	1.194167219	1.32017346	2.514340679	943.7073559	1333.302378	1000.57582	1390.170842	0.0	0.66750439	1.0	0.0	0.0	0.0	0.0	0.0	0.0
"CAL42"	0.498629568	"CAL"	125.0	2.0	6.4	0.231	1.18			4.0	4090.656285	3909.581446	0.0	4.312818272	15.3201311	19.63294938	1.312168697	203.9713574	48.33317303	584.0452912	0.188044786	0.923556766		0.10225302	0.044831518	0.053482586	2018.0	0.0	1.050729992	0.0	1.050729992	464.7990069	636.5078898	495.8659851	667.5748681	0.0		0.0	0.0	0.0	0.0	2.0	1.0	0.0
"SUR127"	0.314585971	"SUR"	63.0	2.0	4.1					5.0	3162.745185	3195.674068	0.0	4.536359369	10.88238229	15.41874166	1.227815936	155.9675012	13.09890297	531.3004469		1.026680509	0.041578038		0.106396262	0.053161077	2019.0	0.0	1.193355639	2.619696999	3.813052637	368.4558625	583.4565399	397.309673	612.3103503	0.0	1.013166201	0.0	0.0	0.0	0.0	0.0	0.0	0.0
"TOR349"	0.345539149	"TOR"	57.0	2.0	4.1			2.0	0.144	7.0	5169.572285	5304.829026	0.0	4.109414914	9.775893864	13.88530878	1.163616156	314.1508208	181.1316329	602.9566406	0.123371077	0.932989565		0.001738519	0.010793622	0.094723381	2018.0	1.629670953	0.319998036	0.0	1.949668989	493.2827924	706.2484569	526.9658445	739.931509	0.0		0.0	0.0	0.0	0.0	1.0	2.0	0.0
"SUR125"	0.372938488	"SUR"	74.0	1.0	4.5					10.0	7002.023115	6771.998767	0.0	7.320860362	8.950584595	16.27144496	1.312115976	450.894214	132.5392211	1887.427514	0.046438568	1.0298768169999999	0.019761682		0.023804631	0.192234246	2019.0	0.0	0.882268077	3.691896631	4.574164708	852.264722	1218.99607	923.9093824	1290.640731	0.0		0.0	0.0	0.0	0.0	0.0	0.0	0.0
"CAL423"	0.353920635	"CAL"	66.0	1.0	5.4	1.193	9.75			3.0	3721.714703	3400.679319	0.0	2.832755091	9.398809226	12.23156432	1.000142485	156.9418125	0.0	83.41085398				0.45256846	0.547574023		2018.0	0.0	4.136370238	0.0	4.136370238	888.4420925	1104.669534	971.348442	1187.575883	0.0		0.0	0.0	0.0	0.0	4.0	1.0	0.0
"SUR123"	0.212475973	"SUR"	74.0	1.0	4.4					6.0	6440.969618	6484.213403	0.0	6.111063576	10.61237563	16.72343921	1.273433558	626.7429155	62.77904143	1150.470523	0.024840632	1.155888725		0.00533372	0.026298489	0.061071925	2019.0	0.0	0.994011554	3.824579332	4.818590886	979.171274	1401.13509	1059.358085	1481.3219	0.0		1.0	0.0	0.0	0.0	0.0	0.0	0.0
"CAL424"	0.339616422	"CAL"	127.0	2.0	7.2	4.874	27.48			1.0	6511.351891	3776.843211	0.0	1.566749108	16.16932469	17.7360738	1.29426158	852.9406436	0.0	629.9493444		4.66392E-4		0.817782155	0.476013038		2018.0	0.0	3.800968952	0.0	3.800968952	1361.363856	1727.683192	1478.563426	1844.882762	0.0		0.0	0.0	0.0	0.0	4.0	1.0	0.0
"SUR121"	0.349328078	"SUR"	55.0	2.0	4.3					5.0	6811.732851	6313.578452	0.0	5.468827802	7.357554148	12.82638195	1.169630761	609.1396564	125.4445374	1049.463466	0.047922153	0.957198844	0.036670985		0.01213689	0.115701897	2019.0	0.0	2.143698656	2.663220124	4.80691878	1053.557723	1518.356645	1133.125446	1597.924368	0.0		4.0	0.0	0.0	0.0	0.0	0.0	0.0
"CAL426"	0.484856522	"CAL"	76.0	1.0	5.2	0.857	5.89			2.0	5001.109619	4824.256896	0.0	1.42860564	13.1321469	14.56075254	1.00228218	333.4577254	0.0	317.3536388	0.005978403	0.084413093		0.530201729	0.381688957		2018.0	0.0	2.437831241	0.0	2.437831241	1057.194645	1335.603803	1137.330856	1415.740014	0.0		0.0	0.0	0.0	0.0	3.0	2.0	0.0
"SUR120"	0.324470262	"SUR"	53.0	1.0	4.0					2.0	3783.416003	3656.61572	0.0	2.670160769	10.55900312	13.22916389	1.002394139	143.4728156	235.7088465	511.1181799	0.007567787	0.792229023			0.172267729	0.030329595	2019.0	0.0	0.0	1.119209435	1.119209435	529.6977009	780.61647	573.2175489	824.1363181	1.0	0.763256639	0.0	0.0	0.0	0.0	0.0	0.0	0.0
"CAL427"	0.38678612	"CAL"	110.0	1.0	6.6	0.241	1.44			2.0	3870.669563	3454.397215	0.0	0.096072199	16.65058671	16.74665891	1.017889022	171.5651438	0.0	30.02609087	0.172763958			0.74750337	0.097621685		2018.0	0.0	4.814533481	0.0	4.814533481	863.836225	1097.226775	911.7019905	1145.09254	0.0		0.0	0.0	0.0	0.0	4.0	2.0	0.0
"SUR12"	0.192886703	"SUR"	115.0	1.0	6.5					4.0	3984.94384	3351.102194	0.0	3.375951223	14.40564835	17.78159957	1.069324396	121.8708878	10.31768765	248.7640793		0.936478856			0.132845545		2019.0	0.0	2.357500528	3.006540338	5.364040866	788.7758566	1086.792952	829.8712202	1127.888315	1.0	0.839008605	0.0	0.0	0.0	0.0	0.0	0.0	0.0
"SUR119"	0.24631409	"SUR"	96.0	3.0	4.8					3.0	4420.331782	4428.48781	0.0	3.499072094	16.353794100000002	19.8528662	1.490226133	331.0399665	13.28794239	280.9555357		1.317282934		0.04842552	0.086379214	0.038138342	2019.0	0.0	0.0	2.738218203	2.738218203	587.6155079	988.0821073	617.4795011	1017.9461	1.0	1.525805968	1.0	0.0	0.0	0.0	0.0	0.0	0.0
"SUR118"	0.113904574	"SUR"	69.0	3.0	4.4					1.0	3276.400057	3096.415337	1.160364139	2.145718876	12.53444366	15.84052667	1.029646984	283.0285219	17.27277513	343.0157156		0.981378406			0.025859651	0.022408925	2019.0	0.227687955	1.058132789	3.072797975	4.35861872	475.7544518	768.7133898	500.6841644	793.6431024	0.0	0.952600916	2.0	0.0	0.0	0.0	0.0	0.0	0.0
"SUR117"	0.082194641	"SUR"	68.0	2.0	4.1					7.0	4623.865837	4191.589987	0.0	6.489152944	10.00476921	16.49392216	1.245745386	434.7888403	288.9461948	1266.694529	0.002662206	1.211175513		0.016849278	0.00975426	0.005304123	2019.0	0.965190754	0.361085312	1.283015663	2.60929173	586.0344942	839.931133	631.2035185	885.1001573	0.0	0.95796742	0.0	0.0	0.0	0.0	0.0	0.0	0.0
"SUR116"	0.492635839	"SUR"	59.0	2.0	3.9					9.0	8666.80005	8145.740062	0.0	7.184445975	7.882645166	15.06709114	1.190840247	1405.595686	353.402825	2794.451402	0.044254132	0.87085056	0.153975337	0.030290673	0.03892662	0.052542931	2019.0	0.141542866	1.270486249	2.299041173	3.711070288	1326.0827	1876.509607	1417.444766	1967.871673	2.0		0.0	0.0	0.0	0.0	0.0	0.0	0.0
"CAL431"	0.582293511	"CAL"	101.0	1.0	5.4	2.077	11.07			3.0	3459.214977	3251.925074	0.0	2.821895245	15.94100966	18.76290491	1.420837508	109.3163407	0.0	17.26736746	0.22120474	0.786921229		3.50376E-5	0.317198737		2018.0	0.0	4.474547775	0.0	4.474547775	697.2064956	1067.863474	726.0981578	1096.755136	0.0		0.0	0.0	0.0	0.0	2.0	2.0	0.0
"SUR115"	0.358317155	"SUR"	53.0	2.0	3.7					6.0	5630.811708	5245.29029	0.0	2.70855123	11.64846498	14.35701621	1.298838568	571.9406906	312.5691047	1168.330116	0.234113621	0.993035201	8.01967E-5		0.01033988	0.061269702	2019.0	0.67654131	1.750296904	1.94363797	4.370476184	826.308497	1244.904454	887.9656094	1306.561566	0.0		0.0	0.0	0.0	0.0	0.0	0.0	0.0
"CAL432"	0.282234684	"CAL"	100.0	1.0	6.5	0.63	4.08			3.0	3949.65819	3788.993938	0.0	1.607544146	13.83106975	15.4386139	1.065249763	314.261104	0.0	11.13225889	0.013535182	0.886432821			0.148149667		2018.0	0.0	3.459000722	0.0	3.459000722	827.0403544	1064.914547	864.3018814	1102.176074	0.0		0.0	0.0	0.0	0.0	4.0	1.0	0.0
"SUR113"	0.071660183	"SUR"	95.0	2.0	5.0					2.0	4317.435202	4444.344298	0.0	3.14757	15.71606161	18.86363161	1.403044923	277.0120826	1.103277536	160.9160478		1.359063628			0.04398129		2019.0	0.0	1.532634793	2.025187235	3.557822028	563.5036189	903.8855446	591.9849243	932.36685	0.0	0.59773898	1.0	0.0	0.0	0.0	0.0	0.0	0.0
"CAL435"	0.225337264	"CAL"	75.0	1.0	5.5	0.837	6.12			0.0	1763.951738	1072.905907	0.0	0.236403394	13.4368023	13.6732057	1.126656565	279.8229306	0.412446662	128.8342514	0.001450412	0.075868543			0.997979719		2018.0	0.0	4.943610265	0.0	4.943610265	377.2708568	495.9477213	411.0344598	529.7113243	0.0		0.0	0.0	0.0	0.0	3.0	0.0	0.0
"TOR932"	0.718316734	"TOR"	50.0	1.0	4.7	4.974	46.72	1.0	0.094	7.0	11641.14751	8476.980683	0.146425243	6.918215007	3.582661183	10.64730143	0.786597504	2386.297844	353.1324948	4159.942255	0.081514745	0.398128769	0.12069155	0.129334134	0.040313534	0.016614767	2018.0	0.349960888	0.0	0.0	0.349960888	1611.606598	2114.719643	1740.91043	2244.023475	0.0		0.0	0.0	0.0	0.0	1.0	0.0	0.0
"CAL437"	0.475275751	"CAL"	121.0	2.0	6.8	0.63	3.54			1.0	5339.588857	5029.864489	0.0	0.0	17.7818384	17.7818384	1.139395602	432.494296	0.0	11.86967938	0.074502832	0.41700841		0.634386462	0.013497894		2018.0	0.0	3.197178706	0.0	3.197178706	1111.783199	1559.406099	1161.783078	1609.405978	0.0		0.0	0.0	0.0	0.0	6.0	3.0	0.0
"SUR11"	0.355876192	"SUR"	9.0	1.0	1.5					0.0	1496.925262	949.86712	0.0	3.098039378	2.802899163	5.900938541	1.760031153	91.89569617	22.73202833	157.7016378		0.912581739			0.847449393		2019.0	0.0	0.0	1.853411015	1.853411015	251.4232638	328.2127761	277.8532185	354.6427308	0.0		0.0	0.0	0.0	0.0	0.0	0.0	0.0
"SUR109"	0.286201272	"SUR"	20.0	1.0	3.4					0.0	532.7527511	539.9075343	0.0	1.745450306	4.076656222	5.822106528	0.647650134	76.09455335	4.246220041	12.53209088		0.488950826			0.158699298		2019.0	0.0	0.0	0.411630545	0.411630545	69.15805964	112.7424031	72.80752928	116.3918727	0.0		0.0	0.0	0.0	0.0	0.0	0.0	0.0
"SUR108"	0.116347888	"SUR"	63.0	2.0	4.2					4.0	4918.349897	5068.973227	0.0	5.417925316	9.746190258	15.16411557	1.143579897	349.8821099	29.71657037	889.2077304	0.001492762	1.07778768			0.064299453		2019.0	0.0	0.0	2.490588367	2.490588367	734.8249849	1061.724132	778.4787365	1105.377884	0.0	0.752348368	0.0	0.0	0.0	0.0	0.0	0.0	0.0
"SUR107"	0.088712883	"SUR"	35.0	1.0	3.5					2.0	986.309999	1086.647311	0.0	3.202125621	6.839469739	10.04159536	1.071519011	124.8364656	9.317894388	24.12803404		1.027091846			0.044427166		2019.0	0.0	0.0	0.595543452	0.595543452	155.4226338	257.732255	164.1043224	266.4139436	0.0	0.53476253	0.0	0.0	0.0	0.0	0.0	0.0	0.0
"CAL443"	0.19355793	"CAL"	52.0	1.0	4.6	0.399	3.52			3.0	1917.119297	1219.167711	0.0	2.322065135	9.025983798	11.34804893	0.80595063	128.0711363	3.717469116	12.07539208	0.031650457	0.729902648			0.044397517		2018.0	0.0	2.058892699	0.0	2.058892699	427.1792278	600.1704064	449.5653457	622.5565243	0.0	0.145598654	0.0	0.0	0.0	0.0	3.0	0.0	0.0
"SUR106"	0.134774453	"SUR"	46.0	1.0	3.9					2.0	5107.308547	4722.120047	0.0	4.151642134	7.499517728	11.65115986	0.946193541	536.2208277	37.24081378	908.6664376	0.006754415	0.884965351			0.054473747		2019.0	0.0	0.444770189	2.780554415	3.225324604	840.1708598	1166.634716	899.9062718	1226.370128	0.0	0.184382716	0.0	0.0	0.0	0.0	0.0	0.0	0.0
"SUR105"	0.320292077	"SUR"	145.0	2.0	6.6					3.0	3863.451542	3527.641918	0.0	3.818779431	18.22511382	22.04389325	1.335953282	160.470291	25.29260666	257.5819797	0.09700093	1.118179943		0.00580901	0.024135588	0.089575205	2019.0	0.0	1.038969034	2.130283454	3.169252488	743.2962782	1042.966637	788.0391636	1087.709522	0.0	0.322189061	2.0	0.0	0.0	0.0	0.0	0.0	0.0
"CAL442"	0.545619586	"CAL"	85.0	1.0	5.5	3.04	19.71			0.0	5478.592507	4662.806116	0.0	0.506518627	14.91386653	15.42038516	1.161465769	762.3497603	0.0	157.7588667	0.094193741	0.742239506		0.019202326	0.224349183		2018.0	0.0	2.005143156	0.0	2.005143156	1098.124241	1474.053565	1169.330442	1545.259766	0.0		0.0	0.0	0.0	0.0	2.0	0.0	0.0
"CAL441"	0.326977969	"CAL"	188.0	1.0	7.3	1.22	4.77			4.0	8299.879474	7769.136787	0.0	3.832771021	21.76588365	25.59865468	1.387813676	1055.580421	0.0	693.4314328	0.0760333	0.115938303		1.149424297	0.046417773		2018.0	0.0	4.078124793	0.0	4.078124793	1592.726912	2063.588933	1716.916004	2187.778025	0.0		0.0	0.0	0.0	0.0	5.0	1.0	0.0
"CAL444"	0.351652736	"CAL"	68.0	1.0	5.6	2.872	23.83			0.0	1956.931988	585.3799786	0.0	0.021295033	12.03007091	12.05136594	0.919780801	128.4594821	0.0	68.18234052				0.398497137	0.521283662		2018.0	0.0	1.550568362	0.0	1.550568362	429.8451903	518.7786779	468.3830349	557.3165225	0.0		0.0	0.0	0.0	0.0	2.0	2.0	0.0
"SUR102"	0.096963768	"SUR"	90.0	1.0	4.6					3.0	3016.549993	3142.814017	0.0	4.555545932	14.96321716	19.5187631	1.47179833	180.4701962	70.57795125	206.101736	0.009767461	1.4117275			0.050303378		2019.0	1.605714268	0.441492524	0.341408591	2.388615383	407.4467618	640.7680559	423.3099245	656.6312186	0.0	0.154837193	0.0	0.0	0.0	0.0	0.0	0.0	0.0
"CAL440"	0.266412259	"CAL"	88.0	2.0	5.7	3.957	25.85			0.0	612.8341637	404.6803628	0.0	0.0	15.30787916	15.30787916	0.928114483	50.26813753	0.874228479	13.55054142				0.739815916	0.179308635		2018.0	0.0	1.516185656	0.0	1.516185656	120.2064158	153.427098	130.2600433	163.4807255	0.0		0.0	0.0	0.0	0.0	4.0	0.0	0.0
"SUR101"	0.279241112	"SUR"	113.0	3.0	5.6					9.0	7101.742031	6845.120133	0.0	4.692461063	15.63944482	20.33190589	1.478569886	519.9743437	46.23545431	1127.052839	0.03317187	1.26476929		0.016014987	0.013239077	0.151374652	2019.0	0.0	0.534037072	4.115505743	4.649542814	910.9691841	1461.64284	985.2808073	1535.954464	0.0	0.28993139	1.0	0.0	0.0	0.0	0.0	0.0	0.0
"TOR925"	0.373000577	"TOR"	65.0	4.0	4.3			4.0	0.262	7.0	5664.36138	5574.399301	0.0	4.806556759	10.44800604	15.2545628	1.347855614	584.7856503	310.8976239	864.2260119	0.217867941	1.04966686	0.013754345	0.016655184	0.005856874	0.044054415	2018.0	0.0	1.929740997	0.0	1.929740997	501.8501699	812.6889075	533.6892636	844.5280012	0.0		0.0	2.0	0.0	0.0	4.0	0.0	0.0
"CAL51"	0.32513305	"CAL"	132.0	2.0	7.3	0.387	2.13			1.0	3215.920946	3120.451017	0.0	2.962810691	15.22482718	18.18763788	1.211845333	71.83981862	0.617436095	1.714449779	0.235329899	0.935510162			0.041005264		2018.0	0.0	2.838398639	3.141601773	5.980000412	527.4450481	739.4250685	555.2384949	767.2185153	0.0	0.38214311	0.0	0.0	0.0	0.0	4.0	1.0	0.0
"CAL52"	0.332028762	"CAL"	110.0	3.0	5.1	0.768	3.54			9.0	6246.122909	5811.827452	0.0	5.134931805	16.53855012	21.67348193	1.227642556	690.9922518	27.39262223	284.258315	0.103734405	1.012391535			0.079457895	0.030140366	2018.0	0.0	1.791897204	0.0	1.791897204	1039.174204	1407.404229	1117.506229	1485.736254	0.0		0.0	0.0	0.0	0.0	2.0	6.0	0.0
"CAL53"	0.336596906	"CAL"	93.0	2.0	5.0	0.698	3.77			7.0	5312.645616	5025.553801	0.0	4.402569632	14.12931847	18.5318881	1.065648458	619.0642182	55.328415	271.0496859	0.102059902	0.88161891		0.02040581	0.045669358	0.01589448	2018.0	0.0	1.844145704	0.0	1.844145704	873.557157	1211.577257	950.9572467	1288.977347	0.0		0.0	0.0	0.0	0.0	7.0	3.0	0.0
"CAL54"	0.350782486	"CAL"	105.0	3.0	5.1	0.602	2.92			8.0	5918.032404	5494.050809	0.0	3.998008714	16.6028602	20.60086891	1.198737177	705.7042596	38.15551874	279.4588908	0.109627612	0.98416935		0.020379706	0.055138388	0.029422117	2018.0	0.0	1.983568024	0.0	1.983568024	987.5489414	1342.362202	1070.423069	1425.23633	0.0		0.0	0.0	0.0	0.0	7.0	5.0	0.0
"CAL55"	0.269576842	"CAL"	80.0	3.0	5.0	0.163	1.01			5.0	6187.042144	5889.175	0.0	1.358355312	14.77359149	16.1319468	1.152648395	887.2538482	31.58550707	347.1990264	0.11214564	0.989979619		1.07474E-4	0.020178652	0.030237004	2018.0	0.0	0.877958445	0.0	0.877958445	1207.299877	1636.676356	1301.335922	1730.712401	0.0		0.0	0.0	0.0	0.0	1.0	2.0	0.0
"CAL56"	0.317452394	"CAL"	129.0	2.0	7.6	0.371	2.19			1.0	3193.926976	3142.058741	0.0	1.804210513	15.16772949	16.97194	1.125214048	69.56291267	0.15293153	0.642271874	0.218001186	0.874176945			0.033035921		2018.0	0.0	2.559745222	2.896609626	5.456354848	528.9327055	730.8574834	560.7526567	762.6774345	0.0	0.356281909	0.0	0.0	0.0	0.0	3.0	1.0	0.0
"CAL58"	0.308189907	"CAL"	104.0	2.0	6.0	0.329	1.88			4.0	4533.098194	4505.74142	0.0	0.328693241	17.13124395	17.45993719	1.159061472	365.0917358	23.09218685	311.4294873	0.217674797	0.91071296			0.030673712		2018.0	0.0	3.102566749	0.0	3.102566749	654.4072218	893.4073227	701.1162679	940.1163688	0.0		0.0	0.0	0.0	0.0	2.0	2.0	0.0
"CAL59"	0.432361978	"CAL"	123.0	2.0	6.3	0.597	3.04			5.0	4876.689059	4899.881893	0.0	0.597142499	19.02769476	19.62483726	1.228246202	290.2756422	29.60262708	107.4010484	0.164586616	0.904132346		0.108598129	0.050929095		2018.0	0.0	2.079352532	0.0	2.079352532	736.285871	986.5623177	810.005003	1060.28145	0.0		0.0	0.0	0.0	0.0	6.0	3.0	0.0
"CAL60"	0.450184988	"CAL"	156.0	2.0	6.2	1.592	6.38			7.0	5413.22097	5461.27877	0.0	2.513580773	22.45841184	24.97199261	1.379266057	322.900021	19.67252545	99.81753979	0.201025689	0.989434707		0.130198992	0.058606675		2018.0	0.0	2.08818342	0.0	2.08818342	774.7838551	1042.229919	845.4282789	1112.874343	0.0		0.0	0.0	0.0	0.0	6.0	4.0	0.0
"CAL61"	0.341565363	"CAL"	107.0	2.0	5.2	0.624	3.04			5.0	4019.93775	4002.11903	0.0	0.623728335	19.9015334	20.52526174	1.151646218	146.5378934	56.71703135	190.2110893	0.121325812	0.947155255		0.019572275	0.036830708	0.026762168	2018.0	0.0	1.010918477	0.0	1.010918477	438.9767671	658.7441946	488.5620341	708.3294616	0.0		0.0	0.0	0.0	0.0	5.0	2.0	0.0
"CAL62"	0.403530438	"CAL"	111.0	2.0	4.9	0.412	1.83			5.0	4564.279075	4489.122389	0.0	0.411601296	22.09375797	22.50535927	1.340733264	260.5187252	66.82628034	265.1459357	0.109479061	1.058616682		0.081701437	0.064173933	0.026762168	2018.0	0.0	0.122797485	0.0	0.122797485	578.9986321	823.2972244	638.8289067	883.127499	0.0		0.0	0.0	0.0	0.0	5.0	4.0	0.0
"TOR37"	0.426724393	"TOR"	126.0	4.0	6.2	0.515	2.52	1.0	0.049	16.0	8751.625854	8373.248598	0.0	6.166252326	14.23974614	20.40599847	1.378446074	199.7399049	2444.332041	1351.535439	0.083266886	1.066108602	0.013526112	0.163592922	0.022732327	0.017036285	2018.0	0.744719349	1.578075289	0.0	2.322794638	1346.590259	1860.762732	1440.802239	1954.974712	0.0	3.537961051	0.0	0.0	0.0	0.0	1.0	4.0	0.0
"CAL68"	0.477167443	"CAL"	103.0	2.0	6.0	0.558	3.27			5.0	3319.869761	3218.234357	0.0	2.963376068	14.08527347	17.04864954	1.03952154	112.9829945	44.88631593	182.8456411	0.10323787	0.761872776		0.070721656	0.028453695	0.075235543	2018.0	0.0	0.0	0.0	0.0	377.1569188	540.759957	414.170786	577.7738243	0.0		0.0	0.0	0.0	0.0	1.0	2.0	0.0
"TOR915"	0.365876145	"TOR"	144.0	5.0	5.7	7.579	29.78	8.0	0.314	16.0	14435.44256	14169.39065	0.0	5.733229677	19.71899024	25.45221992	1.488721205	1718.540492	3086.457702	3327.155701	0.083339812	1.225490872	0.024943213	0.081030055	0.00623656	0.067680692	2018.0	0.0	0.796642477	0.138635865	0.935278342	1551.981459	2270.972015	1647.152981	2366.143538	0.0	2.986334213	0.0	1.0	0.0	0.0	8.0	1.0	0.0
"CAL70"	0.29334641	"CAL"	58.0	4.0	4.6	0.08	0.63			5.0	2616.878163	2583.314303	0.0	0.088643848	12.55758875	12.6462326	0.909270718	173.0265233	142.4877427	261.1134611	0.148358588	0.739887788		0.013764055	0.002642181	0.004618102	2018.0	0.0	0.579161408	0.0	0.579161408	301.953961	428.7133487	337.6437832	464.403171	0.0		0.0	0.0	0.0	0.0	1.0	4.0	0.0
"CAL71"	0.629992416	"CAL"	122.0	2.0	6.3	2.229	11.43			9.0	1788.115283	1808.561586	0.0	4.222670604	15.2794574	19.502128	1.441376252	57.98046796	40.95582117	77.44641057	0.475249316	0.670605311	0.196179785	7.80597E-7	0.075109105	0.01740642	2018.0	0.0	0.134475655	0.0	0.134475655	212.9414684	315.2117082	227.4314316	329.7016714	0.0		0.0	0.0	0.0	0.0	6.0	1.0	0.0
"TOR913"	0.417943849	"TOR"	167.0	2.0	6.5	3.481	13.45	8.0	0.309	15.0	10368.39564	10680.6424	0.0	4.342902925	21.54280332	25.88570625	1.410773622	433.8033778	2358.031234	1371.169587	0.285118953	1.026020386		0.037161885	0.015328563	0.04714384	2018.0	0.0	0.0	1.552025833	1.552025833	1236.311732	1737.797524	1370.043379	1871.52917	0.0	3.739803855	0.0	0.0	0.0	0.0	5.0	4.0	4.0
"CAL8"	0.263895056	"CAL"	138.0	1.0	6.3	0.094	0.43			10.0	5492.606858	5233.613157	0.0	0.094259889	21.89082737	21.98508726	1.3958604	254.9119978	847.5675685	2144.547856	0.17587585	1.183940851			0.015236079	0.020603528	2018.0	0.0	1.09799463	0.062374481	1.160369111	336.3829121	505.0061686	380.6676711	549.2909275	0.0	0.287462133	1.0	0.0	0.0	0.0	2.0	2.0	0.0
"CAL80"	0.587521748	"CAL"	85.0	3.0	4.8	0.41	2.32			4.0	3255.871443	3199.421648	0.0	0.409542737	17.27728613	17.68682886	1.449370522	90.12339537	497.3074514	371.895128	0.295220244	0.8857063		0.032136388	0.157446944	0.025406052	2018.0	0.0	2.262073577	1.810899658	4.072973235	369.9242558	503.5566844	395.1358394	528.7682681	0.0		0.0	0.0	0.0	0.0	2.0	3.0	0.0
"CAL82"	0.636915696	"CAL"	145.0	2.0	8.1	1.37	7.65			7.0	2246.906751	2298.201972	0.0	1.489864119	16.41109363	17.90095774	0.880624169	89.93755256	6.513695246	15.67328091	0.075954166	0.400916423		0.170397473	0.233356092		2018.0	0.0	1.246971942	0.0	1.246971942	244.5974939	386.9882586	270.4380246	412.8287894	0.0		0.0	0.0	0.0	0.0	2.0	3.0	0.0
"CAL83"	0.650942426	"CAL"	128.0	2.0	7.3	0.792	4.53			7.0	2377.342511	2476.208004	0.0	1.610660841	15.85947669	17.47013753	0.854431873	63.8421542	5.653936973	2.878664675	0.135547844	0.380573996		0.230860899	0.107449123		2018.0	0.0	1.648061656	0.0	1.648061656	251.769731	398.1198239	276.1764194	422.5265123	0.0		0.0	0.0	0.0	0.0	2.0	2.0	0.0
"TOR908"	0.347195567	"TOR"	77.0	3.0	5.3	0.044	0.3			6.0	6434.699136	6485.267791	0.0	2.651299028	11.94543706	14.59673609	1.105068719	510.5033283	1540.14839	2088.209659	0.117936537	0.898783503	0.021885451	1.47282E-6	0.002195001	0.060375559	2018.0	0.4021757	1.093643355	0.757647619	2.253466674	822.8267399	1108.479459	893.0146451	1178.667364	0.0	0.108437583	0.0	0.0	0.0	0.0	0.0	4.0	0.0
"CAL86"	0.423074466	"CAL"	86.0	2.0	4.4	0.252	1.3			4.0	3045.196553	3144.314341	0.0	1.35918641	18.03317984	19.39236625	1.273366956	86.91676126	1.196537365	42.65536737	0.257963669	0.920978744		0.049203901	0.012884202	0.032336443	2018.0	0.0	1.320035377	0.0	1.320035377	399.4659032	561.7048462	430.2426304	592.4815735	0.0	0.284014804	0.0	0.0	0.0	0.0	4.0	2.0	0.0
"CAL89"	0.227431916	"CAL"	84.0	1.0	5.4	0.357	2.31			1.0	3043.435082	3103.709843	0.0	0.356804001	15.10691401	15.46371801	0.94553727	61.52877915	5.893283198	6.745933441	0.082052457	0.836333523			0.01327894		2018.0	0.0	1.430639732	0.0	1.430639732	439.6270669	620.000504	460.0918028	640.4652398	0.0		0.0	0.0	0.0	0.0	2.0	2.0	0.0
"CAL94"	0.507127114	"CAL"	34.0	1.0	4.1	3.941	46.98			1.0	1008.903017	1010.657558	0.0	1.557531959	6.831524432	8.389056391	0.501103721	87.49599478	1.992866568	0.055414534	0.192000435	0.255421665			0.047951105		2018.0	0.0	0.673442185	0.0	0.673442185	148.4262764	212.0880477	156.7593067	220.421078	0.0	0.089914577	0.0	0.0	0.0	0.0	0.0	0.0	0.0
"CAL96"	0.384546003	"CAL"	66.0	3.0	4.3	0.242	1.58			5.0	4706.910094	4584.109753	0.0	2.257332098	13.0375281	15.29486019	1.05603249	437.3391852	81.30365612	528.5687666	0.133029171	0.832769834		0.031228547	0.018424859	0.0405801	2018.0	0.0	1.443847285	0.0	1.443847285	710.6488874	988.1725406	773.7979152	1051.321568	0.0		0.0	0.0	0.0	0.0	6.0	3.0	0.0
"CAL98"	0.335982515	"CAL"	84.0	4.0	5.5	0.292	1.93			4.0	5025.402505	4848.78452	0.0	0.914612247	14.23670011	15.15131236	1.100060064	421.9343776	86.16091283	545.0891399	0.151312773	0.881728008		0.001429022	0.010899371	0.054690912	2018.0	0.0	1.567916782	0.120018075	1.687934857	790.7853947	1079.489552	853.9615427	1142.6657	0.0		0.0	0.0	0.0	0.0	8.0	2.0	0.0
"MTL1244"	0.55852572	"MTL"	119.0	2.0	4.7	6.615	26.1	4.0	0.158	3.0	7109.365621	6795.401365	0.0	5.621634235	19.71834912	25.33998335	1.420039062	82.5123937	1496.541034	2413.502348	0.079184582	0.910379759		0.249004283	0.135077628	0.046392809	2018.0	0.907364154	0.0	2.396057371	3.303421525	888.5508081	1246.750477	960.4141318	1318.6138	0.0		0.0	0.0	2.0	0.0	0.0	0.0	3.0
"MTL1252"	0.528954325	"MTL"	168.0	4.0	5.5	9.82	32.37	9.0	0.297	19.0	16974.39773	16179.97471	0.085346814	10.26378972	19.98818113	30.33731766	1.583594155	1746.134798	1423.367108	6730.787113	0.061487944	1.120070609	0.038554877	0.117769356	0.058800522	0.186910825	2018.0	0.0	0.0	0.378754809	0.378754809	2458.990513	3198.416888	2694.635884	3434.062258	0.0	1.237520798	0.0	2.0	1.0	0.0	24.0	0.0	0.0
"MTL1254"	0.389275969	"MTL"	148.0	5.0	5.3	4.565	16.46	3.0	0.108	9.0	9824.622695	9625.305211	0.0	4.495028814	23.24359247	27.73862128	1.519010426	794.8711791	653.8243354	2684.937252	0.150715409	1.205042918	0.003802093	0.02056488	0.036415776	0.102469352	2018.0	1.870880291	0.0	0.0	1.870880291	1590.064038	2141.327897	1716.800445	2268.064303	0.0		0.0	0.0	2.0	0.0	25.0	0.0	0.0
"MTL1261"	0.414084408	"MTL"	99.0	2.0	4.9	11.82	58.04	4.0	0.196	6.0	8755.362154	8400.80544	0.393839064	6.379991747	13.5903457	20.36417651	0.986745733	865.4516372	645.2770858	2797.749637	0.049484687	0.740062521		0.004911403	0.15571171	0.036575409	2018.0	0.505654867	0.0	2.597020712	3.102675579	1492.329745	2024.722769	1625.496529	2157.889553	0.0		0.0	0.0	0.0	0.0	0.0	0.0	0.0
"TOR4"	0.418091857	"TOR"	71.0	1.0	4.4			2.0	0.123	6.0	6419.807206	6331.229183	0.0	6.114579979	10.12131028	16.23589026	1.22202798	407.0896388	358.3101866	1106.830631	0.049528518	0.966335154	0.026051833	0.105896847	0.061931143	0.007690861	2018.0	0.794749527	0.0	0.0	0.794749527	726.4419985	1058.582703	764.6967396	1096.837444	0.0		0.0	0.0	0.0	0.0	0.0	2.0	0.0
"MTL1266"	0.333710419	"MTL"	98.0	2.0	5.0	3.652	18.45	1.0	0.051	1.0	5395.345428	5554.68224	0.0	5.987227723	13.80980351	19.79703123	1.066938695	213.5955894	167.9193443	877.2841935	0.188301327	0.837147865			0.023399664	0.018089843	2018.0	0.613735	0.0	2.795548261	3.409283261	655.1689353	949.4894939	707.5036321	1001.824191	0.0	0.147672979	0.0	0.0	3.0	0.0	0.0	0.0	1.0
"MTL1269"	0.227077151	"MTL"	121.0	3.0	5.2	8.801	38.07	3.0	0.13	3.0	6219.924264	6041.36059	0.0	7.201521147	15.91640065	23.1179218	1.312919604	217.8162674	107.4038655	995.3007529		1.172795983		0.038879719	0.020832304	0.080411595	2018.0	0.0	0.0	3.26475286	3.26475286	954.9125933	1351.563338	1015.264422	1411.915167	0.0	0.073820043	0.0	2.0	6.0	0.0	0.0	0.0	1.0
"MTL1272"	0.362737261	"MTL"	129.0	1.0	5.8	11.369	50.95	6.0	0.269	8.0	10754.43684	10904.30752	0.0	7.552631976	14.76217335	22.31480533	1.12291517	799.526416	762.1260696	3573.297209	0.047104317	0.938778257	0.033602915	0.022936348	0.039456048	0.041037287	2018.0	1.395438932	0.0	0.0	1.395438932	1654.610676	2227.344274	1801.078019	2373.811616	0.0		0.0	0.0	0.0	0.0	0.0	0.0	0.0
"MTL1282"	0.629524134	"MTL"	140.0	6.0	5.4	17.792	68.27	2.0	0.077	19.0	10698.7991	10289.31754	1.806551267	4.577939914	19.67790145	26.06239263	1.37246188	1115.025736	1609.400676	3716.217743	0.024922043	0.720036351	0.014716257	0.362196616	0.187421141	0.063169456	2018.0	0.0	0.0	1.6014632	1.6014632	1836.499934	2456.186577	2004.441452	2624.128094	0.0	0.035434408	0.0	0.0	0.0	0.0	0.0	0.0	0.0
"TOR411"	0.517005217	"TOR"	79.0	2.0	5.9	0.046	0.35			8.0	4578.88327	4539.029781	0.0	4.557558825	8.738643355	13.29620218	1.222298616	287.2960884	124.1099336	450.0142245	0.453063904	0.663407289	0.040193315		0.03120808	0.034426032	2018.0	0.020148267	1.29269E-4	0.0	0.020277536	560.4552278	812.0504738	609.0989121	860.6941581	0.0		0.0	0.0	0.0	0.0	0.0	3.0	0.0
"TOR87"	0.504629821	"TOR"	51.0	3.0	5.0	0.071	0.7	2.0	0.197	5.0	6442.267171	5673.891962	0.0	2.775309551	7.395086414	10.17039596	0.878857733	464.6629241	827.0792584	1267.734703	0.107693015	0.535967807		0.221309598	0.004930896	0.008956438	2018.0	0.0	0.290353306	0.0	0.290353306	924.2199761	1344.439811	987.969567	1408.189402	0.0		0.0	0.0	0.0	0.0	1.0	0.0	0.0
"TOR42"	0.630967638	"TOR"	46.0	2.0	4.6	0.819	8.19			7.0	4017.31488	4144.469712	0.0	5.774964842	4.22868458	10.00364942	0.870119473	213.3885674	19.10910824	300.5832675	0.13087269	0.425000869		0.253724038	0.03207997	0.028441884	2018.0	0.0	0.166924594	0.0	0.166924594	487.9903186	749.058993	536.1251135	797.1937879	0.0		0.0	0.0	0.0	0.0	0.0	3.0	0.0
"MTL1320"	0.4379644	"MTL"	153.0	2.0	5.8	11.94	45.09	4.0	0.151	10.0	10773.5112	10063.0201	0.964854929	6.775376981	18.73754614	26.47777805	1.420587499	333.2446346	1861.18853	4410.393452	0.057069615	1.025060059		0.273994589	0.023736788	0.040726436	2018.0	0.487058479	0.036357173	2.338608077	2.862023729	1357.769051	1833.437877	1508.578173	1984.246999	0.0	0.964598723	0.0	0.0	2.0	0.0	0.0	0.0	0.0
"MTL1321"	0.368675824	"MTL"	154.0	4.0	5.8	14.448	54.16	3.0	0.112	7.0	11546.99877	11177.51467	2.840746393	5.016520865	18.82119942	26.67846668	1.389301773	589.7089791	1710.793575	4403.568077	0.213185151	1.076185147			0.027924815	0.072006645	2018.0	0.0	0.14924982	4.606586183	4.755836002	1573.798039	2245.511046	1720.807356	2392.520363	0.0	1.837084568	0.0	0.0	8.0	0.0	0.0	0.0	0.0
"MTL1328"	0.619258429	"MTL"	68.0	1.0	4.3	8.222	51.96	2.0	0.126	11.0	6123.032489	6046.751512	0.13416261	4.519160726	11.16967982	15.82300316	0.950333206	258.4140553	1233.359669	2379.678193	0.035664212	0.612203365	0.036430827	0.087690369	0.127648477	0.039898519	2018.0	0.902020919	0.430076753	0.561499098	1.89359677	915.8778159	1159.027359	1002.426951	1245.576494	0.0	0.378533818	0.0	0.0	1.0	0.0	0.0	0.0	0.0
"TOR427"	0.423628759	"TOR"	152.0	5.0	6.4	5.334	22.59	3.0	0.127	28.0	20391.46396	17537.85277	0.0	10.1289521	13.48347981	23.61243191	1.284552531	1329.872866	1931.863212	11100.04368	0.104566862	0.986812552	0.090619938		0.011931917	0.090621268	2018.0	0.0	0.682382401	1.507871418	2.190253819	1029.725641	1351.220185	1219.46888	1540.963423	0.0	0.708457283	0.0	3.0	0.0	0.0	3.0	1.0	0.0
"MTL1332"	0.583211086	"MTL"	137.0	8.0	5.2	8.406	31.74	2.0	0.076	15.0	12167.898	11885.71291	1.260309615	4.868452055	20.35380727	26.48256894	1.575471228	1026.716874	2543.801347	5474.195401	0.133811679	1.02198483	0.059330675	0.065516022	0.040872142	0.253955893	2018.0	0.568774142	0.0	2.396538506	2.965312648	1392.663518	1806.771605	1549.68608	1963.794167	0.0	1.990991556	0.0	0.0	8.0	0.0	0.0	0.0	0.0
"MTL1335"	0.612734023	"MTL"	117.0	7.0	4.9	9.574	39.74	2.0	0.083	19.0	11718.0389	11316.95767	1.186517493	6.621774018	16.28461713	24.09290864	1.544718272	866.1732053	2611.738915	5638.898255	0.087227502	0.910896601	1.72722E-4	0.291826693	0.08639182	0.16820294	2019.0	0.478811046	0.0	2.693609092	3.172420137	1212.154928	1552.952399	1373.011424	1713.808895	0.0	0.575751529	0.0	0.0	1.0	0.0	0.0	0.0	0.0
"MTL1338"	0.558829945	"MTL"	139.0	5.0	6.1	14.851	65.61	5.0	0.221	17.0	9990.083982	9842.841265	0.0	10.24313387	12.39178293	22.63491679	1.445781976	753.2577889	2263.82203	4704.462989	0.28612426	0.83251918			0.064916256	0.262222279	2018.0	0.887398855	0.163993617	6.105400176	7.156792648	1263.753981	1643.050499	1384.177244	1763.473762	0.0	5.670814023	0.0	3.0	1.0	0.0	2.0	0.0	0.0
"MTL1354"	0.523880284	"MTL"	113.0	5.0	4.4	17.3	67.06	5.0	0.194	22.0	19151.09965	18758.11874	0.057642336	9.373641357	16.36775851	25.79904221	1.576285684	1168.762236	3787.167427	9590.007835	0.328192217	1.029810391		0.112321686	0.041007456	0.06495394	2018.0	0.453492922	0.0	3.423993914	3.877486836	2359.908043	3085.68345	2626.23513	3352.010537	0.0	7.421876837	0.0	0.0	23.0	0.0	0.0	0.0	0.0
"MTL1357"	0.406028404	"MTL"	119.0	12.0	4.2	18.343	65.3	2.0	0.071	22.0	17753.54181	17245.5974	0.0	8.735832821	19.35518893	28.09102175	1.634676983	1799.937764	4431.000839	7751.730163	0.184074348	1.250300225	0.016325401		0.027321938	0.156655073	2018.0	0.0	0.0	8.664338772	8.664338772	2378.773544	3117.7748	2639.111993	3378.113249	0.0	7.095006806	0.0	1.0	7.0	0.0	4.0	0.0	0.0
"MTL1359"	0.514831048	"MTL"	145.0	14.0	4.8	21.489	71.56	7.0	0.233	26.0	21247.94891	21104.82834	0.0	10.53640882	19.4939401	30.03034892	1.621951755	1191.143115	5763.763163	10675.24137	0.206697986	1.112621722		0.065065734	0.044162006	0.193404297	2018.0	0.0	0.0	6.833084379	6.833084379	2592.612808	3409.958888	2857.081696	3674.427777	0.0	9.157101463	0.0	1.0	30.0	0.0	3.0	0.0	0.0
"TOR441"	0.60027332	"TOR"	65.0	3.0	5.6	2.603	22.44	3.0	0.259	12.0	3745.270244	3750.127616	0.0	4.770409806	6.827128712	11.59753852	0.753280128	248.6128419	742.7643322	807.0783625	0.170063325	0.424937928	0.022386181	0.01100948	0.009598662	0.115284541	2018.0	0.0	0.163518749	0.0	0.163518749	492.735362	682.8512241	529.1461178	719.2619799	0.0	0.161424107	0.0	0.0	0.0	0.0	0.0	3.0	0.0
"TOR444"	0.411935295	"TOR"	302.0	10.0	7.7	17.005	43.36	4.0	0.102	29.0	17804.46326	18471.4272	0.0	11.22381586	27.99281302	39.21662888	1.565374423	599.6075465	5192.607877	5828.778094	0.055053792	1.143064248			0.069799457	0.297456919	2018.0	0.0	0.0	2.199244463	2.199244463	1161.637103	1596.64256	1271.411191	1706.416647	0.0	2.323481877	0.0	2.0	10.0	0.0	4.0	4.0	0.0
"MTL1368"	0.418751766	"MTL"	151.0	3.0	5.5	21.214	77.34	1.0	0.036	14.0	13141.93539	13086.92696	0.0	8.048616602	19.38153595	27.43015255	1.539015146	1313.712696	2621.047628	5853.975469	0.253639412	1.154807891		7.14123E-4	0.052327469	0.02850224	2018.0	1.1931271	0.458296883	2.071176162	3.722600145	1866.551458	2395.961689	2030.404567	2559.814798	0.0	0.478771609	0.0	11.0	2.0	0.0	2.0	0.0	0.0
"MTL1372"	0.560315535	"MTL"	83.0	8.0	4.3	14.563	74.87	7.0	0.36	7.0	11575.39436	11740.41185	0.0	3.516680037	15.93480029	19.45148033	1.317592054	1070.049996	1616.814077	4161.647512	0.056169108	0.758865349		0.041726754	0.380968761	0.079862079	2018.0	0.0	0.569728433	0.858116198	1.427844631	2023.526127	2735.295133	2222.463041	2934.232047	0.0		0.0	0.0	0.0	0.0	0.0	0.0	0.0
"MTL1373"	0.397140929	"MTL"	133.0	18.0	4.3	20.981	67.24	7.0	0.224	28.0	20132.90227	20181.91431	0.0	9.042592908	22.16116454	31.20375744	1.726738585	706.525834	7120.310047	10420.99353	0.129559392	1.338068291		0.04414942	0.012572503	0.202388979	2018.0	0.0	0.0	10.70621361	10.70621361	2403.824017	3195.080851	2613.668879	3404.925713	0.0	9.785882651	0.0	2.0	36.0	0.0	4.0	0.0	0.0
"MTL1374"	0.440294908	"MTL"	152.0	4.0	4.7	19.91	61.98	7.0	0.218	22.0	22959.23585	21551.25167	0.0	7.831629847	24.29331565	32.12494549	1.69498411	1041.803562	5115.728042	11081.1095	0.109618947	1.26584689		0.22598288	0.026920041	0.066615358	2018.0	0.1022067	0.0	6.584493672	6.686700372	2945.878113	3775.706393	3257.721914	4087.550194	0.0	8.962554672	0.0	0.0	21.0	0.0	0.0	0.0	0.0
"TOR449"	0.437555755	"TOR"	159.0	6.0	7.0	4.115	18.09	3.0	0.132	17.0	10919.3505	10711.96934	0.0	4.97283417	17.77196985	22.74480402	1.323751515	403.510463	2654.279773	2610.847079	0.116870741	1.006908412		0.099855399	0.020957322	0.079159635	2018.0	1.718255026	1.001629273	0.0	2.7198843	1550.542604	2143.086278	1664.938745	2257.48242	0.0	2.421980526	0.0	0.0	0.0	0.0	3.0	5.0	0.0
"MTL1379"	0.598065947	"MTL"	176.0	8.0	5.2	25.785	75.78	5.0	0.147	27.0	12624.16653	12361.22035	2.359998588	13.08191184	18.58256045	34.02447088	1.681311844	936.5584723	2594.094683	4758.941593	0.053409994	1.009806668		0.177905114	0.309054648	0.13113542	2018.0	0.0	0.895841943	1.754050843	2.649892786	1659.45506	2249.437292	1811.720908	2401.703141	0.0		0.0	0.0	0.0	0.0	0.0	0.0	0.0
"MTL1384"	0.595170608	"MTL"	143.0	6.0	5.3	15.59	58.02	4.0	0.149	33.0	16728.95447	16162.98174	1.241129532	7.243715701	18.38510376	26.86994899	1.689833067	968.7370099	4694.251245	9190.101709	0.100407679	0.987929096	0.046890596	0.424002452	0.019243774	0.111359481	2018.0	0.691168984	0.0	3.645268413	4.336437397	1368.040544	1726.799283	1524.6804	1883.439139	0.0	0.735466546	0.0	0.0	5.0	0.0	0.0	0.0	0.0
"TOR452"	0.339973117	"TOR"	43.0	1.0	3.8	0.557	4.88			3.0	4664.857095	4769.354875	0.0402107	4.145800706	7.224248481	11.41025989	0.880465425	624.0837832	230.3166955	639.3907811	0.054634634	0.738202951	0.017160121	0.00785012	0.011829435	0.050788168	2018.0	1.503683602	0.0	0.0	1.503683602	548.2087857	817.7838152	570.2605894	839.8356189	0.0		0.0	0.0	0.0	0.0	0.0	0.0	0.0
"MTL1388"	0.469702735	"MTL"	157.0	9.0	5.2	16.538	54.92	8.0	0.266	44.0	22430.83528	21553.91426	2.625859623	8.187330259	19.30239439	30.11558428	1.585391168	1484.623635	7438.783271	11993.58583	0.173440725	1.15955814	0.003530775	0.065587232	0.027017818	0.156256489	2018.0	1.837628088	0.093254351	7.192644212	9.123526651	2123.284824	2604.516864	2377.394559	2858.626599	0.0	2.741314348	0.0	0.0	12.0	0.0	1.0	0.0	2.0
"MTL1393"	0.543808636	"MTL"	159.0	5.0	5.1	20.874	67.01	8.0	0.257	32.0	18067.7743	17770.57059	2.707509741	9.908555714	18.53460411	31.15066957	1.619676802	1442.321741	3797.447976	7905.940925	0.07963718	1.08948528		0.097510806	0.226823749	0.126219773	2019.0	0.036069711	0.610508748	3.122678596	3.769257054	2482.445504	3343.114661	2698.695814	3559.36497	0.0		0.0	0.0	0.0	0.0	0.0	0.0	0.0
"MTL1394"	0.389384647	"MTL"	117.0	4.0	4.1	15.912	55.32	7.0	0.243	31.0	19210.79829	18711.34528	1.970788003	9.986204689	16.80531151	28.76230421	1.63432821	832.4456847	6626.637175	10178.34892	0.17140303	1.287284494		0.103520125	0.012876528	0.059244036	2018.0	0.606324634	0.427045779	6.765843108	7.799213521	1900.469898	2457.025532	2146.586588	2703.142222	0.0	7.721575781	0.0	1.0	29.0	0.0	3.0	0.0	0.0
"TOR459"	0.531725978	"TOR"	48.0	3.0	4.0	0.067	0.56	1.0	0.083	6.0	4464.094905	4273.45058	0.0	4.055397979	8.013391731	12.06878971	0.97396399	297.3987315	938.1582633	520.4806112	0.053208103	0.682424443	0.107931918	0.017212111	0.025014545	0.088172856	2018.0	0.0	0.0	0.0	0.0	539.1103983	778.2092981	587.8254519	826.9243517	0.0		0.0	0.0	0.0	0.0	1.0	0.0	0.0
"TOR829"	0.638609085	"TOR"	52.0	3.0	4.4					7.0	6040.569309	6330.784368	0.0	6.400267037	5.462447868	11.86271491	0.972679533	426.2130575	13.88217656	1206.72672	0.052575529	0.530724973	0.010639811	0.250691682	0.051305717	0.076741812	2018.0	0.244241397	0.201241419	0.0	0.445482816	595.0432646	858.0035193	632.6781018	895.6383564	0.0		0.0	0.0	0.0	0.0	0.0	0.0	0.0
"TOR460"	0.556047204	"TOR"	69.0	3.0	4.8	3.221	22.45	1.0	0.07	12.0	8333.131558	8470.79557	0.0	5.982298079	8.36370465	14.34600273	1.195231099	599.7952819	702.8463251	2218.728837	0.097790343	0.801269729	0.029139011	0.038564422	0.042216637	0.186250955	2018.0	0.901043566	0.511079758	0.0	1.412123324	1267.915461	1787.693903	1358.101889	1877.880331	0.0		0.0	0.0	0.0	0.0	1.0	2.0	0.0
"TOR461"	0.244664212	"TOR"	121.0	5.0	4.9	0.587	2.39	8.0	0.325	12.0	10516.08184	10402.2747	0.0	7.747636858	16.83438154	24.5820184	1.568526955	308.6533675	2994.721579	1361.685388	0.11328984	1.377862069	0.008450244		0.002553327	0.066371467	2018.0	0.0	1.116545591	0.0	1.116545591	1753.005815	2413.883403	1866.967319	2527.844907	0.0	4.816717479	0.0	1.0	4.0	0.0	8.0	1.0	1.0
"MTL1406"	0.423623338	"MTL"	184.0	7.0	5.6	21.677	65.67	8.0	0.242	47.0	22768.28491	21985.34197	1.108942215	9.370633769	22.52861426	33.00819024	1.604383238	1543.711829	8007.760723	11643.87916	0.252506321	1.178185722			0.014009629	0.141315823	2018.0	3.354873988	0.093254351	6.061784116	9.509912455	2382.856511	2939.817247	2650.323551	3207.284287	0.0	2.387226658	0.0	1.0	18.0	2.0	3.0	0.0	0.0
"MTL1409"	0.418350258	"MTL"	137.0	9.0	4.6	19.521	65.58	8.0	0.269	20.0	13668.7722	13275.68903	0.514239237	8.699958581	20.55459897	29.76879679	1.655343605	1055.322072	3227.588087	5612.633834	0.062839268	1.316081933	0.011007218	0.101073083	0.038504502	0.116478258	2018.0	1.985685139	0.0	2.10931009	4.094995229	1796.395524	2447.147189	1954.886947	2605.638612	0.0		0.0	8.0	3.0	0.0	5.0	0.0	0.0
"MTL1411"	0.289850034	"MTL"	109.0	8.0	3.8	18.392	64.31	10.0	0.35	41.0	22676.08225	21269.30694	0.441943104	10.65544164	17.50312928	28.60051403	1.612313446	1285.085406	7248.378946	11685.26425	0.055140094	1.335338607			0.007125907	0.214708833	2019.0	1.693039919	0.0	7.285613407	8.978653325	2298.697542	2929.880525	2548.130189	3179.313172	0.0	6.512794959	0.0	0.0	10.0	0.0	5.0	0.0	0.0
"MTL1412"	0.514961596	"MTL"	113.0	5.0	4.2	14.159	52.62	9.0	0.334	31.0	17718.02425	16470.48354	0.426207243	13.45350501	13.02850473	26.90821698	1.547110935	996.3136512	4852.719867	9610.361515	0.227948609	1.042602871		0.188817568	0.026002629	0.061739266	2018.0	2.598728287	0.8432234	3.811369748	7.253321434	1672.30939	2025.234069	1926.837679	2279.762358	0.0	5.715859443	0.0	0.0	12.0	0.0	6.0	0.0	0.0
"MTL1419"	0.611779079	"MTL"	96.0	9.0	4.3	13.889	62.19	3.0	0.134	22.0	10729.65758	10299.62582	0.0	9.44045641	12.89173871	22.33219512	1.448730658	733.263218	2535.029239	4898.566313	0.17097181	0.882755352		0.156023453	0.068993054	0.169987008	2018.0	0.238270897	0.0	5.443640125	5.681911022	1269.854618	1759.681502	1415.728049	1905.554933	0.0	0.217070809	0.0	5.0	0.0	0.0	7.0	0.0	1.0
"MTL1420"	0.478495255	"MTL"	221.0	10.0	6.0	27.621	75.07	10.0	0.272	47.0	22548.8725	21558.2998	0.0	14.72151706	22.07399535	36.79551241	1.608984329	1533.959595	6565.455766	12183.30373	0.120744067	1.167804757		0.165304667	0.027278051	0.127852787	2018.0	1.874601367	0.162507348	6.682384259	8.719492974	1996.070684	2449.29014	2255.456489	2708.675945	0.0	3.242676736	0.0	1.0	25.0	2.0	1.0	0.0	0.0
"MTL1424"	0.520999219	"MTL"	125.0	3.0	4.4	20.725	72.64	7.0	0.245	31.0	20231.8389	19828.33268	0.001664838	8.551344466	19.97989319	28.53290249	1.705010251	761.6557194	7443.673279	10002.0156	0.323297968	1.149378759	0.031657409	0.052538452	0.024715158	0.12342251	2018.0	0.0	0.0	7.415889305	7.415889305	2178.93967	2765.959957	2414.487047	3001.507334	0.0		0.0	0.0	0.0	0.0	0.0	0.0	0.0
"MTL1425"	0.437405818	"MTL"	155.0	4.0	4.9	19.639	62.15	4.0	0.127	39.0	21406.99385	19450.73063	0.0	11.10119753	20.49701759	31.59821512	1.635545623	1037.906391	6760.110264	11222.7027	0.135504302	1.233565269		0.063479261	0.025542861	0.177453919	2019.0	0.670999317	0.0	7.094078962	7.765078279	1999.65162	2499.35598	2263.743913	2763.448273	0.0	2.748665895	0.0	0.0	10.0	0.0	4.0	0.0	0.0
"TOR814"	0.684892299	"TOR"	74.0	5.0	5.0	3.366	22.58	4.0	0.268	12.0	5440.143774	5623.251061	0.0	6.83353085	8.072822205	14.90635306	1.322861307	417.4844354	143.221334	599.113218	0.277716687	0.656305321	0.059943817	0.023046071	0.013992996	0.26659118	2018.0	0.0	3.395108114	0.0	3.395108114	622.1090719	956.3311622	675.7586075	1009.980698	0.0		0.0	0.0	0.0	0.0	2.0	3.0	0.0
"MTL1435"	0.40337805	"MTL"	140.0	6.0	4.7	21.75	73.04	8.0	0.269	19.0	12110.01931	11675.16146	0.0	7.408292049	22.36945301	29.77774506	1.723741797	975.4944749	3242.050621	4775.773663	0.072739929	1.350225735			0.044676898	0.194317978	2018.0	0.260148767	0.654931393	3.416079951	4.331160111	1670.22712	2253.811237	1821.972851	2405.556968	0.0	0.324846176	0.0	30.0	13.0	0.0	6.0	1.0	0.0
"MTL1437"	0.520915107	"MTL"	102.0	3.0	5.1	13.457	67.66	4.0	0.201	10.0	8314.799952	8064.723757	0.0	6.761420793	13.12660238	19.88802317	1.25880602	956.8438102	1716.987035	3131.567055	0.071712463	0.878552281	0.002527055	0.161709069	0.053128114	0.090861028	2019.0	0.0	0.0	2.05618068	2.05618068	1394.711235	1777.659094	1525.653625	1908.601485	0.0	0.324846176	0.0	23.0	7.0	0.0	6.0	0.0	0.0
"MTL1443"	0.552837901	"MTL"	72.0	8.0	3.9	12.622	68.25	8.0	0.433	18.0	16737.15609	17278.58539	0.0	5.436121438	13.05872403	18.49484546	1.034329924	1533.090933	3531.238961	7220.845779	0.107285264	0.671888984		0.098058764	0.016471394	0.140511854	2018.0	0.0	0.0	3.171171502	3.171171502	2163.52114	2874.838314	2397.189394	3108.506568	0.0	0.016070352	0.0	0.0	0.0	0.0	0.0	0.0	0.0
"MTL1444"	0.512549212	"MTL"	151.0	2.0	5.8	13.444	51.56	4.0	0.153	24.0	14018.48076	11297.37569	0.070254842	10.59609648	15.40683882	26.07319014	1.394092419	570.4236799	1110.812725	5572.661975	0.044240848	0.779095818		0.495231865	0.032758088	0.042765805	2018.0	1.669002026	0.0	1.816900804	3.485902831	1609.791129	2249.480102	1793.493207	2433.18218	0.0	1.436629359	0.0	2.0	8.0	0.0	0.0	2.0	7.0
"TOR48"	0.521567542	"TOR"	67.0	3.0	4.8	0.659	4.68			7.0	4043.097078	4071.773503	0.0	4.100453749	9.98177844	14.08223219	1.034471747	53.06762568	43.12675127	61.7436582	0.081071035	0.683526895	0.026327181		0.041580317	0.201966322	2018.0	0.426784278	0.0	0.0	0.426784278	501.4927035	770.106794	544.3102083	812.9242988	0.0		0.0	0.0	0.0	0.0	0.0	2.0	0.0
"MTL1448"	0.648687024	"MTL"	114.0	3.0	5.2	5.385	24.66	2.0	0.092	8.0	8762.851927	8383.542228	0.0	7.267921934	14.56627031	21.83419225	1.508238615	930.2640638	1360.182733	2907.241516	0.179386316	0.860010436	0.026161531		0.033484039	0.254379877	2018.0	3.400769078	0.0	1.314054184	4.714823262	1199.945167	1645.131358	1296.539391	1741.725582	0.0		0.0	0.0	3.0	1.0	2.0	1.0	0.0
"MTL1464"	0.55330018	"MTL"	109.0	8.0	4.3	15.111	59.79	5.0	0.198	27.0	24911.33625	25514.20415	0.0	8.204420511	17.06926218	25.27368269	1.626610997	4041.613828	4614.056437	10383.66334	0.12201071	1.108511515	0.042739538	0.141129073	0.025254198	0.186965954	2018.0	0.0	0.0	3.38733414	3.38733414	3454.17154	4698.729466	3763.690903	5008.248829	0.0	3.86476656	0.0	0.0	0.0	0.0	0.0	0.0	0.0
"TOR49"	0.368447503	"TOR"	79.0	5.0	4.8			2.0	0.12	12.0	5732.710919	5892.576233	0.0	6.302276074	10.32433734	16.62661341	1.250398998	415.2035949	130.6185527	354.6167678	0.034966189	0.997409038		0.047494725	0.015025401	0.155503645	2018.0	1.368151483	2.39684768	0.0	3.764999163	600.9457115	883.5094321	643.7465991	926.3103196	0.0		0.0	0.0	0.0	0.0	1.0	3.0	0.0
"MTL1472"	0.332467792	"MTL"	110.0	6.0	4.9	14.768	65.35	7.0	0.31	28.0	12991.51156	13030.54849	0.522852152	8.327761399	13.74825195	22.5988655	1.211769547	1388.036503	3731.473392	5414.684558	0.021283032	0.968107565			0.039175175	0.183203771	2019.0	0.0	0.0	2.697633951	2.697633951	1464.041218	2042.936826	1599.991826	2178.887434	0.0	5.03890254	0.0	0.0	0.0	0.0	0.0	0.0	0.0
"MTL1485"	0.398621956	"MTL"	119.0	4.0	4.6	17.612	68.09	2.0	0.077	7.0	14580.36299	14768.90884	0.0	7.135526899	18.72875131	25.86427821	1.467511549	1581.469128	3385.742261	5274.909639	0.07870451	1.183590243	0.054930233	0.008602018	0.077007183	0.064677374	2018.0	0.0	0.0	1.867226138	1.867226138	2026.008822	2934.661577	2182.458248	3091.111003	0.0	3.453330936	0.0	0.0	0.0	0.0	0.0	0.0	0.0
"TOR79"	0.562444064	"TOR"	66.0	1.0	5.5	0.907	7.55	1.0	0.083	14.0	16161.10808	16312.47228	0.0	3.367200392	8.645276209	12.0124766	0.988196274	3018.570478	1602.691055	5463.264498	0.325766413	0.532601285	0.023860111	0.085261906	0.014010231	0.006696342	2018.0	0.856730432	1.151379314	2.058169918	4.066279663	2731.272081	3584.628785	2972.154027	3825.510732	0.0	0.912088795	0.0	0.0	0.0	0.0	0.0	6.0	0.0
"TOR783"	0.370715463	"TOR"	280.0	9.0	7.9	13.829	38.83	10.0	0.281	27.0	15907.4669	15793.3663	0.0	9.167735283	26.44579914	35.61353443	1.438740407	389.8744508	5148.5843	4945.388832	0.051417516	1.153030537		0.012199663	0.069659932	0.152432708	2018.0	2.666157968	0.637779326	0.241736028	3.545673323	1362.306834	1774.750967	1491.877783	1904.321916	0.0	5.249617582	0.0	1.0	4.0	0.0	9.0	3.0	0.0
"TOR505"	0.578624747	"TOR"	86.0	1.0	5.3	0.493	3.05	2.0	0.124	9.0	7502.123486	6861.018682	0.0	5.374010778	10.78389987	16.15791065	1.335782233	387.1145695	826.9547386	1346.525678	0.131701431	0.532324446		0.602236808	0.061962421	0.00755712	2018.0	0.0	0.485748126	0.0	0.485748126	1061.29752	1568.071857	1149.957806	1656.732144	0.0		0.0	0.0	0.0	0.0	2.0	1.0	0.0
"TOR506"	0.549696964	"TOR"	67.0	5.0	5.5	0.195	1.6	3.0	0.246	9.0	5165.648629	5126.771121	0.0	3.231328499	8.969621241	12.20094974	0.912817874	147.6435936	1223.839144	865.2025455	0.186369992	0.595360282		0.040118604	0.049761487	0.017395124	2018.0	0.0	1.289928819	0.0	1.289928819	874.8230455	1211.572309	945.3725394	1282.121803	0.0	0.619636127	0.0	2.0	0.0	0.0	1.0	2.0	2.0
"TOR509"	0.444089136	"TOR"	76.0	4.0	4.8	0.726	4.61	2.0	0.127	6.0	5557.632096	5669.122747	0.0	5.392241201	10.33937016	15.73161136	1.213909716	119.1439429	550.3006689	853.3999203	0.105159573	0.896692403	0.015369368	0.015981382	0.010337422	0.170369573	2018.0	0.0	0.0	0.192158868	0.192158868	631.2096151	934.7797898	659.8774088	963.4475836	0.0		0.0	0.0	0.0	0.0	1.0	3.0	0.0
"TOR513"	0.093004371	"TOR"	58.0	2.0	4.1			2.0	0.143	5.0	4370.03424	4159.807302	0.0	2.196428493	11.80855583	14.00498432	1.23209934	237.3749425	696.9517621	455.4466777	1.189875261	0.003579325				0.020158773	2018.0	0.0	1.347353075	0.854049812	2.201402887	506.5987977	751.8249404	543.0936702	788.3198129	0.0		0.0	0.0	0.0	0.0	1.0	2.0	0.0
"TOR514"	0.230670396	"TOR"	144.0	4.0	5.8	5.591	22.45	2.0	0.08	14.0	14247.9472	14026.31106	0.648520505	6.610028678	17.64371338	24.90226256	1.397002568	1403.654927	2570.694367	4400.292996	0.041259371	1.253399664		0.026770995	0.005395146	0.070177387	2018.0	3.302427674	1.45996981	0.284647446	5.047044931	1902.793829	2626.672557	2030.184947	2754.063676	9.0	5.257225413	0.0	0.0	0.0	0.0	2.0	0.0	0.0
"TOR515"	0.450002368	"TOR"	18.0	1.0	3.6					0.0	1092.939089	1092.165749	0.0	1.883786281	3.157197904	5.040984184	0.491249838	8.765087859	152.8072999	35.28226844	0.045468552	0.350399561		0.078260183	5.14929E-4		2018.0	0.0	0.0	0.0	0.0	111.6535873	159.4287142	120.8311165	168.6062433	0.0		0.0	0.0	0.0	0.0	0.0	0.0	0.0
"TOR521"	0.488279414	"TOR"	65.0	3.0	3.9			2.0	0.121	10.0	8451.916197	8309.197237	0.0	4.747432772	11.74752001	16.49495279	1.325097578	903.7009767	1619.084242	1791.148253	0.052349293	0.947704239	0.022811547	0.160257882	0.005692714	0.136281907	2018.0	0.0	0.0	0.0	0.0	1058.50995	1543.476148	1123.687662	1608.653861	0.0		0.0	0.0	0.0	0.0	2.0	2.0	0.0
"TOR525"	0.331612214	"TOR"	50.0	2.0	4.2	1.073	8.91	3.0	0.249	9.0	3792.18523	3875.275171	0.0	2.973720873	9.064492168	12.03821304	0.91177671	71.04726714	1148.555072	316.6322097	0.163702266	0.714380416			0.011711053	0.021982963	2018.0	1.776852298	1.333641102	0.073634302	3.184127703	610.1740329	924.6069857	648.3063484	962.7393012	0.0		0.0	0.0	0.0	0.0	3.0	1.0	0.0
"TOR528"	0.195289669	"TOR"	136.0	4.0	5.7	1.232	5.13	9.0	0.374	21.0	15900.4465	15782.89801	0.040759873	7.159880143	16.83347074	24.03411076	1.398182056	1035.234153	3466.661285	5401.699415	0.045909465	1.267634591			0.002957856	0.081680136	2018.0	0.23210171	1.078466273	1.509398357	2.81996634	1820.380961	2394.726607	1957.60357	2531.949216	0.0	1.669136801	0.0	0.0	0.0	0.0	3.0	6.0	0.0
"TOR754"	0.403149606	"TOR"	72.0	5.0	4.5			1.0	0.063	9.0	6010.119311	6137.468157	0.0	5.797543108	10.04348476	15.84102787	1.227585196	380.5974267	159.33405	633.3908304	0.081230078	0.944818658	6.19196E-4	0.010691311	0.031244483	0.158981475	2018.0	1.893364917	0.004953045	0.0	1.898317962	613.0431516	900.7952397	657.7356445	945.4877326	0.0		0.0	0.0	0.0	0.0	0.0	2.0	0.0
"TOR534"	0.444469417	"TOR"	43.0	2.0	4.2			3.0	0.293	4.0	7407.781479	7185.526944	0.0	3.146593122	7.087456413	10.234049540000001	1.086609857	677.3336565	763.2412484	1791.750745	0.294968937	0.719853071		0.033750618	0.004613027	0.033424224	2018.0	0.40361203	1.923519886	0.0	2.327131917	1354.390897	1918.009907	1454.01152	2017.630531	0.0		0.0	0.0	0.0	0.0	2.0	0.0	0.0
"TOR747"	0.608561382	"TOR"	253.0	5.0	8.0	10.391	33.02	3.0	0.095	29.0	24544.33401	19104.84479	0.0	10.96920409	20.50410374	31.47330784	1.522006856	916.6740189	2700.489748	12089.08306	0.157980115	0.839360667		0.385900801	0.039678081	0.099087184	2018.0	2.92910713	1.730144765	0.982544124	5.641796019	1438.550419	1742.208263	1716.933189	2020.591033	0.0	2.606069657	0.0	6.0	6.0	0.0	3.0	1.0	0.0
"MTL1587"	0.353147546	"MTL"	204.0	8.0	6.3	14.645	45.05	2.0	0.062	15.0	9369.984157	9320.56213	0.0	10.59714896	21.90966383	32.50681279	1.528993115	678.4076442	1743.259749	2145.95736	0.065590322	1.263344829		0.046396083	0.039730414	0.113931469	2018.0	0.0	0.0	6.894658147	6.894658147	1397.999366	1953.689987	1487.627208	2043.317829	0.0	0.644383758	0.0	0.0	0.0	0.0	0.0	0.0	0.0
"MTL4636"	0.509738506	"MTL"	173.0	5.0	7.0	8.078	32.68	4.0	0.162	10.0	13022.30763	12924.18123	0.0	7.592499242	17.12786199	24.72036123	1.336899493	1094.891624	769.9065407	4962.622983	0.065057898	0.981910603	0.120129348	0.056221233	0.057233497	0.056346919	2018.0	0.0	0.0	1.390849256	1.390849256	1812.782554	2491.405054	1954.295163	2632.917664	0.0		0.0	0.0	0.0	0.0	0.0	0.0	0.0
"MTL1589"	0.552109502	"MTL"	154.0	9.0	5.9	14.336	55.28	6.0	0.231	25.0	12409.76935	12650.90025	0.0	9.608311379	16.32297502	25.9312864	1.581037063	2470.719969	2105.310128	3365.966915	0.081851206	0.987090912	6.21001E-4	0.355640745	0.04617814	0.109655059	2018.0	1.399516008	0.0	3.297571383	4.697087391	2211.579734	3041.15445	2395.937894	3225.51261	0.0		0.0	0.0	0.0	0.0	0.0	0.0	0.0
"MTL4633"	0.180292619	"MTL"	94.0	1.0	6.1	0.232	1.5			1.0	3566.87362	3649.976306	0.0	0.928819464	14.54489387	15.47371333	0.944636494	137.6362533	276.0690135	289.7162461	0.053404246	0.868921013	0.012749132		0.004180166	0.005381934	2018.0	0.014958392	0.015407394	1.333318027	1.363683813	441.253936	648.4552963	465.9375754	673.1389357	0.0		0.0	0.0	0.0	0.0	0.0	0.0	0.0
"MTL1596"	0.50594587	"MTL"	116.0	12.0	4.7	9.761	39.85	12.0	0.49	23.0	17182.42819	16701.32558	0.0	5.694285112	18.79855956	24.49284467	1.500905296	845.9439696	5375.146888	5569.67419	0.132252125	1.065896453		0.109764489	0.035785093	0.153881716	2018.0	0.830869912	0.0	4.37091717	5.201787082	3751.985555	5024.278845	4076.018208	5348.311498	0.0	0.856388097	0.0	3.0	30.0	0.0	0.0	0.0	0.0
"MTL1597"	0.491655563	"MTL"	94.0	6.0	4.9	7.846	40.92	1.0	0.052	11.0	5840.047419	5622.314521	0.0	7.024495965	12.14873523	19.1732312	0.995675102	501.737749	1392.211157	1939.984769	0.042875093	0.686289471		0.177358424	0.01551218	0.073639932	2018.0	0.0	0.0	1.924361973	1.924361973	818.2546915	1121.141625	890.1114625	1192.998396	0.0	0.273766108	0.0	0.0	0.0	0.0	0.0	0.0	0.0
"MTL1600"	0.220981575	"MTL"	130.0	7.0	5.2	10.78	42.89	3.0	0.119	25.0	17508.23603	17128.29082	0.0	6.059913565	19.07132027	25.13123383	1.376113996	744.4739466	5360.909426	6239.490549	0.077129186	1.233753443			0.008388598	0.054160127	2018.0	1.408740194	0.0	4.751245703	6.159985897	3102.304379	4158.687778	3371.623214	4428.006614	0.0	1.331156145	0.0	1.0	22.0	0.0	0.0	0.0	0.0
"TOR55"	0.373320147	"TOR"	203.0	10.0	6.8	8.413	28.3	4.0	0.135	45.0	51681.3999	44571.19229	0.0	16.20968863	13.51693546	29.72662409	1.590076166	3780.469469	5141.641121	30095.41713	0.107466172	1.212012484	1.38313E-5		0.014700384	0.2558833	2018.0	2.974011572	0.0	1.17878929	4.152800863	2034.402127	2636.769619	2400.018377	3002.385869	0.0	0.953918362	0.0	0.0	0.0	0.0	4.0	4.0	0.0
"MTL1605"	0.583813469	"MTL"	87.0	4.0	6.5	6.176	45.92			7.0	3672.049442	3489.263241	0.0	4.810149002	8.640215992	13.45036499	0.906429454	136.262452	299.8359318	760.5019888	0.066890766	0.484136215		0.288075313	0.031171082	0.036156071	2018.0	0.971479563	0.0	2.236824451	3.208304015	666.0681712	864.4893082	721.255876	919.6770129	2.0	0.227763435	0.0	0.0	0.0	0.0	0.0	0.0	0.0
"TOR733"	0.289503264	"TOR"	57.0	2.0	4.1					2.0	4554.949292	4690.192644	0.0	2.951750747	10.96307849	13.91482923	1.194726636	119.1955841	47.89972438	151.1837507	0.052748301	1.023330572			0.001285548	0.085267227	2018.0	0.0	0.0	0.948274904	0.948274904	421.8982872	674.4991076	450.1208371	702.7216575	0.0		0.0	0.0	0.0	0.0	0.0	1.0	0.0
"TOR555"	0.636253154	"TOR"	40.0	4.0	3.9					5.0	5363.917663	5039.349001	0.0	4.250087565	5.878715293	10.12880286	1.033517799	326.3246342	704.2517233	732.6129766	0.240649291	0.508242244	2.24355E-4	0.128736491	5.0582E-4	0.155159605	2018.0	0.020207219	2.318466374	0.0	2.338673592	926.8336012	1300.921073	996.776174	1370.863646	0.0		0.0	0.0	0.0	0.0	0.0	0.0	0.0
"MTL1619"	0.420599901	"MTL"	112.0	6.0	5.3	9.36	44.05	6.0	0.282	3.0	8836.882471	8574.656876	0.0	4.848825667	16.39769172	21.24651739	1.147996104	409.0184753	2141.534802	3861.630796	0.122047484	0.868958885	1.10065E-4		0.071035337	0.085410037	2018.0	2.056566522	0.078303959	0.034361168	2.16923165	1112.836348	1484.500578	1213.486529	1585.150759	0.0		0.0	0.0	0.0	0.0	0.0	0.0	0.0
"MTL1620"	0.775205531	"MTL"	66.0	5.0	4.1	5.02	31.3	1.0	0.062	2.0	4055.129867	4115.431088	1.550266569	5.903173049	8.586775487	16.04021511	1.128547861	257.9284333	679.2912736	1602.150912	0.039194712	0.423064525	0.007449842	0.36316259	0.104192389	0.059332215	2018.0	0.379339077	0.792478945	0.0	1.171818021	540.6248439	740.45607	594.2291421	794.0603682	0.0		0.0	0.0	0.0	0.0	0.0	0.0	0.0
"MTL4589"	0.195871484	"MTL"	133.0	1.0	6.2	0.594	2.78			1.0	4730.033251	4662.940989	0.0	4.298745662	17.10650592	21.40525158	1.214082148	185.6760163	261.6353416	242.9331844	0.019579279	1.118799649	0.034869763		0.022141714	0.018691744	2018.0	1.032939623	0.0	1.84625693	2.879196552	607.8939461	903.0310097	646.4238091	941.5608727	0.0		0.0	0.0	0.0	0.0	0.0	0.0	0.0
"MTL1628"	0.540794327	"MTL"	83.0	4.0	5.1	7.769	48.01	2.0	0.124	10.0	3572.297246	3674.298649	0.857905186	6.348914429	8.974498042	16.18131766	0.808402153	145.1684002	766.7806333	1381.330655	0.025595788	0.485316182		0.192502662	0.09857457	0.006412969	2018.0	1.522914048	0.372641562	0.466448712	2.362004322	471.3846168	652.6984736	505.0801426	686.3939994	0.0		0.0	0.0	0.0	0.0	1.0	0.0	1.0
"MTL4585"	0.287369129	"MTL"	85.0	3.0	5.1	0.212	1.28	2.0	0.121	1.0	4413.146302	4408.134066	0.0	3.081219935	13.50809658	16.58931652	1.149207276	303.1777291	186.8001692	419.7668949		0.995397046	0.010593157	0.066066204	0.015350065	0.057969157	2018.0	0.944005412	0.0	1.501563446	2.445568857	607.080084	915.2562618	647.3182572	955.494435	0.0		0.0	0.0	0.0	0.0	0.0	0.0	0.0
"MTL1635"	0.422082827	"MTL"	117.0	6.0	4.6	16.676	65.83	10.0	0.395	20.0	20531.25144	20076.59514	0.0	8.307342971	17.02557558	25.33291855	1.586957718	1635.600254	6020.689484	10549.90906	0.171088295	1.213256439		0.028344614	0.023754181	0.143578774	2018.0	1.43375047	0.029753166	4.1982551	5.661758736	2010.679157	2562.000356	2327.157057	2878.478257	0.0	3.082765212	0.0	4.0	20.0	0.0	0.0	0.0	2.0
"MTL1640"	0.447888817	"MTL"	93.0	4.0	4.8	5.89	30.25	4.0	0.205	4.0	6561.816487	6363.223912	0.0	2.701841457	16.76723919	19.46908065	1.174879122	226.5657418	1998.812812	2111.780528	0.109279328	0.845426763			0.049623091	0.170549945	2018.0	1.393629259	0.092465719	0.750362572	2.23645755	892.2790784	1167.051804	973.7676242	1248.54035	0.0	0.913241162	0.0	0.0	5.0	0.0	0.0	0.0	1.0
"TOR72"	0.508738719	"TOR"	61.0	6.0	3.9	0.553	3.54	3.0	0.192	12.0	10082.72484	10039.62133	0.0	7.474253529	8.130827661	15.60508119	1.347666651	968.0579941	1106.851559	2507.716559	0.090171103	0.966885025	0.100231692	0.028238564	0.017855509	0.144284769	2018.0	0.0	1.297212661	0.0	1.297212661	1746.227461	2485.446705	1877.28324	2616.502484	0.0		0.0	0.0	0.0	0.0	3.0	0.0	0.0
"MTL1647"	0.729779916	"MTL"	89.0	4.0	4.9	4.546	24.88	1.0	0.055	2.0	6312.362605	6326.009849	0.374391989	6.968250586	10.92865877	18.27130134	1.320379852	654.2813255	757.2995199	2574.326502	0.051290198	0.582066774		0.392066253	0.071392409	0.088981874	2018.0	0.795309745	0.294887673	0.0	1.090197418	897.0656094	1204.742606	980.5651481	1288.242145	0.0		0.0	0.0	0.0	0.0	0.0	0.0	0.0
"MTL1649"	0.603734347	"MTL"	113.0	5.0	6.3	5.846	32.52	3.0	0.167	12.0	5560.492921	5519.885622	0.003928476	7.156257121	10.81856947	17.97875507	1.377826841	513.3554315	824.7140703	2238.140713	0.053269386	0.598447908	0.089555286	0.586259561	0.02953824	0.020756461	2018.0	0.0	0.0	1.047547611	1.047547611	786.3581849	1083.832741	850.2548988	1147.729455	0.0		0.0	0.0	0.0	0.0	0.0	0.0	0.0
"MTL1661"	0.209337533	"MTL"	110.0	1.0	6.5	0.645	3.83	1.0	0.059	0.0	2803.415706	2898.586154	0.0	2.806414006	14.05034537	16.85675938	1.047761047	57.40897893	9.056060814	5.734520085	0.031955421	0.951275888			0.038598949		2018.0	2.151329437	0.0	0.705332166	2.856661603	368.0360905	577.8369868	384.2765474	594.0774437	0.0		0.0	0.0	0.0	0.0	0.0	0.0	0.0
"MTL1663"	0.148136481	"MTL"	50.0	1.0	5.0	0.8	7.98	3.0	0.299	6.0	2398.94812	2354.80789	0.0	2.882656595	7.147424501	10.0300811	0.658677383	99.31275469	360.3520254	378.6197234	0.016581386	0.617006282	0.001786872		0.023298997	3.85795E-6	2018.0	0.0	0.0	0.542389979	0.542389979	333.4978191	483.0850383	357.2074504	506.7946696	0.0		0.0	0.0	0.0	0.0	0.0	0.0	0.0
"TOR581"	0.379742032	"TOR"	58.0	5.0	4.8	0.212	1.75	2.0	0.165	5.0	4568.021709	4544.016684	0.0	4.129060667	8.003039774	12.13210044	0.940111372	352.5059308	872.7755342	747.3685131	0.092332376	0.744065324	0.032517761		0.003267181	0.067928747	2018.0	0.0	0.0	0.0	0.0	521.6218789	713.5863873	570.4684389	762.4329473	0.0		0.0	0.0	0.0	0.0	2.0	0.0	0.0
"MTL1673"	0.2899751	"MTL"	50.0	3.0	5.2	0.23	2.41	2.0	0.21	2.0	3310.804762	3078.673154	0.0	3.154236257	6.377316629	9.531552886	0.719522651	385.942572	335.9097763	1074.035202	0.019184756	0.627466778	0.003796429		0.012864891	0.037770669	2018.0	1.007609094	0.0	2.044512822	3.052121916	405.0303821	550.9330696	434.0289946	579.9316821	0.0		0.0	0.0	0.0	0.0	0.0	0.0	0.0
"TOR587"	0.484704257	"TOR"	45.0	5.0	4.0	0.546	4.87	3.0	0.268	11.0	4657.237775	4649.494377	0.0	3.635701842	7.570676517	11.20637836	1.228426809	347.4914557	429.6361605	859.9766692	0.533796133	0.607667319			0.017133358	0.066771164	2018.0	0.14164355	1.260911565	0.0	1.402555115	640.2387714	989.8391391	706.9089666	1056.509334	0.0		0.0	0.0	0.0	0.0	2.0	5.0	0.0
"MTL4526"	0.653549223	"MTL"	118.0	3.0	5.0	13.708	58.02	2.0	0.085	21.0	10246.72544	9642.677963	0.069504346	9.725009292	13.83215265	23.62666629	1.339908318	1241.471582	1248.070609	4110.249957	0.066621684	0.701814772	0.384670683	0.056395506	0.078448411	0.051957264	2019.0	0.0	0.0	0.439117898	0.439117898	1576.465538	1988.684098	1743.293473	2155.512034	0.0	0.498496635	0.0	0.0	2.0	0.0	7.0	0.0	0.0
"MTL4520"	0.300070498	"MTL"	111.0	11.0	4.0	19.59	71.14	4.0	0.145	19.0	15742.82729	15416.91241	0.160005678	7.024021021	20.35230598	27.53633268	1.612248024	997.5796117	5197.715434	5719.470439	0.091239291	1.336962265			0.006953437	0.177093027	2018.0	0.0	0.0	5.195633271	5.195633271	2115.26782	2895.147891	2273.501139	3053.381209	0.0	11.0972244	0.0	0.0	0.0	0.0	0.0	0.0	0.0
"TOR698"	0.533293597	"TOR"	133.0	6.0	5.9	11.538	51.11	4.0	0.177	25.0	20535.00407	20763.55601	0.920368517	9.646808301	12.00966091	22.57683773	1.214989095	1633.31014	5313.575555	10085.91881	0.064586674	0.856455386	0.002018592	0.053092778	0.123377377	0.10334464	2018.0	0.218724279	1.109488975	0.0	1.328213255	1659.811425	2307.255183	1825.656093	2473.099852	0.0	3.91645463	0.0	0.0	0.0	0.0	3.0	4.0	0.0
"MTL4518"	0.325951931	"MTL"	108.0	6.0	3.7	19.534	67.16	6.0	0.206	14.0	18882.24056	18836.20258	1.031066622	5.736518309	22.31783464	29.08541958	1.716308444	1994.509098	4622.648408	7356.153946	0.109817568	1.432692751		0.028718498	0.016794579	0.128285063	2018.0	0.022394865	0.0	5.048830498	5.071225362	2711.734083	3696.54936	2905.749129	3890.564406	0.0	7.478417044	0.0	0.0	0.0	0.0	0.0	0.0	0.0
"MTL4506"	0.531031763	"MTL"	94.0	3.0	5.0	14.581	77.42	4.0	0.212	15.0	6409.603495	6234.865328	0.896142759	8.007428993	9.930683169	18.83425492	1.105887358	475.2106833	1461.823343	2641.136201	0.036707133	0.517949047		0.486042415	0.044529004	0.020659761	2019.0	0.0	0.0	0.021612512	0.021612512	849.5617125	1164.500357	951.0259617	1265.964607	0.0	0.134260735	0.0	10.0	3.0	0.0	3.0	0.0	0.0
"MTL4493"	0.408572746	"MTL"	103.0	6.0	5.4	3.924	20.53	2.0	0.105	4.0	8491.244694	8253.010524	0.0	4.979481113	14.13288455	19.11236566	1.066439747	841.5459957	1388.602418	2259.977554	0.065668434	0.840505957	0.008613126	0.101559142	0.015755363	0.034337733	2018.0	0.08984252	0.0	4.005460017	4.095302537	1268.592714	1778.536336	1366.336695	1876.280317	0.0		0.0	0.0	0.0	0.0	0.0	0.0	0.0
"LAV4424"	0.525090259	"LAV"	118.0	3.0	6.0	4.47	22.86	3.0	0.153	2.0	4215.215168	4269.245447	0.0	3.420468242	16.13738673	19.55785497	1.251808005	125.2887859	820.4095913	1003.517227	0.116638851	0.863116642	0.01913167	0.049639747	0.022929444	0.18035164	2019.0	0.376389392	0.0	0.0	0.376389392	514.9462459	742.8948912	549.5202007	777.4688459	0.0		0.0	0.0	1.0	0.0	0.0	0.0	0.0
"LAV4423"	0.281443462	"LAV"	197.0	5.0	6.9	4.784	16.82	1.0	0.035	8.0	5377.22458	5336.277932	0.0	6.123396167	22.32440855	28.44780472	1.59249984	80.12718539	804.080471	240.6824414	0.048758607	1.393635078	0.063874544		0.038936776	0.047294831	2019.0	0.092480339	0.0	0.991961335	1.084441674	667.4098083	994.5596845	706.0277519	1033.177628	0.0		0.0	0.0	0.0	0.0	0.0	0.0	0.0
"LAV4421"	0.233075291	"LAV"	88.0	2.0	5.0	1.185	6.8	2.0	0.115	2.0	4101.506647	3950.89051	0.0	4.08992629	13.34777614	17.43770243	1.458975286	45.46626843	81.04202167	191.9488865	0.011643221	1.240438954			0.206893114		2019.0	0.613936434	0.0	2.166005645	2.779942079	627.9746052	901.2650453	663.1848524	936.4752925	0.0		0.0	0.0	0.0	0.0	0.0	0.0	0.0
"TOR609"	0.739484895	"TOR"	15.0	2.0	2.6	2.058	35.89	3.0	0.523	7.0	14682.51277	13604.82581	0.0	4.518905196	1.215838594	5.73474379	1.237812656	2740.910661	988.2576102	4857.203106	0.444336127	0.266133567	0.065066168	0.380278073	0.055974445	0.025494858	2018.0	0.0	2.308500676	0.0	2.308500676	3216.43796	4179.744743	3469.982106	4433.28889	0.0		0.0	0.0	0.0	0.0	0.0	3.0	0.0
"LAV4417"	0.241305323	"LAV"	148.0	6.0	6.3	4.781	20.24	1.0	0.042	7.0	4146.297849	4129.304811	0.044997271	3.689549423	19.8880152	23.62256189	1.196167802	37.85567991	667.0858562	32.89785772	0.041290972	1.064246093	0.001974858		0.027548828	0.061107054	2018.0	0.092480339	0.0	2.429621018	2.522101357	520.8808686	787.3543941	551.2920567	817.7655822	0.0		0.0	0.0	0.0	0.0	0.0	0.0	0.0
"LAV4415"	0.099682766	"LAV"	119.0	6.0	5.4	5.628	25.58	2.0	0.091	2.0	9005.962816	8288.428174	0.0	6.877519055	15.12416446	22.00168352	1.440557043	494.7794545	310.55983	2251.858335	0.002081261	1.385448178			0.028268536	0.024759086	2018.0	0.790079806	0.0	0.0	0.790079806	1349.96101	1848.7965	1454.029213	1952.864703	0.0	0.233338936	0.0	0.0	0.0	0.0	0.0	0.0	0.0
"LAV4406"	0.568522549	"LAV"	113.0	5.0	6.3	8.357	46.55	1.0	0.056	11.0	7219.91249	7152.862242	0.0	7.109583177	10.84281184	17.95239502	1.423517419	594.7914638	641.2952119	2296.571291	0.027536353	0.877271497	0.061307963	0.016782433	0.11943667	0.321182497	2019.0	1.493167797	0.104940867	4.648757783	6.246866447	725.0528762	978.8748541	785.4051651	1039.227143	0.0		0.0	0.0	0.0	0.0	0.0	0.0	0.0
"LAV2744"	0.344402596	"LAV"	46.0	2.0	3.8	0.011	0.09	1.0	0.083	5.0	2410.375493	2357.062009	0.0	4.267791271	7.761555891	12.02934716	1.223887506	25.02378309	131.020756	185.2061735	0.252738393	0.921204135			0.04994499		2019.0	1.219436934	0.0	0.563084601	1.782521535	355.9612577	496.5291489	381.8150506	522.3829419	0.0		0.0	0.0	0.0	0.0	0.0	0.0	0.0
"TOR677"	0.485730325	"TOR"	57.0	2.0	4.2	0.325	2.41	1.0	0.074	5.0	6719.898899	6668.415309	0.001413191	2.54425713	10.91756857	13.46323889	1.103102254	573.0461712	578.4293717	1223.17568	0.146347191	0.794957611	0.035958614	0.030823759	0.005231722	0.089783376	2018.0	0.0	0.0	0.0	0.0	1030.39029	1412.450299	1103.831378	1485.891387	0.0		0.0	0.0	0.0	0.0	0.0	2.0	1.0
"LAV4403"	0.347510787	"LAV"	76.0	1.0	6.1	3.318	26.68	1.0	0.08	2.0	3314.90365	3318.128108	0.0	3.787053449	8.647998799	12.43505225	0.870171046	169.447911	153.2748057	473.7509382	6.30818E-4	0.65677064	0.023698491		0.183525125		2018.0	1.74069251	0.201168692	0.502124873	2.443986075	388.8368494	577.8957329	412.1878362	601.2467197	0.0		0.0	0.0	0.0	0.0	0.0	0.0	0.0
"LAV4401"	0.241947144	"LAV"	145.0	4.0	6.3	5.164	22.49	1.0	0.044	2.0	6857.078632	6774.210131	0.0	7.769737115	15.19507895	22.96481606	1.21887838	241.9910148	380.9465686	1014.515801	0.074413402	1.086063944	0.016277876		0.024982095	0.017141061	2019.0	0.034198858	0.0	0.0	0.034198858	856.3605197	1245.785488	907.7280301	1297.152999	0.0	0.315556529	0.0	0.0	0.0	0.0	0.0	0.0	0.0
"LAV2746"	0.174455214	"LAV"	88.0	3.0	5.6	1.787	11.44	2.0	0.128	6.0	3151.628852	3153.505121	0.0	3.549121866	12.0661732	15.61529506	1.110704249	54.48151971	275.545371	258.579848	0.005986138	1.027805414	0.007637818		0.014685985	0.054588883	2019.0	0.0	0.0	0.0	0.0	481.3091435	634.0051453	516.7616103	669.4576121	0.0		0.0	0.0	0.0	0.0	0.0	0.0	0.0
"LAV2747"	0.421818698	"LAV"	46.0	3.0	3.9			1.0	0.085	0.0	3514.219038	3529.613654	0.0	0.921021309	10.79179147	11.71281278	0.880467471	43.19208029	183.744055	130.7122997	0.027512372	0.637104265			0.169400925	0.04531129	2019.0	2.564316185	0.0	1.703966559	4.268282743	523.5688041	694.7418957	569.9707887	741.1438804	0.0		0.0	0.0	0.0	0.0	0.0	0.0	0.0
"LAV2748"	0.147208615	"LAV"	65.0	2.0	3.9			1.0	0.06	1.0	4110.840413	3875.849184	0.0	1.209862616	15.59357354	16.80343616	1.301229476	81.13367362	223.0931395	132.7593102	0.006476024	1.227238223			0.035003767	0.022570403	2019.0	0.596191155	0.0	1.109070295	1.70526145	726.0653004	997.8373393	766.8536853	1038.625724	0.0		0.0	0.0	0.0	0.0	0.0	0.0	0.0
"LAV2751"	0.358209396	"LAV"	76.0	1.0	4.6	1.177	7.13	1.0	0.061	3.0	3211.935576	3175.446603	0.040654755	4.073348409	12.38883717	16.50284033	1.354218561	58.70102075	147.7030349	192.1210788	0.029150795	1.087842596			0.160227306	0.010681142	2019.0	0.509811568	0.0	2.263765949	2.773577517	401.7505586	603.2978003	423.2363314	624.7835732	0.0	0.125615762	0.0	0.0	1.0	0.0	0.0	0.0	0.0
"LAV2752"	0.30556513	"LAV"	123.0	2.0	5.5	1.988	8.9	4.0	0.179	3.0	5678.026006	5584.002641	0.0	5.165152408	17.16482913	22.32998154	1.367130655	107.9085059	88.90089812	405.5767159	0.070803337	1.168009954	0.022215735		0.082148608	0.023953021	2019.0	0.963014603	0.0	4.144621686	5.107636289	826.3609187	1163.248002	868.1604623	1205.047546	0.0		0.0	0.0	0.0	0.0	0.0	0.0	0.0
"LAV2754"	0.217011771	"LAV"	119.0	2.0	5.6	2.446	11.61	2.0	0.095	4.0	4513.423587	4441.362165	0.0	4.267175666	16.79618253	21.06335819	1.170146464	124.5079076	208.0731966	273.4332598	0.048406714	1.056519003			0.039630332	0.025590416	2019.0	0.136974522	0.0	4.107964396	4.244938918	592.7920956	867.7903686	622.9927793	897.9910523	0.0		0.0	0.0	0.0	0.0	0.0	0.0	0.0
"LAV2755"	0.245845839	"LAV"	137.0	2.0	5.4	1.941	7.62	2.0	0.078	3.0	5878.265938	5860.119798	0.0	6.848720522	18.63051365	25.47923417	1.488457009	62.73923178	84.52370711	211.0782385	0.048000787	1.314057643			0.094213754	0.032184826	2018.0	0.0	0.0	5.317062546	5.317062546	704.7057781	1035.279465	746.3651651	1076.938852	0.0		0.0	0.0	0.0	0.0	0.0	0.0	0.0
"LAV2756"	0.214861647	"LAV"	129.0	2.0	5.4	1.371	5.76	2.0	0.084	3.0	5570.397222	5557.506834	0.0	5.475280611	18.32455265	23.79983326	1.340918724	64.33915387	63.85778704	258.1362467	0.048000787	1.213031906			0.047701202	0.032184826	2018.0	0.0	0.0	3.465299358	3.465299358	666.8312818	972.9759705	705.720167	1011.864856	0.0		0.0	0.0	0.0	0.0	0.0	0.0	0.0
"LAV2757"	0.146395093	"LAV"	94.0	1.0	5.1	3.613	19.6	3.0	0.163	2.0	5934.021619	5609.115489	0.027965077	6.200742616	12.20340071	18.4321084	1.112188813	133.0408408	68.54554516	153.5925101	0.011490578	1.043004165		0.009964437	0.047729631		2019.0	1.294623378	0.0	1.17553927	2.470162648	1246.097241	1701.258179	1319.054527	1774.215464	0.0		0.0	1.0	1.0	0.0	0.0	0.0	0.0
"LAV2759"	0.352062667	"LAV"	132.0	10.0	6.0	6.301	28.5	4.0	0.181	3.0	4801.155442	4468.839767	0.856447074	6.11665702	15.13354163	22.10664573	1.53620798	141.3698733	613.2866181	752.4632298	0.08204079	1.267953336			0.024029527	0.055408321	2019.0	1.646750598	0.0	0.815844159	2.462594757	646.8014273	920.9169935	692.5561018	966.671668	0.0		0.0	0.0	2.0	0.0	0.0	0.0	0.0
"LAV2761"	0.321117484	"LAV"	112.0	4.0	6.0	4.463	24.05	4.0	0.216	3.0	4181.240898	3880.957881	0.818056473	4.544771447	13.19058443	18.55341235	1.371362467	105.1394883	651.5114564	660.9444828	0.056815039	1.133196331			0.012819636	0.013333278	2018.0	2.736140299	0.0	0.70913467	3.445274969	511.6741599	736.8426246	549.3978869	774.5663516	0.0		0.0	0.0	2.0	0.0	0.0	0.0	0.0
"LAV2762"	0.276262397	"LAV"	72.0	1.0	5.7	1.079	8.61	1.0	0.08	1.0	2258.665488	2100.400967	0.0	1.28651991	11.24001357	12.52653348	0.868528017	23.68880446	344.7316246	153.4820268	0.037535929	0.758113653			0.026892592	0.005735867	2019.0	1.749926997	0.0	0.299550875	2.049477872	291.6458366	385.4230735	307.7140989	401.4913358	0.0		0.0	0.0	0.0	0.0	0.0	0.0	0.0
"LAV2764"	0.225157048	"LAV"	79.0	4.0	4.9	0.391	2.43	3.0	0.186	3.0	4011.513378	4029.720389	0.0	2.403912174	13.71187728	16.11578945	1.412322555	79.3507292	211.7219536	568.0655505	0.013455816	1.270174131		0.07810363	0.039288637	0.011300351	2019.0	1.400792909	0.0	0.0	1.400792909	519.2815596	741.8655703	555.2828083	777.866819	0.0	0.448554251	0.0	1.0	2.0	0.0	0.0	0.0	0.0
"LAV2766"	0.165597588	"LAV"	132.0	5.0	5.5	2.478	10.27	3.0	0.124	10.0	5291.068554	5208.980193	0.0	4.89577524	19.2307086	24.12648384	1.434370468	99.27533956	378.0737769	890.6513961	0.049650298	1.334306083			0.036310496	0.014103611	2019.0	0.0	0.0	0.66311877	0.66311877	623.6022921	907.216599	666.068568	949.6828749	0.0	0.445868063	0.0	1.0	2.0	0.0	0.0	0.0	0.0
"LAV2770"	0.259575572	"LAV"	133.0	1.0	5.6	1.64	6.85	2.0	0.084	4.0	6015.882545	5936.227196	0.0	3.15548218	20.79484616	23.95032834	1.437164056	148.2402834	164.4809398	623.6691042	0.058625434	1.261705692			0.061402266	0.055430668	2018.0	0.0	0.0	0.0	0.0	889.1794904	1249.7107	936.2904746	1296.821684	0.0		0.0	0.0	0.0	0.0	0.0	0.0	0.0
"LAV2771"	0.273731502	"LAV"	82.0	2.0	4.7	1.24	7.12	3.0	0.172	4.0	4404.470344	4370.594453	0.0	4.77246971	12.64857285	17.42104256	1.493958508	78.93508898	111.5242236	229.3351484	0.011622124	1.233149074		0.014895965	0.234291335		2019.0	0.127628169	0.0	3.038022964	3.165651133	599.7482111	871.075311	636.3542528	907.6813528	0.0		0.0	0.0	0.0	0.0	0.0	0.0	0.0
"LAV2773"	0.427853931	"LAV"	91.0	1.0	4.6	1.67	8.48	3.0	0.152	4.0	6273.591997	6130.141728	0.0	6.065852231	13.61622909	19.68208132	1.543847921	129.920662	28.17256714	513.2803696	0.043152804	1.1013627		0.028920704	0.337898064	0.03132611	2019.0	0.772313328	0.0	2.970441155	3.742754483	1030.471792	1473.836957	1100.35507	1543.720236	0.0	0.117722896	0.0	0.0	1.0	0.0	0.0	0.0	0.0
"LAV2778"	0.491352687	"LAV"	114.0	3.0	5.9	5.803	30.28	3.0	0.157	2.0	4156.238174	4214.770469	0.0	3.599123689	15.56460125	19.16372494	1.05939241	109.9827953	746.7019172	1069.747022	0.100626468	0.77693417	0.008096192	0.06911287	0.032429114	0.072193595	2019.0	0.684525528	0.0	0.0	0.684525528	495.7294537	715.403381	532.0748298	751.7487571	0.0		0.0	0.0	1.0	0.0	0.0	0.0	0.0
"LAV2779"	0.525607367	"LAV"	136.0	7.0	6.3	8.173	37.85			10.0	3803.079224	3761.692235	0.375027423	9.694986561	11.52117825	21.59119224	1.251669394	97.42975106	409.653993	472.370596	0.190954911	0.856413744	0.025867195	0.009932699	0.108235316	0.060265547	2019.0	0.832648622	0.498418486	1.700133148	3.031200256	525.2216738	756.3307312	541.908485	773.0175424	0.0		0.0	1.0	1.0	0.0	0.0	0.0	0.0
"LAV2780"	0.499552502	"LAV"	90.0	1.0	5.8	5.044	32.65	2.0	0.129	2.0	4852.188473	4728.688563	0.0	5.41494844	10.03219815	15.44714659	1.035225072	203.9203365	130.6542497	952.094997	0.065397934	0.719011737		0.098780116	0.140880407	0.011154888	2019.0	2.154687129	0.0	3.541761723	5.696448852	694.4277835	990.6713405	746.7640344	1043.007591	0.0		0.0	0.0	1.0	0.0	0.0	0.0	0.0
"LAV2782"	0.323758802	"LAV"	139.0	6.0	7.1	2.158	11.01	1.0	0.051	5.0	3885.138763	3882.343445	0.0	3.068570553	16.53945539	19.60802594	1.141425461	49.60065132	330.8952626	89.99898503	0.046649061	0.967441452	0.052702693		0.02093703	0.05369524	2019.0	0.0	0.0	1.5925677	1.5925677	488.9431375	748.4185281	514.2565784	773.731969	0.0		0.0	0.0	0.0	0.0	0.0	0.0	0.0
"LAV2783"	0.293433523	"LAV"	170.0	5.0	6.6	4.45	17.29	1.0	0.039	7.0	4846.948616	4819.927102	0.0	5.580134707	20.16197474	25.74210945	1.443161216	66.09199178	788.8943226	249.2201394	0.036091007	1.252926148	0.063874544		0.034969232	0.054499709	2019.0	0.053336547	0.0	0.436714897	0.490051445	593.9170886	883.732486	629.6131511	919.4285485	0.0		0.0	0.0	0.0	0.0	0.0	0.0	0.0
"LAV2784"	0.059346825	"LAV"	73.0	3.0	5.7	2.024	15.82	2.0	0.156	0.0	5680.027563	5029.4733	0.0	3.07446783	9.723357989	12.79782582	0.962188636	328.6896705	130.5792941	1523.379173		0.940915408			0.018114003	0.003159221	2018.0	1.101937254	0.0	0.0	1.101937254	874.9894765	1197.265254	948.2450385	1270.520816	0.0		0.0	0.0	0.0	0.0	0.0	0.0	0.0
"LAV2785"	0.24623151	"LAV"	105.0	2.0	5.9	0.34	1.92			1.0	3656.065281	3595.15051	0.032959881	2.014324035	15.62196228	17.66924619	1.037321865	64.88473781	270.5403476	284.2187266	0.039618936	0.916122642	8.06065E-4	4.83355E-6	0.063582128	0.017187264	2019.0	0.639630497	0.0	2.83493555	3.474566047	462.0182547	685.177927	484.986546	708.1462183	0.0	0.053366637	0.0	0.0	0.0	0.0	0.0	0.0	0.0
"LAV2786"	0.468504247	"LAV"	122.0	4.0	6.1	3.218	15.98			3.0	5320.245926	5171.498874	0.0	5.269803165	14.87017085	20.13997401	1.307833559	286.460831	671.5345925	1217.045473	0.076789199	0.914144441	0.01857477	0.002502302	0.258142727	0.037680103	2019.0	1.776626833	0.0	1.949026425	3.725653258	788.3916521	1076.526633	849.7911853	1137.926166	0.0		0.0	0.0	0.0	0.0	0.0	0.0	0.0
"LAV2787"	0.422025425	"LAV"	144.0	6.0	5.8	3.439	13.87	3.0	0.121	6.0	6153.673079	5982.653876	0.0	6.102979658	18.69500388	24.79798354	1.440603392	278.1167822	1314.72374	1120.875253	0.100641662	1.157121719	0.019314895	0.040655673	0.027459438	0.052780368	2019.0	0.559664041	0.0	1.8025192	2.36218324	710.3639634	993.9843891	782.3861483	1066.006574	0.0		0.0	0.0	0.0	0.0	0.0	0.0	0.0
"LAV2790"	0.417156579	"LAV"	100.0	1.0	5.6	1.21	6.78	1.0	0.056	4.0	4281.441917	4249.448859	0.0	4.132943266	13.71563388	17.84857715	1.294154655	150.4443214	144.7235466	535.8141906	0.038096429	1.023818532	0.043673384	0.078598826	0.09838861	0.011578884	2019.0	1.212536613	0.0	0.0	1.212536613	566.0867847	791.1921781	597.7922317	822.8976251	0.0		0.0	0.0	0.0	0.0	0.0	0.0	0.0
"LAV2791"	0.177821899	"LAV"	184.0	3.0	5.7	13.61	42.13	8.0	0.248	9.0	10334.89151	9895.206821	0.0	8.366077254	23.93990354	32.30598079	1.559058717	665.4523555	1504.09745	2912.027864	0.04516832	1.448429329	0.009003145		0.028720249	0.027737672	2019.0	0.490335856	0.0	4.539134625	5.029470481	1446.560454	1973.83937	1581.820544	2109.09946	0.0		0.0	0.0	0.0	0.0	0.0	0.0	0.0
"LAV2796"	0.17148411	"LAV"	56.0	10.0	5.0	0.351	3.15	1.0	0.09	0.0	3048.806132	2749.9577	0.0	3.717678905	7.410056616	11.12773552	1.049949486	82.70450387	40.88737254	159.6144439		0.962282859			0.021408879	0.066257748	2019.0	0.444362508	0.0	2.747612849	3.191975357	536.444116	803.2207739	567.997383	834.7740409	0.0		0.0	0.0	1.0	0.0	0.0	0.0	0.0
"LAV2798"	0.647586952	"LAV"	124.0	2.0	6.0	9.81	47.72	3.0	0.146	10.0	3962.756427	3970.770137	0.338283697	9.611246571	10.60902118	20.55855145	1.334575466	187.6465816	122.7900126	959.5657924	0.042240069	0.736452627	0.077522248	0.306506442	0.145123873	0.026730217	2018.0	2.538599025	0.0	2.963441202	5.502040226	622.161154	889.4649095	663.8105827	931.1143382	0.0		0.0	0.0	0.0	0.0	0.0	0.0	0.0
"LAV2799"	0.433426825	"LAV"	109.0	2.0	5.3	3.493	17.09	1.0	0.049	5.0	5833.22096	5502.147062	0.0	3.065846194	17.37258267	20.43842887	1.289351544	243.1126076	1299.005431	1358.366685	0.012363816	0.935571918		0.003102574	0.009740622	0.117791844	2018.0	0.082995008	0.155579892	1.516935832	1.755510732	715.2612493	1056.839875	784.7691231	1126.347749	0.0		0.0	0.0	0.0	0.0	0.0	0.0	0.0
"LAV2801"	0.439458689	"LAV"	120.0	6.0	5.8	5.888	28.54	1.0	0.048	11.0	6026.789763	5815.793284	0.0	6.285657268	14.34474687	20.63040414	1.305997861	426.4692134	841.6562289	1486.129452	0.035576565	1.009606964	0.070501456	0.015775072	0.047330685	0.127207124	2019.0	1.030963591	0.0	5.255332335	6.286295926	682.8304661	957.4828148	739.2796717	1013.93202	0.0		0.0	0.0	0.0	0.0	0.0	0.0	0.0
"LAV2802"	0.493774352	"LAV"	144.0	9.0	5.4	9.999	37.56	2.0	0.075	16.0	10071.60422	9840.298214	0.0	11.03773255	15.58650649	26.62423904	1.600216131	1128.464622	1216.409709	3296.585354	0.002641369	1.142367594	0.105484731	0.02981496	0.127211894	0.192695582	2019.0	1.401650455	0.402047475	3.85789721	5.661595139	1397.275036	1916.700166	1507.688563	2027.113693	0.0		0.0	0.0	1.0	0.0	0.0	0.0	0.0
"LAV2806"	0.563569805	"LAV"	125.0	7.0	5.7	7.48	34.0	4.0	0.182	11.0	8414.933803	7975.197783	0.0	9.052293289	12.94563827	21.99793156	1.382824482	991.35139	1083.08104	2821.691109	0.022858461	0.936379623	0.077507099	0.019250746	0.065918996	0.218211582	2019.0	3.063973219	1.412583563	3.963222552	8.439779334	1150.77378	1573.39773	1239.690779	1662.314729	0.0		0.0	0.0	4.0	0.0	0.0	0.0	0.0
"LAV2807"	0.473821036	"LAV"	145.0	1.0	6.6	4.972	22.53	2.0	0.091	5.0	6932.112631	6528.866392	0.0	6.717086933	15.35607927	22.0731662	1.252828832	461.191345	652.3153456	1479.104394	0.065923094	0.923974933	0.068050474		0.025549759	0.157418318	2019.0	1.693635598	0.668147659	1.675046372	4.036829629	786.523231	1114.182157	840.8600528	1168.518979	0.0		0.0	0.0	1.0	0.0	0.0	0.0	0.0
"LAV2808"	0.429249008	"LAV"	92.0	3.0	5.0	4.317	23.32	1.0	0.054	2.0	5634.071376	5535.679423	0.0	5.400282875	13.10928088	18.50956375	1.135725085	210.1285268	49.36650031	520.1623159	0.14192336	0.861698769	0.031901302		0.026907925	0.073287646	2019.0	1.9823373	0.0	0.0	1.9823373	884.0692411	1237.850803	930.6866093	1284.468171	0.0		0.0	1.0	1.0	0.0	0.0	0.0	0.0
"LAV2809"	0.339187193	"LAV"	100.0	2.0	5.9	3.933	23.02	1.0	0.059	0.0	3908.676915	3819.098179	0.0	6.112907357	10.97296432	17.08587168	1.248653157	56.8759733	96.47323673	126.9046973	0.110344239	1.037485179	0.036666363		0.033611306	0.030539985	2019.0	1.223071003	0.0	0.0	1.223071003	565.952767	833.0626235	601.6164481	868.7263046	0.0		0.0	1.0	0.0	0.0	0.0	0.0	0.0
"LAV2810"	0.397604587	"LAV"	162.0	3.0	6.3	5.876	22.96	1.0	0.039	1.0	5282.676186	5199.326703	0.0	8.264138652	17.32654597	25.59068462	1.418940658	83.90765784	215.3276332	235.2409086	0.138574289	1.123351013	0.036666363		0.05119834	0.069144573	2019.0	1.863126503	0.0	0.0	1.863126503	710.6304294	1024.452639	751.6257144	1065.447924	0.0		0.0	1.0	0.0	0.0	0.0	0.0	0.0
"LAV2811"	0.32055593	"LAV"	153.0	1.0	6.5	5.026	21.48	2.0	0.085	4.0	4544.270453	4515.345137	0.0	7.518836167	15.88433528	23.40317145	1.40274239	101.1073646	229.7593479	153.5454974	0.044609606	1.123940316			0.220247771	0.013944691	2018.0	1.547601708	0.0	1.728354248	3.275955957	654.3302469	967.831843	698.5897186	1012.091315	0.0		0.0	0.0	1.0	0.0	0.0	0.0	0.0
"LAV2814"	0.473204379	"LAV"	141.0	2.0	5.6	5.14	20.49	2.0	0.08	6.0	7730.647537	7238.016518	0.0	4.245280665	20.8341828	25.07946347	1.456734139	413.6262575	1280.398407	2104.599882	0.061472496	1.103248614	3.08383E-4	0.079142183	0.025080163	0.12283194	2019.0	0.546481899	0.0	2.737744154	3.284226053	951.1166868	1427.866713	1037.780672	1514.530698	0.0		0.0	0.0	0.0	0.0	0.0	0.0	0.0
"LAV2815"	0.509436762	"LAV"	104.0	3.0	5.8	4.511	25.0	1.0	0.055	2.0	4330.526821	4257.860134	0.0	5.671539031	12.37354145	18.04508048	1.141091805	123.9050078	122.3977176	390.886243	0.123953963	0.821624122	0.021566068		0.047863863	0.094433966	2018.0	2.38885567	0.0	2.497444973	4.886300643	591.9825604	846.9431808	627.7355186	882.696139	0.0		0.0	1.0	1.0	0.0	0.0	0.0	0.0
"PEL48"	0.051599026	"PEL"	69.0	1.0	4.2			7.0	0.428	3.0	7086.139361	6575.159127	0.0	3.271015297	13.0946531	16.36566839	1.114653819	365.5209742	0.0	61.18726815		0.896383141		0.035506872	0.182763787		2018.0	0.0	2.13157284	0.0	2.13157284	1366.466361	1888.997393	1462.674441	1985.205472	0.0		0.0	0.0	0.0	0.0	0.0	0.0	0.0
"PEL125"	0.302384625	"PEL"	57.0	1.0	4.6	0.792	6.33	4.0	0.32	4.0	3851.186495	3614.026717	0.0	4.192451182	8.317932908	12.51038409	1.030363004	223.8371692	508.9735141	711.8596894	0.089535991	0.717243461	0.017892321	0.130367345	0.016397558	0.058926327	2018.0	0.088792484	2.350889474	0.248991809	2.688673768	589.1819706	862.6616221	633.9188781	907.3985296	0.0		0.0	0.0	0.0	0.0	0.0	0.0	0.0
"PEL5"	0.408136002	"PEL"	69.0	1.0	4.2	2.909	17.77	5.0	0.305	4.0	3529.536258	3487.2303	0.0	3.27948027	13.08934244	16.36882271	1.340431602	151.6083489	249.0775456	205.2157125	0.043756368	1.007434465	0.006782362	0.097722497	0.064918309	0.119817606	2018.0	0.039706252	1.875964187	0.64649765	2.562168089	450.3624765	642.202176	493.2673303	685.1070297	0.0		0.0	0.0	0.0	0.0	0.0	0.0	0.0
"PEL67"	0.091708134	"PEL"	69.0	1.0	4.7			2.0	0.135	2.0	4261.144108	4302.353391	0.0	1.795852042	13.03333025	14.82918229	1.141007087	160.1860458	677.016708	391.3426793	0.037869759	1.075064004		3.87038E-5	9.51846E-4	0.027082785	2018.0	0.0	1.692394048	0.0	1.692394048	509.6125607	731.6065678	538.9186297	760.9126369	0.0		0.0	0.0	0.0	0.0	0.0	0.0	0.0
"PEL70"	0.316400995	"PEL"	75.0	1.0	4.4	2.421	14.32	7.0	0.414	4.0	6079.89403	6366.311495	0.0	5.473212232	11.43012041	16.90333264	1.107253048	368.3489785	46.35940968	281.8751373	0.067311733	0.867585348	0.029614998		0.022286705	0.118146125	2018.0	0.0	5.2657685	0.0	5.2657685	925.7243949	1324.982891	983.6892806	1382.947777	0.0		0.0	0.0	0.0	0.0	0.0	0.0	0.0
"PEL71"	0.408482406	"PEL"	34.0	1.0	4.0			1.0	0.119	5.0	2743.255157	2658.464433	0.0	2.520732217	5.88199142	8.402723637	0.95003339	50.83634023	103.7867819	571.6807548	0.073739386	0.68480922	0.060110591	0.046937993	0.084436223		2018.0	1.856131408	1.424121348	0.0	3.280252756	227.4784115	354.2885575	255.4856435	382.2957895	0.0		0.0	0.0	0.0	0.0	0.0	0.0	0.0
"PEL117"	0.417283687	"PEL"	21.0	1.0	3.0			2.0	0.286	0.0	1264.303446	1302.244639	0.0	0.878329165	6.124467395	7.00279656	0.729513609	27.21373501	48.68563822	6.066441779	0.012049077	0.518349307	4.01522E-4	0.124114148	0.045129816	0.029469735	2018.0	0.0	0.662212793	0.878326594	1.540539387	189.3324201	299.3130721	196.9642173	306.9448693	0.0		0.0	0.0	0.0	0.0	0.0	0.0	0.0
"PEL80"	0.35825547	"PEL"	69.0	1.0	3.7	3.55	18.91	4.0	0.213	6.0	6833.736148	7138.479902	0.0	6.608652965	12.1624356	18.77108856	1.188912195	409.6602943	30.96610981	468.0232594	0.002110086	0.898929129		0.161103609	0.03486022	0.079389398	2018.0	0.042389092	5.667471664	0.256189483	5.966050239	1106.525055	1604.073519	1169.39755	1666.946014	0.0		0.0	0.0	0.0	0.0	1.0	0.0	0.0
"PEL17"	0.560694624	"PEL"	55.0	1.0	3.5	3.727	23.75	1.0	0.064	4.0	1713.673751	1753.078734	2.355832956	1.421829377	11.91465163	15.69231396	1.021422491	23.9675108	390.3444427	36.4451872	0.04529286	0.766924962	0.07731521	0.067649144	0.049139134	0.015101184	2018.0	0.925433977	1.087968511	0.139379577	2.152782065	221.4268461	318.5260354	240.5135533	337.6127426	0.0		0.0	0.0	0.0	0.0	0.0	0.0	0.0
"PEL50"	0.403389991	"PEL"	26.0	1.0	3.5	0.888	11.81	4.0	0.532	5.0	4066.900247	4420.131731	0.0	2.814548472	4.704194021	7.518742493	0.723132759	468.6983843	16.5067165	828.9931962		0.442365204	0.106376786		0.012370342	0.162020469	2018.0	0.0	1.322683211	0.0	1.322683211	584.3264897	806.0456664	625.0668466	846.7860234	0.0		0.0	0.0	0.0	0.0	0.0	0.0	0.0
"PEL16"	0.353145744	"PEL"	53.0	1.0	3.9	0.929	6.84	5.0	0.368	2.0	5846.179982	5762.629897	0.0	3.724354839	9.858049482	13.58240432	1.118582378	325.2593155	117.0835695	645.0171978	0.120743962	0.90484163			0.034810859	0.058185928	2018.0	0.721982126	1.262922787	0.0	1.984904913	754.3549972	1056.157647	816.6450187	1118.447668	0.0		0.0	0.0	0.0	0.0	0.0	0.0	0.0
"PEL28"	0.717549762	"PEL"	84.0	1.0	4.5	5.44	29.33	2.0	0.108	15.0	11294.44831	11671.18004	0.0	7.305529091	11.24236134	18.54789043	1.46160071	1257.205449	320.5720601	3453.266141	0.212186882	0.746638189	0.254464562		0.035309543	0.213001552	2018.0	0.0	5.827253384	0.0	5.827253384	1839.828533	2558.629265	1993.842738	2712.643471	0.0		0.0	0.0	0.0	0.0	1.0	0.0	0.0
"PEL29"	0.090503702	"PEL"	60.0	1.0	5.0	1.413	11.84	7.0	0.587	5.0	5169.509335	5095.662124	0.0	4.038361998	7.892132869	11.93049487	0.852678309	319.2060957	30.61484479	914.2450554	0.056789575	0.755675159			0.03005825	0.008873086	2018.0	0.0	4.097038834	0.0	4.097038834	684.0454876	973.1134755	737.7846796	1026.852668	0.0		0.0	0.0	0.0	0.0	0.0	0.0	0.0
"PEL30"	0.088984586	"PEL"	46.0	1.0	3.6	1.333	10.35	4.0	0.311	3.0	5553.702734	5775.528606	0.0	3.204232078	9.671702593	12.87593467	0.868080559	222.6694012	74.57231437	648.20254	0.006148362	0.778438942			0.034834981	0.04865827	2018.0	0.0	1.900809237	0.0	1.900809237	766.7655922	1151.313706	827.516898	1212.065012	0.0		0.0	0.0	0.0	0.0	0.0	0.0	0.0
"PEL14"	0.377634992	"PEL"	52.0	2.0	3.8	1.671	12.12	4.0	0.29	5.0	5736.851326	5809.084521	0.0	4.127735108	9.66195529	13.7896904	1.215643225	218.1247941	48.96094376	295.7374056	0.087372296	0.840278718		0.211615962	0.076376215		2018.0	0.0	5.416251873	0.0	5.416251873	783.2537429	1123.378133	829.0381044	1169.162494	0.0		0.0	0.0	0.0	0.0	0.0	0.0	0.0
"PEL88"	0.158436679	"PEL"	48.0	1.0	4.0	0.031	0.26	1.0	0.084	0.0	3349.43141	3245.977815	0.0	2.759797827	9.164604656	11.92440248	0.977306993	114.7463844	215.1756517	175.6817331	0.040415916	0.871479602			0.008827472	0.056583994	2018.0	0.0	2.471967114	0.0	2.471967114	415.9162056	597.3377637	446.4879117	627.9094698	0.0		0.0	0.0	0.0	0.0	0.0	0.0	0.0
"PEL44"	0.423707005	"PEL"	70.0	2.0	4.2	0.741	4.46	4.0	0.241	6.0	5716.71569	5763.955786	0.0	5.526030505	11.09046369	16.6164942	1.317740746	293.6211886	69.52647188	339.9836495	0.192196584	0.842624975			0.020016571	0.262902626	2018.0	0.0	7.638195796	0.47595631	8.114152107	787.1725991	1161.906814	857.5228385	1232.257053	0.0		0.0	0.0	0.0	0.0	0.0	0.0	0.0
"PEL53"	0.262031961	"PEL"	39.0	1.0	3.1			1.0	0.079	3.0	4833.293588	4986.079719	0.0	1.236070937	11.39797402	12.63404496	1.129155711	326.9171191	161.5086671	549.4338805	0.055678148	0.867339931	0.002580485	0.042046698	0.002343177	0.15916725	2018.0	1.72731766	0.857835027	0.0	2.585152687	583.3674554	900.5478803	623.830027	941.0104519	0.0		0.0	0.0	0.0	0.0	0.0	0.0	0.0
"PEL56"	0.375928023	"PEL"	70.0	3.0	3.6	4.361	22.67	6.0	0.312	4.0	7092.460619	7103.700548	0.756187261	5.655801445	12.82511052	19.23709923	1.329120622	827.8728172	3.507224318	616.6669738	0.148962673	1.009549955	0.007813166		0.158824517		2018.0	0.0	3.604294933	0.0	3.604294933	1149.553143	1648.021036	1233.939161	1732.407054	0.0		0.0	0.0	0.0	0.0	0.0	0.0	0.0
"PEL82"	0.050470154	"PEL"	78.0	2.0	3.9	2.551	12.85	4.0	0.201	3.0	7427.8628	5136.912694	0.0	4.17741874	15.6801473	19.85756604	1.285680939	486.6100571	0.0	202.3567388		1.268451421			0.017229555		2018.0	0.0	5.52315543	0.0	5.52315543	1221.723164	1813.616187	1303.735135	1895.628159	0.0		0.0	0.0	0.0	0.0	0.0	0.0	0.0
"PEL42"	0.389570773	"PEL"	68.0	1.0	3.9	1.895	10.87	6.0	0.344	8.0	8298.915192	8480.136641	0.0	6.967972515	10.46617941	17.43415192	1.318851242	652.6132671	31.7433381	540.0573149	0.040947597	1.038226097	0.082523115	6.35742E-4	0.053828465	0.102690237	2018.0	0.0	4.016814372	0.0	4.016814372	1175.563763	1738.044701	1255.252035	1817.732973	0.0		0.0	0.0	0.0	0.0	0.0	0.0	0.0
"PEL1"	0.285065078	"PEL"	82.0	1.0	4.4	0.235	1.26	3.0	0.161	6.0	5626.693006	5377.901232	0.0	4.193962094	14.44750622	18.64146831	1.471085147	185.8585851	1164.014759	1334.713969	0.120148131	1.093895627	0.036950896	0.133359689	0.005521269	0.081209583	2018.0	0.066241984	2.829592755	0.0	2.895834738	630.9586079	946.5600521	676.9898743	992.5913184	0.0		0.0	0.0	0.0	0.0	0.0	0.0	0.0
"PEL31"	0.397134198	"PEL"	54.0	1.0	4.0	0.834	6.15	5.0	0.369	2.0	5021.643059	5166.518102	0.0	2.369584668	11.18835111	13.55793577	1.043357358	157.357082	302.7360852	459.2261245	0.083853267	0.76646344	0.044015791	0.092632248	0.012732884	0.043659731	2018.0	0.132888859	2.324063539	0.0	2.456952398	720.6112205	1007.313491	783.7081184	1070.410389	0.0		0.0	0.0	0.0	0.0	0.0	0.0	0.0
"PEL87"	0.531521253	"PEL"	60.0	1.0	4.0	4.683	30.97	3.0	0.198	5.0	8594.926769	8449.140077	0.0	5.015157783	10.10798501	15.12314279	1.220328598	556.3035268	98.88137165	1400.79597	0.125355131	0.844514709	0.01939143	0.03413468	0.083030884	0.108395056	2018.0	0.0	6.421621273	0.0	6.421621273	1098.49473	1569.874545	1181.035677	1652.415493	0.0		0.0	0.0	0.0	0.0	0.0	0.0	0.0
"PEL121"	0.049704354	"PEL"	117.0	2.0	5.9	1.654	8.28	1.0	0.05	8.0	6403.251176	2579.313339	0.0	2.621014368	17.34922029	19.97023466	1.06213383	647.1685919	0.0	116.1767823		1.008253893			0.05387994		2018.0	0.0	2.19936864	0.883979805	3.083348445	1376.038769	1755.383806	1518.628454	1897.973491	0.0		0.0	0.0	0.0	0.0	0.0	0.0	0.0
"PEL51"	0.129190175	"PEL"	58.0	1.0	3.2	4.145	22.69	2.0	0.109	5.0	8780.407627	8789.759398	0.0	6.066968331	12.20191211	18.26888044	1.390558713	525.0664854	5.189293216	72.70946233	0.023057443	1.127725126		0.064055954	0.175720201		2018.0	0.0	4.202840433	0.926507423	5.129347856	1505.437944	2173.334658	1625.536746	2293.433459	0.0		0.0	0.0	0.0	0.0	0.0	0.0	0.0
"PEL130"	0.172938709	"PEL"	37.0	1.0	3.8	2.518	26.15	1.0	0.104	3.0	3170.019816	17.06584004	0.0	4.523185158	5.104402118	9.627587276	0.99888534	230.0172369	3.897273256	11.68190847	0.050180388				0.948704954		2018.0	0.0	2.304736553	0.480594761	2.785331314	662.3576668	910.5637247	706.5431289	954.7491869	0.0		0.0	0.0	0.0	0.0	0.0	0.0	0.0
"PEL135"	0.344964898	"PEL"	42.0	1.0	4.3					1.0	813.5948467	7.331271006	0.0	1.256678498	8.457087829	9.713766327	0.89475541	42.87035063	4.346339171	1.020551277	0.133064208	0.637474779			0.12421643		2018.0	0.0	1.569962567	0.0	1.569962567	146.5599434	195.8961845	158.1285902	207.4648313	0.0		0.0	0.0	0.0	0.0	0.0	0.0	0.0
"PEL6"	0.156902867	"PEL"	34.0	1.0	3.4			2.0	0.2	0.0	2681.881423	2741.964698	0.0	1.324744854	8.679048487	10.00379334	0.968102117	22.01202705	425.6354967	174.5308628	0.066991339	0.817039653		0.026141845	9.70403E-4	0.056958871	2018.0	0.0	0.556711569	0.0	0.556711569	376.6046079	531.0093493	398.2143201	552.6190616	0.0		0.0	0.0	0.0	0.0	0.0	0.0	0.0
"PEL136"	0.007926363	"PEL"	47.0	1.0	3.4			4.0	0.287	3.0	3455.268033	1.321474934	0.0	1.168423436	12.75814235	13.92656579	1.114993936	204.1300027	7.195037743	17.19011478	2.12374E-4	0.065268654			1.049512907		2018.0	0.0	3.471143779	0.0	3.471143779	697.5474131	956.1992151	744.3963005	1003.048102	0.0		0.0	0.0	0.0	0.0	0.0	0.0	0.0
"PEL57"	0.004846413	"PEL"	21.0	1.0	4.6	0.243	5.29			0.0	1501.941257	1439.958301	0.0	0.433359221	4.161054239	4.594413461	0.445387044	53.36958314	9.843333648	11.99187988		0.418213025			0.027173969		2018.0	0.87496064	0.443311627	0.0	1.318272267	241.1668443	373.2936759	255.1883479	387.3151795	0.0		0.0	0.0	0.0	0.0	0.0	0.0	0.0
"PEL132"	0.099198334	"PEL"	80.0	1.0	4.5	3.159	17.9	6.0	0.34	3.0	6151.670798	1246.955132	0.0	3.878444542	13.77265166	17.6510962	1.191786284	484.6615635	0.0	126.2174407		1.078898046			0.112888282		2018.0	0.0	2.745115582	0.0	2.745115582	1043.044562	1556.901009	1115.543248	1629.399695	0.0		0.0	0.0	0.0	0.0	0.0	0.0	0.0
"PEL65"	0.306455227	"PEL"	47.0	1.0	3.6	4.013	30.63	3.0	0.229	5.0	3031.407036	3234.309009	0.0	4.68866974	8.414089866	13.10275961	1.08595479	91.15389578	21.78851504	43.95161294	0.03972235	0.853606215	0.030029753		0.162596472		2018.0	0.340363207	3.64533498	0.324300495	4.309998683	303.5486984	494.0921773	326.1107133	516.6541922	0.0		0.0	0.0	0.0	0.0	0.0	0.0	0.0
"PEL3"	0.621437189	"PEL"	64.0	2.0	4.2	4.541	29.72	6.0	0.393	8.0	6942.727246	7038.860248	0.0	6.503868892	8.774523347	15.27839224	1.196298964	510.1921722	62.0284466	1112.101254	0.090352549	0.801768593	0.134581101	0.078934992	0.081434275	0.009227447	2018.0	0.0	4.009516682	0.0	4.009516682	954.3727141	1363.979668	1024.001398	1433.608352	0.0		0.0	0.0	0.0	0.0	0.0	0.0	0.0
"PEL137"	0.103908639	"PEL"	25.0	1.0	3.2			2.0	0.257	3.0	2479.049889		0.0	0.412266064	7.378965342	7.791231406	0.760156668	190.0017501	2.995627133	20.14294007		0.67529493			0.084861736		2018.0	0.0	1.542548444	0.0	1.542548444	524.3850119	714.7575984	559.2103829	749.5829695	0.0		0.0	0.0	0.0	0.0	0.0	0.0	0.0
"PEL34"	0.07623135	"PEL"	139.0	1.0	7.2	0.238	1.24	8.0	0.416	2.0	5550.208719	5734.341145	0.0	5.024404033	14.18390648	19.20831051	1.296268885	159.4656363	0.0	54.46459284	0.030311092	1.224851817			0.022677551	0.018428422	2018.0	0.0	2.457938172	0.704828115	3.162766286	687.2126372	1107.734361	734.1606355	1154.68236	0.0		0.0	0.0	0.0	0.0	0.0	0.0	0.0
"PEL69"	0.331707856	"PEL"	53.0	1.0	3.4	1.771	11.37	3.0	0.193	5.0	4126.057259	4188.801771	0.0	5.42081657	10.15554721	15.57636378	1.182264939	123.3552157	49.58669161	159.2586257	0.012744118	0.778750458		0.14335624	0.140946792	0.106467321	2018.0	0.0	3.311983942	0.410186568	3.72217051	504.0904662	769.0348149	546.9883649	811.9327135	0.0		0.0	0.0	0.0	0.0	0.0	0.0	0.0
"PEL66"	0.440951567	"PEL"	86.0	1.0	4.0	3.067	14.39	4.0	0.188	5.0	6571.368384	6709.301672	0.0	6.646748194	14.66625484	21.31300303	1.490516465	246.1998491	63.71499737	305.0660128	0.120573762	1.103806267			0.024620574	0.241515886	2018.0	0.0	7.003143505	0.425911662	7.429055167	839.7605506	1263.023653	913.5410552	1336.804157	0.0		0.0	0.0	0.0	0.0	0.0	0.0	0.0
"PEL20"	0.234216287	"PEL"	73.0	1.0	3.8	3.072	16.12	3.0	0.157	3.0	5672.62058	5789.870307	0.0	6.087985307	12.97312948	19.06111479	1.386913577	230.0580439	69.11739409	495.9941205	0.065418321	1.186847099	0.030010887		0.033811479	0.070825795	2018.0	1.869334117	2.604130001	0.717813322	5.191277441	648.268013	978.3525334	683.2432979	1013.327818	0.0		0.0	0.0	0.0	0.0	0.0	0.0	0.0
"PEL43"	0.319060517	"PEL"	55.0	1.0	4.8	1.883	16.55	4.0	0.352	5.0	2831.036315	2848.176094	0.0	4.883038798	6.492317371	11.37535617	0.825668459	81.10422454	2.006507488	40.38617741	0.022015053	0.596931699	0.078726101	0.014633395	0.113362207		2018.0	0.0	3.987080645	0.0	3.987080645	388.2583774	561.3135871	427.4677244	600.5229342	0.0		0.0	0.0	0.0	0.0	1.0	0.0	0.0
"PEL47"	0.316149947	"PEL"	68.0	1.0	4.0	0.379	2.2	2.0	0.116	6.0	4870.182698	4912.521886	0.0	4.434767044	12.77878401	17.21355105	1.35871304	107.6149166	133.5413128	216.1803123	0.07676324	1.186906811	0.026994523		0.042269169	0.025779289	2018.0	0.0	2.329372688	0.0	2.329372688	503.9909208	713.6288287	548.3015344	757.9394423	0.0		0.0	0.0	0.0	0.0	0.0	0.0	0.0
"PEL23"	0.273861784	"PEL"	55.0	1.0	3.6	0.95	6.19	6.0	0.391	8.0	10071.53264	10894.8948	0.0	4.661924455	10.6796551	15.34157956	1.282309154	1123.856439	295.7076178	1974.715656	0.09456983	1.014370123			0.011683545	0.161685669	2018.0	0.0	3.786382951	0.0	3.786382951	1649.110076	2369.405565	1783.975164	2504.270652	0.0		0.0	0.0	0.0	0.0	2.0	0.0	0.0
"PEL27"	0.381467271	"PEL"	35.0	2.0	3.2	0.529	4.8	5.0	0.454	3.0	2757.167977	2743.799765	0.0	4.455424244	6.568690761	11.02411501	1.060932241	143.1655744	185.1047841	198.126392	0.077269382	0.582182796		0.379259237	0.007835327	0.01438551	2018.0	0.0	4.375387934	0.551249919	4.926637853	346.0761401	500.9506651	376.5941164	531.4686415	0.0		0.0	0.0	0.0	0.0	0.0	0.0	0.0
"PEL39"	0.002263829	"PEL"	26.0	1.0	3.0	0.336	3.85			0.0	1512.880485	1491.856965	0.336207989	0.0	8.393790709	8.729998698	0.92951209	38.91323379	209.7284278	14.12108124		0.890917095			0.008758051		2018.0	0.0	0.388178444	0.0	0.388178444	269.0609172	377.4213826	287.1421286	395.502594	0.0		0.0	0.0	0.0	0.0	0.0	0.0	0.0
"PEL55"	0.099509408	"PEL"	68.0	2.0	4.1	1.222	7.36	4.0	0.241	3.0	9143.521499	9535.59646	0.0	3.730399548	12.88028882	16.61068837	1.286261184	1097.059498	10.13467038	1106.320351	0.102231304	1.096004711	0.035294557		0.044899087	0.004650102	2018.0	0.0	4.39298227	0.0	4.39298227	1431.799943	2035.775743	1537.131404	2141.107203	0.0		0.0	0.0	0.0	0.0	0.0	0.0	0.0
"PEL18"	0.603384887	"PEL"	23.0	1.0	3.3	2.006	28.98	5.0	0.722	3.0	5388.545452	5485.340633	0.0	3.885929865	3.035080201	6.921010066	0.579380272	470.7576647	93.88170616	1128.767931	0.06285077	0.376747448	0.018795176		0.076810509	0.044176356	2018.0	0.0	0.993496495	0.184225143	1.177721638	730.7945614	1037.35149	780.05078	1086.607709	0.0		0.0	0.0	0.0	0.0	0.0	0.0	0.0
"PEL84"	0.595575345	"PEL"	47.0	2.0	4.0	0.404	3.4	3.0	0.252	5.0	2813.470185	2635.12076	0.0	2.653448933	9.236003759	11.88945269	0.960841226	71.90888454	181.1496765	136.6837002	0.016697613	0.582203991	0.016921795	0.106289859	0.04513215	0.193595823	2018.0	0.0	2.408996005	0.0	2.408996005	374.5052834	521.4275711	409.1687356	556.0910233	0.0		0.0	0.0	0.0	0.0	0.0	0.0	0.0
"PEL41"	0.420278516	"PEL"	60.0	2.0	3.9	0.253	1.64	3.0	0.195	6.0	4173.745606	4109.395847	0.0	3.041197647	12.37703694	15.41823459	1.250745936	114.6729627	424.1227196	328.0880112	0.079932963	0.829766152	0.017173668	0.083156778	0.04110153	0.199614845	2018.0	0.0	2.941488561	0.0	2.941488561	541.5942982	759.7351496	594.887737	813.0285884	0.0		0.0	0.0	0.0	0.0	0.0	0.0	0.0
"PEL49"	0.366535284	"PEL"	64.0	1.0	4.3	0.337	2.27	5.0	0.337	5.0	4249.501909	4251.111322	0.0	4.178252475	10.67040917	14.84866164	1.184433699	179.9516873	155.5330043	348.0568619	0.128361505	0.878162751		0.053181702	0.059138243	0.065589511	2018.0	0.174178439	3.341716982	0.0	3.515895421	547.0491247	801.6787626	603.5663201	858.195958	0.0		0.0	0.0	0.0	0.0	1.0	0.0	0.0
"PEL37"	0.105623496	"PEL"	46.0	1.0	4.1			7.0	0.617	3.0	4630.581337	4843.340628	0.0	1.140521554	10.21382774	11.3543493	0.835374622	332.7080961	2.184082921	267.628957		0.761635103			0.07373946		2018.0	0.0	1.594465279	0.356381148	1.950846427	544.9677669	855.9157559	570.9916267	881.9396157	0.0		0.0	0.0	0.0	0.0	0.0	0.0	0.0
"PEL133"	0.107616862	"PEL"	68.0	2.0	4.3			4.0	0.255	2.0	6802.22542		0.0	1.367000216	14.30150424	15.66850446	1.213438428	593.9388154	0.0	64.56798847		1.094011071			0.119427358		2018.0	0.0	2.245592036	0.0	2.245592036	1315.577575	1867.716415	1393.170407	1945.309247	0.0		0.0	0.0	0.0	0.0	0.0	0.0	0.0
"PEL13"	0.201677736	"PEL"	45.0	1.0	2.9			6.0	0.392	5.0	6681.521647	6978.74565	0.0	3.642575421	11.67449715	15.31707257	1.329526367	334.4462349	27.13268085	355.7678992	0.03771289	1.025552985	0.046718181	0.142168457	0.077373845		2018.0	1.308192038	0.938634036	0.0	2.246826074	917.4183701	1313.26786	964.4332058	1360.282696	0.0		0.0	0.0	0.0	0.0	0.0	0.0	0.0
"PEL21"	0.549316302	"PEL"	49.0	2.0	4.4			2.0	0.179	3.0	3507.82309	3568.872026	0.0	2.744791384	8.439441304	11.18423269	0.915402043	203.128816	50.36635574	83.00812779	0.182142813	0.518071032			0.00654833	0.207802245	2018.0	0.0	5.407015196	0.102599888	5.509615084	492.872245	734.2575232	529.6674347	771.0527128	0.0		0.0	0.0	0.0	0.0	0.0	0.0	0.0
"PEL79"	0.029139807	"PEL"	93.0	1.0	4.1			7.0	0.308	5.0	10863.51598	5699.085373	0.0	2.593919714	20.16125128	22.75517099	1.495525652	1125.437772	0.208672453	117.7420942		1.474501571			0.018126972		2018.0	0.15656545	3.371426228	1.722071651	5.250063329	2055.120134	3008.300127	2155.890329	3109.070323	0.0		0.0	0.0	0.0	0.0	0.0	0.0	0.0
"PEL8"	0.009770815	"PEL"	89.0	1.0	3.8	0.366	1.58	7.0	0.301	3.0	12512.05986	12919.30843	0.0	3.775252899	19.45753595	23.23278885	1.488206485	1089.397862	0.0	448.2633067	2.29213E-4	1.482125539			0.004181171		2018.0	0.0	5.847368375	0.0	5.847368375	2073.294688	3015.586968	2202.952243	3145.244523	0.0		0.0	0.0	0.0	0.0	0.0	0.0	0.0
"PEL4"	0.618981209	"PEL"	22.0	1.0	3.1					3.0	771.6521262	778.0746945	0.0	2.324644849	4.783032309	7.107677158	0.668575283	15.73260786	133.2550456	39.67024685	0.03540906	0.320472144	0.055204364	0.096410157	0.132234623	0.017334131	2018.0	0.0	1.317277973	0.0	1.317277973	90.60897676	134.4386255	93.74289368	137.5725424	0.0		0.0	0.0	0.0	0.0	0.0	0.0	0.0
"PEL64"	0.234839136	"PEL"	50.0	1.0	3.6	2.996	21.6	6.0	0.433	8.0	10142.12913	9610.103794	0.0	3.8507295519999998	10.01780439	13.86853395	1.170636703	963.4449538	16.94927265	2380.277527	0.004671452	0.884217448	0.055474812	0.044796867	0.088807687	0.090776222	2018.0	1.722343242	2.405161069	0.289806987	4.417311298	1214.153082	1749.1011	1309.23471	1844.182729	0.0		0.0	0.0	0.0	0.0	0.0	0.0	0.0
"PEL46"	0.399800598	"PEL"	81.0	1.0	4.3	3.75	19.68	10.0	0.525	7.0	7644.757576	7677.018024	0.0	8.605924639	10.44827245	19.05419709	1.446954069	488.9062694	170.4451765	1092.998342	0.11005459	1.137484432	0.097286724	0.03297787	0.038485343	0.03066512	2018.0	0.011824504	3.400803161	0.519547879	3.932175544	887.019378	1226.525797	954.2976474	1293.804066	0.0		0.0	0.0	0.0	0.0	0.0	0.0	0.0
"PEL52"	6.51116E-5	"PEL"	122.0	1.0	5.0			7.0	0.286	6.0	10610.54355	10257.10559	0.0	5.42300104	19.01933527	24.44233631	1.407406024	1225.088602	6.120575119	138.6145038		1.404837549			0.002568478		2018.0	0.196109415	4.467231418	1.314235928	5.97757676	1720.862812	2642.194822	1806.676941	2728.008951	0.0		0.0	0.0	0.0	0.0	0.0	0.0	0.0
"PEL11"	0.542058813	"PEL"	69.0	1.0	4.5	4.09	26.55	11.0	0.714	7.0	5571.852221	5671.439396	0.0	4.839208214	10.56386795	15.40307616	1.285040786	258.6721993	70.45194269	587.5418593	0.033086033	0.668108826	0.060542287	0.258194164	0.197377673	0.067731797	2018.0	0.124652474	4.065707688	0.927096197	5.117456359	652.2865934	978.027231	705.0149611	1030.755599	0.0		0.0	0.0	0.0	0.0	0.0	0.0	0.0
"PEL78"	0.174804553	"PEL"	38.0	1.0	5.0	0.76	10.09	1.0	0.133	1.0	2757.967067	2859.026936	0.0	1.307884599	6.226650938	7.534535537	0.581966348	189.1150477	189.0497459	286.6324402	0.024996207	0.491307772		0.006259014	0.009521864	0.049881497	2018.0	1.938093633	0.165288024	0.0	2.103381657	342.0646181	526.7831122	362.3093009	547.0277951	0.0		0.0	0.0	0.0	0.0	0.0	0.0	0.0
"PEL61"	0.299027089	"PEL"	48.0	2.0	3.5			5.0	0.368	3.0	7442.651316	7673.317762	0.0	3.055709646	10.54523126	13.60094091	1.164424199	800.0186414	213.0446854	1102.785843	0.043510355	0.919498237	0.011338633	0.006076732	0.006534705	0.177465553	2018.0	2.000963252	1.810932835	0.061564724	3.873460811	1146.879688	1613.572202	1233.81601	1700.508525	0.0		0.0	0.0	0.0	0.0	0.0	0.0	0.0
"PEL119"	0.224143331	"PEL"	32.0	1.0	4.2					0.0	1917.826907	1944.258861	0.0	1.634757792	5.914339175	7.549096967	0.676408476	56.21296825	23.58463002	145.6853706	0.054782595	0.497075712			0.077586966	0.046963203	2018.0	0.0	1.602063809	0.25654432	1.858608129	227.0273914	334.1706706	237.7740314	344.9173106	0.0		0.0	0.0	0.0	0.0	0.0	0.0	0.0
"PEL59"	0.29648496	"PEL"	69.0	1.0	4.3	2.96	18.31	5.0	0.309	5.0	6196.938068	6195.222704	0.0	4.852288048	11.31463232	16.16692037	1.129825324	562.2478098	31.12792677	166.7707959		0.90050186		0.125153878	0.104082152		2018.0	0.203011745	1.892744773	0.0	2.095756518	816.0873267	1368.932572	853.9064164	1406.751661	0.0		0.0	0.0	0.0	0.0	0.0	0.0	0.0
"PEL124"	0.268993627	"PEL"	53.0	1.0	4.8	1.616	14.71	2.0	0.182	1.0	3393.027374	3501.038353	0.0	2.624609739	8.362004821	10.98661456	0.853120586	303.0033351	419.8493609	322.0466981	0.032158016	0.678369867		0.006259014	0.090160421	0.046173279	2018.0	2.429010636	0.677916657	0.0	3.106927293	433.8561049	628.7463065	464.3625748	659.2527765	0.0		0.0	0.0	0.0	0.0	0.0	0.0	0.0
"PEL72"	0.418399247	"PEL"	43.0	1.0	3.8	0.324	2.86	3.0	0.265	6.0	8570.020716	8793.012678	0.0	3.847075315	7.475897546	11.32297286	1.010540291	813.6081063	304.005982	2019.871531	0.014447717	0.658595976	0.021157748	0.020128741	0.117514	0.178696143	2018.0	2.115450643	1.979335578	0.0	4.094786221	1297.305111	1872.170964	1380.815384	1955.681236	0.0		0.0	0.0	0.0	0.0	0.0	0.0	0.0
"PEL60"	0.406230238	"PEL"	34.0	1.0	3.4	0.385	3.83	1.0	0.099	8.0	6940.203859	7018.592565	0.0	4.397455146	5.658097638	10.05555278	1.027736508	623.2633591	294.1852393	1562.287328	0.068829768	0.718868431	0.020289479	0.04709088	0.002222668	0.165182694	2018.0	1.986199972	1.070796467	0.0	3.056996439	1107.331986	1572.724452	1203.753219	1669.145686	0.0		0.0	0.0	0.0	0.0	0.0	0.0	0.0
"PEL10"	0.280879495	"PEL"	85.0	2.0	4.5	1.311	6.95	8.0	0.424	6.0	11315.31151	11444.79009	0.0	3.109935583	15.74457253	18.85450811	1.549264132	1351.507468	482.4888538	2046.204458	0.009530908	1.293555402	0.018739574	0.021028372	0.024242252	0.18216761	2018.0	2.667584942	2.945934682	0.0	5.613519624	1693.291923	2431.906512	1824.20218	2562.816768	0.0		0.0	0.0	0.0	0.0	0.0	0.0	0.0
"PEL54"	0.077108123	"PEL"	64.0	1.0	3.4	2.974	15.81	3.0	0.16	6.0	6526.52611	6031.965679	0.404809249	4.79879491	13.60432221	18.80792637	1.369908317	605.1634189	10.38340305	161.2386474	0.02138202	1.19615307		0.008194321	0.143223394		2018.0	0.731063438	4.520356676	0.301884401	5.553304515	1128.375131	1670.222688	1210.653276	1752.500832	0.0		0.0	0.0	0.0	0.0	0.0	0.0	0.0
"PEL58"	0.367700547	"PEL"	46.0	1.0	4.1	2.587	23.01	10.0	0.89	8.0	15382.51197	14592.17129	0.0	4.06025089	7.181273478	11.24152437	0.976699847	2267.246496	126.7048801	6267.90628	0.016200441	0.679811823	0.130261794		0.008772341	0.141653448	2018.0	0.215579742	1.568377145	1.775372386	3.559329273	1937.317139	2564.044124	2123.461353	2750.188338	0.0		0.0	0.0	0.0	0.0	0.0	0.0	0.0
"PEL19"	0.570703881	"PEL"	64.0	1.0	3.8	3.244	19.33	12.0	0.715	10.0	10609.88852	10969.33749	0.0	6.876242473	9.906592169	16.78283464	1.422016592	1442.887672	551.7634685	3006.1029	0.038816037	1.016042894	0.154028264	0.062112301	0.039567548	0.111449534	2018.0	2.960684059	2.855125873	1.070655181	6.886465113	1517.999444	2060.884805	1638.429636	2181.314997	0.0		0.0	0.0	0.0	0.0	0.0	0.0	0.0
