Schoolid	Entropie500m	City	SUMIntersection	PropIntersectionKm	NbrSchools	SUMOnewaykm	PropOneWayKm	NbrCrossingGuard	PropCrossingGuardKm	NbrTrafSignals	Pop2016	Pop2011	Highwaykm	MajorRoadkm	MinorRoadkm	roadcovkm	ShapeAreakm	ISPH1116	OPDbPC60Less	STDMulti	SumComkm	SumGouvkm	SumOpenAreakm	SumParkkm	SumReskm	SumIndkm	CHASEYEAR	BikeClass01	BikeClass02	BikeClass03	BikeClassAll	AG112	AG117	AG012	AG017	NbrRaisedCrosswalk	SpeedHumpkm	NbrTrafficCircles	NbrMidBlockNarrowings	NbrCurbExtension	NbrDiverter	NbrCrosswalk	NbrFlashingCrosswalk	NbrSpeedActivatedSign
"TOR189"	0.320918475740531	"TOR"	69.0	8.6	1.0	2.75	34.3299999999999	2.0	0.25	6.0	4396.66900838779	4208.21677784377	0.0	1.25369570512802	6.75772984339235	8.01142554852038	0.384825577593399	71.2139938135595	1259.87734010126	1310.69872660559		0.018459701527491	0.006698153491673	0.043557123929755	0.31611059684315		2018.0	0.504296682035736	0.28183842486587	0.047756697798167	0.833891804699773	588.475455006617	864.746062123108	628.592703412361	904.863310528852	0.0	1.9457777459	0.0	2.0	4.0	0.0	2.0	1.0	0.0
"TOR174"	0.160260857959417	"TOR"	38.0	5.6	1.0	2.057	30.3	1.0	0.147	4.0	3397.07965905998	3426.73706389809	0.0	1.1927032858748	5.59652150393542	6.78922478981022	0.380633343684178	194.073431475652	595.010647453812	440.443941712093	1.67225482E-7	0.034074495274543	1.22283727126E-4	3.60394960559E-4	0.346075978399206		2018.0	0.0	0.0	0.0	0.0	444.945059927615	663.518435072116	488.094372562945	706.667747707446	0.0	0.15606914518	0.0	0.0	0.0	0.0	0.0	2.0	0.0
"TOR170"	0.560571485554479	"TOR"	7.0	2.7	2.0	0.711	27.18	3.0	1.147	3.0	1421.05109196527	1443.08604589978	0.0	2.15966925489049	0.45608159326347	2.61575084815396	0.149534400272465	198.782316348812	104.210562606638	321.008130823981	0.040156340199788	0.024766779890102	0.005848386982821	0.02484294722473	0.053919945274524		2018.0	0.0	0.074293084799472	0.0	0.074293084799472	196.710564174133	292.982978568416	213.985381054451	310.257795448734	0.0		0.0	0.0	0.0	0.0	2.0	0.0	0.0
"TOR198"	0.26233745320405	"TOR"	21.0	5.0	2.0					3.0	1322.97087243808	1291.28413956775	0.0	1.2308996677348	3.0058425724271	4.2367422401619	0.31894440331444	53.5929162575046	297.547600903411	56.5843779519751		0.029527607969184		0.016892985639588	0.272523808860399		2018.0	0.064767548993877	0.0	0.864309678929614	0.92907722792349	154.387408982482	235.75720353321	166.315356668533	247.68515121926	0.0		0.0	0.0	0.0	0.0	0.0	1.0	0.0
"TOR157"	0.262271934076542	"TOR"	4.0	4.8	1.0					0.0	1229.09134678488	1298.50799339741	0.0	0.673940062993705	0.154423412702373	0.828363475696078	0.111571442290584	172.681763837917	66.1319859535472	419.368071749748			6.20078472651E-4	0.02047416839446	0.090477194288982		2018.0	0.0	0.0	0.0	0.0	220.117124215998	279.436995720889	235.595607442445	294.915478947335	0.0		0.0	0.0	0.0	0.0	0.0	0.0	0.0
"TOR156"	0.541370001000586	"TOR"	75.0	9.3	2.0	3.38	42.07	4.0	0.498	6.0	3062.30872744377	2860.35045945835	0.0	2.78062165996376	5.25334555959358	8.03396721955735	0.336847601632661	52.9793533141414	802.274368844884	972.816909660526		0.049862850473243	0.019178082617802	0.053879643027058	0.212467297372648	0.001459726375295	2018.0	1.07933227165933	0.741657717394274	0.0	1.82098998905361	245.478011024427	320.475792357111	261.485652595588	336.483433928272	0.0	0.9348603488	0.0	0.0	1.0	0.0	4.0	0.0	0.0
"TOR152"	0.296508327757321	"TOR"	34.0	5.4	1.0	0.223	3.54	1.0	0.159	3.0	1693.7415503002	1715.63320776197	0.012861066870674	0.971200053850329	5.32388413738679	6.30794525810779	0.359258124670436	67.6604414436625	309.919772696074	348.730334578516		0.017822763192533	0.005718576877183		0.302982271093231	0.032734517531883	2018.0	0.0	0.0	0.596598523289274	0.596598523289274	189.583644227771	255.712262208446	213.585530412284	279.714148392959	0.0		0.0	0.0	0.0	0.0	1.0	1.0	0.0
"TOR206"	0.434206315686655	"TOR"	12.0	5.3	1.0					2.0	1291.87410649689	1255.82097761785	0.0	0.401921985288772	1.84692920875049	2.24885119403926	0.188229083268878	103.648952733172	197.55547845766	295.682469065069	0.060787666620131	0.052552058511365	0.001798586951837	0.003633994762395	0.06945677204081		2018.0	0.0	0.0	0.0	0.0	211.362317196106	294.240069618239	220.018454967573	302.896207389706	0.0		0.0	0.0	0.0	0.0	0.0	1.0	0.0
"TOR142"	0.605112423752852	"TOR"	11.0	3.9	2.0	0.801	28.5	2.0	0.712	4.0	3339.83857251029	3354.71234152324	0.003491291660336	1.51156429133589	1.29589188870163	2.81094747169786	0.261975361292083	443.157898671614	133.27952351444	1054.15039460309		0.070721542038478	0.002790082000311	0.099687272788121	0.002329732481737	0.086446742133733	2018.0	0.0	0.0	0.0	0.0	501.454498577992	758.363595159601	528.836482522776	785.745579104386	0.0		0.0	0.0	0.0	0.0	0.0	1.0	0.0
"TOR21"	0.259975180818578	"TOR"	33.0	5.4	2.0			4.0	0.65	2.0	2084.77916839759	2109.19140186073	0.0	1.15531464803481	4.99686096220683	6.15217561024164	0.362229623387103	40.0605655623141	620.095223788609	92.2126386703468		0.027190213918793	6.10981636195E-4	0.022402882550717	0.312025546857793		2018.0	0.0	0.107303111423422	0.0	0.107303111423422	377.268968877479	521.606338974704	392.896043894077	537.233413991302	0.0		0.0	0.0	0.0	0.0	4.0	1.0	1.0
"TOR127"	0.25700449027991	"TOR"	20.0	4.5	1.0			1.0	0.225	2.0	959.968896302328	917.600588410156	0.0	1.66653462498327	2.77823522308796	4.44476984807123	0.303563191196514	0.0	206.175592806872	22.1075136370252		0.045849781328062	0.004555607597017		0.253157803668487		2018.0	0.0	0.0	0.0	0.0	114.190422958361	169.588932458993	121.608760025262	177.007269525894	0.0		0.0	0.0	0.0	0.0	0.0	1.0	2.0
"TOR220"	0.350879248602097	"TOR"	17.0	4.8	1.0	0.625	17.53	2.0	0.561	2.0	756.84237091736	747.362082666635	0.0	1.28959798462869	2.27523398572509	3.56483197035379	0.229170080966816	15.6101260033579	169.793070670134	48.4060824763203	0.007082338943665	0.021984859489416	0.01535480217705	0.005170743720178	0.179577327881247		2018.0	0.0	0.0	0.0	0.0	103.631397828579	145.054129319598	105.992284921246	147.415016412265	0.0		0.0	0.0	0.0	0.0	2.0	0.0	0.0
"TOR118"	0.492768592217509	"TOR"	10.0	4.9	1.0					1.0	2495.99523201055	2507.11600389943	0.0	0.779284933240378	1.27033330065195	2.04961823389233	0.233065820686557	370.105104930066	155.870676413008	677.948316006767	0.003135790360754	0.018682615408231	0.00518247746833	0.05072369977875	0.154952952290593	3.88287401997E-4	2018.0	0.0	0.0	0.0	0.0	419.161188726671	582.216560329829	456.202119604582	619.25749120774	0.0		0.0	0.0	0.0	0.0	0.0	0.0	0.0
"TOR225"	0.310628297034438	"TOR"	24.0	6.1	1.0					0.0	1156.92298395432	1235.09350798018	0.0	0.0	3.93617806551092	3.93617806551092	0.229568481155308	42.94615341404	191.175839176761	173.793726718305		0.015236794262548		0.026058393430957	0.187790626634083	4.82665707632E-4	2018.0	0.0	0.384989472838798	0.0	0.384989472838798	147.444796715496	223.751116233562	156.755230295312	233.061549813378	0.0		0.0	0.0	0.0	0.0	0.0	0.0	0.0
"TOR1108"	0.196512186883838	"TOR"	26.0	6.1	2.0			2.0	0.467	4.0	2260.86270402434	2190.69604304671	0.0	1.47880933188958	2.80301975734413	4.28182908923372	0.26005685243241	83.0991404064818	598.91316069007	455.860915542171		0.031284995155375	4.92488807535E-4	3.1752506406E-5	0.22824761468907		2018.0	0.146414572877674	0.0	0.0	0.146414572877674	375.233633761549	513.28777127956	398.878365038887	536.932502556898	0.0		0.0	0.0	0.0	0.0	2.0	1.0	0.0
"TOR1102"	0.42580917724154	"TOR"	86.0	9.8	2.0	3.367	38.45	3.0	0.343	7.0	4336.38038509936	3328.00292093344	0.0	1.24525959766112	7.51159388497671	8.75685348263784	0.340987726595036	145.033026342112	1006.7247069944	1646.93082606818		0.025494197780384	0.009030240189772	0.002314938502123	0.253309971477471	0.050838367708986	2018.0	0.913283831409158	0.0	0.173704195024068	1.08698802643322	320.540775517724	419.982706269405	340.970400613963	440.412331365644	0.0	0.53988865009	0.0	0.0	1.0	0.0	2.0	1.0	0.0
"TOR1081"	0.445134440567878	"TOR"	14.0	4.7	1.0					1.0	1332.22575290073	1281.50874911944	0.0	1.26201383610248	1.68613664168569	2.94815047778817	0.264456663159713	128.149567813806	255.837506792711	194.35652716724		0.029052161607108	3.42509626863E-4	0.061298432142452	0.173763564153675		2018.0	0.0	0.708080419092413	0.0	0.708080419092413	185.103490842418	258.861384849789	195.329493898842	269.087387906212	0.0		0.0	0.0	0.0	0.0	0.0	0.0	0.0
"TOR1077"	0.255405734739609	"TOR"	37.0	6.7	1.0	0.169	3.08	2.0	0.364	3.0	2059.37660833951	1894.59518033661	0.0	1.22555492500638	4.26927213616358	5.49482706116997	0.300728707136298	29.8919163314931	515.458343177998	473.669049077428		0.011808236019594	0.007933817053561	0.005638569130812	0.267496981517775	0.007851075237655	2018.0	0.0	0.0	0.275348640173933	0.275348640173933	208.387349976271	326.675809973313	224.906840935746	343.195300932788	0.0	0.32709381301	0.0	0.0	0.0	0.0	2.0	0.0	0.0
"TOR1069"	0.210453042978112	"TOR"	24.0	5.7	1.0			1.0	0.239	3.0	3197.32356566293	3075.34365115621	0.0	1.12923334502764	3.04734743658866	4.17658078161631	0.309688971992147	442.939512838945	615.051647172449	896.245845056987		0.023614751731067	0.001312615107539	0.007457493722971	0.277259745306845	4.4365793553E-5	2018.0	0.0	0.0	0.561111352379633	0.561111352379633	475.693603488285	688.128420230724	515.568304730715	728.003121473155	0.0	0.19591483735	0.0	0.0	0.0	0.0	1.0	2.0	0.0
"TOR273"	0.4541432746541	"TOR"	37.0	7.6	2.0	0.673	13.9	1.0	0.207	3.0	1213.15633363216	1175.83662314052	0.0	1.95088151993533	2.89116075644507	4.84204227638041	0.307583452153773	33.5252531470158	396.9089309718	301.58559223337		0.073329649195153	0.016098469692839	0.011214537510321	0.206940790872578		2018.0	0.0	0.051518845864506	0.0	0.051518845864506	125.366013327632	218.2111351076	134.023548211074	226.868669991041	0.0	0.17664920713	0.0	0.0	0.0	0.0	0.0	1.0	2.0
"TOR276"	0.23178210727841	"TOR"	17.0	4.8	2.0	0.48	13.6099999999999			2.0	1581.93794942843	1614.13685990918	0.0	1.74504019513634	1.78109257740692	3.52613277254326	0.31069591402261	75.1136909019811	10.6876571664386	366.812414758054	0.034503930839579		0.010574447709024	0.016823053000328	0.248794480838145		2018.0	0.0	0.0	0.826898722273469	0.826898722273469	192.715258718499	293.890911804078	204.090145814581	305.26579890016	0.0		0.0	0.0	0.0	0.0	0.0	0.0	0.0
"TOR278"	0.112068775254259	"TOR"	11.0	5.1	3.0	0.075	3.48	1.0	0.464	1.0	1979.36657667598	1981.45005606488	0.0	0.270970717244982	1.88196177325478	2.15293249049976	0.19257140228338	195.331118346332	142.518349436355	542.306010993298			1.97327697958E-4	0.010376915723154	0.181997154876541		2018.0	0.0	0.0	0.0	0.0	214.631732712489	320.352737717626	231.054023647258	336.775028652395	0.0		0.0	0.0	0.0	0.0	0.0	1.0	0.0
"TOR1013"	0.543078766801029	"TOR"	6.0	3.5	1.0					1.0	538.953713187217	496.120380753219	0.0	0.498578565065206	1.21969985719704	1.71827842226224	0.144247558768883	54.5272462236309	45.0280834008783	90.1874635458331		0.029751046825839		0.061948362084754	0.052548146722163		2018.0	0.09076907469419	0.020911972353517	0.0	0.111681047047707	44.5977149630236	73.5823393038461	48.6759704391124	77.6605947799349	0.0		0.0	0.0	0.0	0.0	0.0	0.0	0.0
"TOR100"	0.462491403934178	"TOR"	10.0	4.1	1.0	0.738	30.4699999999999	1.0	0.413	3.0	3166.73946092395	3074.81055300561	0.0	1.791700819581	0.630443239295083	2.42214405887608	0.23899968957721	501.739684393137	189.916465372194	981.454338561774	0.048758015732351	0.058758953250147	0.005229298786086	0.00885061495837	0.117402812553507		2018.0	0.0	0.0	0.0	0.0	656.886906465638	880.71918390048	704.352498514961	928.184775949804	0.0		0.0	0.0	0.0	0.0	1.0	1.0	0.0
"SUR98"	0.188873174275742	"SUR"	25.0	5.8	1.0					2.0	1464.3900044915	1295.82783051681	0.0	1.80071922554877	2.5031030774526	4.30382230300138	0.282565919843131	125.23357419955	84.0595625044848	446.030197137352		0.033825128618066	2.8361997387E-5		0.248712444626458		2019.0	0.0	0.0	1.29151088438059	1.29151088438059	185.254196369084	265.634153666132	200.512573824338	280.892531121386	0.0		1.0	0.0	0.0	0.0	0.0	0.0	0.0
"SUR97"	0.015862024935794	"SUR"	21.0	5.9	1.0					1.0	1723.63682192114	1681.13663989375	0.0	0.755792816642254	2.80264492661459	3.55843774325684	0.277657160584335	123.287642062367	17.8821061027343	336.412549637893			0.001344422578306		0.276312732896377		2019.0	0.0	0.738070420326057	0.529230888243013	1.26730130856907	278.591233081347	388.424482837768	307.860476580809	417.69372633723	1.0		0.0	0.0	0.0	0.0	0.0	0.0	0.0
"SUR96"	0.495688343855268	"SUR"	26.0	5.4	1.0					2.0	1901.19032139564	1854.99881817162	0.0	1.90786990456363	2.90501535048287	4.81288525504651	0.357947258670839	236.81336849235	14.8282586260825	458.075116741898		0.041011530814556	0.003690171047622	0.050832709622796	0.246937451510088	0.015475374133499	2019.0	0.0	0.0	0.622035831403137	0.622035831403137	294.368479691014	427.643510435532	314.105263295193	447.380294039711	0.0		0.0	0.0	0.0	0.0	0.0	0.0	0.0
"SUR95"	0.011271719330957	"SUR"	26.0	5.9	1.0					1.0	854.318183620028	874.429854754292	0.0	0.464344086462264	3.92822176134529	4.39256584780755	0.295165068864255	36.9126269304662	14.4506654402996	21.9812687937448			9.51873558255E-4		0.29421319429269		2019.0	0.72456258089948	0.0	0.027986166302358	0.752548747201838	100.373734491464	164.713537361101	106.636156874977	170.975959744614	0.0	0.25469884473	0.0	0.0	0.0	0.0	0.0	0.0	0.0
"SUR92"	0.284455320015605	"SUR"	22.0	5.3	1.0					1.0	1621.71827410511	1637.47639786462	0.0	0.913418229802067	3.2242292928596	4.13764752266167	0.326679577088057	87.9579298582973	13.0769552108587	377.735724981955	0.01503036292425		0.070058369196876		0.241590849521425		2019.0	0.0	0.32585438866953	0.430970127134187	0.756824515803717	235.071216088332	366.252558824661	246.958441649313	378.139784385642	0.0		0.0	0.0	0.0	0.0	0.0	0.0	0.0
"SUR91"	0.25387897672582	"SUR"	12.0	3.6	1.0					1.0	1341.97305814754	1024.68633588345	0.0	1.39400400440876	1.90148498997823	3.295488994387	0.252946293216718	148.088498841282	3.59090249147933	276.811195067391				0.049393682883114	0.203552608332337		2019.0	0.0	0.0	0.725752843082626	0.725752843082626	231.291112767822	317.565510792714	245.527306900253	331.801704925145	1.0		0.0	0.0	0.0	0.0	0.0	0.0	0.0
"SUR90"	0.186966564602194	"SUR"	17.0	4.3	2.0					0.0	1624.83061087514	1557.93321560592	0.0	1.55408200169318	2.37065473968967	3.92473674138286	0.337661622111523	162.912164183282	6.49138809475771	315.213743398076			3.87117548131E-4	0.00242453086442	0.302909453852233	0.031940522359974	2019.0	0.0	0.296076747478755	0.939876715259276	1.23595346273803	241.943380890682	369.593557458898	254.012161304359	381.662337872575	2.0	0.39973486162	1.0	0.0	0.0	0.0	0.0	0.0	0.0
"SUR9"	0.085564580514284	"SUR"	68.0	7.3	1.0					1.0	2700.54378356681	1333.99632051305	0.0	0.484803884834805	8.86684629378479	9.35165017861959	0.401590650842694	85.1120116798933	0.0	245.990401861399			0.015861382861586		0.385729268678262		2019.0	0.0	0.674759424474518	0.523291356200841	1.19805078067535	535.253865337312	727.218339726045	581.128432461144	773.092906849876	0.0	0.39579776592	0.0	0.0	0.0	0.0	0.0	0.0	0.0
"TOR296"	0.623526514808983	"TOR"	33.0	6.4	2.0			1.0	0.195	4.0	1532.67808217571	1529.75856854992	0.0	1.29973073821363	3.82313060836052	5.12286134657416	0.301476238652158	50.2072529348649	447.995542588546	349.389710156364	0.050587119553945	0.035927458008594	4.7093705251E-4	0.017233080831818	0.178031742952165	0.019225906805361	2018.0	0.0	0.0	0.0	0.0	185.010461471226	247.696378135139	200.743739601343	263.429656265256	0.0	1.0900798561	0.0	0.0	0.0	0.0	1.0	0.0	0.0
"SUR88"	0.111222425262495	"SUR"	15.0	5.3	1.0					0.0	582.20507371535	537.325085371927	0.0	0.0	2.84875546513798	2.84875546513798	0.183921443202957	29.4606964031762	57.9100748900942	71.1957422483081				0.010318020899025	0.173603422529662		2019.0	0.555520489530938	0.0	0.0	0.555520489530938	79.1073691774574	113.842002562402	83.316237710663	118.050871095607	0.0		0.0	0.0	0.0	0.0	0.0	0.0	0.0
"SUR86"	0.212937057192607	"SUR"	24.0	5.1	1.0					1.0	1565.46054426502	1606.81422759131	0.0	1.53729663472674	3.15636758522349	4.69366421995023	0.3053425805582	124.077270516375	12.7590619362731	162.319580661793		0.025501117753174	0.008583639174233	4.1535186776E-5	0.271216309425368		2019.0	0.0	0.0	0.37126460460016	0.37126460460016	224.114013106069	345.878574105977	233.452193732828	355.216754732736	2.0		0.0	0.0	0.0	0.0	0.0	0.0	0.0
"SUR84"	0.212055994928169	"SUR"	17.0	4.9	1.0					1.0	666.566448566382	662.759306531796	0.0	0.999620659160134	2.49417353463214	3.49379419379228	0.243781864142517	26.7234783217988	74.9391844237909	88.6427338048233		0.034128159628091	2.34000708707E-4		0.209419700771272		2019.0	0.0	0.0	0.0	0.0	93.193070703107	132.231838281021	98.3838403751417	137.422607953056	0.0	0.20254739155	0.0	0.0	0.0	0.0	0.0	0.0	0.0
"SUR83"	0.287007074085398	"SUR"	5.0	2.6	1.0					0.0	46.3053581191077	45.176404390554	0.0	1.43607160244221	0.523834312602493	1.9599059150447	0.255238735064504	0.682527462003485	3.85658463532981	2.55970168698889			0.047172456296409	0.004145295887803	0.203920987209702		2019.0	0.0	0.049287308820893	1.06082415550693	1.11011146432782	3.38373410451456	6.53577831700001	3.92733711309091	7.07938132557636	0.0		0.0	0.0	0.0	0.0	0.0	0.0	0.0
"SUR82"	0.169511904528467	"SUR"	19.0	4.7	1.0					0.0	967.714363336592	922.818228713612	0.0	1.63062154288217	2.42850417592067	4.05912571880285	0.317179864028143	47.2836756867072	29.1082295776875	215.258546243601		0.03186955015359	1.30016182796E-4		0.285180301528141		2019.0	0.0	0.0	1.01859021446856	1.01859021446856	108.000179644402	153.447561065753	118.784476116108	164.231857537459	0.0		0.0	0.0	0.0	0.0	0.0	0.0	0.0
"SUR80"	1.7442454267E-4	"SUR"	16.0	5.4	1.0					0.0	1175.4974313306	1097.38339267662	0.0	0.680116157746228	2.27160878419825	2.95172494194448	0.217228485169039	74.7440911348299	0.0	162.172469264459					0.217228487890354		2019.0	0.0	0.0	0.0	0.0	173.143375779154	239.791646209423	187.070068832312	253.718339262581	0.0		0.0	0.0	0.0	0.0	0.0	0.0	0.0
"SUR79"	0.321665099739129	"SUR"	18.0	4.6	3.0					3.0	581.552247577834	587.39665884922	0.0	2.1846451956191	1.76377676773982	3.94842196335892	0.331648962657527	56.2611705195469	8.67755289717861	112.378261019071			0.105632880979695		0.226016069873357		2019.0	0.0	0.875202705321228	0.936712989002587	1.81191569432381	84.3802084864049	121.765008296225	88.0711573475947	125.455957157415	0.0		0.0	0.0	0.0	0.0	0.0	0.0	0.0
"SUR77"	0.265084386273599	"SUR"	22.0	4.4	1.0					3.0	1262.3671987568	1213.92088207856	0.0	1.47385503517292	3.53090955469728	5.00476458987021	0.312133578671959	164.581913066795	120.617933614287	213.186016262716	0.033014569679404	0.020826694663313	0.008583231037166	0.003409233678899	0.246299852215975		2019.0	0.193655630602583	0.592560815338314	0.763363781029556	1.54958022697045	198.005288677187	304.333054095111	208.93979826641	315.267563684334	0.0		0.0	0.0	0.0	0.0	0.0	0.0	0.0
"SUR75"	0.290881034166411	"SUR"	13.0	4.0	1.0					0.0	172.9690352789	162.993165069635	0.0	1.10487541022595	2.16113263272081	3.26600804294677	0.312239505245283	3.61397717474299	5.99442100650059	5.36183880239312			0.050292086868173	0.008901098885296	0.253046321891879		2019.0	0.0	0.0	0.94183971761507	0.94183971761507	20.9463321129375	30.4185244915987	21.8013689797805	31.2735613584416	0.0	0.44867924774	1.0	0.0	0.0	0.0	0.0	0.0	0.0
"SUR74"	0.077126550047093	"SUR"	7.0	4.3	1.0					3.0	573.163380382941	568.824997398416	0.0	1.03364621575926	0.584986415445023	1.61863263120428	0.073385815691942	75.6833741754708	2.76244782570622	98.5759715503423			0.002515649596474		0.070870169117163		2019.0	0.0	0.0	0.561141183827773	0.561141183827773	87.4644480092339	129.540592190259	94.5191584398243	136.595302620849	0.0	0.0089505217355	0.0	0.0	0.0	0.0	0.0	0.0	0.0
"SUR73"	0.037114556447395	"SUR"	22.0	6.3	1.0					1.0	750.29072792872	732.817983355327	0.0	1.18623383949719	2.278909630952	3.46514347044919	0.235285423690545	56.4056721571066	7.75631934781241	62.9468993215156			0.002249009817934		0.232424655883393	6.11757842119E-4	2019.0	0.0	0.03286621960474	1.15131590248337	1.18418212208811	118.06596434064	171.957519367872	125.628527816426	179.520082843658	0.0		0.0	0.0	0.0	0.0	0.0	0.0	0.0
"SUR7"	1.33810186349E-4	"SUR"	21.0	5.3	1.0					0.0	1902.75801671864	1133.34866918616	0.0	0.531707675495136	3.44720720277573	3.97891487827086	0.289810032837816	83.8989330256442	0.0	173.823413279598					0.289810032152345		2019.0	0.0	0.0	0.0	0.0	390.959171935882	495.221981481403	427.390584545779	531.6533940913	0.0	0.11803659554	0.0	0.0	0.0	0.0	0.0	0.0	0.0
"SUR68"	0.439076815877222	"SUR"	26.0	5.6	2.0					3.0	996.556847363194	958.120082861937	0.0	1.27833034211087	3.33758530626213	4.615915648373	0.328200751933439	80.4528251687393	23.0389866460558	183.184751141097		0.085599853264739	0.001471597025194	0.010695904750339	0.221034240822281		2019.0	0.947594699458086	0.109583784821995	0.414348549971275	1.47152703425135	74.3490660229532	148.505260628135	77.6350579882587	151.79125259344	0.0	0.53367870617	1.0	0.0	0.0	0.0	0.0	0.0	0.0
"SUR66"	3.9935867745E-4	"SUR"	4.0	3.5	2.0					1.0	505.022458684995	541.960622339435	0.0	0.552022003615449	0.576768641372706	1.12879064498815	0.087888447530302	44.7685255577124	0.10901516663176	109.805423285851					0.087888449474555		2019.0	0.0	0.0	0.532748917424968	0.532748917424968	88.6899158790049	125.199432782407	95.9915532117124	132.501070115115	0.0		0.0	0.0	0.0	0.0	0.0	0.0	0.0
"SUR65"	0.169113015871164	"SUR"	22.0	5.9	1.0					0.0	776.494551081601	804.254636535082	0.0	0.773839982713592	2.9448162253986	3.7186562081122	0.271594789159563	16.090734118386	9.44321984446416	45.5662739117718			0.02762694022418		0.243967854203669		2019.0	0.0	0.0	0.734983838185691	0.734983838185691	109.313739365985	158.5003055346	117.296649882832	166.483216051446	0.0		1.0	0.0	0.0	0.0	0.0	0.0	0.0
"SUR64"	0.053720289719352	"SUR"	10.0	3.6	1.0					0.0	758.770248937401	767.971900212947	0.0	0.0	2.79134592169185	2.79134592169185	0.215960397804269	32.4404407662363	24.5555439122949	83.972966661761		2.51857942414E-4		0.004167249637561	0.211541289235333		2019.0	0.0	0.0	0.0	0.0	121.896901240629	169.307632426867	125.167921239141	172.578652425379	0.0		0.0	0.0	0.0	0.0	0.0	0.0	0.0
"SUR63"	1.48885470126E-4	"SUR"	18.0	6.2	1.0					2.0	1018.09821676198	941.347347934266	0.0	0.113356172179085	2.80809551567398	2.92145168785306	0.258077619257906	46.3472403658835	3.94068948929504	95.6644575161878					0.258077616606167		2019.0	0.0	0.022247235823156	0.077776251715539	0.100023487538695	132.830002951257	180.929505605852	144.250752012728	192.350254667323	0.0	0.33211300844	0.0	0.0	0.0	0.0	0.0	0.0	0.0
"SUR61"	1.52457614275E-4	"SUR"	5.0	2.6	1.0					0.0	97.3627770156955	106.358218194585	0.0	0.947929867476975	0.942307048572886	1.89023691604986	0.251478526195878	6.68016489095726	0.0	2.96981315970113					0.251478445776487		2019.0	0.0	0.0	0.0	0.0	10.768444781472	16.7096028755705	11.882316188197	17.8234742822955	0.0	0.81151010382	1.0	0.0	0.0	0.0	0.0	0.0	0.0
"SUR60"	0.004931605621591	"SUR"	15.0	4.8	2.0					1.0	642.812321328068	605.339103489711	0.0	1.5356913769144	1.56020237684762	3.09589375376202	0.234494885213753	0.004448829340084	2.23648273697778	65.4506164430548			2.83592547749E-4		0.234211292887282		2019.0	0.0	0.10973978245464	1.53015818324997	1.63989796570461	92.3393843384592	130.740378791652	96.9474164651884	135.348410918381	0.0		0.0	0.0	0.0	0.0	0.0	0.0	0.0
"SUR58"	0.015458408617045	"SUR"	14.0	3.6	1.0					0.0	1301.56009871128	1293.64980442714	0.0	0.358817946652643	3.47952914374982	3.83834709040246	0.302875948068964	52.3291822199308	5.26714250911366	223.62971013389	0.007667455828676		1.75365573964E-4		0.295033124490615		2019.0	0.0	0.0	0.025266503306331	0.025266503306331	131.282249159891	210.168168840386	135.961626290969	214.847545971465	0.0		0.0	0.0	0.0	0.0	0.0	0.0	0.0
"SUR57"	0.014038916541597	"SUR"	16.0	5.4	2.0					1.0	1507.03528172205	1603.13100039821	0.0	1.24752770742185	1.74243343993653	2.98996114735838	0.248203572216958	170.005253993167	2.55577776115444	311.564496020069			0.001037548123204		0.247166020864868		2019.0	0.0	0.14833249206809	1.24013753752209	1.38847002959018	260.07391614426	367.174750684726	282.458615302712	389.559449843178	0.0		0.0	0.0	0.0	0.0	0.0	0.0	0.0
"SUR54"	0.087510734457871	"SUR"	27.0	5.4	1.0					0.0	2103.27277258564	2024.93393683505	0.0	1.33152173318415	3.66045026152084	4.991971994705	0.334546697627675	294.165641435156	49.2680541470682	429.075253137226		0.012753725927184	3.51025591645E-4		0.321441944006817		2019.0	0.0	0.376337324646987	0.939059811727989	1.31539713637497	339.166053286131	477.534580754471	363.338330391461	501.706857859802	2.0	0.089618097164	0.0	0.0	0.0	0.0	0.0	0.0	0.0
"SUR53"	7.75203963601E-4	"SUR"	20.0	5.3	1.0					2.0	541.839677593891	529.339306087919	0.0	1.76637306442768	1.9872393580916	3.75361242251928	0.314253204668952	37.9933847926904	12.8738402033806	40.9258299059824			4.134085601E-5		0.314211869189884		2019.0	0.0	0.0	0.944312953868161	0.944312953868161	71.6973487688769	123.033532942378	75.5106468189247	126.846830992426	0.0		0.0	0.0	0.0	0.0	0.0	0.0	0.0
"SUR52"	0.366743944154502	"SUR"	20.0	4.4	1.0					4.0	1126.5480148807	1078.33355712642	0.0	2.54575386140747	2.00989379191921	4.55564765332669	0.220019583213508	108.550582790626	10.276161854934	160.639013171624			0.024229418110771	0.028179293977252	0.167610872144514		2019.0	0.0	0.0	1.32908864917007	1.32908864917007	179.433688200461	240.391544309408	191.596024388784	252.553880497731	0.0		0.0	0.0	0.0	0.0	0.0	0.0	0.0
"SUR51"	0.237232753460093	"SUR"	0.0	0.0	1.0					0.0	21.5259394093817	22.4983637769513	0.0	0.948167149051087	0.0	0.948167149051087	0.358697405073351	0.663016614252004	1.76804430467201	0.884022152336005			0.296449021001113	0.062248387925386			2019.0	0.0	0.0	0.0	0.0	1.326033228504	2.43106091892401	1.54703876658801	2.65206645700801	0.0		0.0	0.0	0.0	0.0	0.0	0.0	0.0
"SUR50"	0.029915412582021	"SUR"	24.0	5.4	1.0					1.0	994.309717796439	289.794220157744	0.0	0.711917218682747	3.70191060347245	4.41382782215519	0.290008601604194	56.2969760881087	0.772614134395281	104.157940527985			0.003026549951924		0.286982053697557		2019.0	0.0	0.948052263359778	0.0	0.948052263359778	158.532410418997	208.575405680323	176.984287456498	227.027282717824	1.0		0.0	0.0	0.0	0.0	0.0	0.0	0.0
"SUR48"	0.509822127590779	"SUR"	32.0	6.7	1.0					2.0	1613.45121770014	1617.15617018409	0.0	0.996974977577304	3.75661736827521	4.75359234585252	0.331368419506083	209.685118226184	23.6586368203389	307.007490010874		0.041240588188128	0.004061330293876	0.025655419439992	0.228678267375372	0.031732819676302	2019.0	0.0	0.0	0.995213941649304	0.995213941649304	250.950980843645	353.842273996429	269.878166953538	372.769460106321	0.0	0.094571674451	0.0	0.0	0.0	0.0	0.0	0.0	0.0
"SUR47"	0.247545185390185	"SUR"	19.0	4.2	1.0					3.0	2657.57884991133	2443.48180616958	0.0	2.54281182319252	1.9785047823766	4.52131660556913	0.338959582437009	483.026394458026	119.069289915426	957.480758387686	4.1940932295E-5		0.005673073491029	0.04632663219794	0.286917933424398		2019.0	0.0	0.0	0.961004545837592	0.961004545837592	373.232616454584	534.659092109229	402.380455012677	563.806930667322	0.0		0.0	0.0	0.0	0.0	0.0	0.0	0.0
"SUR46"	0.027437007619618	"SUR"	9.0	5.8	1.0					1.0	702.67698021802	627.115484961224	0.0	0.528299255191869	1.03371535070859	1.56201460590046	0.131656094811796	98.2734331449551	6.54717151428382	115.555718531155			0.00122955512683		0.130426539222044		2019.0	0.0	0.0	0.424979259133164	0.424979259133164	110.998821212517	150.581750364865	122.015708812784	161.598637965131	0.0		0.0	0.0	0.0	0.0	0.0	0.0	0.0
"SUR45"	0.005205956438717	"SUR"	5.0	4.1	1.0					0.0	511.424754236323	432.037480671206	0.0	0.153244603672772	1.05683553326584	1.21008013693861	0.126527517522479	53.2172923793556	5.44495689262084	56.5283239789266			1.59316465155E-4		0.12636820096086		2019.0	0.0	0.0	0.0	0.0	76.6838723180265	111.309407083439	84.8836169668414	119.509151732254	1.0		0.0	0.0	0.0	0.0	0.0	0.0	0.0
"SUR44"	0.033038265091603	"SUR"	16.0	4.7	1.0					1.0	1943.6745321692	2000.15234331248	0.0	1.95297975253833	1.46486416764828	3.41784392018661	0.243572770484643	231.041311504387	3.07480928443254	385.577638645295			0.002869582497631		0.240703179066481		2019.0	0.0	0.163246219268062	0.993081735048418	1.15632795431648	279.867273223573	415.501420231623	298.220793740277	433.854940748326	0.0	0.54659377691	0.0	0.0	0.0	0.0	0.0	0.0	0.0
"SUR43"	0.657596277328638	"SUR"	15.0	4.0	1.0					2.0	1222.29351701589	1203.69058602991	0.0	2.3764332910951	1.3730601885553	3.74949347965041	0.274800501362581	120.512030276448	3.92684245979507	188.365323903217		0.03095106542134	0.006276821982623	0.073642156826973	0.133506706044215	0.03042374868807	2019.0	0.0	0.486237139980194	1.18444210910406	1.67067924908426	198.002496057281	286.199588209563	213.253910169404	301.451002321686	0.0	0.15219107208	0.0	0.0	0.0	0.0	0.0	0.0	0.0
"SUR41"	0.093810908569364	"SUR"	16.0	3.7	1.0					1.0	1733.79631878763	696.92194401237	0.0	0.628937778888564	3.6505799129436	4.27951769183217	0.387558360426582	139.846202878162	6.51047267457938	211.432582141018			0.017295765669949		0.370262596067391		2019.0	0.0	0.367557410402396	1.82807713871312	2.19563454911552	312.178941258485	424.240929905833	344.553967306033	456.615955953382	1.0	0.090339707356	0.0	0.0	0.0	0.0	0.0	0.0	0.0
"SUR4"	0.159459895049085	"SUR"	26.0	6.4	1.0					1.0	731.001987526616	710.452666218161	0.0	0.252427396502563	3.79877481093367	4.05120220743623	0.296159770455983	49.7005798987704	4.98329585677204	25.207505610736			0.027628433579225		0.268531338331522		2019.0	0.0	0.136573053096731	0.245554988720393	0.382128041817124	87.5323553264415	129.017219675338	91.9171645782563	133.402028927153	2.0	1.12310635	2.0	0.0	0.0	0.0	0.0	0.0	0.0
"SUR35"	0.086288997234975	"SUR"	22.0	5.4	1.0					2.0	735.717633276319	610.33476266004	0.0	2.00105030322283	2.03633930679146	4.03738961001429	0.206863090153625	29.3828928557393	1.79952961037677	51.2756607989785			0.008253094883246		0.19860999636516		2019.0	0.0	0.0	0.860090284073553	0.860090284073553	144.876514162899	185.281278628496	156.322208562672	196.72697302827	0.0	0.23897487572	0.0	0.0	0.0	0.0	0.0	0.0	0.0
"SUR31"	0.201966937583093	"SUR"	2.0	1.3	1.0					1.0	26.8086891272633	27.410456391997	0.0	0.94888272379762	0.622656126205018	1.57153885000263	0.32047592077307	0.0	1.42898868628884	0.927472389518531			0.278180640512066	1.28504364822E-4	0.042166774652197		2019.0	0.0	0.0	0.0	0.0	3.16713483575053	4.78848235563686	3.47629229892338	5.0976398188097	0.0		0.0	0.0	0.0	0.0	0.0	0.0	0.0
"SUR3"	0.046061156551703	"SUR"	16.0	4.9	1.0					0.0	617.710410307784	560.320691586445	0.0	0.0	3.24246297458173	3.24246297458173	0.20921507282753	38.0000568315246	0.284415875633144	9.36258984030743					0.205491610470567	0.003723462335463	2019.0	0.0	0.0	0.0	0.0	124.416124206355	184.184193255588	131.119104279469	190.887173328702	0.0	0.10221757228	0.0	0.0	0.0	0.0	0.0	0.0	0.0
"SUR27"	0.056752348921864	"SUR"	11.0	3.4	1.0					0.0	916.362642901873	913.149665357409	0.0	0.700308408829363	2.55718425759683	3.25749266642619	0.215159299684042	56.4848000496229	0.335027003658618	100.205546026056			0.004986275588869		0.210173025410653		2019.0	0.0	0.0	0.0	0.0	116.384454458576	184.685573763625	120.945021379558	189.246140684608	0.0		0.0	0.0	0.0	0.0	0.0	0.0	0.0
"SUR26"	0.035677339709663	"SUR"	21.0	5.8	1.0					0.0	1541.99127677825	39.9977504051215	0.0	0.0	3.63572356101372	3.63572356101372	0.268613855385801	43.6665850278127	0.0	90.9787456617224			0.003480854542163		0.26513300157059		2019.0	0.0	1.14079753969237	0.478448144356501	1.61924568404887	292.51836729476	369.643105236766	326.210487375942	403.335225317948	3.0	0.26279788417	0.0	0.0	0.0	0.0	0.0	0.0	0.0
"SUR25"	0.067534499239258	"SUR"	21.0	5.6	1.0					3.0	936.962754199879	765.299523209754	0.0	2.25715405033844	1.51378354949533	3.77093759983378	0.27179428494244	66.9999307376305	8.41088205980378	108.013371678995			0.007877171494554		0.2639171149526		2019.0	0.0	0.24547163833797	0.63064938558308	0.87612102392105	143.967273838777	216.100421275757	155.600589225034	227.733736662014	0.0		0.0	0.0	0.0	0.0	0.0	0.0	0.0
"SUR22"	0.007583037824038	"SUR"	12.0	4.7	1.0					0.0	228.871658687639	213.340138574664	0.0	0.395354636428275	2.15697444423754	2.55232908066582	0.14232493345581	15.4505795217941	27.4825036303021	24.1760223543217			5.9234177001E-5	2.02906278202E-4	0.142062792138399		2019.0	0.0	0.0	0.0	0.0	34.3315290050448	51.5089723650964	41.1898903276827	58.3673336877343	0.0	0.073976135571	0.0	0.0	0.0	0.0	0.0	0.0	0.0
"SUR20"	0.062142131846717	"SUR"	23.0	5.1	1.0					1.0	1709.42384616254	1568.7383937691	0.0	1.3248355659657	3.20347419060467	4.52830975657038	0.293664996734386	134.372969408974	10.0857873576054	284.664320658363			0.00764813897361		0.286016860439209		2019.0	0.0	0.0	0.661022539167464	0.661022539167464	246.687707644247	385.740332757232	267.140423232219	406.193048345204	0.0		0.0	0.0	0.0	0.0	0.0	0.0	0.0
"SUR19"	0.035076862572739	"SUR"	25.0	6.5	3.0					1.0	1063.66773828422	958.761083579371	0.0	1.14431555883123	2.7068704508427	3.85118600967394	0.242793064660055	96.1292687616154	22.4583995189682	140.423568389405			0.003079674568265		0.239713388234442		2019.0	0.0	0.0	0.295798382542409	0.295798382542409	172.508321067206	245.656554952246	180.732331383457	253.880565268497	2.0		1.0	0.0	0.0	0.0	0.0	0.0	0.0
"SUR18"	0.392691754690722	"SUR"	13.0	5.2	2.0					2.0	884.313696592888	867.251242800123	0.0	0.768342860868542	1.74305505955864	2.51139792042718	0.221449404161314	108.752586505621	45.1735873756694	297.449388613503		0.08092333842301		0.005681860986415	0.134844204492925		2019.0	0.0	0.498373740485167	0.769360659506015	1.26773439999118	105.000386420649	155.702314445062	112.325703044067	163.02763106848	0.0	0.40812087219	0.0	0.0	0.0	0.0	0.0	0.0	0.0
"SUR161"	0.284676045042637	"SUR"	32.0	5.8	1.0					2.0	775.529964021439	753.458053030246	0.0	1.417747942407	4.05254281608404	5.47029075849105	0.308190229961049	6.34698325037822	6.31949077014471	75.5302594046662		0.05621441462134	0.004930356153375		0.247045460633387		2019.0	0.0	0.055278002075132	0.369981170269213	0.425259172344345	119.405449862536	167.866581778903	127.43619623658	175.897328152946	0.0	0.47189601138	0.0	0.0	0.0	0.0	0.0	0.0	0.0
"SUR16"	0.310555763470184	"SUR"	30.0	7.0	1.0					0.0	1463.91408488334	1498.68259732617	0.0	1.13275968328655	3.17001068564303	4.30277036892959	0.251707100696804	111.055222212949	0.104007431577617	273.091324654614		0.052489230671628	0.004951718243172		0.194266150022139		2019.0	0.0	0.0	0.155795231467983	0.155795231467983	168.53013451614	260.208650681299	175.3491908284	267.027706993559	0.0	0.32897161396	0.0	0.0	0.0	0.0	0.0	0.0	0.0
"TOR333"	0.196841053696595	"TOR"	30.0	4.6	1.0					1.0	2276.70438986631	2183.41599840679	0.0	1.62716362346542	4.84354632530223	6.47070994876765	0.396144974231867	150.998813108752	254.490743607959	200.630815609618		0.018476935909663	0.001877374563948	0.015690969605645	0.360099688337631		2018.0	0.622534943277887	0.0	0.0	0.622534943277887	397.251176242648	578.080088189633	423.605177847023	604.434089794008	0.0	0.12233568285	1.0	0.0	0.0	0.0	0.0	0.0	0.0
"SUR157"	0.38208225064369	"SUR"	14.0	4.5	1.0					0.0	846.714839657618	763.107197617744	0.0	0.314661698646625	2.79335362314644	3.10801532179307	0.225845814605033	120.140770902266	10.6537728672632	110.0594657065		0.030724989158585	0.001615872947475	0.022081944191148	0.171423017796398		2019.0	0.0	0.0	0.387925637137821	0.387925637137821	146.591480679858	199.893880922911	155.026835205435	208.329235448487	0.0	0.54784286651	0.0	0.0	0.0	0.0	0.0	0.0	0.0
"SUR155"	0.061914675717175	"SUR"	21.0	6.0	1.0					1.0	1263.41006487694	1141.57064134206	0.0	0.383776505698619	3.10879173909564	3.49256824479426	0.296845001844353	98.3834993174165	6.98553988574529	55.9661017225676			0.007694877974501		0.289150128828649		2019.0	0.0	0.0	0.373762521576626	0.373762521576626	182.753986924153	250.800307905936	193.203050920769	261.249371902551	0.0	0.14600856065	0.0	0.0	0.0	0.0	0.0	0.0	0.0
"SUR153"	0.107698574404209	"SUR"	21.0	4.8	1.0					1.0	854.796786476328	788.07952463644	0.0	1.42690944549567	2.95833308570513	4.38524253120081	0.255899374935604	14.7415651967988	7.89626247332212	67.3972735332673			0.013747111402206		0.242152261379021		2019.0	0.0	0.140115428610971	1.41750480386991	1.55762023248088	147.949031989286	210.513110417198	157.63870289038	220.202781318292	0.0	0.20227710876	0.0	0.0	0.0	0.0	0.0	0.0	0.0
"SUR152"	0.363410126333644	"SUR"	28.0	8.9	1.0					1.0	954.655481925294	797.419219952256	0.0	0.531892308168438	2.60306342126548	3.13495572943391	0.160734058044239	20.0036860080226	0.0	18.2616636203929		0.034729097505951	0.007976752854455		0.11802820645005		2019.0	0.0	0.0	0.533044552028395	0.533044552028395	180.415494557521	245.695806420455	195.088199690522	260.368511553456	0.0	0.19122029227	0.0	0.0	0.0	0.0	0.0	0.0	0.0
"SUR151"	0.139783021594342	"SUR"	7.0	4.6	1.0					0.0	454.584390894117	411.619787861546	0.0	0.80770346029586	0.726069538608087	1.53377299890394	0.114158314039183	60.7585628630713	2.71320202247624	60.837457696243		0.001767732423197	0.002996680531954	0.001535968428532	0.107857931096185		2019.0	0.0	0.068325109029396	0.351763195145364	0.42008830417476	76.4954743730565	113.415484903639	80.7002676271332	117.620278157716	0.0	0.12641945577	1.0	0.0	0.0	0.0	0.0	0.0	0.0
"SUR150"	0.033290662291539	"SUR"	20.0	5.2	1.0					0.0	1595.82070782575	669.653510179561	0.0	1.05173337203224	2.78567000861757	3.83740338064981	0.324672826834231	131.053357854915	4.20260609064868	209.620143537785			0.003865429657264		0.32080736330732		2019.0	0.0	0.0	0.455416603113168	0.455416603113168	299.535358775041	407.448441904269	330.499038291301	438.41212142053	0.0	0.42383061501	0.0	0.0	0.0	0.0	0.0	0.0	0.0
"SUR15"	0.239800435508523	"SUR"	17.0	3.8	1.0					1.0	1029.91912894187	1058.90186138133	0.0	0.424561894556964	4.04914803152518	4.47370992608214	0.306532092475013	32.6732850041863	38.8008405790245	106.750513519663		0.019964321547049	0.018715035717139		0.267852732640628		2019.0	0.0	0.0	0.015787304037951	0.015787304037951	148.01489724451	215.279987788952	155.055716921042	222.320807465484	0.0		0.0	0.0	0.0	0.0	0.0	0.0	0.0
"TOR339"	0.137813358566902	"TOR"	15.0	3.9	1.0			1.0	0.257	3.0	1032.96195913168	1064.03925301013	0.0	1.06299821623153	2.82332782616111	3.88632604239264	0.330020126808886	64.4732701123882	118.721690371044	58.4729419902505		0.022775802337611	2.18359114163E-4	5.14381397732E-4	0.306511592225662		2018.0	0.0	0.0	0.0	0.0	88.7961567487913	133.68958933255	100.843886521403	145.737319105163	0.0		0.0	0.0	0.0	0.0	1.0	0.0	0.0
"SUR145"	0.001855997181335	"SUR"	7.0	3.2	1.0					0.0	287.986846856157	290.885156520618	0.0	0.298067287994598	1.8657280155005	2.16379530349509	0.217260170089283	13.9236281974602	0.556487836358982	14.6656119792721			8.1352127356E-5		0.217178814896224		2019.0	0.0	0.64526641619279	0.296660201479615	0.941926617672405	45.5502570089152	68.2326375406464	45.9212488998212	68.6036294315523	0.0	0.16059513092	0.0	0.0	0.0	0.0	0.0	0.0	0.0
"SUR144"	0.018810397160166	"SUR"	22.0	5.5	1.0					0.0	949.519691825227	922.746285866898	0.0	1.35960481544675	2.62581760249299	3.98542241793974	0.292825849376895	54.511904804978	7.59901550246578	60.040028467111			0.001740378907092		0.291085470482201		2019.0	0.0	0.0	1.33857777094636	1.33857777094636	126.555592043992	201.150462256607	136.057307339501	210.652177552116	1.0	0.0083634574809	0.0	0.0	0.0	0.0	0.0	0.0	0.0
"SUR143"	0.214669944691466	"SUR"	63.0	10.1999999999999	1.0					0.0	2012.96303989072	1783.60794846338	0.0	1.25479058311984	4.93051420111633	6.18530478423617	0.26144991237072	116.626479005837	3.68340040912894	146.87164231616			0.038436116503462		0.223013794579994		2019.0	0.0	0.0	0.357808428827277	0.357808428827277	321.249795305961	460.886231099515	346.5750546927	486.211490486254	1.0		1.0	0.0	0.0	0.0	0.0	0.0	0.0
"SUR141"	0.312978010821369	"SUR"	14.0	5.3	1.0					1.0	638.692181718	614.302131119458	0.0	0.849508558044245	1.78056028670561	2.63006884474986	0.209336097793063	19.5590028258806	12.5943901542791	68.1071226412197		0.019560017273684	6.24561285411E-4	0.01748158489006	0.171669933359821		2019.0	0.0	0.0	0.276428066023757	0.276428066023757	93.9562283869171	130.869397382398	106.474539950537	143.387708946019	1.0		0.0	0.0	0.0	0.0	0.0	0.0	0.0
"SUR140"	0.365548365573445	"SUR"	20.0	5.8	1.0					2.0	600.916260066446	511.499955129207	0.0	0.857732550090193	2.58976931946882	3.44750186955902	0.19349779937125	49.142443908121	0.094903916413586	42.5202520554165			0.006809170035773		0.137053710310836	0.049634886483245	2019.0	0.0	0.240863186994086	0.797383467915503	1.03824665490958	100.670196360141	144.001222834179	109.003204868553	152.33423134259	0.0	0.62677982689	0.0	0.0	0.0	0.0	0.0	0.0	0.0
"SUR14"	0.096563232647067	"SUR"	34.0	4.9	1.0					0.0	3101.58095062496	2907.00931499508	0.0	1.71989688359425	5.23706219298361	6.95695907657786	0.425308254620638	55.5112916985304	142.359425746713	1922.44926546319		0.014479211607698	0.002414823933235		0.408191616498538	2.22599844255E-4	2019.0	0.0	0.0	0.0	0.0	89.5263871276235	145.340453963559	99.4669387849439	155.28100562088	0.0		0.0	0.0	0.0	0.0	0.0	0.0	0.0
"SUR137"	0.029204593990207	"SUR"	14.0	4.1	1.0					0.0	701.447812160219	720.058537556436	0.0	1.18749310729868	2.22228359673965	3.40977670403834	0.262819688787044	28.4432654818639	5.30629434292721	8.99426598553225			0.002662023850528		0.260157671193943		2019.0	0.0	0.0	0.0	0.0	113.236212048254	163.836225940744	117.697698635785	168.297712528275	1.0		0.0	0.0	0.0	0.0	0.0	0.0	0.0
"SUR136"	1.59896424205E-4	"SUR"	18.0	5.5	1.0					0.0	926.167298207366	770.581315654908	0.0	1.11600496959579	2.12803279816212	3.24403776775792	0.238811458314534	50.2099690714115	5.35515889603036	155.305373720945					0.238811466675597		2019.0	0.0	0.164827752002792	0.999350787489196	1.16417853949198	123.508143124354	183.396204102813	134.324392926851	194.21245390531	0.0	0.3615817725	0.0	0.0	0.0	0.0	0.0	0.0	0.0
"SUR133"	0.142782566278925	"SUR"	22.0	5.3	1.0					0.0	1179.68276375841	1044.46469964707	0.0	1.68057448601761	2.47498586398408	4.1555603500017	0.326068256685682	76.669596183201	106.462330337109	184.509324663456				0.025935856263349	0.300132398883158		2019.0	0.0	0.583645816803038	0.633961407567409	1.21760722437044	181.133765962911	254.314827003596	190.57921437125	263.760275411936	2.0		0.0	0.0	0.0	0.0	0.0	0.0	0.0
"SUR132"	0.19453001120395	"SUR"	14.0	3.6	1.0					1.0	1272.35348560459	1232.90911306987	0.0	1.62064765363478	2.2297356969191	3.85038335055388	0.245666112932182	106.902052475872	52.0344212732328	219.326045992507		0.017243766605394	9.5058640237E-5	0.006542348104001	0.221784936445385		2019.0	0.0	0.231783267011424	0.161315401838546	0.39309866884997	194.379403797957	281.951116941081	211.887832881777	299.459546024901	2.0		0.0	0.0	0.0	0.0	0.0	0.0	0.0
"SUR131"	0.038229913151434	"SUR"	17.0	4.7	1.0					1.0	1160.72130874135	1211.79881259134	0.0	1.25268659767843	2.36942236988537	3.6221089675638	0.256150390840146	45.9207632946529	4.5440685805125	132.218475227142			0.003615413370563		0.252534973233876		2019.0	0.0	0.0	0.955905468864107	0.955905468864107	131.440515164398	204.656859906115	140.011443708037	213.227788449754	0.0	0.81365682948	1.0	0.0	0.0	0.0	0.0	0.0	0.0
"SUR130"	0.014298487075182	"SUR"	19.0	5.1	2.0					1.0	1989.98930365017	2083.86756907179	0.0	0.833132662212131	2.90090973390696	3.73404239611909	0.292142395611347	303.732451977171	0.0	463.01295275592			0.001250107215656		0.290892294890249		2019.0	0.0	0.0	0.616742553648604	0.616742553648604	337.619994669204	462.766064852706	364.767519423627	489.913589607129	1.0		0.0	0.0	0.0	0.0	0.0	0.0	0.0
"SUR13"	0.464456855236498	"SUR"	19.0	5.4	1.0					1.0	496.776037987551	476.626509371461	0.0	1.70108860381113	1.81722423649291	3.51831284030404	0.289839784747604	3.61039112329247	10.0038992802061	26.8407920710791			0.005099436334591	0.016924700706899	0.176159800059706	0.091655845012645	2019.0	0.0	0.0	1.69719410162328	1.69719410162328	66.7908463229608	93.0285427635594	72.6069908572742	98.8446872978728	0.0		0.0	0.0	0.0	0.0	0.0	0.0	0.0
"SUR129"	0.030457743024818	"SUR"	22.0	6.0	1.0					2.0	1835.24841464589	1763.76453984257	0.0	2.03084252582745	1.65625519125606	3.68709771708352	0.275177564811211	179.263798435341	17.9478966633884	351.449064414889			0.002450354702337	2.86476895886E-4	0.272440736014793		2019.0	0.0	0.7834789459234	0.0	0.7834789459234	239.99905330805	366.997229687742	258.458790416125	385.456966795817	0.0		0.0	0.0	0.0	0.0	0.0	0.0	0.0
"SUR128"	0.215895388232467	"SUR"	48.0	7.9	1.0					0.0	956.904058429113	766.471733893262	0.0	0.0	6.05561562794116	6.05561562794116	0.278589224341626	38.3883854980776	0.428139758534855	73.8808522983309			0.027336137076158	0.005796775466382	0.245456294415309		2019.0	0.0	0.0	0.0	0.0	197.75701150197	274.13073429567	211.167870531477	287.541593325178	0.0	0.0020532158708	0.0	0.0	0.0	0.0	0.0	0.0	0.0
"TOR349"	0.300177215113386	"TOR"	14.0	4.0	1.0			1.0	0.283	3.0	1027.78387977526	1035.0875545589	0.0	1.1197642853027	2.41198421401901	3.53174849932171	0.265744477664721	59.7617516460447	43.6755765742135	72.3527120401542		0.031087415493553	0.002013529699659	0.012152729910202	0.220490807208087		2018.0	0.681536042054897	0.0	0.0	0.681536042054897	89.5365647824909	133.390978817061	97.1271019923358	140.981516026906	0.0		0.0	0.0	0.0	0.0	0.0	1.0	0.0
"SUR127"	1.50887460417E-4	"SUR"	16.0	4.1	1.0					0.0	870.914019535826	927.885996592086	0.0	0.611041292436731	3.29729351822321	3.90833481065994	0.254360836413974	47.8285235756792	5.22772714234217	141.415336403769					0.2543608338238		2019.0	0.0	0.309625808173427	0.612305708659393	0.92193151683282	104.90325895956	168.911938448648	112.998809174023	177.007488663111	0.0	0.54572552519	0.0	0.0	0.0	0.0	0.0	0.0	0.0
"SUR125"	0.259297904788506	"SUR"	14.0	4.8	1.0					3.0	1469.70293334822	1454.07337151688	0.0	1.84703806675755	1.05175314148655	2.8987912082441	0.284068554873861	79.1509684149437	22.6382913662395	429.519674627778		0.056587639094773	1.77519943928E-4		0.227303346986808		2019.0	0.0	0.525602408106564	0.780501340081688	1.30610374818825	172.633218586773	259.048007989533	185.885971118765	272.300760521525	0.0		0.0	0.0	0.0	0.0	0.0	0.0	0.0
"SUR123"	0.048029173177505	"SUR"	18.0	4.2	1.0					0.0	1860.91894993902	1899.93295110137	0.0	0.521500106746634	3.74919227884721	4.27069238559385	0.341202273010981	182.417336181658	9.90938558361018	378.251117666281		0.00150372180253	0.004098960094732		0.335599593265391		2019.0	0.0	0.204297595520858	0.525106538678329	0.729404134199187	278.204806518348	408.391729768534	298.85469947292	429.041622723106	0.0		0.0	0.0	0.0	0.0	0.0	0.0	0.0
"SUR121"	0.373253678392617	"SUR"	18.0	4.8	1.0					1.0	1896.96011962218	1698.8751426529	0.0	1.39319844854465	2.36663208451048	3.75983053305513	0.307511142592573	174.694858407896	20.8521451609674	233.953153653865		0.057815518603423	2.88548221542E-4	0.021163326275492	0.228243746245408		2019.0	0.0	0.658420374142665	0.467106522607307	1.12552689674997	297.118694830015	426.892728610851	315.400834748109	445.174868528945	0.0		3.0	0.0	0.0	0.0	0.0	0.0	0.0
"SUR120"	0.361003102454349	"SUR"	14.0	3.6	1.0					1.0	1013.37198955292	995.018024895832	0.0	0.558737139686601	3.30741549547979	3.86615263516639	0.263143807448726	26.5069626424373	65.75601805007	158.855071327545		0.030329595020793	0.030692219520831		0.20212199715214		2019.0	0.0	0.0	0.516723971288271	0.516723971288271	138.684214935469	197.874505621116	152.013527611521	211.203818297168	1.0	0.44348744378	0.0	0.0	0.0	0.0	0.0	0.0	0.0
"SUR12"	0.065484300369836	"SUR"	28.0	6.7	1.0					1.0	847.859736701754	673.205436717477	0.0	0.484432140501097	3.67567209614235	4.16010423664344	0.223384339819099	13.0414660175399	4.3411971913445	69.8633863476208			0.006218969363263		0.217165369477762		2019.0	0.0	0.215100835242461	0.953029167048179	1.16813000229064	168.901765524912	227.159041955953	178.195913474428	236.453189905469	1.0	0.30235939474	0.0	0.0	0.0	0.0	0.0	0.0	0.0
"SUR119"	0.182948823883256	"SUR"	22.0	4.7	1.0					1.0	1124.96769199667	1111.23250469656	0.0	1.3680238818801	3.33822062419912	4.70624450607923	0.333100694748826	77.7282751458973	4.79492248556141	79.3310030621157		0.038138341853978			0.294962347859691		2019.0	0.0	0.0	0.625830654007084	0.625830654007084	150.234439205206	257.83307904896	158.193832486517	265.792472330271	0.0	0.33501164725	0.0	0.0	0.0	0.0	0.0	0.0	0.0
"SUR118"	0.006407520455496	"SUR"	19.0	4.5	1.0					0.0	958.17298666614	918.504294117326	0.0	0.791909964441691	3.45723043667675	4.24914040111844	0.283124519133572	86.2913592850329	2.85731082126192	107.421612213047			4.6833296126E-4		0.282656186576421		2019.0	0.0	0.484104569922252	0.929143141655946	1.41324771157819	135.209149041814	222.277950776036	143.573132076379	230.641933810602	0.0	0.19299548962	2.0	0.0	0.0	0.0	0.0	0.0	0.0
"SUR117"	1.67334052578E-4	"SUR"	7.0	3.0	1.0					2.0	1051.2276756851	977.619016922262	0.0	0.906138967747338	1.40044226056689	2.30658122831423	0.227252419655496	125.556608161192	35.158142878906	356.909199498927					0.227252424923219		2019.0	0.0	0.0	0.128561645135053	0.128561645135053	137.649387310014	197.059250065958	147.823280460049	207.233143215992	0.0	0.62620817374	0.0	0.0	0.0	0.0	0.0	0.0	0.0
"SUR116"	0.296196690729147	"SUR"	11.0	4.2	1.0					4.0	2489.6281230286	2402.12655127049	0.0	1.44454116412579	1.16511684550677	2.60965800963257	0.242850803854139	541.792451659297	98.3594850767513	883.928070462209	0.010576088931546	0.028520702244273	0.003276640725474	0.005810422109547	0.194666948542472		2019.0	0.0	0.510917197603656	0.681021238363865	1.19193843596752	455.605670198769	627.923099893809	482.652172054382	654.969601749422	0.0		0.0	0.0	0.0	0.0	0.0	0.0	0.0
"SUR115"	0.443777560572395	"SUR"	9.0	3.5	2.0					1.0	1073.66333649345	1062.4861480388	0.0	0.234135594599755	2.37142526891291	2.60556086351267	0.28079512283194	59.3379076440927	57.8926135162278	161.115722404117		0.060597952481901		0.03473213474018	0.185464980893033		2019.0	0.0	0.804106382967769	0.805402025070342	1.60950840803811	169.474595280497	263.439930781399	180.52104808551	274.486383586413	0.0		0.0	0.0	0.0	0.0	0.0	0.0	0.0
"SUR113"	1.64372100053E-4	"SUR"	23.0	6.5	1.0					0.0	810.419974449037	817.392505275247	0.0	0.381641484323648	3.15668549087237	3.53832697519601	0.231724772837316	59.0911208965833	0.0	29.2061730551106					0.231724752356278		2019.0	0.0	0.785301659498509	0.379643163943184	1.16494482344169	109.214869049263	172.903667907688	115.07975240629099	178.768551264716	0.0	0.38689857266	1.0	0.0	0.0	0.0	0.0	0.0	0.0
"SUR11"	0.33345443817295	"SUR"	4.0	2.3	1.0					0.0	244.096184150402	162.434494680335	0.0	1.31839409685309	0.429210528473758	1.74760462532685	0.332591661941618	14.4510522174861	3.66470921258534	25.3918414797099			0.117075162199007		0.215516487950402		2019.0	0.0	0.0	0.949039185872124	0.949039185872124	40.3057500820289	53.1389292871493	44.4090237375961	57.2422029427165	0.0		0.0	0.0	0.0	0.0	0.0	0.0	0.0
"SUR109"	0.296190319537692	"SUR"	7.0	4.2	1.0					0.0	92.892650880207	98.5759192869576	0.0	0.206198106617219	1.47215806429148	1.6783561709087	0.169578028404656	15.6231798877237	0.148652958347692	1.12568647468201			0.044571595846161		0.125006442495676		2019.0	0.0	0.0	0.0	0.0	13.1579147493634	20.4611123540779	13.9873641707955	21.29056177551	0.0		0.0	0.0	0.0	0.0	0.0	0.0	0.0
"SUR108"	0.003889565479794	"SUR"	13.0	5.0	1.0					1.0	921.321245984216	1016.1356367384	0.0	0.576486814652189	2.00862228456154	2.58510909921373	0.209074400732876	77.0476375368416	3.24804215318603	181.192318378554			1.90087529026E-4		0.208884314201903		2019.0	0.0	0.0	0.577954924639	0.577954924639	145.593374671065	210.829871354173	156.377346214981	221.613842898089	0.0		0.0	0.0	0.0	0.0	0.0	0.0	0.0
"SUR107"	0.004412216636966	"SUR"	10.0	4.1	1.0					0.0	191.95476836895	212.212161433659	0.0	0.300446530332446	2.1561757822509	2.45662231258335	0.229928353077902	22.7397289840929	2.44469662619829	6.28599966074228			2.43637310473E-4		0.22968471484203		2019.0	0.0	0.0	0.0	0.0	35.2069800893027	54.5878060259054	37.651676715501	57.0325026521037	0.0	0.53476253018	0.0	0.0	0.0	0.0	0.0	0.0	0.0
"SUR106"	0.001829232505755	"SUR"	15.0	4.7	1.0					0.0	1205.18265043842	1149.78929805419	0.0	0.0	3.19079181605303	3.19079181605303	0.23018676430137	117.707155048917	5.9379594056509	216.413919673485			8.5101106091E-5		0.230101664537961		2019.0	0.0	0.0	0.0	0.0	205.231864913997	282.001987565716	219.604036924579	296.374159576298	0.0	0.18438271558	0.0	0.0	0.0	0.0	0.0	0.0	0.0
"SUR105"	0.503403826076185	"SUR"	42.0	7.8	1.0					2.0	537.29794493587	425.957888512398	0.0	1.59724801248926	3.76079184741383	5.35803985990309	0.232382597376295	12.8639924544599	2.54450603200853	36.5585515652538		0.053538882046797		0.046186978022511	0.132656729306777		2019.0	0.0	0.00642079827628	0.636284947757485	0.642705746033765	110.917946348473	151.93177844559	117.818212027611	158.832044124728	0.0	0.32218906128	1.0	0.0	0.0	0.0	0.0	0.0	0.0
"SUR102"	0.066847252907174	"SUR"	24.0	5.0	1.0					1.0	749.835112882036	777.38824063659	0.0	1.74200675593727	3.05790407713342	4.7999108330707	0.329148444318732	47.3950377004788	17.0630636092661	58.7820189590264			0.009417784546954		0.319730656462109		2019.0	0.3346553667052	0.0	0.209615711071212	0.544271077776412	109.293242666355	169.39485532946	113.731228589705	173.83284125281	0.0	0.041067048102	0.0	0.0	0.0	0.0	0.0	0.0	0.0
"SUR101"	0.118994099554199	"SUR"	24.0	5.6	1.0					1.0	1147.16542080851	1109.12909017208	0.0	1.53001680511827	2.71927078826059	4.24928759337887	0.269703721844797	61.8674874895073	3.74671630799909	143.640492349074		1.57579868685E-4	0.005221268169293	0.007844539498791	0.256480331097378		2019.0	0.0	0.0	1.50599962587536	1.50599962587536	141.85086257211	226.170735374416	152.923386042961	237.243258845267	0.0	0.042682827937	0.0	0.0	0.0	0.0	0.0	0.0	0.0
"TOR37"	0.310622936657012	"TOR"	36.0	6.0	1.0					5.0	2321.46917212689	2211.39396369323	0.0	2.22796019591089	3.72784375958731	5.95580395549821	0.368959181412618	27.7102287146204	696.643016326453	447.321381996711			4.45674915924E-4	0.026659659200317	0.30162294362323	0.04023089840329	2018.0	0.0	0.903719718555541	0.0	0.903719718555541	319.966570503701	446.880017294051	346.512583456645	473.426030246995	0.0	0.42812946067	0.0	0.0	0.0	0.0	0.0	3.0	0.0
"TOR4"	0.372989702777441	"TOR"	19.0	4.6	1.0					0.0	1194.10301126282	1187.78727345277	0.0	1.05049203779312	3.1239402493805	4.17443228717362	0.338938640103771	41.9415480148753	61.3846142135899	55.8395067972837			0.015592840957824	0.023732873514525	0.274551591227913	0.020593531794137	2018.0	0.0	0.0	0.0	0.0	145.481983403051	227.028370326878	151.931712448184	233.478099372011	0.0		0.0	0.0	0.0	0.0	0.0	0.0	0.0
"TOR411"	0.597328420593069	"TOR"	32.0	8.5	2.0					3.0	1204.25061381422	1204.69723950774	0.0	1.71382951382614	2.04578388120303	3.75961339502917	0.287034543939802	35.5219950482273	24.4162198090903	51.2056403099226		0.029230237115634	0.022948915756032	0.106264050307465	0.128591340330292		2018.0	0.0	0.0	0.0	0.0	143.194508895098	199.990366604673	149.565254519955	206.36111222953	0.0		0.0	0.0	0.0	0.0	0.0	2.0	0.0
"TOR42"	0.73784149496208	"TOR"	23.0	6.1	1.0					1.0	1239.75235770956	1238.52164418839	0.0	1.52683799703853	2.27197676917561	3.79881476621415	0.25639530819441	50.0009469690049	6.54772340113435	94.015569514893		0.028441884294156	0.02008030066007	0.055454043700599	0.109890668602878	0.042528414576422	2018.0	0.0	0.0	0.0	0.0	170.602555385112	254.219797213506	186.914633007435	270.53187483583	0.0		0.0	0.0	0.0	0.0	0.0	1.0	0.0
"TOR427"	0.233791192052976	"TOR"	39.0	7.6	2.0	1.719	33.63	2.0	0.391	6.0	4906.05992210404	4055.61825391061	0.0	2.18376174536871	2.92769209976578	5.11145384513449	0.271724927099239	174.825479069234	314.626874702848	2780.2454085467	1.48729386907E-4	0.010645908450583	0.004620948380787	0.014345979175574	0.241963367908887		2018.0	0.0	0.0	0.655600546112067	0.655600546112067	176.59975441531	244.088700013844	218.375244037788	285.864189636322	0.0		0.0	0.0	0.0	0.0	2.0	0.0	0.0
"TOR441"	0.471298932875014	"TOR"	6.0	5.0	2.0	0.078	6.46	1.0	0.829	2.0	336.952986414134	350.716747427154	0.0	0.611367318259016	0.595440021075872	1.20680733933488	0.100537663087637	30.2320161022343	60.0726926107738	62.235644420831		0.018764374979149	2.97483605393E-4	0.017061756579362	0.06441404941824		2018.0	0.0	0.0	0.0	0.0	47.2399682978597	64.0603450287613	50.4269755384904	67.247352269392	0.0		0.0	0.0	0.0	0.0	0.0	1.0	0.0
"TOR444"	0.400155421695538	"TOR"	52.0	6.6	2.0	3.932	49.6	2.0	0.252	6.0	3972.84694538897	4148.1725176574	0.0	2.36484894880855	5.56283783767732	7.92768678648587	0.357848111679012	118.043776182953	1191.85308604753	1392.33560773656		0.089206368778758	0.021795322637418	2.57833839948E-4	0.246588584969323		2018.0	0.0	0.0	0.845172535028317	0.845172535028317	223.12629991637	304.731135243409	253.440507437216	335.045342764255	0.0	0.13424220562	0.0	1.0	1.0	0.0	2.0	1.0	0.0
"TOR449"	0.423983248905933	"TOR"	52.0	7.4	2.0	1.597	22.8	2.0	0.286	7.0	2813.4268854755	2739.61482158491	0.0	1.58047967401087	5.42455894278582	7.00503861679669	0.361752916837359	70.448347722695	662.596083570261	585.134444541356		0.036971480829206	0.011980624218355	0.041715922523263	0.270370527737154	7.14357337008E-4	2018.0	0.816928905172784	0.536933127544905	0.0	1.35386203271768	389.916845908897	549.530154540209	421.347189973124	580.960498604436	0.0	0.51622198027	0.0	0.0	0.0	0.0	1.0	3.0	0.0
"TOR452"	3.14829683327E-4	"TOR"	12.0	3.9	1.0	0.001	0.03			0.0	619.379268437312	656.818310414273	7.67565826735E-4	1.50567199139558	1.56886800063345	3.07530755785577	0.184374169546157	44.141937905065	42.6375299746594	15.566028088909			4.503644288E-6		0.184369667697606		2018.0	0.530205658807739	0.0	0.0	0.530205658807739	65.0228143116184	96.4263014321223	65.9406980536176	97.3441851741215	0.0		0.0	0.0	0.0	0.0	0.0	0.0	0.0
"TOR459"	0.358988427571896	"TOR"	14.0	4.0	1.0			1.0	0.288	2.0	990.289505265762	981.992160184806	0.0	1.29613410750074	2.17256604178713	3.46870014928788	0.255368144568906	51.852974355282	257.742920785254	80.232394244885	0.032073754247845	0.038035435370912	0.002859847801495	0.007634468548391	0.174764632279263		2018.0	0.0	0.0	0.0	0.0	106.063757714965	163.044897175466	114.741561734933	171.722701195434	0.0		0.0	0.0	0.0	0.0	1.0	0.0	0.0
"TOR460"	0.53755959968048	"TOR"	14.0	4.1	1.0	0.286	8.43			2.0	2815.95672730783	2927.34956465884	0.0	0.818327014738409	2.57385727171491	3.39218428645332	0.286044719971271	184.910465471296	264.390281385299	935.315139149279		0.124451008224418	0.003726354885948	0.025045290572402	0.129218532946386	0.003603536056508	2018.0	0.077268740253764	0.142806485294633	0.0	0.220075225548397	408.532744222563	578.046852806898	436.743506700453	606.257615284788	0.0		0.0	0.0	0.0	0.0	0.0	1.0	0.0
"TOR461"	0.159505305103564	"TOR"	38.0	6.2	1.0	0.156	2.55	4.0	0.654	3.0	2401.35859864394	2361.38988227728	0.0	2.33949769955718	3.77780116905132	6.11729886860851	0.326935855735363	35.1166879159877	723.967913395869	160.036579159121		0.026182881782098		0.001646513739731	0.299106460261664		2018.0	0.0	0.0	0.0	0.0	465.111514478407	650.313083418837	492.936610059548	678.138178999979	0.0	1.5095887555	0.0	0.0	1.0	0.0	4.0	0.0	0.0
"TOR48"	0.497484468492387	"TOR"	11.0	3.5	2.0					2.0	961.558378996429	984.853341639922	0.0	1.24228955515987	1.87298751953891	3.11527707469878	0.260722867018785	6.71732909099977	11.6382933961232	18.2833447917686	0.002000295052816	0.093064940584195	2.1037606695E-4	0.030953442129804	0.134493812649527		2018.0	0.0	0.0	0.0	0.0	104.634327865606	170.279018200542	117.662989272824	183.307679607759	0.0		0.0	0.0	0.0	0.0	0.0	1.0	0.0
"TOR49"	0.250002979701385	"TOR"	22.0	4.7	2.0					2.0	1601.86266594745	1600.54123079277	0.0	1.60408975571988	3.11321676294687	4.71730651866675	0.33389983334047	112.298412262141	33.2912347338202	74.6036972511377		0.033281170459714	4.11669967859E-4	0.012181435459009	0.288025561106821		2018.0	0.050150857580721	0.0	0.0	0.050150857580721	176.898986983839	244.41234249943	190.147762105555	257.661117621146	0.0		0.0	0.0	0.0	0.0	0.0	1.0	0.0
"TOR505"	0.451158248934659	"TOR"	20.0	4.6	1.0	0.121	2.75	2.0	0.455	4.0	1783.06190197691	1643.21857992588	0.0	1.632325184998	2.76097078973053	4.39329597472853	0.270738647819264	103.213999571986	179.014839035836	307.511641761409		0.007557119700708	0.006223860566003	6.06625903931E-4	0.160525732566065	0.095825307723042	2018.0	0.0	0.0	0.0	0.0	272.134162364545	410.874145310466	292.964033396728	431.704016342649	0.0		0.0	0.0	0.0	0.0	2.0	0.0	0.0
"TOR506"	0.140860059257468	"TOR"	28.0	6.7	2.0					1.0	2008.70577731521	1969.92405177108	0.0	0.80005294161223	3.40867171345871	4.20872465507094	0.247092572639973	53.7325295865696	476.727944062646	401.131102732829			4.4169969539E-4	0.011443582104852	0.231721003890234	0.003486287724707	2018.0	0.0	0.0	0.0	0.0	368.378119565797	506.698445453949	403.110128498998	541.43045438715	0.0		0.0	0.0	0.0	0.0	0.0	0.0	2.0
"TOR509"	0.403348062490363	"TOR"	20.0	5.3	1.0			1.0	0.264	1.0	981.3167111241	1011.99538827516	0.0	0.939450963437954	2.85231933560018	3.79177029903814	0.29788660570747	1.62726074810272	87.891576468653	20.093581760086		0.048977479580054	2.97416084613E-4	0.033530501901113	0.215081201823519		2018.0	0.0	0.0	0.0	0.0	108.960600282537	163.45543419874	112.678049350741	167.172883266944	0.0		0.0	0.0	0.0	0.0	1.0	1.0	0.0
"TOR513"	1.21987009456E-4	"TOR"	21.0	4.8	1.0			1.0	0.228	2.0	1215.34258135831	1232.15016016193	0.0	0.337881232187568	4.0483395678369	4.38622080002447	0.320436031327427	45.4269817189358	242.231216518133	91.4637579415613				0.320436030512281			2018.0	0.0	0.0	0.183855500830037	0.183855500830037	139.035701576931	213.71070283557	152.643818038718	227.318819297357	0.0		0.0	0.0	0.0	0.0	1.0	1.0	0.0
"TOR514"	0.139578484907136	"TOR"	57.0	7.0	2.0	2.579	31.48	2.0	0.244	2.0	2203.43313158451	2203.65736603797	7.14927249176E-4	2.17798372622024	6.01310836060711	8.19180701407653	0.42057755543953	60.359220136279	592.657979670457	280.350726003086		0.019556746260933	9.92443749044E-4	0.005291553721957	0.39473681213979		2018.0	1.92955119610728	0.743096825049155	0.0	2.67264802115643	391.330192650006	517.354099442814	409.750258362248	535.774165155057	0.0	1.525974102	0.0	0.0	0.0	0.0	2.0	0.0	0.0
"TOR515"	0.072316798248124	"TOR"	5.0	4.9	1.0					0.0	311.142628807727	307.657862742685	0.0	0.382851320663764	0.639380806024666	1.02223212668843	0.104085103730822	3.28172137242864	47.8093112789212	11.2853303400392			3.94041200117E-4		0.101129309321028	0.002561751480692	2018.0	0.0	0.0	0.0	0.0	33.85603225311	48.4231458150662	36.5239087811455	51.0910223431018	0.0		0.0	0.0	0.0	0.0	0.0	0.0	0.0
"TOR521"	0.422804823532638	"TOR"	16.0	3.5	2.0			2.0	0.439	4.0	1929.11561025748	1853.88356553303	0.0	1.39181189313586	3.16068848443781	4.55250037757368	0.350315746767655	193.362722673377	407.734850952964	364.525404124867		0.049315001613415	0.00348293873864	8.11747404494E-4	0.254566616779628	0.042139440544744	2018.0	0.0	0.0	0.0	0.0	223.700044130569	326.335032992335	234.385638154729	337.020627016495	0.0		0.0	0.0	0.0	0.0	2.0	1.0	0.0
"TOR525"	0.236760305109144	"TOR"	15.0	3.8	2.0	0.381	9.67	1.0	0.254	0.0	943.115996183204	978.486640347365	0.0	0.0	3.94186269233049	3.94186269233049	0.257847413408872	13.6766680325551	278.566548203964	32.4601137876441		0.021982963138976		0.010717417424019	0.225147032462503		2018.0	0.743726914690961	0.076319420286182	0.0	0.820046334977143	166.692672213277	254.060000341587	175.239129877392	262.606458005701	0.0		0.0	0.0	0.0	0.0	1.0	0.0	0.0
"TOR528"	0.210623993071904	"TOR"	19.0	4.6	1.0			2.0	0.488	3.0	4391.41123268844	4466.11881101289	0.0	1.33601966936086	2.76521877275436	4.10123844211522	0.276749243159863	349.448690181429	860.958066861424	1695.7764989168		0.016556512112028	1.85379352975E-4	0.012183001141533	0.247824349690803		2018.0	0.0	0.0	0.286959532634173	0.286959532634173	460.409366610921	624.175989423206	499.636864604534	663.403487416819	0.0	0.95737739401	0.0	0.0	0.0	0.0	1.0	1.0	0.0
"TOR534"	0.350001494456299	"TOR"	11.0	4.1	2.0			1.0	0.375	1.0	1762.24734968173	1744.27576639036	0.0	0.478328860500817	2.19115119492698	2.66948005542779	0.232857814552146	136.865283651236	144.407233982444	400.41520675346		0.024347971630931	0.00107586136391	0.018813932826611	0.186696996682967	0.00192305219456	2018.0	0.0	0.0	0.0	0.0	324.495338718595	456.276575834021	349.866703759835	481.647940875262	0.0		0.0	0.0	0.0	0.0	0.0	0.0	0.0
"MTL4636"	0.392539183033819	"MTL"	32.0	5.6	3.0	2.237	39.3699999999999	2.0	0.352	2.0	2601.00482660429	2554.52157243306	0.0	1.93951063516328	3.74214031377744	5.68165094894073	0.29520335013092	151.622221014176	131.487625665658	1074.40205368575	0.01702626219879	0.032914248077472	0.026404412938407	0.005046374655643	0.21381205190917		2018.0	0.0	0.0	0.0	0.0	333.717513900158	445.160262347837	366.875604711092	478.318353158771	0.0		0.0	0.0	0.0	0.0	0.0	0.0	0.0
"MTL4633"	0.247125039007548	"MTL"	26.0	6.9	1.0	0.073	1.94			0.0	797.888390895803	817.630983560576	0.0	0.0	3.76539763177045	3.76539763177045	0.221815806688104	10.8031938573311	81.0145337103734	3.9897917915631		0.005381934166107	7.31808964453E-4	0.024529286489859	0.19117277856283		2018.0	0.0	0.0	0.0	0.0	98.7557972646407	149.949817083706	103.092987097738	154.287006916804	0.0		0.0	0.0	0.0	0.0	0.0	0.0	0.0
"TOR55"	0.228362247742185	"TOR"	48.0	7.1	5.0	2.243	33.3999999999999	1.0	0.149	12.0	12155.2687007014	11686.6834280876	0.0	3.1507484649023	3.56394734944091	6.71469581434321	0.370541991019572	722.002147715174	1641.16051323536	7553.36476648898		0.028623417836886	0.003956904178734	0.00920799951977	0.328753673411459		2018.0	0.695794663946213	0.0	0.017504060011878	0.713298723958091	329.784871600304	403.74070700236	393.852558597673	467.808393999728	0.0		0.0	0.0	0.0	0.0	1.0	1.0	0.0
"TOR555"	0.381433828759533	"TOR"	18.0	4.7	2.0					1.0	1863.19061296874	1759.68918778894	0.0	1.2227797503025	2.58629208671712	3.80907183701963	0.274683096398489	94.2703362565126	261.176803489912	230.325638153544		0.047529082824872		0.021729768330191	0.20454880175209	8.75440543786E-4	2018.0	0.0	0.0	0.0	0.0	327.882153982176	461.640575411156	354.083688712286	487.842110141266	0.0		0.0	0.0	0.0	0.0	0.0	0.0	0.0
"MTL4589"	0.321690431351307	"MTL"	31.0	7.1	1.0					0.0	1026.61535401066	1022.45888399486	0.0	0.785671352896556	3.55235140686989	4.33802275976645	0.275671431194641	40.5850928109786	71.3412994551002	54.8076150455727	0.028088891393855	0.017485835085629	0.009124321434222	0.0112077148347	0.209764671105176		2018.0	0.0	0.0	0.498024200476828	0.498024200476828	123.154268382351	186.138865333592	129.058745137042	192.043342088283	0.0		0.0	0.0	0.0	0.0	0.0	0.0	0.0
"MTL4585"	0.243330841342632	"MTL"	16.0	3.9	1.0					0.0	1025.82533124561	1058.0653218876	0.0	0.94210316451332	3.1749846598801	4.11708782439342	0.277383478158833	54.0072534966236	25.1891849231795	14.9424951865309		0.041027519363007	0.002765215269121		0.233590742103923		2018.0	0.0	0.0	0.942094143321508	0.942094143321508	136.231369110036	218.833864266763	147.449793722325	230.052288879052	0.0		0.0	0.0	0.0	0.0	0.0	0.0	0.0
"TOR581"	0.363390982128552	"TOR"	23.0	6.0	2.0			1.0	0.259	0.0	1107.99981567192	1090.20253086894	0.0	0.825915787769875	3.0290068521773	3.85492263994718	0.275110426785126	69.4801613704105	243.87569908804	70.5282550542651		0.031291194163468	2.02687498056E-4	0.03234138843757	0.211275162905072		2018.0	0.0	0.0	0.0	0.0	123.573804104656	166.235432112643	137.6162615127	180.277889520687	0.0		0.0	0.0	0.0	0.0	1.0	0.0	0.0
"TOR587"	0.44518501190005	"TOR"	21.0	6.1	4.0			3.0	0.868	7.0	976.84537199593	991.22291473331	0.0	1.01023824044264	2.44647713231955	3.4567153727622	0.295940886326743	44.6709475262061	85.513316014014	109.625427216119		0.054368338304911	0.001359563522669	0.039139982257216	0.201072998980206		2018.0	0.0	0.0	0.0	0.0	114.899697139887	189.282889889792	127.04226600274	201.425458752645	0.0		0.0	0.0	0.0	0.0	2.0	4.0	0.0
"MTL4526"	0.648086416422106	"MTL"	25.0	5.6	1.0	1.339	30.2199999999999			3.0	2234.69521873483	2119.69066749485	0.0	0.8801991279757	3.55104507329799	4.43124420127369	0.340785079385832	292.830652099389	216.679815709104	903.437579523304	0.141723175949013	0.009727927907235	0.009104371121259	0.050121215647484	0.126502551047937	0.003605843916304	2019.0	0.0	0.0	0.0	0.0	355.117134188682	452.326657353784	395.771481356755	492.981004521857	0.0		0.0	0.0	1.0	0.0	5.0	0.0	0.0
"MTL4520"	0.243893987279626	"MTL"	22.0	3.6	1.0	4.468	72.7	2.0	0.325	3.0	3821.85725047588	3677.95635153135	0.0	0.840879644373748	5.30470778351782	6.14558742789156	0.391241119894227	194.308647454667	1349.86130317262	1539.33991672073		0.023194908611106	2.88746844357E-4	0.02651472060142	0.341242741865425		2018.0	0.0	0.0	0.836228813321983	0.836228813321983	495.523852940087	706.948039390291	535.817007897549	747.241194347752	0.0	3.2394148272	0.0	0.0	0.0	0.0	0.0	0.0	0.0
"MTL4518"	0.408083695584896	"MTL"	27.0	4.1	2.0	3.78	57.5099999999999	4.0	0.609	5.0	3334.87923338428	3431.50657949704	0.0	1.60515263039851	4.96805322611092	6.57320585650943	0.410965414300073	214.465557638241	918.253488871785	1194.68008923762		0.068158263842037	0.001141865597179	0.045483886957578	0.29618139176181		2018.0	0.0	0.0	1.36565012384115	1.36565012384115	475.070104685015	622.371643771477	504.710011231477	652.01155031794	0.0	1.7194233722	0.0	0.0	0.0	0.0	0.0	0.0	0.0
"MTL4506"	0.321999587290501	"MTL"	27.0	3.9	2.0	5.396	77.9	4.0	0.577	0.0	3696.94530313104	3658.29307786552	0.0	0.881392012041231	6.04525199246408	6.92664400450531	0.35710144613902	301.605318573312	822.693812003147	1467.16977691675		0.014735229900335	0.001961155520691	0.031301346398391	0.298633888194491	0.01046982660806	2019.0	0.0	0.0	0.0	0.0	554.514405355789	753.763444982305	618.189328643374	817.43836826989	0.0	0.13426073472	0.0	10.0	3.0	0.0	2.0	0.0	0.0
"MTL4493"	0.150481232230089	"MTL"	30.0	5.5	3.0	0.758	13.81			0.0	1872.76517219437	1833.28297531289	0.0	1.36298231734007	4.12488217024938	5.48786448758946	0.291252181060012	185.045929758529	436.546058956734	349.679302317149		0.010787406093081	3.8011632172E-5	0.004737099366197	0.273088966272052	0.002600713923892	2018.0	0.0	0.0	1.31470148108707	1.31470148108707	261.334572357783	405.62307246516	281.520475174828	425.808975282205	0.0		0.0	0.0	0.0	0.0	0.0	0.0	0.0
"LAV4424"	0.356029989324487	"LAV"	51.0	6.4	1.0	1.806	22.7399999999999	2.0	0.252	0.0	1741.73794251251	1769.97341547119	0.0	0.0	7.94146126391011	7.94146126391011	0.401967952413599	59.0052474045546	423.024210020229	397.149269735304		0.019568888608291	0.006664040606435	0.036323415787247	0.328787184154593	0.010624429227383	2019.0	0.0	0.0	0.0	0.0	220.592610414324	308.860533828619	232.10760990901	320.375533323305	0.0		0.0	0.0	0.0	0.0	0.0	0.0	0.0
"LAV4423"	0.373382511235206	"LAV"	56.0	8.5	2.0	2.17	32.7999999999999			5.0	1207.10303610781	1210.23565130345	0.0	2.43093269471877	4.18541305903876	6.61634575375754	0.368548854450983	22.4034748681424	166.147725721961	70.470612924433	0.06047394839322	0.021678751511678	0.019696806027715	0.016670919306411	0.250028429223345		2019.0	0.0	0.0	0.0	0.0	146.915273636363	220.031069754851	158.418583053386	231.534379171874	0.0		0.0	0.0	0.0	0.0	0.0	0.0	0.0
"TOR609"	0.594170331259594	"TOR"	7.0	3.2	1.0	1.051	48.5499999999999	2.0	0.924	5.0	4798.89320022651	4445.76980679336	0.0	2.00292535654487	0.161773527776767	2.16469888432163	0.261596721823853	874.446817698675	327.602125206851	1602.06162366676	0.022975808715552			0.024195184482706	0.091437473591358	0.12298824658206	2018.0	0.0	0.791407693995354	0.0	0.791407693995354	1039.5110005864	1362.18777813439	1120.21736613907	1442.89414368706	0.0		0.0	0.0	0.0	0.0	0.0	2.0	0.0
"LAV4421"	0.049318236740869	"LAV"	14.0	5.5	1.0	0.207	8.17	1.0	0.395	0.0	470.364268419404	454.918724728295	0.0	1.42091295431359	1.11280058290282	2.53371353721642	0.14657999429702	5.2669047869054	1.40721450571039	23.4345462207606			0.0028387337065		0.143741256965666		2019.0	0.0799474942103	0.0	1.03927194089552	1.11921943510582	72.1963214357934	102.201512480364	77.5021449775869	107.507336022157	0.0		0.0	0.0	0.0	0.0	0.0	0.0	0.0
"LAV4417"	0.233667489857352	"LAV"	40.0	6.7	2.0	0.678	11.4			0.0	1107.48926998874	1077.66675282159	0.0	0.663485166751592	5.28249056261699	5.94597572936858	0.308755180865228	2.06120491421726	177.281571048676	6.82983911083648		0.012262614147736	0.00576359253813	0.015444461029651	0.275284515776752		2018.0	0.042664521607891	0.0	0.165693655593202	0.208358177201093	133.119328347861	201.05050299961	143.275690410516	211.206865062264	0.0		0.0	0.0	0.0	0.0	0.0	0.0	0.0
"LAV4415"	0.050069485979417	"LAV"	30.0	6.2	2.0	0.456	9.36999999999999	2.0	0.411	0.0	2470.14490307213	2183.08928960097	0.0	1.31219100110441	3.5564323913854	4.86862339248982	0.384768527060149	134.031907882317	47.9730986896046	648.019480127561			0.007618820968913		0.377149715780876		2018.0	0.229143191613339	0.0	0.0	0.229143191613339	368.766124923944	511.318723007501	398.599363749925	541.151961833482	0.0		0.0	0.0	0.0	0.0	0.0	0.0	0.0
"LAV4406"	0.467314977849223	"LAV"	20.0	5.1	2.0	1.958	49.4699999999999			3.0	1530.92076713105	1521.7408908293	0.0	1.9102586534374	2.04766483445744	3.95792348789485	0.328179708239185	96.6066164125977	146.187373023971	336.876870342527		0.083043060093725	0.01599494923363	0.014345717819716	0.214795987115474		2019.0	0.063959021135586	0.0	1.75088369947462	1.81484272061021	128.134852302134	172.455343265669	138.8213747771	183.141865740635	0.0		0.0	0.0	0.0	0.0	0.0	0.0	0.0
"LAV4403"	0.246193604510672	"LAV"	10.0	5.0	1.0	0.035	1.75	1.0	0.5	0.0	598.764953507768	594.259855372665	0.0	0.14475304562666	1.8533487386846	1.99810178431126	0.156240077258768	28.1280980549507	23.501601489958	83.3803654662486			0.028883006386178		0.127357066441512		2018.0	1.36190485337466	0.0	0.013709501107666	1.37561435448232	72.6140485684654	105.001776189498	74.8529772032277	107.24070482426	0.0		0.0	0.0	0.0	0.0	0.0	0.0	0.0
"LAV4401"	0.276825481310588	"LAV"	33.0	7.8	1.0	0.731	17.21			0.0	1063.56078292017	1037.81945339474	0.0	1.22622200115552	3.02219611696498	4.2484181181205	0.230187180297722	22.4539050381203	64.1319593241021	103.228910010037		0.010023841562003	0.003204125520923	0.019687025940745	0.197272158826662		2019.0	0.0	0.0	0.0	0.0	139.785686140798	200.87511357264	144.730452463027	205.81987989487	0.0	0.22729779948	0.0	0.0	0.0	0.0	0.0	0.0	0.0
"LAV2815"	0.469724544078955	"LAV"	22.0	6.6	1.0	0.976	29.4899999999999			1.0	835.496967997268	828.437246732502	0.0	1.22244849386264	2.08734987030168	3.30979836416433	0.221474620373251	16.2787151634898	36.5187871331746	65.6423192316998		0.038891870070163	0.005601940643835	0.026343043363472	0.150637764141114		2018.0	1.02814601037972	0.0	0.754268803873414	1.78241481425314	107.70083410832	153.292854609459	116.269437579106	161.861458080245	0.0		0.0	0.0	0.0	0.0	0.0	0.0	0.0
"LAV2814"	0.395073048758373	"LAV"	24.0	4.0	1.0	0.485	8.02	1.0	0.165	1.0	2057.24842202609	1826.06400222746	0.0	0.704987748664427	5.34338265062555	6.04837039928998	0.348647436315047	87.6612976764605	369.450715292657	607.940588578565		0.029024840349859	0.002245059275508	0.042920571585903	0.268436011816831	0.006020955432057	2019.0	0.0	0.0	0.193075289460904	0.193075289460904	250.971466527307	432.735000980054	270.945985677745	452.709520130492	0.0		0.0	0.0	0.0	0.0	0.0	0.0	0.0
"LAV2811"	0.352844853058058	"LAV"	36.0	6.8	1.0	0.468	8.77999999999999	2.0	0.375	2.0	1049.71272212511	1020.02513532814	0.0	1.45954358762346	3.86982433149548	5.32936791911894	0.312173148217907	49.6703407575132	90.8456926377869	77.4060758491777		0.013641316727448	0.020582610574701	0.024699162029205	0.25325006444974		2018.0	0.0	0.0	0.452246465556554	0.452246465556554	152.781750826043	212.111116365292	160.691752380692	220.021117919941	0.0		0.0	0.0	1.0	0.0	0.0	0.0	0.0
"LAV2810"	0.359891635852784	"LAV"	35.0	7.2	1.0	2.473	51.1199999999999			0.0	885.514036608654	849.194196125718	0.0	2.61950951219108	2.21857050690145	4.83808001909254	0.223262013333283	5.18781208691595	31.2109929308766	12.2969104434939	0.022080685379358	0.007530651448515	0.017691173413713	0.012090720923747	0.163862702892425		2019.0	0.170058255494738	0.0	0.0	0.170058255494738	126.834623495081	180.193643658923	131.372703789278	184.73172395312	0.0		0.0	1.0	0.0	0.0	0.0	0.0	0.0
"LAV2809"	0.215230119447829	"LAV"	33.0	6.2	1.0	0.336	6.26	1.0	0.186	0.0	1089.29400043822	1071.29032901784	0.0	0.981009672525003	4.3824376976627	5.3634473701877	0.28761699153244	5.85496548883233	32.5639791620398	34.1163076078144	0.013701019642263	0.014484658193238	6.22976371474E-4	0.011158865322977	0.247649473032076		2019.0	0.111603046368062	0.0	0.0	0.111603046368062	153.56474220646	232.798052215113	163.7444113694	242.977721378053	0.0		0.0	0.0	0.0	0.0	0.0	0.0	0.0
"LAV2808"	0.526311199905745	"LAV"	17.0	5.8	1.0	1.002	33.92	1.0	0.339	0.0	854.172890853575	829.25402945431	0.0	1.37548751341934	1.57865905866661	2.95414657208596	0.193706334948992	50.5225068132134	1.80272444713639	124.370234450859		0.038478970910518	0.006078775341874	0.030925408700076	0.11822317644437		2019.0	0.34330778577901	0.0	0.0	0.34330778577901	114.609212291152	159.581876851755	119.796631907459	164.769296468063	0.0		0.0	1.0	1.0	0.0	0.0	0.0	0.0
"LAV2807"	0.486551687740486	"LAV"	40.0	7.5	1.0	1.84	34.5399999999999	2.0	0.375	2.0	1312.17152473138	1220.05248185091	0.0	2.43464187482425	2.8922459268427	5.32688780166695	0.268811391379764	69.3531176109153	105.903273562506	197.065635399082	0.013479561672225	0.031195173668093	0.010691512137811	0.040415873315168	0.173029270868467		2019.0	0.378273325259048	0.181318946690101	0.322065269424395	0.881657541373545	154.248480832537	221.281289197197	164.038302958712	231.071111323371	0.0		0.0	0.0	1.0	0.0	0.0	0.0	0.0
"LAV2806"	0.600418877278794	"LAV"	24.0	5.4	6.0	1.593	35.7299999999999			5.0	1702.12336473666	1564.55745736896	0.0	1.56023470823725	2.89844329834826	4.45867800658551	0.300973230506786	197.872615418767	233.651499933642	569.900133271356	0.044894973748675	0.058117804370556	0.005493538280079		0.173216167664731	0.019250745772576	2019.0	1.33500866746685	0.071833280011046	0.300076955676225	1.70691890315412	245.930301263558	342.977092233076	263.109840823419	360.156631792938	0.0		0.0	0.0	0.0	0.0	0.0	0.0	0.0
"LAV2802"	0.33124773925574	"LAV"	39.0	6.1	1.0	2.053	31.94	2.0	0.311	4.0	2761.23340253743	2874.05424265523	0.0	2.9373008734259	3.49018965889129	6.42749053231719	0.365260799664045	392.877692560318	263.061652237101	903.109531721945	0.042577362897161	0.026854085725032	0.032739978691583		0.263089368891523		2019.0	0.484291303650397	0.0	1.4076081116973	1.8918994153477	372.82018811763	527.951948977014	406.893205531458	562.024966390842	0.0		0.0	0.0	1.0	0.0	0.0	0.0	0.0
"LAV2801"	0.17278998973946	"LAV"	30.0	7.5	1.0	0.278	6.95			0.0	1216.71146742042	1183.10596070415	0.0	0.787278606593662	3.21404385055258	4.00132245714624	0.224097003308798	57.0921609942883	155.313619606657	185.910182771856	1.85276503603E-4		0.002836422507288	2.27613062597E-4	0.205075669851231	0.015772020995998	2019.0	0.004447178388538	0.0	1.43210617516254	1.43655335355107	121.131568906473	168.866051682624	129.567855588087	177.302338364238	0.0		0.0	0.0	0.0	0.0	0.0	0.0	0.0
"LAV2799"	0.395269606140897	"LAV"	39.0	6.1	1.0	1.069	16.6999999999999	1.0	0.156	2.0	1748.57417776452	1721.72093067127	0.0	0.937082093152764	5.46241970065834	6.39950179381111	0.354190020732612	29.6983371650776	412.412265620595	417.247696017461		0.069498022535342	8.16841061761E-4	0.007520910283337	0.26190190294038		2018.0	0.0	0.0	0.856130344323729	0.856130344323729	190.618672972924	282.237376425852	215.1220602616	306.740763714528	0.0		0.0	0.0	0.0	0.0	0.0	0.0	0.0
"LAV2798"	0.51040631683801	"LAV"	33.0	6.6	1.0	1.821	36.4099999999999	3.0	0.6	1.0	1533.74221092286	1526.86377698896	0.0	1.86072245971373	3.14026258202729	5.00098504174102	0.293854078739735	80.4283085093974	55.6145096435695	384.531807759991	2.72295088198E-4	0.025591288239147	0.014910844927996	0.038739626861029997	0.20547877951823	0.008861241433453	2018.0	0.0	0.0	0.114479318556647	0.114479318556647	320.317916123382	454.316314952944	333.925161702006	467.923560531568	0.0		0.0	0.0	0.0	0.0	0.0	0.0	0.0
"LAV2796"	0.08925982561192	"LAV"	10.0	5.0	2.0					0.0	489.072568591547	372.936589347754	0.0	1.1865295265831	0.821330509385369	2.00786003596846	0.193597083462021	15.8742791013588	5.16991511904845	46.9479515721907			0.008077168356339		0.185519914718891		2019.0	0.0	0.0	0.668344107347063	0.668344107347063	94.6557608921792	133.881231394423	100.348812285086	139.574282787331	0.0		0.0	0.0	0.0	0.0	0.0	0.0	0.0
"LAV2791"	0.278185883839808	"LAV"	39.0	5.4	2.0	1.547	21.43	3.0	0.416	2.0	2209.71109890975	2076.92484111188	0.0	1.3224416960833	5.8951591977509	7.21760089383421	0.394694843716477	86.4072966959404	372.98277580614	420.107979935673		0.027671813215555	0.002737157991959	0.027410182706779	0.336875682975791		2019.0	0.020484504065962	0.0	0.754357070423682	0.774841574489644	355.03219552361	475.987839907479	392.293799065272	513.249443449142	0.0		0.0	0.0	0.0	0.0	0.0	0.0	0.0
"LAV2790"	0.29619399522507	"LAV"	32.0	6.0	1.0	0.32	6.04	1.0	0.189	0.0	1568.0753502719	1526.5203767176	0.0	1.53804234725132	3.76423586386833	5.30227821111966	0.313272382042859	70.5761571926939	75.0773775442829	290.534576525764	0.009680073847062	0.011578884239653	0.001410114385186	0.038096428750732	0.252506883687783		2019.0	0.0	0.0	0.0	0.0	240.073898258246	318.790653305326	252.414207552713	331.130962599793	0.0		0.0	0.0	0.0	0.0	0.0	0.0	0.0
"LAV2787"	0.218088869990482	"LAV"	45.0	6.5	2.0	0.47	6.79	2.0	0.289	3.0	1398.84488074628	1360.29296772096	0.0	0.973584382371437	5.95039969352726	6.92398407589869	0.367158155194892	46.8982405608842	353.565761062678	170.070859174961		0.020583813199275	3.22968633548E-4	0.019096967272769	0.327154406309044		2019.0	0.073645909138222	0.0	0.759727387515775	0.833373296653997	155.634580332812	227.051791860537	175.17389478548	246.591106313204	0.0		0.0	0.0	0.0	0.0	0.0	0.0	0.0
"LAV2786"	0.347302559737757	"LAV"	26.0	5.6	1.0	0.058	1.25			0.0	1356.09361704216	1341.27284210534	0.0	0.800930138225622	3.82582822289563	4.62675836112125	0.293830303513034	63.4105150878679	103.639390346175	328.175722156762		0.014541039228758	0.004324770665138	0.042471235945757	0.232493263167504		2019.0	0.435482044024971	0.0	0.916576075175304	1.35205811920027	232.802632514984	301.234351892342	250.557161141789	318.988880519148	0.0		0.0	0.0	0.0	0.0	0.0	0.0	0.0
"LAV2785"	0.290813799718127	"LAV"	24.0	6.0	2.0	0.004	0.1			0.0	694.360403590679	677.711542656802	0.003673426121985	0.047554958683499	3.92573674116645	3.97696512597194	0.202786012247493	1.1491679712785	72.8025811897641	41.5291051591246		0.014042756359839	3.55524775103E-4	0.018771542810076	0.169616186122205		2019.0	0.0	0.0	1.183709439779	1.183709439779	77.7262285426498	121.291632899258	79.9085529134015	123.473957270009	0.0		0.0	0.0	0.0	0.0	0.0	0.0	0.0
"LAV2784"	0.042766810252904	"LAV"	11.0	4.2	2.0			1.0	0.383	0.0	1341.48167450911	1036.37636484114	0.0	0.185331851375083	2.42807403684622	2.6134058882213	0.260287698894606	107.240422992359	3.25436201359015	431.142100124927			0.004224540872193		0.256063150237361		2018.0	0.0	0.0	0.0	0.0	246.702685291784	309.82794879406	272.511809340045	335.637072842322	0.0		0.0	0.0	0.0	0.0	0.0	0.0	0.0
"LAV2783"	0.340063293447351	"LAV"	50.0	8.1	2.0	1.723	28.0399999999999			5.0	1193.24921503642	1175.36213722929	0.0	1.72331260292857	4.42155980646221	6.14487240939078	0.364480026473855	18.4469854185046	202.570219804221	66.7058131186443	0.062607932069992	0.021678751511678	0.010170729368699	0.016670919306411	0.253351687614005		2019.0	0.0	0.0	0.0	0.0	147.322390954885	210.347789370193	160.501617351677	223.527015766985	0.0		0.0	0.0	0.0	0.0	0.0	0.0	0.0
"LAV2782"	0.124608107066775	"LAV"	23.0	6.2	1.0	0.134	3.61	1.0	0.27	0.0	753.031379024581	765.8416400101	0.0	0.0	3.70716162816591	3.70716162816591	0.217950401574993	28.7134509213423	56.3877855158803	28.3793999441613		0.008298864685384		0.003437049307479	0.206214488954243		2019.0	0.0	0.0	0.177405967877385	0.177405967877385	94.180958846784	149.204364396785	97.2942667931652	152.317672343166	0.0		0.0	0.0	0.0	0.0	0.0	0.0	0.0
"LAV2780"	0.301058308008552	"LAV"	22.0	5.7	1.0	0.628	16.28	2.0	0.518	0.0	1147.94861985985	1151.8984347157	0.0	0.63917854834493	3.21931195671237	3.8584905050573	0.211675850612228	35.7255054290905	26.3391390468818	188.511180030901		0.011154888248332	0.003325775376129	0.019378488631876	0.177816700478961		2019.0	0.0	0.0	0.637327985841761	0.637327985841761	166.920806570906	231.364180506347	180.05122834255	244.494602277992	0.0		0.0	0.0	0.0	0.0	0.0	0.0	0.0
"LAV2779"	0.379355748269815	"LAV"	47.0	7.0	2.0	2.924	43.81			4.0	1067.88900965642	1049.25461475969	0.0	2.97635310784423	3.69830665913643	6.67465976698066	0.323353383808746	30.8409231761533	127.76340743298	93.5785001952531		0.02043592483925	0.030761427913645	0.016759703067881	0.255396322573689		2019.0	0.044297106563446	0.0	0.617882238704064	0.66217934526751	164.275989972752	232.294652849804	166.874136466188	234.89279934324	0.0		0.0	1.0	0.0	0.0	0.0	0.0	0.0
"LAV2778"	0.319121554704479	"LAV"	46.0	6.5	2.0	1.738	24.7199999999999	3.0	0.427	0.0	1472.54509811655	1478.29841461737	0.0	1.38201201302708	5.64831012549296	7.03032213852004	0.336507060888587	22.242727697063	189.929914392943	335.233524001133		0.020502022974086	0.012177092935598	0.02230035434312	0.281485669861668	4.1919207059E-5	2019.0	0.0	0.0	0.0	0.0	157.989462944078	240.331870414525	171.490045857568	253.832453328014	0.0		0.0	0.0	1.0	0.0	0.0	0.0	0.0
"LAV2773"	0.338343684369144	"LAV"	25.0	5.0	1.0	1.282	25.57	2.0	0.399	1.0	1386.93421940522	1374.54118112907	0.0	1.98783057162803	3.02635506649543	5.01418563812346	0.288546439282107	19.5620253484677	0.01034662376276	83.9447927779135		0.031326110371393	0.001630696112528	0.024591636605637	0.230997994669528		2019.0	0.236280056017406	0.0	1.18035683047022	1.41663688648763	226.338303683996	330.948580756541	242.317589072062	346.927866144608	0.0		0.0	0.0	1.0	0.0	0.0	0.0	0.0
"LAV2771"	0.145374492548683	"LAV"	31.0	5.9	1.0	0.053	1.01	1.0	0.19	1.0	1155.44797821559	1145.90601927854	0.0	1.32086713729482	3.9324116794579	5.25327881675273	0.364618435246457	15.9420044391999	18.3541683338431	35.724395919513			0.011772927955172	0.011622124246617	0.341223381838392		2019.0	0.0	0.0	1.49435725838244	1.49435725838244	152.911048357425	227.244052288501	164.453337939479	238.786341870554	0.0		0.0	0.0	0.0	0.0	0.0	0.0	0.0
"LAV2770"	0.306551806578913	"LAV"	29.0	6.7	1.0	0.028	0.65	2.0	0.462	2.0	1001.95002851786	994.848682165843	0.0	0.0	4.32973586123456	4.32973586123456	0.268030228974396	29.2287079038767	39.389623203468	41.5270801385235		0.017214656315676	0.001845954681381	0.026797520899059	0.222172098833285		2018.0	0.0	0.0	0.0	0.0	161.914930512001	226.887309635479	166.31815188061	231.290531004088	0.0		0.0	0.0	0.0	0.0	0.0	0.0	0.0
"LAV2766"	0.142409989417101	"LAV"	33.0	5.5	3.0	0.524	8.81	1.0	0.168	1.0	1247.29527672666	1247.45989952778	0.0	1.41341118404427	4.53588852002333	5.94929970406761	0.314977891108976	35.9794779874833	142.70375927286	267.763008980107		0.012044077139336	0.004190775935126	0.002411820208687	0.296331213530946		2019.0	0.0	0.0	0.0	0.0	154.060981129591	210.85071113488	164.760232040193	221.549962045483	0.0		0.0	0.0	1.0	0.0	0.0	0.0	0.0
"LAV2764"	1.61667741781E-4	"LAV"	17.0	4.6	1.0			2.0	0.539	1.0	900.036895795484	914.403193325792	0.0	0.744303650931466	2.96834040155844	3.7126440524899	0.235942781594931	12.7693297555357	37.2233726747815	119.691117611262					0.235942782198634		2019.0	0.0	0.0	0.0	0.0	117.232226449622	168.197299662214	125.315905360103	176.280978572694	0.0	0.021926949506	0.0	0.0	1.0	0.0	0.0	0.0	0.0
"LAV2762"	0.276670704241258	"LAV"	31.0	6.3	1.0	0.724	14.81	1.0	0.205	0.0	804.479535535977	781.257578529289	0.0	0.0	4.88927999103959	4.88927999103959	0.275903287344648	5.35687250574349	125.051945926163	52.5498840774321		0.005735867244683	8.66704863715E-4	0.029284293294198	0.235561484813113		2019.0	0.42945369252831	0.0	0.0	0.42945369252831	92.2096796824469	118.284473718885	97.8153272784734	123.890121314911	0.0		0.0	0.0	0.0	0.0	0.0	0.0	0.0
"LAV2761"	0.121399607212451	"LAV"	22.0	5.1	3.0	0.642	14.7799999999999	2.0	0.46	1.0	1243.73707074355	1115.51591966911	0.0	1.04064931161286	3.30422975899219	4.34487907060505	0.34197367359468	20.0061259817955	218.150837334197	264.531012812645		0.001310206824569	3.82814235759E-4		0.322714787730419		2018.0	0.361110303355249	0.0	0.691683531541623	1.05279383489687	116.039887839848	174.422694128775	129.156938377052	187.539744665978	0.0		0.0	0.0	0.0	0.0	0.0	0.0	0.0
"LAV2759"	0.241380031528367	"LAV"	47.0	7.7	3.0	2.956	48.1599999999999	4.0	0.652	1.0	1199.15630122698	1124.06913547488	0.0	1.56225938083143	4.57543131823593	6.13769069906736	0.324082180641421	43.6837353043891	233.977387015622	285.123724899851		0.013333278009376	0.002229202404872	0.023608368108019	0.284911338706357		2019.0	0.22433647634949	0.0	0.415964690789939	0.640301167139429	163.491034109193	236.778622247849	175.516674031807	248.804262170463	0.0		0.0	0.0	2.0	0.0	0.0	0.0	0.0
"LAV2757"	0.029600708652191	"LAV"	22.0	6.1	1.0	0.452	12.47	3.0	0.827	1.0	1507.0597954544	1404.00495679536	0.01262490339265	1.5525366905712	2.06072223781207	3.62588383177592	0.250510729415499	48.8839432920408	7.72069838850769	66.1490745794039			0.002578974474598		0.247931753414393		2019.0	0.270064795135185	0.0	0.129468046250224	0.399532841385409	329.111249451153	447.354584802438	352.320947289129	470.564282640415	0.0		0.0	0.0	1.0	0.0	0.0	0.0	0.0
"LAV2756"	0.395422729150907	"LAV"	28.0	6.5	2.0			2.0	0.464	0.0	1066.92337981685	1068.86561140631	0.0	1.57488529928009	2.73622753097996	4.31111283026006	0.277595864653362	1.64160298374403	11.8755195349044	3.35228025941145		0.032184825779433	8.12279267201E-4	0.039728718274071	0.20487004085577		2018.0	0.0	0.0	0.046100318416204	0.046100318416204	131.0114661667	194.9628697535	137.911329940366	201.862733527165	0.0		0.0	0.0	0.0	0.0	0.0	0.0	0.0
"LAV2755"	0.365863953965549	"LAV"	27.0	5.4	2.0			1.0	0.198	0.0	1190.89024693251	1187.39312834736	0.0	1.76091776307949	3.27690251700741	5.0378202800869	0.319453978497406	0.0	11.8264357858898	0.48592631547241		0.032184825779433	7.05560607935E-4	0.041245607916406	0.245317991338202		2018.0	0.0	0.0	0.0	0.0	134.18036457359	202.005640304598	140.143493500286	207.968769231294	0.0		0.0	0.0	0.0	0.0	0.0	0.0	0.0
"LAV2754"	0.304611288689306	"LAV"	28.0	6.2	1.0	0.158	3.49			0.0	885.247661158846	876.818303524065	0.0	0.305618965028394	4.22257241991433	4.52819138494273	0.281709632830972	28.0918402174552	61.4679868404002	28.9701043110615		0.016452193354667	6.73318512286E-4	0.033005039049155	0.231579088873808		2019.0	0.106271982050536	0.0	0.472660969456978	0.578932951507514	113.071653248932	162.766780972194	120.535490812508	170.23061853577	0.0		0.0	0.0	0.0	0.0	0.0	0.0	0.0
"LAV2752"	0.087507793907969	"LAV"	32.0	6.1	1.0			2.0	0.378	0.0	1221.59397430289	1178.47628033509	0.0	1.23681003159828	4.05143621389395	5.28824624549223	0.304928610456034	6.36372057232241	12.1184081474554	26.7567795732465		0.011944300352862	1.74297006021E-4		0.292810021321407		2019.0	0.0	0.0	0.924420825681967	0.924420825681967	172.688874293254	238.019689510021	180.364278934284	245.695094151051	0.0		0.0	0.0	0.0	0.0	0.0	0.0	0.0
"LAV2751"	0.174990654403225	"LAV"	23.0	6.1	1.0			1.0	0.267	2.0	614.333431090255	616.158580358439	0.0	1.14462032886232	2.60714353516324	3.75176386402557	0.268283878269589	11.6844025419408	42.5521620760765	44.5577898074635			0.028717300062951		0.23956657487468		2019.0	0.087034368235994	0.0	0.938732812668189	1.02576718090418	79.0810760903045	112.121013904748	81.5701409656449	114.610078780088	0.0	0.010810947382	0.0	0.0	1.0	0.0	0.0	0.0	0.0
"LAV2748"	0.043668900512216	"LAV"	18.0	3.5	2.0			1.0	0.195	0.0	1271.03196657881	1215.17441164803	0.0	0.0	5.13906073384983	5.13906073384983	0.390490910355791	15.0221535073622	92.7894333528026	42.0495134212557			1.4442949041E-5	0.006476023623229	0.384000445360456		2019.0	0.296908612368383	0.0	0.0	0.296908612368383	214.66506550977	293.515065766577	223.375673059922	302.225673316728	0.0		0.0	0.0	0.0	0.0	0.0	0.0	0.0
"LAV2747"	0.490262784239938	"LAV"	13.0	3.4	2.0			1.0	0.261	0.0	1011.10906190965	1005.70618728472	0.0	0.0	3.83455003966068	3.83455003966068	0.268024432602229	14.4273061909328	48.3327030719978	37.8748219066593		0.030766335478408	0.035588086654379	0.017647748256507	0.184022275635836		2019.0	0.912300706603071	0.0	0.647780937619148	1.56008164422221	167.775258083763	224.034859602969	183.988772434862	240.248373954068	0.0		0.0	0.0	0.0	0.0	0.0	0.0	0.0
"TOR677"	0.55486314305689	"TOR"	15.0	4.2	1.0			1.0	0.278	3.0	2085.63064908271	2094.57107541977	0.0	0.928561004708698	2.66940030051325	3.59796130522195	0.293376956683164	219.928653156086	144.110931788243	429.590132638095	0.024835196084902	0.027405266766316	0.002474956739854	0.044256142041689	0.191539664789261	0.002865723753802	2018.0	0.0	0.0	0.0	0.0	300.094060549551	406.188653057387	320.099548540312	426.194141048148	0.0		0.0	0.0	0.0	0.0	0.0	2.0	0.0
"LAV2746"	0.094272352831225	"LAV"	16.0	5.1	1.0	0.216	6.83	1.0	0.316	1.0	596.059181258931	614.953806910676	0.0	0.469881267120998	2.69376056261483	3.16364182973583	0.257785721971071	6.92077662253581	46.6091881385533	36.9403784355692		0.008912852790888	0.001370230580917		0.247502639435143		2019.0	0.0	0.0	0.0	0.0	84.1948615398408	111.823610021799	90.6709674581501	118.299715940109	0.0		0.0	0.0	0.0	0.0	0.0	0.0	0.0
"LAV2744"	0.149155319900763	"LAV"	24.0	5.4	2.0					2.0	925.986389256674	913.486697005928	0.0	1.12064549595174	3.29799076389612	4.41863625984786	0.256873272730338	11.0473179781905	69.565885875577	62.9259683924063				0.021746314432689	0.235126957287157		2019.0	0.182391927328451	0.0	0.0	0.182391927328451	124.17039333153	179.810601944527	133.559785518286	189.199994131283	0.0		0.0	0.0	0.0	0.0	0.0	0.0	0.0
"TOR698"	0.515443233774604	"TOR"	23.0	5.2	4.0	2.145	48.4399999999999	2.0	0.452	7.0	6310.09938320118	6480.72751990515	0.0	2.27552703689313	2.15254423478616	4.4280712716793	0.277331836481993	691.534805457416	1374.54353390922	3178.03512527107		0.08485783409153	0.013555338839793	0.005756022647358	0.165009874255487	0.008152767848367	2018.0	0.0	0.058867337737073	0.0	0.058867337737073	546.046687076229	758.808087526728	591.618861020521	804.38026147102	0.0	1.4835600246	0.0	0.0	0.0	0.0	1.0	1.0	0.0
"MTL1673"	0.1372610865384	"MTL"	14.0	7.1	2.0	0.084	4.28	1.0	0.509	0.0	637.991426339968	575.49808137901	0.0	0.761381197690819	1.20266245205108	1.9640436497419	0.136152124582064	84.6263408596852	106.464770115694	239.49753342514		1.15191129778E-4	6.31849770214E-4	0.008285440409927	0.127097575646888		2018.0	0.0	0.0	0.717279887706902	0.717279887706902	73.4085082819232	99.0156049024343	76.4931383770144	102.100234997525	0.0		0.0	0.0	0.0	0.0	0.0	0.0	0.0
"MTL1663"	0.193649622815532	"MTL"	8.0	3.9	1.0	0.037	1.81	2.0	0.977	2.0	310.835048186994	308.827267685175	0.0	0.724384661373231	1.32230715987297	2.04669182124621	0.123038199884417	1.59247703876154	64.1097598841374	33.8259890568727			0.00679807545249	0.004808492772842	0.111431628247776		2018.0	0.0	0.0	0.0	0.0	41.5030649389362	55.8345072011038	46.0251707866584	60.356613048826	0.0		0.0	0.0	0.0	0.0	0.0	0.0	0.0
"MTL1661"	0.205717256729938	"MTL"	32.0	8.0	1.0			1.0	0.249	0.0	605.699806269414	639.008516600016	0.0	0.940667488351112	3.0694848182608	4.01015230661191	0.214672171618387	15.2095977046765	2.85310490140029	0.2112578992822			0.007950069501503	0.014258205557711	0.192463897162232		2018.0	0.950182226610378	0.0	0.0	0.950182226610378	81.674776623347	121.064262736231	84.0680291110274	123.457515223911	0.0		0.0	0.0	0.0	0.0	0.0	0.0	0.0
"MTL1649"	0.401428587910993	"MTL"	43.0	7.3	4.0	1.802	30.42	3.0	0.506	4.0	1860.54239579199	1808.99346816	0.0	1.62556134537331	4.29902999790233	5.92459134327565	0.296286277550379	184.07291635356	355.707222956033	719.664806915447	0.001685347541855	0.020623067728259	0.005820918916422	0.011853078074124	0.236560015423828	0.019743848750384	2018.0	0.0	0.0	0.0	0.0	270.545479790272	375.219490619861	288.163817732558	392.837828562147	0.0		0.0	0.0	0.0	0.0	0.0	0.0	0.0
"MTL1647"	0.570506317183331	"MTL"	24.0	4.4	2.0	1.673	30.8599999999999			0.0	2162.71310865816	2209.51681712136	0.0	1.65086691560392	3.77122303531373	5.42208995091765	0.316630461567088	147.97381449172	254.292245073503	884.80706936399		0.02619254071797	0.009602232585024	0.01722836003627	0.192741486647894	0.070768458680458	2018.0	0.088880707917748	0.0	0.0	0.088880707917748	295.229989278842	410.054169317889	320.450697989364	435.274878028411	0.0		0.0	0.0	0.0	0.0	0.0	0.0	0.0
"TOR72"	0.3752888452322	"TOR"	10.0	4.1	1.0			2.0	0.814	2.0	2673.06328024598	2648.83467993185	0.0	1.56650377832349	0.890898974561849	2.45740275288534	0.223182057008648	280.034896266877	284.40640241164	858.692163571123	8.03072699E-7	0.02349800499915	0.002240614040722	0.025279521936154	0.172163113601316		2018.0	0.0	0.0	0.0	0.0	486.291990852835	679.309034005938	521.85134335903	714.868386512134	0.0		0.0	0.0	0.0	0.0	2.0	0.0	0.0
"MTL1640"	0.266153459947407	"MTL"	23.0	4.0	1.0	1.364	23.7899999999999	2.0	0.349	1.0	2260.60519371701	2182.88312376592	0.0	0.189101194780355	5.54477524552365	5.73387644030401	0.334902552574212	77.0821388928004	702.743095009009	775.737245114127		0.013380911108439	1.63209616375E-4	0.037516747177277	0.283841684054768		2018.0	0.0	0.001507632319047	0.0	0.001507632319047	322.188755966936	417.409144989146	353.197272465262	448.417661487471	0.0	0.038487902662	0.0	0.0	1.0	0.0	0.0	0.0	0.0
"MTL1635"	0.086786348367908	"MTL"	32.0	4.7	1.0	4.712	69.81	6.0	0.889	9.0	5523.41993258408	5328.31624606375	0.0	3.25028905756356	3.49899805715256	6.74928711471613	0.397123232447506	497.821544217448	1664.9819186438	2876.73359096607		0.011692748280717	2.81745969661E-4	0.001896975804268	0.383251760022289		2018.0	0.0	0.0	2.21006346551733	2.21006346551733	521.14082176303	653.934153448715	602.823560745827	735.616892431513	0.0	0.6687524117	0.0	2.0	6.0	0.0	0.0	0.0	0.0
"MTL1628"	0.251424199541342	"MTL"	28.0	6.3	4.0	2.516	56.8299999999999	1.0	0.226	3.0	1217.73100644617	1264.86515269541	3.79800287839E-4	1.35776595477811	3.06939374277813	4.42753949784409	0.206607772450948	63.3419568404713	218.872158652558	539.251801554538			0.008663116277285	0.012071853176933	0.181789856855818	0.004082946991069	2018.0	0.093347153134875	0.068788467697595	0.087918534871509	0.250054155703979	163.582372710785	228.93106898673	170.434802013435	235.783498289379	0.0		0.0	0.0	0.0	0.0	1.0	0.0	1.0
"MTL1620"	0.61617673285142	"MTL"	27.0	5.4	3.0	0.74	14.8699999999999	1.0	0.201	0.0	806.285629307858	818.313245662242	0.011178537962857	1.86537155336568	3.10087766808597	4.9774277594145	0.260342853102797	38.2715243315157	190.660786889141	282.762082073972		0.033482820683736	0.018593326365777	4.49545304847E-4	0.112136971522373	0.095499085567014	2018.0	0.0	0.24858538747146	0.0	0.24858538747146	102.036925253186	143.915537152997	112.538738300032	154.417350199843	0.0		0.0	0.0	0.0	0.0	0.0	0.0	0.0
"MTL1619"	0.282365385434093	"MTL"	39.0	5.0	4.0	4.598	59.13	4.0	0.514	0.0	2732.05133298841	2651.22588988458	0.0	1.02578555354871	6.75061775959157	7.77640331314029	0.373255676893499	159.146516687469	793.818700583139	1166.34998568023		0.050621914802408	0.002552814534045	0.009277759704113	0.310803185909642		2018.0	0.0	0.0	0.0	0.0	378.098608264786	495.820591130704	406.308935209667	524.030918075586	0.0		0.0	0.0	0.0	0.0	0.0	0.0	0.0
"TOR733"	0.110615982791264	"TOR"	19.0	4.7	2.0					1.0	1714.57292351563	1770.46213146634	0.0	0.965389332783252	3.09842625561396	4.06381558839721	0.272596717194367	32.6228107516904	11.6480199707174	46.7944916579466		0.012378268587555	6.8363353396E-5	0.001197679818633	0.258952405870307		2018.0	0.0	0.0	0.018709002724807	0.018709002724807	156.939001348186	252.228463770463	161.412161750256	256.701624172533	0.0		0.0	0.0	0.0	0.0	0.0	1.0	0.0
"MTL1605"	0.631384215500689	"MTL"	16.0	4.8	2.0	1.275	38.4399999999999			0.0	1034.17064031619	1044.77612956081	0.0	1.28312043031905	2.03353982901014	3.31666025932919	0.221544559934631	49.2526587848252	100.411935724461	274.677728171314		0.022210000988553	0.004053219505914	0.035970003691723	0.121808581411256	0.037502755411501	2018.0	0.106244177242992	0.0	1.27048679729186	1.37673097453486	195.485751814095	252.344176391019	209.666291262493	266.524715839416	2.0	0.22776343475	0.0	0.0	0.0	0.0	0.0	0.0	0.0
"MTL1600"	0.281594777575356	"MTL"	34.0	5.9	4.0	2.251	38.89	2.0	0.346	4.0	3801.23465469604	3763.70786631567	0.0	1.24735142537242	4.54042437042317	5.7877757957956	0.316529105244143	183.49305177439	1088.89771464048	1277.89155371835		0.027072791780649	0.001315173165693	0.019964336539791	0.268176803448844		2018.0	0.450586367936642	0.0	1.05279532069626	1.5033816886329	707.115604758959	957.20792123316	767.157141584705	1017.2494580589	0.0	0.36600331274	0.0	0.0	5.0	0.0	0.0	0.0	0.0
"MTL1597"	0.367667184931599	"MTL"	17.0	5.3	1.0	0.635	19.7199999999999			1.0	1121.14285269167	1121.07424027302	0.0	0.38528619206571	2.83513555463221	3.22042174669792	0.176510678327961	79.7420917622044	322.032951711542	362.079630521443		0.027878167217568	6.08971324776E-4	0.013542906186386	0.134480635872137		2018.0	0.0	0.0	0.0	0.0	161.751818523503	225.865815022699	181.309732953765	245.423729452961	0.0		0.0	0.0	0.0	0.0	0.0	0.0	0.0
"MTL1596"	0.305713474180241	"MTL"	43.0	5.1	5.0	3.721	44.46	7.0	0.836	6.0	6596.29570900828	6277.99048758769	0.0	0.57267087203727	7.79597667132998	8.36864754336725	0.43800298496871	305.058241448016	2135.06688252266	2265.49040748025		0.063011291468266	8.3535629791E-4	0.014626551258195	0.35751954808326		2018.0	0.0	0.0	1.5152023131465	1.5152023131465	1518.36849991967	1961.67075703222	1647.49663643257	2090.79889354512	0.0	0.25665384266	0.0	0.0	9.0	0.0	0.0	0.0	0.0
"MTL1589"	0.507080034176277	"MTL"	24.0	3.9	4.0	3.196	51.78	3.0	0.486	7.0	5235.26707255823	5541.74635596316	0.0	1.53208815181956	4.64070885130636	6.17279700312592	0.412630979187697	1468.632548783	841.053893746743	1621.65807464667		0.069875598793336	0.002891172366402	0.02981172747691	0.278610811619461	0.031441674210546	2018.0	0.561318557643189	0.0	0.701896353824589	1.26321491146777	1033.48322057246	1414.28551603267	1125.56983080494	1506.37212626515	0.0		0.0	0.0	0.0	0.0	0.0	0.0	0.0
"MTL1587"	0.266460502366359	"MTL"	54.0	6.7	4.0	3.841	47.7299999999999	1.0	0.124	3.0	2395.03892657339	2366.46118713599	0.0	2.57542847587859	5.4718072048589	8.04723568073749	0.363190766504938	143.196222131415	406.704792146773	567.707870212854		0.052005472032398	0.005437392921865	0.001933302019483	0.303814599119109		2018.0	0.0	0.0	2.70146018608914	2.70146018608914	331.977743686364	481.357779196544	345.561511244095	494.941546754275	0.0	0.40882748252	0.0	0.0	0.0	0.0	0.0	0.0	0.0
"TOR747"	0.365142263379663	"TOR"	92.0	9.19999999999999	2.0	3.716	37.1099999999999	2.0	0.2	9.0	6198.1701649071	5880.14886368835	0.0	3.63313719686151	6.38135890265154	10.014496099513	0.397003756378311	180.181835737237	827.491946072664	2796.80297172789		0.018314863040881	3.66137436875E-4	0.032695658118437	0.319081148690634	0.026545945709091	2018.0	1.68741527100308	0.371670991379073	0.213411814668691	2.27249807705084	391.104567954383	461.839810104302	480.220277647506	550.955519797426	0.0	0.57599966205	0.0	1.0	3.0	0.0	2.0	0.0	0.0
"TOR754"	0.402922356630568	"TOR"	18.0	4.3	1.0					1.0	1158.83397707447	1171.4318786766	0.0	1.04601965680226	3.18083124221725	4.22685089901951	0.310765381128601	34.6795732111466	23.9708507616448	14.1198619516306		0.040859367114553	0.012578689586355	0.020622235689986	0.236705088048885		2018.0	0.868614041165864	0.0	0.0	0.868614041165864	126.450768914482	186.016013459363	134.761117393768	194.326361938649	0.0		0.0	0.0	0.0	0.0	0.0	0.0	0.0
"TOR783"	0.522967120790958	"TOR"	58.0	7.7	2.0	2.144	28.3799999999999	3.0	0.397	7.0	3404.66414389992	3326.24807818003	0.0	2.43752059419233	5.11719359327221	7.55471418746454	0.350039996378144	102.720861673212	1105.46490300551	1172.20827608254		0.08678418975215	0.024428975594077	0.024416717706833	0.214410114332062		2018.0	0.467055896003997	0.066731886294932	0.0	0.53378778229893	294.130909313868	397.670646175251	328.853885773026	432.393622634409	0.0	1.2266428108	0.0	0.0	0.0	0.0	2.0	1.0	0.0
"TOR79"	0.461762576388634	"TOR"	6.0	2.9	1.0					4.0	8708.43550822155	8941.53177409898	0.0	0.743528611645612	1.3025643332423	2.04609294488791	0.196433844225303	1958.88275021693	528.821917229257	3249.11746307518			0.001455385778672	0.065923260374615	0.115604674782089	0.013450524575048	2018.0	0.0	0.264038034634065	1.00002630873814	1.26406434337221	1546.79869708206	2003.9668485075	1671.65834331908	2128.82649474452	0.0		0.0	0.0	0.0	0.0	0.0	1.0	0.0
"MTL1485"	0.352266544910631	"MTL"	33.0	5.2	1.0	4.718	74.0499999999999	1.0	0.157	3.0	4058.61550183626	4131.51240550277	0.0	1.41983929047445	4.95144567582331	6.37128496629777	0.369230109430775	423.321206278856	856.969685828361	1740.4623888156	0.010898682329613	0.032305933373829	0.006341418501957	0.031333845714248	0.288350224591485		2018.0	0.0	0.0	0.100962216536943	0.100962216536943	479.137441184322	718.138321336377	520.236838587756	759.237718739811	0.0	0.6862890572	0.0	0.0	0.0	0.0	0.0	0.0	0.0
"MTL1472"	0.122365746324319	"MTL"	20.0	5.0	1.0	2.484	62.3699999999999	2.0	0.502	2.0	2196.44136329607	2169.67347647234	0.010601768209801	0.888134638606346	3.08381397657997	3.98255038339611	0.22209929299752	214.968855044172	666.530479232912	771.53658122517		0.010481018695571	0.001848129623918		0.20977014865225		2019.0	0.0	0.0	0.327945868762085	0.327945868762085	262.630035650332	383.055629596342	284.530676625542	404.956270571552	0.0	1.5967522181	0.0	0.0	0.0	0.0	0.0	0.0	0.0
"MTL1464"	0.493187957516578	"MTL"	30.0	4.9	1.0	4.414	72.3799999999999	1.0	0.164	10.0	5828.26674486017	5970.48141276685	0.0	2.68569367792649	3.4129346523786	6.09862833030509	0.387876168991046	825.506416168484	1126.95668273385	2337.52729182879	0.020370792275377	0.026354298620196	0.005513226144752	0.055689338366592	0.276516776039808	0.003431739503607	2018.0	0.0	0.0	1.3914858316569	1.3914858316569	808.842922955802	1119.79998297665	861.162251252681	1172.11931127353	0.0	0.4435957825	0.0	0.0	0.0	0.0	0.0	0.0	0.0
"MTL1448"	0.374781600374076	"MTL"	30.0	4.5	2.0	1.47	22.2199999999999	2.0	0.302	2.0	2439.47593407096	2301.15873634611	0.0	2.93596569572378	3.68005636499931	6.6160220607231	0.325825464320388	275.995469824761	391.134389470096	827.121604711005		0.064526902634949	0.009303569852082	0.007938965139538	0.244056029142899		2018.0	0.322301114159721	0.0	0.194899732487775	0.517200846647496	364.470465565659	492.438209687739	389.355511657186	517.323255779266	0.0		0.0	0.0	1.0	0.0	0.0	1.0	0.0
"MTL1444"	0.465681257332742	"MTL"	47.0	6.3	1.0	2.85	38.42	4.0	0.539	6.0	4221.09456025685	3846.58724470953	0.0	2.82493317545136	4.59366025846431	7.41859343391568	0.397498618233715	111.716834050748	239.95055603442	1483.51822066516		0.028164425497061	0.003698811381373	0.022031741424787	0.286514915509895	0.057088726633822	2018.0	0.125225628799862	0.0	0.961081352419869	1.08630698121973	603.438189768493	891.413968650844	647.193441695148	935.169220577499	0.0	0.30823162942	0.0	0.0	1.0	0.0	0.0	1.0	2.0
"MTL1443"	0.564191608791333	"MTL"	15.0	3.7	6.0	2.216	55.31	3.0	0.749	4.0	5101.11234907287	5396.45785745579	0.0	0.667605011335794	3.33902791834779	4.00663292968359	0.268409485494301	430.055509369035	1108.39863443071	2243.57139834498		0.045490327441952	3.78870109131E-4	0.019264225549497	0.160743611942871	0.042418781954228	2018.0	0.0	0.0	0.859501358075006	0.859501358075006	708.531773818386	940.989553998966	773.018301487625	1005.4760816682	0.0		0.0	0.0	0.0	0.0	0.0	0.0	0.0
"MTL1437"	0.450530625314914	"MTL"	31.0	5.7	1.0	2.89	53.39	1.0	0.185	1.0	2660.24309791462	2569.07368912389	0.0	1.46888008690226	3.94446451988758	5.41334460678985	0.30056323353271	334.368650951431	550.495339507467	1051.38040039783		0.034908653482589	0.003023731861801	0.043527450217634	0.214832773629327	0.004270632087507	2019.0	0.0	0.0	0.362061188091362	0.362061188091362	474.080626373556	602.398020016036	520.526366150601	648.843759793081	0.0	0.13838513426	0.0	8.0	4.0	0.0	2.0	0.0	0.0
"MTL1435"	0.23828167211478	"MTL"	37.0	4.8	1.0	6.292	80.95	4.0	0.515	4.0	3406.42041200676	3292.8854541465	0.0	1.69340587281525	6.0790778795884	7.77248375240365	0.40988907018636	242.516288183696	937.14542881636	1235.46859482081		0.019244458688655	0.008607088763811	0.017489543109151	0.364547976601848		2018.0	0.0	0.0	1.46549242997677	1.46549242997677	505.613568637397	690.1539176597	543.728444438759	728.268793461062	0.0	0.0078095692403	0.0	12.0	5.0	0.0	5.0	0.0	0.0
"TOR814"	0.426914487066747	"TOR"	27.0	7.0	1.0	0.472	12.27	1.0	0.26	1.0	1154.00119796619	1140.5986095219	0.0	1.07372127758845	2.77293804942536	3.84665932701381	0.315935840701345	93.3296251011771	30.8863364007766	168.810569402834	0.00338015335173	0.084249105322633	0.00111090264808	0.020942970710248	0.206252708140966		2018.0	0.0	0.880511166042692	0.0	0.880511166042692	116.137912793205	183.013431389313	125.332316215557	192.207834811664	0.0		0.0	0.0	0.0	0.0	1.0	0.0	0.0
"MTL1425"	0.292709014760804	"MTL"	50.0	5.8	1.0	5.609	65.5799999999999	2.0	0.234	12.0	5536.84674479237	4541.68265200064	0.0	2.63290442061295	5.92035523087962	8.55325965149257	0.397021785866909	253.739729612778	1775.2535024998	2932.81509230708		0.05463146299921	0.016758973586959		0.325617550533764	1.3791954256E-5	2019.0	0.0	0.0	3.16757542132324	3.16757542132324	489.72547743946	635.65060385086	568.400831023929	714.325957435329	0.0	0.23391472011	0.0	0.0	0.0	0.0	1.0	0.0	0.0
"MTL1424"	0.376101018989034	"MTL"	31.0	4.0	1.0	5.559	72.2999999999999	2.0	0.26	10.0	6059.39803924244	5989.2333202376	0.0	2.60548978124284	5.08303135977031	7.68852114101315	0.399631728157357	205.058825595804	2238.63862703483	2899.44538201356		0.049434915362554	0.007619988431701	0.031936025480337	0.310640798314828		2018.0	0.0	0.0	2.80173631134565	2.80173631134565	713.697193680577	897.796278030752	780.142090939909	964.241175290085	0.0		0.0	0.0	0.0	0.0	0.0	0.0	0.0
"MTL1420"	0.366299522919808	"MTL"	71.0	7.1	3.0	7.536	75.76	4.0	0.402	13.0	6475.37732258326	6235.57364357032	0.0	4.42816498458234	5.51846840797098	9.94663339255332	0.397443418956615	438.530837014784	1831.1806978045	3681.88051621778		0.043495046957599	0.006912799615857	0.021829091279228	0.319067452470741	0.006139033402587	2018.0	0.211965468569746	0.0	1.31900410650855	1.5309695750783	473.865970798615	574.506970381578	539.5950573721	640.236056955063	0.0	0.70081401391	0.0	0.0	9.0	1.0	1.0	0.0	0.0
"MTL1419"	0.639355556193824	"MTL"	25.0	3.9	1.0	4.069	62.9399999999999	2.0	0.309	7.0	3274.91921786079	3114.13475241001	0.0	2.59070710414301	3.87388513324293	6.46459223738594	0.349335571221727	230.441521530216	860.16704635539	1503.14979784035		0.038295591475325	0.045584075117582	0.041349349329344	0.203248822384728	0.020857729865743	2018.0	0.0	0.0	2.37022725951944	2.37022725951944	404.628018075689	541.11372320674	452.420875852465	588.906580983516	0.0		0.0	0.0	0.0	0.0	2.0	0.0	0.0
"MTL1412"	0.25514892671482	"MTL"	22.0	3.4	1.0	3.666	57.0499999999999	2.0	0.311	11.0	5093.45569597438	4947.13633719145	0.0	3.31558458443126	3.11087449085194	6.42645907528321	0.348288498787808	282.067635044409	1429.02837850445	2820.53656535989		0.025327122157797	0.001573832428527	0.013879370414487	0.304909482080848	0.002598685643943	2018.0	0.994046573118101	0.054999816815198	0.907822757833764	1.95686914776706	450.55650462585	549.402255689011	522.956834617662	621.802585680823	0.0	1.2002704054	0.0	0.0	2.0	0.0	0.0	0.0	0.0
"MTL1411"	0.297375422409724	"MTL"	20.0	3.4	1.0	3.57	61.5	2.0	0.345	12.0	4505.12015852311	4343.77546295495	0.0	2.90177649733007	2.90331519589613	5.80509169322621	0.346004674994548	208.190616241405	1549.12935140049	2318.57214073867		0.047395574030463	0.001446145941428	0.012815732239111	0.284347226496616		2019.0	0.743588900549811	0.0	1.72535184685106	2.46894074740087	464.418761162182	583.315452114457	503.578816917579	622.475507869853	0.0	1.4784553897	0.0	0.0	7.0	0.0	0.0	0.0	0.0
"MTL1409"	0.279301056759478	"MTL"	28.0	4.0	1.0	4.191	60.6	5.0	0.723	6.0	2754.73388684516	2722.51143217042	0.0	1.94066717686061	4.97574447099269	6.91641164785331	0.396949358007927	148.044758397716	764.930918683023	945.352313409358		0.02006274735748	0.001655173618592	0.039203493974874	0.336027945162886		2018.0	0.943200573481207	0.0	0.080643908749101	1.0238444822303	360.361567942591	499.565039259304	383.361483000147	522.564954316859	0.0		0.0	2.0	0.0	0.0	1.0	0.0	0.0
"MTL1406"	0.381746200925183	"MTL"	57.0	6.4	1.0	5.844	65.34	1.0	0.112	13.0	6221.49363306366	6068.3772622639	0.076397475615009	2.24156952101418	6.62568533967499	8.94365233630418	0.4063596101084	489.904989303252	2206.57699565098	3332.86849357236		0.030657205812341	0.002378243664187	0.061668785021408	0.309789296937429		2018.0	1.33685716824411	0.0	1.79944927124791	3.13630643949202	651.364812660416	789.067066856989	732.523527369954	870.225781566527	0.0	0.65214910708	0.0	0.0	5.0	0.0	1.0	0.0	0.0
"TOR829"	0.583817145145701	"TOR"	15.0	4.3	2.0					1.0	1188.15712757249	1232.76749129252	0.0	1.51613490788601	1.98996385942072	3.50609876730673	0.231053619522548	72.6126882421413	0.0	124.170035870344		0.03803736257746	0.002442976993706	0.008987172829376	0.128410280729636	0.053175834075569	2018.0	0.0	0.0	0.0	0.0	120.584931503077	171.955582261212	124.616311222268	175.986961980402	0.0		0.0	0.0	0.0	0.0	0.0	0.0	0.0
"MTL1394"	0.344790594983828	"MTL"	36.0	4.6	4.0	4.15	52.7	4.0	0.508	9.0	5198.76052055849	5082.60098111412	0.738418544986998	2.88044070432858	4.25605021632115	7.87490946563673	0.430661229808011	226.567207357512	1883.3870123364	2711.57326322632		0.016973208748437	0.005484190935865	0.070750061723568	0.337453768118903		2018.0	0.229040066772865	0.0	1.59711911256294	1.8261591793358	487.689658293108	628.958285884443	548.963389788036	690.23201737937	0.0	2.7855255898	0.0	0.0	10.0	0.0	1.0	0.0	0.0
"MTL1393"	0.325465362288218	"MTL"	45.0	5.3	1.0	5.267	62.5	4.0	0.475	11.0	5784.5543769328	5670.942384492	1.06808428724973	2.49109131268039	4.86808764334102	8.42726324327115	0.369700511379602	379.934582898118	1263.95428883308	2492.49891259662		0.03631884420843	0.014619381910073	0.004739513215534	0.30776171892791	0.006261056144915	2019.0	0.0	0.0	0.401863261405854	0.401863261405854	808.70438141859	1112.88058612459	868.641557964522	1172.81776267052	0.0		0.0	0.0	0.0	0.0	0.0	0.0	0.0
"MTL1388"	0.415041496114354	"MTL"	38.0	5.8	3.0	3.322	50.2899999999999	3.0	0.454	11.0	6158.36127672864	5957.29355945776	0.078370794407231	2.12185137779819	4.40494460044868	6.60516677265411	0.335129495696412	399.800655678567	2057.5130945364	3208.53721253587		0.05097857115324	0.005082372247368	0.033414583181175	0.245653966649838		2018.0	0.711980473882057	0.0	2.39136290253509	3.10334337641715	608.295928178327	754.982982411658	668.715812046928	815.402866280259	0.0	0.80533630195	0.0	0.0	4.0	0.0	1.0	0.0	0.0
"MTL1384"	0.498629628894914	"MTL"	45.0	5.4	1.0	4.994	60.27	1.0	0.121	10.0	5300.99737918875	5140.89693466217	0.0	1.80570702315098	6.480099755364	8.28580677851499	0.432047282476344	349.683517103053	1632.57665849612	2791.14358906261		0.04763745175818	0.001001790006736	0.034128791932386	0.297166078571636	0.052113174168304	2018.0	0.0	0.0	1.26214821636243	1.26214821636243	415.421658599932	536.19563967494	469.043598516946	589.817579591954	0.0		0.0	0.0	4.0	0.0	0.0	0.0	0.0
"MTL1379"	0.569424256080789	"MTL"	51.0	6.3	5.0	6.449	80.2	4.0	0.497	13.0	2828.54901332424	2710.61786096491	0.069972578515631	3.903102157354	4.06792227626127	8.04099701213091	0.368348835353526	194.926935389659	576.104948169795	947.682328579349		0.054782378179422	0.057031160480239		0.220270734750476	0.036264570860243	2018.0	0.0	0.0	0.168712173874664	0.168712173874664	407.765338661075	550.27605697199	431.048337616891	573.559055927805	0.0		0.0	0.0	0.0	0.0	0.0	0.0	0.0
"MTL1374"	0.332408398806709	"MTL"	48.0	5.6	2.0	6.215	72.45	2.0	0.233	6.0	5843.68131468334	5601.82875424918	0.0	2.89002098554154	5.68777027969633	8.57779126523788	0.402277223831145	285.732015607692	1488.48852135994	2931.30768790914		0.016093182265891	0.010415498900777	0.029434842856576	0.337399508058099	0.008934188182328	2018.0	0.0	0.0	1.44620606088633	1.44620606088633	778.055150415538	966.075385509812	860.75707476367	1048.77730985794	0.0	1.946910965	0.0	0.0	3.0	0.0	0.0	0.0	0.0
"MTL1373"	0.420537873973162	"MTL"	43.0	5.2	6.0	5.687	68.7099999999999	2.0	0.242	9.0	4449.22434740507	4478.18034598279	0.0	2.71390304666785	5.56297571495511	8.27687876162296	0.413449326668362	144.791313227194	1607.30984950944	2394.77027949076		0.038359911270423	0.006412977869215	0.011914400251245	0.31660343514769	0.040158611927663	2018.0	0.0	0.0	2.43791103592654	2.43791103592654	463.69500035598	651.019420674276	498.315456090599	685.639876408894	0.0	2.3553990916	0.0	0.0	10.0	0.0	1.0	0.0	0.0
"MTL1372"	0.521178653835875	"MTL"	31.0	4.3	3.0	5.751	79.34	6.0	0.828	3.0	5105.54785138627	5150.48701123796	0.0	1.63029943689464	5.61802562470909	7.24832506160374	0.373486749043506	493.442043452135	644.33358177798	1823.61075710879		0.037742268168523	0.054471254039428	0.007410641041775	0.253161494876384	0.020701089180396	2018.0	0.0	0.0	0.0	0.0	945.231457623159	1256.47310606563	1042.03962757778	1353.28127602025	0.0		0.0	0.0	0.0	0.0	0.0	0.0	0.0
"MTL1368"	0.353738810859046	"MTL"	39.0	5.5	1.0	5.94	84.03	1.0	0.141	3.0	3074.96384530637	3005.35192417482	0.0	1.83416474534288	5.23446058610483	7.06862533144771	0.352611062507247	332.776927483143	646.061255217128	1406.93134816639		0.012370411441666	0.021199119827196	0.03469751589832	0.2843440103782		2018.0	0.0	0.0	0.725614096844079	0.725614096844079	442.934748240697	564.180484061102	479.815989065201	601.061724885606	0.0	0.28025731883	0.0	5.0	1.0	0.0	2.0	0.0	0.0
"MTL1359"	0.245620733317491	"MTL"	30.0	4.0	2.0	5.779	76.3499999999999	2.0	0.264	5.0	5763.47168835839	5763.80952547883	0.0	1.62990264207675	5.93965863866079	7.56956128073754	0.400017468049849	272.565029270541	1734.98296984333	2967.65739388899		0.041566248484612	0.002089423343505	0.009798605265537	0.346563189031271		2018.0	0.0	0.0	2.26740281031522	2.26740281031522	695.230979136033	914.875195327345	765.640570782908	985.28478697422	0.0	1.8225452644	0.0	1.0	12.0	0.0	1.0	0.0	0.0
"MTL1357"	0.4702086321066	"MTL"	27.0	4.9	5.0	3.226	59.14	2.0	0.367	6.0	3717.41428230145	3678.70896606295	0.0	1.29726194526241	4.15804492929004	5.45530687455246	0.352708369795431	434.921911525878	994.935314153442	1657.32224915933		0.0649301988397	0.00107748951058	0.060059531455145	0.226641152091945		2018.0	0.0	0.0	2.7757169130534	2.7757169130534	570.506931555431	727.155607759193	630.07499611634	786.723672320102	0.0	1.9681396186	0.0	0.0	5.0	0.0	1.0	0.0	0.0
"MTL1354"	0.535296295177653	"MTL"	33.0	4.6	1.0	5.3	73.81	1.0	0.139	7.0	6253.64888724063	6127.89938355575	0.0	2.62832017578933	4.55190209559338	7.18022227138271	0.380906407677807	441.957044887972	1202.79603458507	3008.70580913274		0.023766271460477	0.011791931097356	0.031617042678558	0.255673739291637	0.058057422776965	2018.0	0.0	0.0	0.748040988992464	0.748040988992464	779.947205246266	1044.89979844674	871.942072200794	1136.89466540127	0.0	2.4010693804	0.0	0.0	10.0	0.0	0.0	0.0	0.0
"MTL1338"	0.294735114904856	"MTL"	54.0	7.3	1.0	5.465	74.2399999999999	3.0	0.408	6.0	3278.88122003727	3242.08203087758	0.0	3.23751443482555	4.12408014999417	7.36159458481972	0.360881526235265	219.030798483509	867.850388442448	1638.80404668845		0.02049196541607	0.019302767341748	0.012903791212535	0.308182998264903		2018.0	0.0	0.0	1.23151115517853	1.23151115517853	391.407312814077	520.957645086848	425.277053186433	554.827385459204	0.0	1.4255119606	0.0	2.0	0.0	0.0	1.0	0.0	0.0
"MTL1335"	0.42353634658226	"MTL"	36.0	4.8	1.0	3.41	45.21	1.0	0.133	7.0	3739.06030681337	3684.74835518891	0.0	1.57391846163077	5.96787687984664	7.54179534147741	0.431507632645802	218.755279973657	1004.89984761617	1747.34747201843		0.054066203358506	2.56159585143E-4	0.037975961622198	0.322202934734809	0.017006367098043	2019.0	0.0	0.0	1.31862168919542	1.31862168919542	382.089954346541	501.31606816235	432.776760238293	552.002874054102	0.0	0.45495994524	0.0	0.0	0.0	0.0	0.0	0.0	0.0
"MTL1332"	0.509923913500414	"MTL"	33.0	4.9	2.0	1.706	25.51	1.0	0.15	4.0	4271.05520494981	4034.70786500795	0.0	1.76627081747362	4.92081441190756	6.68708522938118	0.396753340317786	283.892938505149	1097.46908377294	2183.48278197403	0.006162081599218	0.066542487822819	0.014219935546057	0.059031771814928	0.250797067208206		2018.0	0.0	0.0	1.04785192616544	1.04785192616544	512.00712126988	641.440328600882	577.157503457198	706.590710788199	0.0	0.95989711479	0.0	0.0	2.0	0.0	0.0	0.0	0.0
"MTL1328"	0.184123006900702	"MTL"	22.0	3.8	1.0	3.727	64.23	1.0	0.172	3.0	1809.83264655625	1731.11842965884	0.0	0.780389041833436	5.02176139133842	5.80215043317185	0.287118319225449	74.189362914966	513.276820805568	607.684177051468	9.6477986726E-5	0.028600088012051	0.001582731725886		0.256839025367212		2018.0	0.134236737239469	0.0	0.025123145266439	0.159359882505908	269.785030602169	339.616606596886	291.317584521287	361.149160516004	0.0	0.11601279778	0.0	0.0	1.0	0.0	0.0	0.0	0.0
"MTL1321"	0.37121327369852	"MTL"	47.0	6.0	2.0	4.67	60.0799999999999	2.0	0.257	2.0	3215.42317208597	3151.06526503816	0.933514603363513	1.39764114357442	5.44210862439202	7.77326437132995	0.390116561330825	161.654194658454	440.851626603871	1243.63504118711		0.01914846823679	0.006558306874866	0.066008365082198	0.298401427577542		2018.0	0.0	0.0	1.57826396717217	1.57826396717217	499.488127383315	689.331591766257	544.143648934214	733.987113317155	0.0	0.82497970926	0.0	0.0	1.0	0.0	0.0	0.0	0.0
"MTL1320"	0.435758037743885	"MTL"	52.0	6.2	1.0	4.24	50.17	2.0	0.237	3.0	3787.22675521681	3413.45782091307	0.0	2.09500682010258	6.35572258763435	8.45072940773694	0.375915556214133	99.6625348229303	562.519519450124	1596.17695052191		0.035576622807515	0.007288832644668	0.031839809693716	0.285815201475669	0.015395090487396	2018.0	0.0	0.0	0.007600988426293	0.007600988426293	507.438648009379	669.025320022512	570.190881842911	731.777553856043	0.0	0.40912520391	0.0	0.0	0.0	0.0	0.0	0.0	0.0
"TOR87"	0.391878600750587	"TOR"	14.0	5.2	1.0			1.0	0.374	1.0	2269.45476787809	1931.20543731303	0.0	0.372760192529965	2.29902569581534	2.6717858883453	0.229371898770609	207.227510120486	276.656664158408	505.016427660015				0.007839257105949	0.148145206536377	0.073387437490146	2018.0	0.0	0.0	0.0	0.0	350.096084852444	507.213250918364	370.60564480628	527.7228108722	0.0		0.0	0.0	0.0	0.0	1.0	0.0	0.0
"MTL1282"	0.482570091280762	"MTL"	29.0	4.1	1.0	4.47	62.95	1.0	0.141	4.0	2762.33526806832	2792.78040401461	0.0	1.09099794882879	6.01009102018751	7.10108896901631	0.357336443697275	336.089574246723	468.266588623321	940.9337267259		0.014081028160552	0.012823184990872		0.20049860397501	0.129933626748415	2018.0	0.0	0.0	0.710495199537967	0.710495199537967	485.796075760129	655.338455992243	516.855861946333	686.398242178446	0.0		0.0	0.0	0.0	0.0	0.0	0.0	0.0
"MTL1272"	0.178407971589013	"MTL"	45.0	6.5	1.0	3.421	49.6099999999999	3.0	0.435	3.0	2489.02710619254	2366.60207224891	0.0	2.15137519814168	4.74445405317433	6.89582925131602	0.319411023672517	155.924571472273	164.852225869487	676.003225533986		0.014267205318581	0.012616183184419		0.292527632637212		2018.0	0.347734627318006	0.0	0.0	0.347734627318006	372.489894063666	496.745149430339	399.813313008103	524.068568374776	0.0		0.0	0.0	0.0	0.0	0.0	0.0	0.0
"MTL1269"	2.2301201172E-4	"MTL"	20.0	4.2	1.0	1.113	23.3099999999999	1.0	0.209	0.0	1249.30193926438	1208.723364084	0.0	1.07636717562672	3.69836875589605	4.77473593152278	0.316451231500692	39.9710924019913	16.2888639974641	207.760662554838			6.254685172E-6		0.316444978527563		2018.0	0.0	0.0	1.32846197704507	1.32846197704507	183.810786931333	266.128155758594	193.99158101506	276.308949842322	0.0		0.0	1.0	1.0	0.0	0.0	0.0	0.0
"MTL1266"	0.344589626776451	"MTL"	26.0	4.9	1.0	1.048	19.64			0.0	1171.97487572255	1178.62518397639	0.0	1.26887102399125	4.06831689982546	5.33718792381672	0.278916533542292	31.4583548344623	66.2943598367475	182.013466232721		0.008492602641678	0.00728047145182	0.041968158851777	0.221175303779581		2018.0	0.08832970724969	0.0	0.944786135708354	1.03311584295804	132.427033420161	187.203228411659	142.358791702061	197.134986693559	0.0		0.0	0.0	1.0	0.0	0.0	0.0	0.0
"MTL1261"	0.295418272034732	"MTL"	26.0	4.9	1.0	3.583	68.06	2.0	0.38	2.0	2776.84647743515	2722.31732197175	0.0	0.81676304341386	4.44809399429475	5.26485703770861	0.229284841934236	339.240485779798	256.327799842926	897.575285027037		0.023208381278873	0.001875191699577	0.012104547726153	0.192096716688488		2018.0	0.0	0.0	0.880686380012709	0.880686380012709	498.52859460744	669.528264776942	543.610284597079	714.609954766581	0.0		0.0	0.0	0.0	0.0	0.0	0.0	0.0
"MTL1254"	0.39605549873298	"MTL"	34.0	5.9	1.0	0.491	8.57			1.0	1978.85712892819	1941.64297961707	0.0	0.491400075792513	5.23572900504569	5.7271290808382	0.341502581057163	160.653504345688	152.051961053651	458.476581165387		0.031899289686207	0.004199479576403	0.049263958671062	0.256139850595208		2018.0	0.934024412914722	0.0	0.0	0.934024412914722	307.46067952962	414.77778582193	335.1868011559	442.50390744821	0.0		0.0	0.0	0.0	0.0	6.0	0.0	0.0
"MTL1252"	0.4287639704323	"MTL"	35.0	4.9	1.0	1.649	23.09	3.0	0.42	5.0	3706.94677232435	3571.70892019684	0.0	1.94584716083285	5.19697413927677	7.14282130010962	0.38461798300323	286.810478245117	284.714021729688	1427.83370899811		0.041146773081878	0.005938360421787	0.055825481059915	0.280334812489174	0.001372554707667	2018.0	0.0	0.0	0.0	0.0	539.675703743278	708.39820482689	590.313754592833	759.036255676445	0.0		0.0	0.0	1.0	0.0	10.0	0.0	0.0
"MTL1244"	0.332355652692839	"MTL"	28.0	4.1	1.0	1.371	20.07	1.0	0.146	0.0	2228.17394394562	2116.3462379551	0.0	0.804707642585212	6.0279632430551	6.83267088564032	0.383738877515873	36.8618551840347	488.773712670808	796.803446078052		0.013117364680143	0.011081720355323	0.002985497365967	0.317171470562618	0.039382829124023	2018.0	0.152337763797129	0.0	0.4914208227347	0.643758586531829	257.70365891932	366.974474259462	274.942595236616	384.213410576757	0.0		0.0	0.0	1.0	0.0	0.0	0.0	1.0
"CAL98"	0.340078608811424	"CAL"	16.0	4.4	2.0					1.0	1308.49386405221	1233.06194775924	0.0	0.0	3.66200603363217	3.66200603363217	0.266315099781964	134.872915237089	31.1297667595702	184.321460589621		0.027162517600008	4.22555105671E-4	0.027539656277405	0.211190378306435		2018.0	0.0	0.449784516983879	0.0	0.449784516983879	208.259249282026	285.757424605078	226.558400308308	304.05657563136	0.0		0.0	0.0	0.0	0.0	4.0	1.0	0.0
"CAL96"	0.355747727164607	"CAL"	21.0	4.8	2.0	0.028	0.64			1.0	1405.57941319576	1367.02185228648	0.0	0.027948490467283	4.37838268002454	4.40633117049183	0.30724470356915	133.994314055628	18.4848586783018	163.508598537577		0.024775300351784	0.001653612797222	0.040795080843592	0.240020706049377		2018.0	0.0	0.53324940977992	0.0	0.53324940977992	207.879657939311	291.580637661113	224.98388868601	308.684868407812	0.0		0.0	0.0	0.0	0.0	4.0	1.0	0.0
"CAL94"	0.347942129341479	"CAL"	15.0	5.8	1.0	0.962	37.4699999999999			0.0	353.514620802286	353.974578041822	0.0	0.187516499549283	2.38020691778259	2.56772341733188	0.140584010124776	29.5922275449154	0.0	0.0			0.008648937798854	0.024046550985345	0.107888521392847		2018.0	0.0	0.290147457592661	0.0	0.290147457592661	52.8441150956533	75.443667289585	55.8807473569171	78.4802995508488	0.0	0.089914577025	0.0	0.0	0.0	0.0	0.0	0.0	0.0
"CAL89"	0.042267628933965	"CAL"	13.0	4.9	1.0					1.0	641.460911975786	659.876142403401	0.0	0.0	2.65414798791215	2.65414798791215	0.198882025174558	10.8281220538456	0.048202089356407	1.5152615607485				0.00317768567794	0.195704338152502		2018.0	0.0	0.400255279624261	0.0	0.400255279624261	89.8078535117301	135.655470093998	95.0960673139581	140.943683896226	0.0		0.0	0.0	0.0	0.0	2.0	1.0	0.0
"CAL86"	0.591036256416986	"CAL"	21.0	4.5	1.0	0.118	2.52			2.0	699.180756636088	746.178981846942	0.0	0.226747851727205	4.45506668410006	4.68181453582727	0.271718142479377	22.3156576054479	0.0	10.0769036581853		0.011638014974873	0.004021061049898	0.062659131043375	0.151411901259165	0.041988032170352	2018.0	0.0	0.0	0.0	0.0	94.9215298444016	128.869625620442	98.3438806024509	132.291976378492	0.0	0.28401480353	0.0	0.0	0.0	0.0	2.0	0.0	0.0
"TOR908"	0.320095918166855	"TOR"	18.0	4.6	2.0					3.0	2305.37514820911	2316.79774025045	0.0	1.20584621364654	2.72595046083265	3.93179667447919	0.25923107799793	213.750609303435	538.212808386059	1017.7948833017	0.020669807655041	0.033819876479614	0.001206486917252	0.008992214045441	0.194542688995584		2018.0	0.190962266601638	0.130875639334109	0.288092848895723	0.609930754831471	288.934378156832	386.048634597552	309.732330205362	406.846586646083	0.0		0.0	0.0	0.0	0.0	0.0	2.0	0.0
"CAL83"	0.536521034211907	"CAL"	28.0	8.4	1.0	0.276	8.28999999999999			2.0	418.708955617052	448.907431404262	0.0	0.275739311956793	3.05443901652718	3.33017832848397	0.139588551411401	17.6264852522488	0.142567753392121	0.0			0.004080428287123	0.053040650055813	0.013375907677503	0.069091563836383	2018.0	0.0	0.505402320252984	0.0	0.505402320252984	38.6785450780632	63.9850502577122	42.07192755873	67.378432738379	0.0		0.0	0.0	0.0	0.0	1.0	1.0	0.0
"CAL82"	0.572943788006406	"CAL"	44.0	9.4	1.0	0.031	0.66			1.0	651.688771282212	668.511440675131	0.0	0.030747249006789	4.64845286912698	4.67920011813377	0.227576475991925	28.2005933196663	1.81487807578	0.0			0.12382275224447	0.010552875467526	0.03724891833001	0.05595193031447	2018.0	0.0	0.322436136559373	0.0	0.322436136559373	70.5325837931903	112.620175406068	78.2721160584222	120.3597076713	0.0		0.0	0.0	0.0	0.0	1.0	0.0	0.0
"CAL80"	0.335743717533246	"CAL"	24.0	4.5	2.0					3.0	941.410223908311	909.66608584743	0.0	0.0	5.28988921186688	5.28988921186688	0.331451494879336	30.4918735199222	184.468205324991	94.3375776979637		0.025406052494331	0.008326607976287	0.026172052842345	0.271546779876304		2018.0	0.0	0.146475939417403	0.922946909696539	1.06942284911394	118.580741687015	155.808819577798	130.074340687739	167.302418578522	0.0		0.0	0.0	0.0	0.0	2.0	2.0	0.0
"CAL8"	0.249214468182045	"CAL"	44.0	7.9	1.0					1.0	730.203981144227	759.410364877619	0.0	0.0	5.54453090858005	5.54453090858005	0.347943714406297	15.5270840201707	134.926419911319	126.252101183376			0.001932888365576	0.058179526545684	0.287831294299302		2018.0	0.0	0.170463630224922	0.0	0.170463630224922	56.2619192406126	91.8246286225291	60.6239070077894	96.1866163897058	0.0	0.28746213279	0.0	0.0	0.0	0.0	2.0	1.0	0.0
"TOR913"	0.397225561917491	"TOR"	44.0	5.9	2.0	0.307	4.15	4.0	0.541	8.0	2158.2803927587	2250.08598972078	0.0	1.68879959005904	5.70882167368672	7.39762126374577	0.34189303944112	72.0835790051011	470.530359180975	260.380474701785		0.027234592367515	0.004291364522226	0.049446095415788	0.25918670411359	0.001734279409596	2018.0	0.0	0.0	0.768105725397599	0.768105725397599	266.171027496631	365.069651489675	296.336713226939	395.235337219984	0.0	1.2025525848	0.0	0.0	0.0	0.0	1.0	3.0	4.0
"CAL71"	0.398555609395116	"CAL"	23.0	5.3	1.0	0.122	2.84			3.0	251.838550649322	252.50618262988	0.0	0.121561134615797	4.17831897573647	4.29988011035227	0.336859129629144	6.25602217270723	1.88294810652015	0.937123303542535	0.061343340459806	0.001093283653786	0.001596339766734	0.130896409515111	0.14192975583306		2018.0	0.0	0.0	0.0	0.0	29.1993414936563	43.8028358225872	31.2852529834266	45.8887473123575	0.0		0.0	0.0	0.0	0.0	3.0	1.0	0.0
"TOR915"	0.346817215850258	"TOR"	38.0	6.6	2.0	1.46	25.3	3.0	0.52	7.0	3604.16748687038	3545.4545290518	0.0	1.94268604507214	3.82845125680149	5.77113730187364	0.334213576386769	482.052344757403	706.250577211668	942.255654854763	0.014989574243629	0.028475479711328	0.001900355172674	0.03339025941997	0.255457908505205		2018.0	0.0	0.0	0.0	0.0	338.775484123317	522.958164876956	353.911083393868	538.093764147507	0.0		0.0	0.0	0.0	0.0	3.0	0.0	0.0
"CAL70"	0.332476552176838	"CAL"	14.0	4.5	1.0					0.0	688.469198808409	684.552407115473	0.0	0.0	3.10144144689201	3.10144144689201	0.256906825674916	26.4407847979359	48.3439691769452	39.2358856827728			2.05748064882E-4	0.087178923961035	0.16952214948333		2018.0	0.0	0.032360583922971	0.0	0.032360583922971	82.0164883240809	119.096241436678	94.0112940235953	131.091047136192	0.0		0.0	0.0	0.0	0.0	1.0	0.0	0.0
"CAL68"	0.452141801615479	"CAL"	34.0	7.1	1.0					1.0	1080.23355290307	1054.39231359928	0.0	0.0	4.81277574096071	4.81277574096071	0.309845401814779	28.83321371662	14.0900373039032	55.7357907891586		0.023694751202107	2.35492307848E-4	0.035064765977257	0.226197611610259	0.024652781818068	2018.0	0.0	0.0	0.0	0.0	119.784079133185	181.218715439989	131.92454870941	193.359185016214	0.0		0.0	0.0	0.0	0.0	1.0	1.0	0.0
"CAL62"	0.376828437521084	"CAL"	24.0	5.2	2.0	0.027	0.58			1.0	1131.34045697198	1121.69978722486	0.0	0.026511481088693	4.59528603957481	4.62179752066351	0.319728783660531	26.7399574536905	10.3931094339607	36.6017567810145		0.022180642355922	0.007145462764889	0.042063841706799	0.248338843783505		2018.0	0.0	0.0	0.0	0.0	126.976693524885	179.542630697208	143.406451555275	195.972388727597	0.0		0.0	0.0	0.0	0.0	4.0	1.0	0.0
"CAL61"	0.244232012680099	"CAL"	17.0	3.9	1.0					1.0	1056.02779226265	1055.97123965435	0.0	0.0	4.32456476093734	4.32456476093734	0.304225411076247	35.937819930249	16.0822823083052	37.5888762822622		0.018167169437829	4.8086104351E-4	0.019893460088987	0.265683919399904		2018.0	0.0	0.0	0.0	0.0	126.699649764658	192.748784748153	140.543986626081	206.593121609576	0.0		0.0	0.0	0.0	0.0	4.0	1.0	0.0
"CAL60"	0.380028827890131	"CAL"	43.0	8.19999999999999	2.0	0.189	3.62			1.0	1071.71800507427	1090.70457081029	0.0	0.189391154614126	5.02888637321314	5.21827752782727	0.282296550450859	55.4015075881425	0.110699338104391	11.5680108382049			0.014635473078964	0.062120675047215	0.204574160955376	9.66241832681E-4	2018.0	0.0	0.713440993977695	0.0	0.713440993977695	148.691748827681	191.336145956359	165.192216709387	207.836613838065	0.0		0.0	0.0	0.0	0.0	5.0	1.0	0.0
"CAL59"	0.318033428717764	"CAL"	25.0	5.5	2.0	0.114	2.49			1.0	1234.71204825149	1234.16261419504	0.0	0.114427176584565	4.47104433979339	4.58547151637795	0.286143949113288	58.2352741741113	3.72501731881845	34.3608607111568			0.004452727268836	0.053597928586529	0.224849532522264	0.003243761673377	2018.0	0.0	0.805503180216979	0.0	0.805503180216979	197.825930462196	264.072449647402	214.043754250428	280.290273435633	0.0		0.0	0.0	0.0	0.0	6.0	1.0	0.0
"CAL58"	0.263741290105783	"CAL"	34.0	6.6	2.0	0.1	1.94			2.0	1375.96738195319	1370.88430628011	0.0	0.099752829925513	5.05586017002451	5.15561299995002	0.334228585860701	84.7906451886278	5.97676200738842	61.3428425815758			0.005549725755053	0.051823190434715	0.276855674219335		2018.0	0.0	1.10256050741852	0.0	1.10256050741852	191.37978428342	268.180886710187	205.307738333316	282.108840760084	0.0		0.0	0.0	0.0	0.0	2.0	1.0	0.0
"CAL56"	0.317920952684006	"CAL"	41.0	8.0	2.0	0.137	2.67			0.0	906.662760408639	895.393726755305	0.0	0.136541208418826	4.99355491622039	5.13009612463922	0.311870628610466	21.477803633685	0.0	0.0			0.012136221125691	0.054149011519195	0.245585389319242		2018.0	0.0	0.544329633541271	1.39394413453282	1.93827376807409	160.586349403519	217.09900858333	169.933517016281	226.446176196092	0.0	0.17929359046	0.0	0.0	0.0	0.0	3.0	1.0	0.0
"CAL55"	0.235157291897631	"CAL"	18.0	4.2	1.0					2.0	1841.03184302474	1772.98886446182	0.0	0.0	4.33064951890099	4.33064951890099	0.307460209308274	268.144123565499	11.5874537439393	114.996962680431		0.014264628525878	1.88173287247E-4	0.023306673296461	0.26970072995377		2018.0	0.0	0.0	0.0	0.0	346.179226157936	473.161839053614	371.611515706916	498.594128602595	0.0		0.0	0.0	0.0	0.0	1.0	2.0	0.0
"CAL54"	0.31177783763109	"CAL"	21.0	5.6	1.0	0.087	2.31			3.0	1230.50296502765	1127.66643948001	0.0	0.240985271477104	3.52437579884972	3.76536107032682	0.236595944508006	151.259743385876	12.0644072990532	57.1754808561345		0.016057250576455	0.005313019394063	0.017121662724293	0.19810401641611		2018.0	0.0	0.548056759354085	0.0	0.548056759354085	206.428879008756	280.660656469399	224.378387422673	298.610164883316	0.0		0.0	0.0	0.0	0.0	2.0	3.0	0.0
"CAL53"	0.340861040131227	"CAL"	21.0	5.2	1.0	0.109	2.68			2.0	1405.69283057377	1292.88542668678	0.0	0.297402615238872	3.77249259390389	4.06989520914276	0.259555521868864	164.331886505774	18.7063523151168	71.9490497729113			0.00248049130624	0.036813508103992	0.20611152457926	0.014149998196396	2018.0	0.0	0.455180162507217	0.0	0.455180162507217	218.478417168828	320.736064042146	237.564955264741	339.822602138059	0.0		0.0	0.0	0.0	0.0	5.0	1.0	0.0
"CAL52"	0.335537174533347	"CAL"	22.0	5.2	1.0	0.091	2.13			3.0	1287.65506662144	1202.37055971145	0.0	0.57360216680266	3.68908054362199	4.26268271042465	0.261141925333655	188.940257898726	1.90734652652802	64.2715750339525		0.018211591013391	0.004484700772306	0.025961144621862	0.212484494236789		2018.0	0.0	0.002256351443105	0.0	0.002256351443105	226.832142141402	300.094989949852	243.063998624299	316.326846432749	0.0		0.0	0.0	0.0	0.0	1.0	3.0	0.0
"CAL51"	0.347284732653975	"CAL"	50.0	8.4	2.0	0.317	5.35			1.0	783.262643045292	775.804174387875	0.0	0.589344396418239	5.34104926737006	5.93039366378829	0.307912471339269	14.1883044259259	0.0	0.0			0.014311221957496	0.061087041908639	0.232514205167287		2018.0	0.0	0.891080348877771	2.35236828848189	3.24344863735966	144.911465418649	193.14221021314	149.856933989201	198.087678783693	0.0	0.17929359046	0.0	0.0	0.0	0.0	3.0	1.0	0.0
"TOR925"	0.139739862898382	"TOR"	18.0	4.8	1.0			3.0	0.803	4.0	1140.48163819028	1124.9738350034	0.0	1.57106004591673	2.16703185299138	3.73809189890812	0.313936770729441	121.902831119438	57.0149865262947	81.3558434414075			0.004497959196226	0.015582509901563	0.293856303539185		2018.0	0.0	0.0	0.0	0.0	88.8431989117055	153.273709255551	95.503567655879	159.934077999725	0.0		0.0	0.0	0.0	0.0	3.0	0.0	0.0
"CAL440"	0.319431813349886	"CAL"	28.0	5.3	2.0	2.435	46.3299999999999			0.0	197.026971424192	130.105256879113	0.0	0.0	5.25538786152268	5.25538786152268	0.298389999402151	16.1612708372197	0.281065579777735	4.3565164865549			0.093355973993469			0.205034028750775	2018.0	0.0	0.435293456660096	0.0	0.435293456660096	38.6465172194386	49.327009250992504	41.8787713868825	52.5592634184365	0.0		0.0	0.0	0.0	0.0	2.0	0.0	0.0
"CAL444"	0.352895393759501	"CAL"	17.0	4.6	1.0					0.0	564.837589904695	168.960709078742	0.0	0.0	3.71931842272537	3.71931842272537	0.26548023834142	37.0778058410474	0.0	19.6797584848636			0.148065412194096			0.117414825111105	2018.0	0.0	0.10725913177318	0.0	0.10725913177318	124.068042621966	149.737292819614	135.19138437428	160.860634571929	0.0		0.0	0.0	0.0	0.0	2.0	0.0	0.0
"CAL441"	0.055907224159225	"CAL"	31.0	5.8	1.0					1.0	2110.56125608	1996.76629201652	0.0	0.0	5.37486188381171	5.37486188381171	0.337730618905377	204.094859735822	0.0	163.215619346473			4.5088716654E-5	0.007572336049975		0.33011318814625	2018.0	0.0	0.827339337384358	0.0	0.827339337384358	411.709050230118	539.718547906366	440.604004188208	568.613501864457	0.0		0.0	0.0	0.0	0.0	2.0	1.0	0.0
"CAL442"	0.449759006642148	"CAL"	33.0	7.6	1.0	0.623	14.32			0.0	1810.94501955538	1537.14469810028	0.0	0.065421487493489	4.28539261375751	4.350814101251	0.278100143693018	255.432747913399	0.0	55.0485114865293			0.004955715049838	0.047649743719736	0.195571843885585	8.28085154201E-4	2018.0	0.0	0.428848984959207	0.0	0.428848984959207	374.233481405696	498.379891436873	398.325048061576	522.471458092752	0.0		0.0	0.0	0.0	0.0	2.0	0.0	0.0
"CAL443"	0.036349745453959	"CAL"	16.0	4.4	1.0					1.0	584.106801894279	413.105161626433	0.0	0.056353200269311	3.60857254917619	3.6649257494455	0.224623720123958	36.0272304976124	1.87426454539851	0.953642087299069			0.002975512423566	1.322805708E-6	0.221646886532628		2018.0	0.0	0.331150815073738	0.0	0.331150815073738	122.675397054417	178.458677912142	129.750752032664	185.534032890389	0.0	0.14559865382	0.0	0.0	0.0	0.0	2.0	0.0	0.0
"TOR932"	0.62721586349145	"TOR"	14.0	5.3	1.0	0.477	18.18			1.0	4909.27201654104	3894.51331224037	0.0	1.10642384635769	1.51671878620727	2.62314263256496	0.228072265794091	1037.84986432758	146.293067155346	1785.51437998121		0.014731949133659	0.004876483544817	0.056718143990778	0.119515105726489	0.032230581957687	2018.0	0.0	0.0	0.0	0.0	710.906894786303	925.990124958024	759.957923943043	975.041154114764	0.0		0.0	0.0	0.0	0.0	0.0	0.0	0.0
"CAL437"	0.451150775036991	"CAL"	37.0	7.7	1.0	0.142	2.95			0.0	1440.41437701396	1373.46472867847	0.0	0.0	4.81911204996112	4.81911204996112	0.281166927260097	119.486403472661	0.0	4.57104605294984			0.002438593934564	0.01463565157063	0.100449789556651	0.163642891248172	2018.0	0.0	0.685803641850261	0.0	0.685803641850261	305.887958688007	427.948633672694	318.284084995876	440.344759980563	0.0		0.0	0.0	0.0	0.0	4.0	1.0	0.0
"CAL435"	0.229930357238974	"CAL"	24.0	6.7	1.0	0.38	10.55			0.0	234.063711196458	58.0840045686924	0.0	0.0	3.60170975553066	3.60170975553066	0.299870412335006	40.9360076594003	0.128932307588663	19.5332445996823			0.250512860596457				2018.0	0.0	1.41066030508856	0.0	1.41066030508856	48.5430138071314	60.920515335643	54.0871030334439	66.4646045619555	0.0		0.0	0.0	0.0	0.0	2.0	0.0	0.0
"CAL432"	0.125330877385828	"CAL"	21.0	5.1	1.0					0.0	1093.97079762037	1045.12012327183	0.0	0.0	4.10348013014893	4.10348013014893	0.281261763028191	93.9765652311047	0.0	0.0			0.011955109918874		0.265710831857139		2018.0	0.0	1.2931771398706	0.0	1.2931771398706	233.702738419081	302.283289498942	243.131692444741	311.712243524602	0.0		0.0	0.0	0.0	0.0	3.0	0.0	0.0
"CAL431"	0.47550388860439	"CAL"	35.0	6.4	1.0	0.096	1.74			2.0	954.43013380278	933.845202795468	0.0	0.781564794424235	4.72623259520328	5.50779738962751	0.343808875062712	16.6414268658407	0.0	1.79246993729063			0.026565847340852	0.1286745895858	0.186729880457913		2018.0	0.0	0.990802208758572	0.0	0.990802208758572	190.08901129183	299.93638909266	196.422188954377	306.269566755206	0.0		0.0	0.0	0.0	0.0	2.0	1.0	0.0
"CAL427"	0.442066773143895	"CAL"	36.0	7.7	1.0					1.0	1119.57140224514	1032.56920220672	0.0	0.0	4.68156323895712	4.68156323895712	0.254569783409851	45.6769807556244	0.0	2.41997921975206			0.018872628225869	0.081034191347794		0.154662967498888	2018.0	0.0	1.05619076058651	0.0	1.05619076058651	258.906946462573	326.990364998074	273.051448428354	341.134866963855	0.0		0.0	0.0	0.0	0.0	1.0	1.0	0.0
"CAL426"	0.316015721393224	"CAL"	23.0	4.7	1.0					1.0	1602.08210309397	1552.79951941006	0.0	0.0	4.85888413694661	4.85888413694661	0.313611989809589	114.402909288466	0.0	101.933566357194			0.095535661382272			0.218076327616411	2018.0	0.0	0.345931170096395	0.0	0.345931170096395	358.864939901272	438.304774672508	386.228388410428	465.668223181665	0.0		0.0	0.0	0.0	0.0	1.0	1.0	0.0
"CAL424"	0.321652908709326	"CAL"	49.0	8.19999999999999	1.0	2.108	35.46			1.0	1565.79624051098	868.461002283306	0.0	0.662963284714806	5.28134300233884	5.94430628705365	0.321394542577864	207.941767659991	0.0	154.710506191573			0.102354349846317			0.219040197276965	2018.0	0.0	0.584360850731793	0.0	0.584360850731793	327.570230562715	413.771033003574	355.596803075248	441.797605516107	0.0		0.0	0.0	0.0	0.0	2.0	0.0	0.0
"CAL423"	0.266029711805691	"CAL"	18.0	5.9	1.0					0.0	817.186870579978	763.972342266752	0.0	0.03470056159898	3.04149959074312	3.0762001523421	0.210164797292358	34.2029291938157	0.0	19.7861225030438			0.04468059403949			0.165484202162864	2018.0	0.0	0.688676543270578	0.0	0.688676543270578	196.725233661122	244.150296174213	215.147933556588	262.572996069679	0.0		0.0	0.0	0.0	0.0	3.0	0.0	0.0
"CAL42"	0.309295278376182	"CAL"	27.0	5.2	1.0					1.0	1150.58686548062	1157.72709211547	0.0	0.407744984129111	4.79855591905708	5.20630090318619	0.370784307878955	33.6548783898724	10.5633736221899	174.501299992255			0.006815503127384	0.042914389957753	0.307195862323243	0.013858547536663	2018.0	0.0	0.0	0.0	0.0	131.941584068771	196.36747115718	140.307639329854	204.733526418263	0.0		0.0	0.0	0.0	0.0	2.0	0.0	0.0
"TOR943"	0.540577032710301	"TOR"	15.0	3.8	1.0					1.0	2692.02455914118	2693.6554939553	0.0	1.71312245599429	2.2764027276892	3.98952518368349	0.325118447072547	265.20099057132	262.997712876864	809.30692626431	0.013816140819166	0.013935660032839	7.38411715798E-4	0.02073152672089	0.213410458225604	0.0624862467307	2018.0	0.0	0.0	0.0	0.0	283.938074094441	400.342933596704	307.998014070169	424.402873572432	0.0		0.0	0.0	0.0	0.0	0.0	0.0	0.0
"CAL414"	0.103480386200273	"CAL"	39.0	6.8	1.0	0.03	0.52			1.0	1314.33292233655	1225.21487531217	0.0	1.71540140626344	4.01087488535299	5.72627629161643	0.261245224932275	83.135165507489	2.80937349636988	1.40600493123061			0.012657886795251		2.3788923636E-4	0.248349452173291	2018.0	0.0	0.543571610134376	0.0	0.543571610134376	268.357360609876	361.037893259938	284.434399083908	377.114931733971	0.0		0.0	0.0	0.0	0.0	2.0	1.0	0.0
"CAL413"	0.160857299497908	"CAL"	25.0	5.4	1.0					1.0	1114.06198762327	928.139315248471	0.0	0.0	4.60253273266365	4.60253273266365	0.293614781523996	134.122648615754	0.0	0.856801325276525			0.027742971701801			0.265871819471938	2018.0	0.0	0.263492039120576	0.0	0.263492039120576	248.593051837061	317.761887846117	268.81319976197	337.982035771026	0.0		0.0	0.0	0.0	0.0	1.0	1.0	0.0
"CAL41"	0.288606304401985	"CAL"	18.0	4.3	1.0					0.0	989.190895625629	1021.13432499671	0.0	0.175676266921143	3.96913758556839	4.14481385248953	0.307744054847698	34.9231017769527	0.0	4.49346849157332			0.001135986820982	0.057905671403491	0.245591097518564	0.003111300328106	2018.0	0.0	0.038941463926213	0.0	0.038941463926213	133.081165844071	172.305547064981	138.159578335293	177.383959556203	0.0	0.01119362495	0.0	0.0	0.0	0.0	2.0	0.0	0.0
"CAL407"	0.471981017929405	"CAL"	49.0	7.4	1.0	0.352	5.32			1.0	1735.6178683121	1233.51062486633	0.0	0.855963107281932	5.76504500167128	6.62100810895321	0.334607542291483	163.06493627004	0.0	39.9481599897467			0.012765091320922	0.001530135651451	0.066793465834937	0.229535078640283	2018.0	0.0	1.01805470087891	0.0	1.01805470087891	366.665777434457	449.649830081518	405.302656727995	488.286709375056	0.0		0.0	0.0	0.0	0.0	1.0	0.0	0.0
"CAL406"	0.062054573910307	"CAL"	44.0	8.19999999999999	1.0	2.509	46.81			1.0	1294.64374117711	672.104305383449	0.0	0.293565280791	5.06655590290249	5.36012118369349	0.297645607858481	116.361867983025	0.052238704309997	10.3882553450078			0.002308710766463			0.29105648817002	2018.0	0.0	1.1040911730943	0.0	1.1040911730943	297.013126057046	361.168144879372	328.840614368789	392.995633191115	0.0		0.0	0.0	0.0	0.0	0.0	0.0	0.0
"CAL404"	0.332412779000834	"CAL"	37.0	7.6	1.0	0.084	1.72			1.0	902.857170264162	883.553533997049	0.0	0.373266282279201	4.51165403488662	4.88492031716582	0.241943368256282	42.1955944654909	0.0	3.00766841605321			0.014607148764489	0.037185545818443	0.190150672592687		2018.0	0.0	0.513175843397488	0.0	0.513175843397488	137.659994369427	216.109733796136	148.088880501597	226.538619928306	0.0		0.0	0.0	0.0	0.0	3.0	0.0	0.0
"CAL403"	0.343281419007995	"CAL"	25.0	7.0	1.0					0.0	670.912935081396	685.918695642407	0.0	0.0	3.55202577101173	3.55202577101173	0.249032540800878	14.5225993784706	0.0	0.0			0.003244006472065	0.072405559261277	0.173382971397185		2018.0	0.0	0.88918685653957	0.0	0.88918685653957	53.0071159187584	105.598349969958	53.1814193600609	105.772653411261	0.0		0.0	0.0	0.0	0.0	1.0	0.0	0.0
"CAL402"	0.032823053595638	"CAL"	27.0	4.9	1.0					2.0	1654.20533403245	1550.47198868677	0.0	0.0	5.48073451294321	5.48073451294321	0.302793742562947	113.390919112663	0.0	26.7821950107993			0.003541832258362		0.299251910850724		2018.0	0.0	0.044974748986499	0.0	0.044974748986499	374.893065244298	468.156796955187	404.916517861691	498.180249572581	0.0		0.0	0.0	0.0	0.0	2.0	2.0	0.0
"CAL400"	0.114790751938051	"CAL"	34.0	6.3	1.0	0.199	3.69			2.0	1598.58580121502	1481.27778190745	0.0	0.198838794532131	5.19674733627366	5.39558613080579	0.306895547702049	145.882893465915	0.0	4.34119894051494			0.015115508291649	0.00128524585146	0.290494788553359		2018.0	0.0	0.731598721011262	0.0	0.731598721011262	368.100925281544	487.239438881683	392.868193055532	512.00670665567	0.0		0.0	0.0	0.0	0.0	2.0	1.0	0.0
"CAL398"	0.196744888525576	"CAL"	22.0	5.1	1.0	1.078	24.98			0.0	225.489089289175	69.3105476249645	0.0	0.0	4.31517839712886	4.31517839712886	0.246094237023925	13.2778826867748	0.0	7.40497303685518			0.007015624127575			0.221698549506451	2018.0	0.0	0.333881553989895	0.0	0.333881553989895	54.8989380318574	65.2148315038901	61.1293291387286	71.4452226107614	0.0		0.0	0.0	0.0	0.0	3.0	0.0	0.0
"CAL396"	0.311576073024781	"CAL"	21.0	8.19999999999999	1.0	0.033	1.29			0.0	632.423744925721	500.768805646586	0.0	0.032979657902137	2.52751931307247	2.5604989709746	0.130001206436601	47.3617834862106	0.080119522870512	6.29003627694554			0.027719091461757			0.099874177584463	2018.0	0.0	0.442097708086681	0.0	0.442097708086681	158.081300023503	192.779973460427	169.046180217155	203.744853654079	0.0		0.0	0.0	0.0	0.0	1.0	0.0	0.0
"CAL394"	0.095861697080302	"CAL"	18.0	4.8	1.0					1.0	922.204606844742	897.48643343221	0.0	0.0	3.76463386690591	3.76463386690591	0.237499406724552	54.1939204384894	0.0	0.15917190374162			0.010902503153563		0.226596905836112		2018.0	0.0	0.540536470892081	0.0	0.540536470892081	201.165589403452	296.029953294009	210.138290532548	305.002654423105	0.0		0.0	0.0	0.0	0.0	2.0	1.0	0.0
"CAL393"	0.23749786241221	"CAL"	42.0	7.3	1.0	0.149	2.57			2.0	2012.02736170592	1904.01538096477	0.0	0.298633170459971	5.48992691188089	5.78856008234087	0.33612581532202	282.1334771488	0.0	97.5298681129149			0.002439369284798	0.043962747130217	0.28794755438713	0.001776149681827	2018.0	0.0	0.321817078204891	0.0	0.321817078204891	419.92042085271	587.672307229393	443.158899822595	610.910786199277	0.0		0.0	0.0	0.0	0.0	2.0	1.0	0.0
"TOR955"	0.15837011500305	"TOR"	16.0	4.3	1.0	0.645	17.42	1.0	0.27	3.0	925.737404709936	940.490416091928	0.041971971828326	1.52448378655514	2.13548704628648	3.70194280466995	0.282203905183594	28.479466038344	23.2585283763011	52.1116913292912			0.011537704299687	0.008778680854696	0.261887517420652		2018.0	0.0	0.0	0.0	0.0	98.4170221099615	148.093845464891	101.278795400946	150.955618755876	0.0		0.0	0.0	0.0	0.0	1.0	0.0	0.0
"CAL384"	0.183567748376206	"CAL"	57.0	8.69999999999999	1.0	0.312	4.74			4.0	1405.05163781578	1394.40349536588	0.0	0.311798182378598	6.27135358822113	6.58315177059973	0.312325005897291	114.957985594271	20.7939890079023	23.1426683894			0.013952066510778	0.013345556759039	0.28502738121617		2018.0	0.0	0.099731960260632	0.0	0.099731960260632	265.196398519455	364.702259199638	277.95422059226	377.460081272442	0.0		0.0	0.0	0.0	0.0	0.0	0.0	0.0
"CAL379"	0.387183185802112	"CAL"	19.0	4.4	1.0					3.0	1217.81580641235	1210.52560588939	0.0	0.0	4.28904396281599	4.28904396281599	0.278316077224189	52.2442830115709	26.4525112316446	267.249520706541		0.003712866217596	0.008905974463843	0.009024941720596	0.216557459867861	0.040114831210785	2018.0	0.0	0.0	0.0	0.0	123.138510015042	162.226556062409	129.617155076328	168.705201123695	0.0		0.0	0.0	0.0	0.0	0.0	1.0	0.0
"TOR965"	0.344678700933905	"TOR"	10.0	4.5	1.0			1.0	0.449	0.0	552.935692429931	587.046364940968	0.0	0.144093724268049	2.08420448673918	2.22829821100723	0.199719933784508	54.1743611559488	21.6904095592455	61.4418220224578			8.89448335138E-4	0.068748748600814	0.130081731162982		2018.0	0.0	0.167466787559851	0.0	0.167466787559851	64.2318128941117	103.660302821079	68.3999149519684	107.828404878935	0.0		0.0	0.0	0.0	0.0	1.0	0.0	0.0
"CAL36"	0.356774867371581	"CAL"	14.0	4.0	1.0					0.0	904.933989047232	919.818218504926	0.0	0.0	3.49356054941163	3.49356054941163	0.258511651921281	37.8604284836715	127.547124695246	70.8294529588761		0.021418625525955	8.60006644142E-4	0.035454112735836	0.200778909696703		2018.0	0.0	0.0	0.0	0.0	112.927506036048	159.283638061015	123.804831333682	170.160963358649	0.0		0.0	0.0	0.0	0.0	1.0	0.0	0.0
"CAL358"	0.438737335517162	"CAL"	21.0	5.4	1.0	0.024	0.61			1.0	880.334686180852	878.927560370967	0.0	0.037291707882724	3.88354113234786	3.92083284023058	0.269737939026652	29.8571866784888	2.86032929241229	5.78673565790065			0.001563719170901	0.028814894985283	0.184249668912508	0.055109653757375	2018.0	0.0	0.0	0.0	0.0	93.4741345046794	144.137856514869	101.207736771096	151.871458781287	0.0		0.0	0.0	0.0	0.0	1.0	1.0	0.0
"CAL357"	0.542832557008178	"CAL"	22.0	6.4	1.0					0.0	728.799006141752	718.369108226502	0.0	0.0	3.46256682274491	3.46256682274491	0.225900831697171	64.1493220962972	7.03626938954813	7.7003301319151		0.013429218852703		0.03314552733449	0.138937814738107	0.040388269721764	2018.0	0.0	0.076896360322537	0.0	0.076896360322537	149.696879571966	192.527730106115	160.182479782023	203.013330316172	0.0		0.0	0.0	0.0	0.0	1.0	0.0	0.0
"CAL348"	0.209525988675361	"CAL"	30.0	5.8	1.0					2.0	1776.91916418939	1723.67410616755	0.0	0.0	5.14702388879037	5.14702388879037	0.335718359780547	247.33993174528	0.0	72.3979174242447			0.001909578238625	0.041358631879349	0.292450150824936		2018.0	0.0	0.405509603561554	0.0	0.405509603561554	293.938748162759	419.691646298769	316.291563826405	442.044461962416	0.0		0.0	0.0	0.0	0.0	2.0	2.0	0.0
"CAL346"	0.341258810766952	"CAL"	14.0	4.7	2.0					1.0	895.908694981038	865.523878416013	0.0	0.0	2.95208141617809	2.95208141617809	0.20152276852104	91.3530182558167	3.22337722862741	49.6615105802908			0.007586311692812	0.042090079974089	0.15184637056492		2018.0	0.0	0.369758649506891	0.0	0.369758649506891	119.341505164539	180.339942083637	126.568992655601	187.567429574698	0.0		0.0	0.0	0.0	0.0	5.0	1.0	0.0
"CAL343"	0.263189630691844	"CAL"	29.0	6.8	1.0	0.099	2.32			1.0	1238.79832955059	1182.67179823171	0.0	0.098973554900732	4.16151750219517	4.2604910570959	0.292879222219458	117.332509624808	0.0	166.827014161902			0.015015891670117	0.027962282227373	0.249901046142132		2018.0	0.0	0.577324188191716	0.0	0.577324188191716	167.622308562896	240.39257179974	180.029383397556	252.7996466344	0.0		0.0	0.0	0.0	0.0	1.0	0.0	0.0
"CAL342"	0.287618830987962	"CAL"	33.0	5.9	1.0	0.102	1.83			1.0	895.688690659379	934.207428431596	0.0	0.102151399511909	5.48195840816537	5.58410980767728	0.3076234495697	21.4007068442404	0.0	1.19021109326774			0.005999183274885	0.054540752362171	0.247083511041119		2018.0	0.0	1.04533133767904	0.0	1.04533133767904	88.5884399595929	144.07824722709	95.5527157046588	151.042522972156	0.0		0.0	0.0	0.0	0.0	1.0	0.0	0.0
"CAL34"	0.326486835810485	"CAL"	14.0	3.5	2.0					0.0	800.462377212753	771.520549158575	0.0	0.0	3.98585890670455	3.98585890670455	0.301242495949951	55.4070765043895	227.946333097469	70.9705890117321		0.034912308043959	2.11972010616E-4	0.024413278358751	0.241704934451758		2018.0	0.0	0.062297319025243	0.0	0.062297319025243	86.5006418284678	124.012113635783	99.9981049507593	137.509576758074	0.0	0.083653944289	0.0	0.0	0.0	0.0	3.0	0.0	0.0
"CAL336"	0.222157503664237	"CAL"	15.0	4.9	1.0					1.0	301.072084881138	290.052926844034	0.0	0.0	3.04179009093051	3.04179009093051	0.167437121767013	0.0	4.12938403444446	13.606010649177		0.008549484167553	4.47258765877E-4	0.009344422897539	0.14909596131415		2018.0	0.0	0.140170564394805	0.0	0.140170564394805	46.9809305141459	64.5067729754013	47.9362271339291	65.4620695951844	0.0		0.0	0.0	0.0	0.0	2.0	1.0	0.0
"CAL323"	0.263216065010236	"CAL"	18.0	4.2	2.0					2.0	868.20376228564	816.025835235295	0.0	0.301749236224279	4.00965181158146	4.31140104780574	0.278468071463874	12.0172643673545	57.8651684259073	18.2576089652549		0.019483588436421	0.001829814609476	0.016435482929931	0.240719191345962		2018.0	0.0	0.0	0.0	0.0	90.5972873547614	136.510300332934	102.814441379548	148.727454357722	0.0		0.0	0.0	0.0	0.0	1.0	2.0	0.0
"CAL319"	0.256137380312143	"CAL"	29.0	5.6	1.0					0.0	974.902906984642	974.993898501531	0.0	0.0	5.17450430929288	5.17450430929288	0.295807497308178	22.2776368242944	16.2281210858949	80.2701055311115			1.4960274827E-5	0.058589546504729	0.237202991246365		2018.0	0.0	0.181545716882669	0.0	0.181545716882669	105.244279537862	155.899970513312	113.423576205463	164.079267180914	0.0		0.0	0.0	0.0	0.0	2.0	0.0	0.0
"CAL316"	0.31186001987471	"CAL"	19.0	5.7	1.0					0.0	1148.42088119075	1032.67442565069	0.0	0.0	3.35406166430305	3.35406166430305	0.294710992363521	67.1341007170704	27.0557199233528	222.931361931978			0.001521554608405	0.075692940847967	0.217263407350918	2.33067581787E-4	2018.0	0.0	0.620540106184359	0.0	0.620540106184359	175.130564941998	259.415031618873	187.291616563655	271.576083240529	0.0		0.0	0.0	0.0	0.0	2.0	0.0	0.0
"CAL313"	0.301996159642975	"CAL"	14.0	5.2	1.0					0.0	731.498768511348	722.967787917488	0.0	0.0	2.68021211599849	2.68021211599849	0.181630089082299	95.1252443396759	0.0	21.3412247118197		0.002758273520225	0.001422270846465	0.032253286349607	0.145196261494963		2018.0	0.0	0.346701221130566	0.0	0.346701221130566	100.063101320739	153.232855905376	104.216852193458	157.386606778095	0.0		0.0	0.0	0.0	0.0	0.0	0.0	0.0
"CAL31"	0.278997138674798	"CAL"	27.0	5.5	1.0					0.0	936.948470462091	933.955092020192	0.0	0.0	4.88311045460171	4.88311045460171	0.338349606710445	28.231667878454	222.256804347403	77.4153425805664			6.37723187859E-4	0.07513813101682	0.262573743944802		2018.0	0.111480059471676	0.0	0.0	0.111480059471676	111.410562926769	169.796431407359	124.557450347592	182.943318828182	0.0		0.0	0.0	0.0	0.0	2.0	0.0	0.0
"CAL301"	0.265922810564456	"CAL"	13.0	3.5	1.0					0.0	982.982202894738	983.33290413317	0.0	0.0	3.73497184208489	3.73497184208489	0.253078093422214	116.651450452571	0.0	1.11079815136403			0.009040415048877	0.030485593989153	0.213552083125107		2018.0	0.0	0.864257228844559	0.0	0.864257228844559	181.866235141136	260.193809882347	191.522392305109	269.849967046321	0.0		0.0	0.0	0.0	0.0	3.0	0.0	0.0
"CAL300"	0.252987852267186	"CAL"	27.0	6.1	1.0	0.092	2.09			1.0	984.37238916042	993.660140687385	0.0	0.091587711492571	4.30839037602145	4.39997808751402	0.261586742373094	42.2779704780453	0.0	7.31096519712471			9.66640264729E-4	0.011202476752245	0.022747187113347	0.226670435970347	2018.0	0.0	0.367641476274481	0.0	0.367641476274481	111.774948377519	172.767137800862	120.873177696609	181.865367119952	0.0		0.0	0.0	0.0	0.0	1.0	0.0	0.0
"CAL30"	0.251288796407566	"CAL"	39.0	5.6	1.0					1.0	1084.15513984173	1060.81172941548	0.0	0.0	7.00970457721938	7.00970457721938	0.398463331650141	26.4876064313305	327.405808247012	113.145400390333		0.009649598663105	2.54487337899E-4	0.046990102586563	0.341037582958956	5.31564833484E-4	2018.0	0.712924791255333	0.0	0.0	0.712924791255333	122.177467846871	174.763440190894	136.531882816518	189.117855160541	0.0		0.0	0.0	0.0	0.0	3.0	1.0	0.0
"VAN101"	0.487191257344208	"VAN"	71.0	7.1	1.0					5.0	1504.94346412977	1513.5020082514	0.0	2.62236467488805	7.32382866831595	9.946193343204	0.404817767159369	52.8559948648487	280.294517190909	352.777955544698	0.020090777705009	0.053813763069169	0.043538971265959	0.022780268313936	0.264593990964831		2018.0	0.277795265598608	0.0	0.0	0.277795265598608	178.938830563439	253.447218053002	186.764098350994	261.272485840556	0.0	0.52580686155	4.0	0.0	1.0	0.0	1.0	0.0	0.0
"CAL299"	0.287242991953591	"CAL"	17.0	5.2	1.0	0.065	2.0			1.0	967.515065825055	922.077420021618	0.0	0.220024547929037	3.03587762525078	3.25590217317981	0.21126815193811	58.1077753731945	31.7901665847465	159.687843032063		0.016156260564777	0.00159366577072	0.014591722947737	0.178926496417321		2018.0	0.0	0.0	0.0	0.0	155.055292604137	207.185518013906	171.657198105197	223.787423514967	0.0		0.0	0.0	0.0	0.0	2.0	0.0	0.0
"VAN102"	0.293640924033967	"VAN"	71.0	7.3	1.0					3.0	1874.80770914512	1872.34340146987	0.0	1.12502349561388	8.54907581191957	9.67409930753345	0.368303798196054	74.2809581190918	367.245418107831	449.456885007194		0.014534821696089	0.008155221015202	0.033668510825335	0.311945240169556		2018.0	0.860808467133812	0.0	0.332177594956664	1.19298606209047	210.454690696644	321.108806090594	227.644065792755	338.298181186705	0.0	1.5974838505	1.0	0.0	5.0	0.0	0.0	0.0	0.0
"VAN103"	0.129873735992764	"VAN"	89.0	8.1	1.0					1.0	2725.0378877743	2645.93355682246	0.0	0.528962618949962	10.4059216072377	10.9348842261877	0.388797315074452	87.5917661200008	662.303844155597	691.028625692595		0.014566578705814	0.003192793860521	0.003053567370479	0.367984372462906		2018.0	0.651406960101088	0.0	0.0	0.651406960101088	297.042010597727	396.442274289672	324.18237191129	423.582635603235	0.0	0.84589517619	9.0	0.0	2.0	6.0	2.0	0.0	0.0
"VAN105"	0.175165280184395	"VAN"	80.0	7.4	1.0					1.0	3109.25347175716	3030.66472989705	0.0	0.69145041928359	10.1528221771699	10.8442725964535	0.40138811988109	168.252897308613	260.634517820896	775.55399004029		0.019514663724441	0.00784682411166	0.003640504504155	0.370386131789619		2018.0	1.20837037074162	0.0	0.0	1.20837037074162	402.751567318101	581.544554634822	427.512801588197	606.305788904919	0.0	0.94329485199	2.0	0.0	1.0	0.0	0.0	0.0	0.0
"VAN106"	0.264137651728013	"VAN"	57.0	7.1	1.0					3.0	2727.22389510867	2713.39244984573	0.0	1.7426934302255	6.24877797235728	7.99147140258278	0.310611290249534	131.583329754246	160.019337187397	784.689559989248		0.019579816900766	0.012198309550235	0.007891361366467	0.270941802208774		2018.0	0.18335703490827	0.0	0.206133611970779	0.389490646879049	239.362972975048	388.778245494819	254.631671202066	404.046943721836	0.0	0.68221200613	0.0	0.0	0.0	0.0	0.0	0.0	0.0
"CAL289"	0.311095997622524	"CAL"	11.0	5.2	1.0					1.0	637.324410137102	646.517971439579	0.0	0.0	2.13257661812958	2.13257661812958	0.149062455002319	30.1477531853648	1.5045226122785	30.9728836283345		0.005361675334013	2.606957759E-5	0.025293632429722	0.118381082577092		2018.0	0.0	0.587549072077278	0.0	0.587549072077278	73.2989218261652	128.311879041607	78.8756816688231	133.888638884265	0.0	0.27613381574	0.0	0.0	0.0	0.0	1.0	1.0	0.0
"VAN107"	0.348302040397214	"VAN"	73.0	6.6	1.0					6.0	3592.27874921414	3574.82306751853	0.0	2.15978589826297	8.82477331334626	10.9845592116092	0.428799981682792	273.415523358609	169.80136042626	1022.66071626359		0.028384261727201	0.015752826732088	0.036066015858197	0.348596895273592		2018.0	0.150568092465425	0.0	0.0	0.150568092465425	363.247887459416	539.412009453175	383.300267956966	559.464389950725	0.0	0.67329043764	0.0	0.0	7.0	0.0	0.0	0.0	0.0
"VAN108"	0.613944365384022	"VAN"	36.0	7.3	1.0	0.754	15.3699999999999			10.0	6867.69693310795	6507.81451105769	0.0	2.32041417735719	2.58430483122658	4.90471900858378	0.289598469624915	374.805502199622	108.515004226978	3543.65870676003			0.029030956021289	0.043912469671888	0.175672690125481	0.020032202664072	2018.0	1.10422523578148	0.0	1.4949881904536	2.59921342623509	552.028807808459	707.660628670657	614.56005330769	770.191874169888	0.0	0.37784884451	1.0	1.0	8.0	0.0	3.0	0.0	0.0
"CAL282"	0.309165495981021	"CAL"	4.0	2.4	1.0					0.0	682.732992845622	631.591485928869	0.0	0.0	1.69931189863748	1.69931189863748	0.143798141830438	97.3023106042105	25.9068272883054	39.4117857900021				0.041089103050942	0.102659341188034	4.968867483E-5	2018.0	0.0	0.600760370879279	0.0	0.600760370879279	161.226996446411	195.382701681585	166.006951983722	200.162657218895	0.0		0.0	0.0	0.0	0.0	0.0	0.0	0.0
"CAL281"	0.175286715706136	"CAL"	16.0	4.2	1.0					1.0	764.645455914092	776.692663767278	0.0	0.0	3.84271223449133	3.84271223449133	0.281629456558815	53.8887608045344	136.787465840946	225.764178393349			6.03856148424E-4	0.028257913699343	0.252767682835037		2018.0	0.0	0.0	0.183639419079799	0.183639419079799	76.1367638263621	98.1198735903113	82.4498856081162	104.432995372065	0.0		0.0	0.0	0.0	0.0	2.0	1.0	0.0
"VAN110"	0.322972327324284	"VAN"	59.0	6.7	2.0					1.0	3295.11997772495	3350.53945471262	0.0	0.610717691760863	8.2241310800341	8.83484877179496	0.375112484850219	341.014297329595	191.170059125837	827.354082545445		0.015855811291028	1.98102552038E-4	0.064032212051721	0.295026362260499		2018.0	1.32390953256563	0.0	0.0	1.32390953256563	443.6608645326	636.21575275124	469.872549116524	662.427437335164	0.0	1.235063118	4.0	0.0	10.0	0.0	0.0	0.0	0.0
"VAN111"	0.324758190667475	"VAN"	49.0	5.8	2.0					2.0	2581.80138026992	2547.43691844006	0.0	1.58113495277586	6.80721634922317	8.38835130199903	0.369493220656822	167.278383240846	136.030546670017	626.227082852098		0.018575417480453	5.2615314267E-4	0.057163493297775	0.293228161640289		2018.0	2.15719983363725	0.0	0.0	2.15719983363725	234.016370676603	367.828249622408	255.382758034062	389.194636979867	0.0	1.2090791766	1.0	0.0	4.0	0.0	0.0	1.0	0.0
"VAN114"	0.78847709040144	"VAN"	28.0	5.1	1.0	1.484	27.2399999999999			15.0	4408.98672095648	3681.08181692877	0.0	3.39668576516687	2.05177562990845	5.44846139507532	0.318730388417982	324.535330419388	290.383626662558	2377.50956436978		0.028671289344877	0.055272829089402	0.05383920327231	0.048043901512128	0.128236339488501	2018.0	1.977879595799	0.0	1.930364657756	3.90824425355501	166.069404795835	197.600669336904	208.556557849473	240.087822390542	0.0		0.0	0.0	7.0	0.0	2.0	0.0	0.0
"CAL273"	0.257634717511547	"CAL"	11.0	4.5	1.0					1.0	498.59766346321	482.885647814368	0.0	0.0	2.42148692646195	2.42148692646195	0.185178624312464	8.86266473487735	133.886985666216	57.3256017497535		0.005150477645451	3.68329074169E-4	0.021912803293949	0.157747012118766		2018.0	0.0	0.148319418376228	0.0	0.148319418376228	56.3833535277294	65.7956292846537	60.3140798784744	69.7263556353987	0.0	0.17423443087	0.0	0.0	0.0	0.0	1.0	1.0	0.0
"CAL271"	0.427035539704386	"CAL"	29.0	5.0	3.0	0.081	1.39			2.0	878.710245643405	844.402058580818	0.0	0.080641778862638	5.73014800018598	5.81078977904862	0.360101667466529	21.0467565859164	256.450055950963	81.037291953684		0.02033610150616	1.5307939674E-4	0.071864168003444	0.257211902255707	0.010536411880813	2018.0	0.0	0.0	0.354075333942796	0.354075333942796	127.382044015531	161.292437592024	140.349374929929	174.259768506422	0.0	0.30830850991	0.0	0.0	0.0	0.0	1.0	1.0	0.0
"CAL266"	0.178506204334183	"CAL"	31.0	6.6	2.0	0.055	1.17			1.0	619.681637937598	403.97726762834	0.0	0.133806297138336	4.58251906097202	4.71632535811036	0.308516009014983	35.8194924029844	0.0	19.924194362588			0.034030808206512		0.274485210538504		2018.0	0.0	0.957544808678255	0.0	0.957544808678255	147.286248105035	180.846817054217	155.251062646893	188.811631596075	0.0		0.0	0.0	0.0	0.0	2.0	0.0	0.0
"VAN18"	0.214377666283481	"VAN"	13.0	6.8	1.0					0.0	453.187203211363	519.783629632612	0.0	0.0	1.91953399911714	1.91953399911714	0.134555925854747	50.0697933926928	9.52659727659077	171.681017498486		0.12087263965977	8.1429321121E-4		0.005449374510118	0.007419617467402	2018.0	0.0	0.0	0.0	0.0	73.9168333878462	85.7909834646517	84.3116754198258	96.1858254966313	0.0		0.0	0.0	0.0	0.0	0.0	0.0	0.0
"CAL260"	0.295498371388838	"CAL"	17.0	5.8	1.0					1.0	715.945624331624	724.299241193054	0.0	0.0	2.94752326351816	2.94752326351816	0.21738099971229	25.6435987150656	0.0	22.0488502472936			0.005759542738453	0.037148762690842	0.174468075855783		2018.0	0.0	0.029833317562593	0.0	0.029833317562593	74.3335001227503	125.951991102303	78.0198796831268	129.63837066268	0.0		0.0	0.0	0.0	0.0	3.0	1.0	0.0
"CAL26"	0.308910740215017	"CAL"	25.0	4.4	1.0					3.0	1692.48177392137	1564.29495730593	0.0	0.346056323858034	5.35502258272808	5.70107890658612	0.4024229003142	174.337038194299	95.642448123205	100.477707372064		0.025542539872822	0.00259919606512	0.041067198533081	0.333007184073927	2.06778239017E-4	2018.0	0.0	0.044629834820369	0.039459436914939	0.084089271735309	264.949473305624	360.937325752097	283.847981779868	379.835834226341	0.0		0.0	0.0	0.0	0.0	5.0	3.0	0.0
"VAN19"	0.304070625706772	"VAN"	56.0	5.9	1.0	0.911	9.56			12.0	4339.22236896515	4385.99408202423	0.0	1.70985480313497	7.82330496923425	9.53315977236923	0.37368691670717	104.314592424477	577.71886894372	1813.35581840152		0.034931959063169	2.90761593881E-4	0.023842901207109	0.311723479722525	0.0028978180655	2018.0	0.784833950939021	0.0	0.0	0.784833950939021	349.809856798702	493.023582807728	393.402547504377	536.616273513404	0.0	0.82978647463	0.0	0.0	5.0	1.0	2.0	0.0	0.0
"CAL258"	0.476432551020369	"CAL"	31.0	7.4	2.0	0.206	4.92			3.0	682.159553712917	693.197209232175	0.0	0.206398035856786	3.98006624698064	4.18646428283742	0.278675900788767	14.4620391350113	0.436091843217803	4.11947314467883			0.004990684358623	0.122323446401317	0.138019918294514		2018.0	0.0	0.518518906023584	0.0	0.518518906023584	103.301330700616	162.477423250999	111.996094016751	171.172186567133	0.0		0.0	0.0	0.0	0.0	0.0	2.0	0.0
"CAL254"	0.361470159797143	"CAL"	12.0	4.4	2.0					1.0	791.390129842045	795.197956522877	0.0	0.0	2.72758435267481	2.72758435267481	0.205072636749806	63.7779098368502	0.0	15.0530873857483			0.00704358961179	0.051533455614547	0.146495593910495		2018.0	0.0	0.39990175958769	0.0	0.39990175958769	81.1318487283952	132.573148549182	85.0859170708486	136.527216891635	0.0		0.0	0.0	0.0	0.0	1.0	1.0	0.0
"VAN21"	0.190949799805873	"VAN"	57.0	6.1	1.0					5.0	9206.72826867857	8361.21702694088	0.0	0.97159602986965	8.44446170793854	9.41605773780819	0.363153171364105	658.227999020056	1226.21841612208	6026.04979723896		0.014934256744489	6.94361630412E-4	0.016909262613925	0.330615286644953		2018.0	1.3709799606223	0.0	0.229315890687228	1.60029585130952	340.980080499714	420.489821607911	405.475242574433	484.98498368263	0.0	0.30636695565	1.0	0.0	5.0	2.0	3.0	0.0	0.0
"VAN22"	0.466229363582215	"VAN"	54.0	6.9	1.0					4.0	1106.25725662965	1046.1529551392	0.0	1.53670408384282	6.29027390470013	7.82697798854296	0.372740719268737	48.2372500975411	186.484505749087	405.266153050648		0.012683554685822	5.10483057291E-4	0.013248771631086	0.228232427769961	0.1180654813384	2018.0	0.934210746214578	0.0	0.0	0.934210746214578	96.2266865215248	134.267692571115	109.131381500424	147.172387550015	0.0	0.47441083846	0.0	0.0	3.0	0.0	2.0	0.0	0.0
"VAN23"	0.327907703397068	"VAN"	63.0	5.8	1.0					4.0	3343.95684873465	3064.98841116056	0.0	1.76872175600103	9.04302080615326	10.8117425621543	0.42820860921543	89.9243290066331	477.059233868708	1611.83324060158		0.016090130659165	3.00594785917E-4	0.015488835040977	0.353298844859843	0.043030211936951	2018.0	0.891156507176125	0.0	0.0	0.891156507176125	284.221881490715	391.095537576514	320.536876173395	427.410532259194	0.0	0.23576457221	1.0	0.0	2.0	5.0	2.0	0.0	0.0
"VAN24"	0.243404523559191	"VAN"	49.0	8.1	1.0					3.0	2885.22565861723	2880.84927969137	0.0	1.05662205997943	5.01790796157341	6.07453002155284	0.249639254059618	201.474338406158	400.662999132202	1392.40291533154		0.015140559957084	0.004679261054861	0.009052207141062	0.220767222084513		2018.0	0.244226188331968	0.0	0.0	0.244226188331968	223.045843126318	324.148209967295	248.107582455272	349.209949296248	0.0	0.40479810331	0.0	1.0	4.0	0.0	1.0	0.0	0.0
"VAN25"	0.318299762899007	"VAN"	48.0	6.6	1.0					5.0	1763.14889339528	1645.10901904589	0.0	1.58221738876446	5.66211853068591	7.24433591945037	0.334887552179425	38.5728962573978	226.283359287463	534.51308929921		0.009961783687363	0.001878393046454	0.057310685048884	0.265736699357245		2018.0	0.717810044909698	0.0	0.77585156724016	1.49366161214985	225.641941263819	327.279670068295	237.435573020862	339.073301825338	0.0	0.4418800992	0.0	0.0	4.0	0.0	1.0	0.0	0.0
"CAL245"	0.205334954611928	"CAL"	22.0	4.1	1.0					1.0	850.296738465748	801.149723288806	0.0	0.0	5.31887076639605	5.31887076639605	0.331972042385831	10.7450383854695	189.103050153072	26.0633829555615			0.020858104946545	0.013218094248197	0.297895841321204		2018.0	0.0	0.0	0.0	0.0	119.165872014232	171.980296089955	127.308556162769	180.122980238492	0.0		0.0	0.0	0.0	0.0	2.0	1.0	0.0
"VAN26"	0.166830107702323	"VAN"	44.0	5.3	1.0					3.0	1719.16861618636	1765.50493659984	0.0	1.15986584845217	7.19391313228784	8.35377898074002	0.425215925602046	115.267777497926	214.405956459558	252.168412971245		0.037569911298232	7.88814144609E-4	7.29729690275E-4	0.386127443308265		2018.0	1.41126310906653	0.0	0.0	1.41126310906653	213.934314748041	347.473754373779	227.992632369818	361.532071995556	0.0	0.19234128333	4.0	0.0	9.0	0.0	3.0	0.0	0.0
"CAL243"	0.618423129192309	"CAL"	22.0	5.2	1.0	0.185	4.34			2.0	1043.24339125039	968.312402125003	0.0	0.185434305725797	4.07492955052812	4.26036385625392	0.300355048715249	22.4129479277306	93.9807277499948	370.973836114586		0.039764161683668	0.004235085410261	0.094225171878383	0.145428343163108	0.016702285903047	2018.0	0.0	0.0	0.491582702596909	0.491582702596909	90.6555734125578	114.32845750551	102.82591295451	126.498797047463	0.0		0.0	0.0	0.0	0.0	2.0	1.0	0.0
"VAN27"	0.087021086953067	"VAN"	62.0	7.2	1.0					4.0	3212.3184981392	3002.10138558907	0.0	0.667374797635302	7.93408002343716	8.60145482107246	0.348900066431566	170.409295631162	314.230050000003	827.413596141644		1.281201053E-5	0.01351610518828	2.03284096225E-4	0.335167868051159		2018.0	0.504086600560391	0.0	0.020000304479583	0.524086905039974	414.888745072955	566.46654499008	446.766660857689	598.344460774813	0.0	0.78916027098	0.0	0.0	4.0	0.0	0.0	0.0	0.0
"CAL241"	0.391115528050974	"CAL"	31.0	6.3	2.0	0.069	1.4			3.0	1268.30096171025	1037.32062092253	0.0	0.069074317341746	4.84944102430547	4.91851534164722	0.35584979002172	27.6749189278616	159.057633299132	126.140294912316		8.45920584684E-4	0.026585248229883	0.07016625008731	0.258252369245794		2018.0	0.0	0.120575309752344	0.459671802350306	0.58024711210265	172.893050594638	237.020920905519	192.536781354037	256.664651664918	0.0		0.0	0.0	0.0	0.0	1.0	2.0	0.0
"VAN28"	0.337578038688366	"VAN"	81.0	7.6	1.0					8.0	4330.25799365679	4030.71266886353	0.0	2.51915232386117	8.14463613286499	10.6637884567261	0.414510012366606	231.174620613057	618.3729485019	1929.70830619834		0.049470466769477	0.01002858789692	0.019227064322879	0.335783899566955		2018.0	0.593799126421267	0.0	0.0	0.593799126421267	360.977104834556	430.968143181505	403.196289064616	473.187327411564	0.0	0.59984693347	6.0	0.0	10.0	1.0	1.0	0.0	0.0
"VAN29"	0.069326756746949	"VAN"	59.0	5.5	1.0					7.0	3723.05602387389	3418.38123075242	0.0	2.00031091359058	8.77010395142761	10.7704148650182	0.432488497542302	166.779722099621	745.913528469561	1372.80199692549		0.012976076202383			0.41951242413078		2018.0	1.57042664248795	0.0	0.0	1.57042664248795	359.788499804407	495.540706018878	405.111843662858	540.864049877328	0.0	0.60266490837	0.0	0.0	12.0	1.0	2.0	0.0	0.0
"CAL239"	0.378472388700766	"CAL"	34.0	6.2	1.0	0.2	3.64			1.0	1088.51850347709	1056.32061759691	0.0	0.198428861741442	5.30200637288194	5.50043523462338	0.343241134696225	23.5233872106939	43.1730715101454	26.2866434211461		0.052790893131622	0.00456060392717	0.023799944045253	0.262089693397825		2018.0	0.0	0.005876932100085	0.0	0.005876932100085	134.703612770064	177.846190292465	144.582989495646	187.725567018047	0.0		0.0	0.0	0.0	0.0	2.0	1.0	0.0
"VAN30"	0.363849432236737	"VAN"	67.0	6.4	1.0					6.0	3547.35874366679	3604.20213358062	0.0	2.67731993157864	7.79903370523439	10.476353636813	0.417343069213624	205.760246296357	486.169072889666	1855.29089191413			0.006540478901326	0.053929812122865	0.327263110529354	0.029609668722285	2018.0	3.53156589528148	0.0	0.0	3.53156589528148	227.224319420824	282.07238549871	261.85852172198	316.706587799866	0.0	0.47412407449	3.0	0.0	6.0	0.0	1.0	0.0	0.0
"CAL235"	0.325155838780287	"CAL"	23.0	4.1	1.0					2.0	1858.19208770785	1782.68807366558	0.0	1.28644645571956	4.35629640234975	5.64274285806932	0.314715466989582	58.8761718850408	280.576737309538	892.211997163329		0.009088727874532	0.007260337009731	0.038880180482703	0.258193569586508		2018.0	0.0	1.12741655490217	0.0	1.12741655490217	88.2352427618794	109.557418774034	99.9633752538105	121.285551265965	0.0		0.0	0.0	0.0	0.0	2.0	0.0	0.0
"VAN31"	0.352008419764531	"VAN"	61.0	7.3	1.0					3.0	2396.78553369662	2335.4011583145	0.0	1.57583318396581	6.83198063112137	8.40781381508719	0.345019008855024	94.6172388358933	276.085309411196	725.473278173591		0.016192471464533	0.016431854791511	0.008665943459099	0.286523119399666	0.017205620999361	2018.0	1.59460998049351	0.0	0.0	1.59460998049351	264.556995023005	401.219380394203	281.025833209242	417.68821858044	0.0	0.19681134426	3.0	2.0	4.0	0.0	0.0	0.0	0.0
"VAN33"	0.206352829023637	"VAN"	72.0	7.0	1.0					2.0	3359.56187427999	3481.08837898684	0.0	0.601327835994745	9.69523791110399	10.2965657470987	0.395091427416042	344.895694694905	215.888762391057	845.519773415959		0.020107900762797	0.00131359489395	0.014255905564493	0.357885631869316	0.001528387163879	2018.0	0.561774529632659	0.0	0.0	0.561774529632659	392.628368460028	620.463477330369	415.902076993139	643.73718586348	0.0	0.9570122753	0.0	0.0	8.0	0.0	0.0	0.0	0.0
"CAL229"	0.239474325461299	"CAL"	15.0	5.6	1.0					1.0	346.589755805081	339.591003401079	0.0	0.0	2.672929828143	2.672929828143	0.172702873646675	44.3296981059483	22.8696002196091	87.9821229960113			3.2396881736E-4	0.028982606429601	0.143396297921559		2018.0	0.050444150423405	0.049318555253603	0.236611014118174	0.336373719795181	41.1687459168736	51.0854771876212	44.2934007336099	54.2101320043575	0.0		0.0	0.0	0.0	0.0	1.0	1.0	0.0
"VAN34"	0.185812475342412	"VAN"	77.0	6.8	1.0					2.0	2223.14845290123	2082.18677391667	0.0	0.924744669455333	10.3364727549501	11.2612174244054	0.418337366374341	124.811225244158	205.386125708136	470.479706925413		0.01588947569916	0.001751728600847	0.017659692910195	0.383036470889149		2018.0	1.83339258704763	0.0	0.0	1.83339258704763	216.968362621593	357.006121008136	228.525755599007	368.56351398555	0.0	1.0299748894	5.0	0.0	3.0	0.0	1.0	0.0	0.0
"CAL228"	0.243639645028452	"CAL"	5.0	3.0	2.0					0.0	428.410272633007	438.201631851499	0.0	0.0	1.66273261517442	1.66273261517442	0.149188870874922	57.1433009100694	33.737053066648	68.3128108867379				0.027081860268013	0.122107003845922		2018.0	0.474327878609396	0.004001336311727	0.0	0.478329214921123	46.2156640511552	62.7219229957935	49.9529475302658	66.4592064749042	0.0		0.0	0.0	0.0	0.0	1.0	0.0	0.0
"VAN35"	0.169084958124181	"VAN"	77.0	7.0	1.0					2.0	3082.36947042888	2851.61129581955	0.0	0.74679307200707	10.3156190876223	11.0624121596293	0.419321499806996	145.660631092897	399.075836878089	864.308255224268		0.011698374286559	0.004808520713586	0.013286266324496	0.389528334543847		2018.0	0.82469358860884	0.0	0.0	0.82469358860884	435.992493439546	549.06152586003	459.934889408921	573.003921829405	0.0	0.80062625274	5.0	0.0	3.0	0.0	0.0	0.0	0.0
"VAN36"	0.236851799094121	"VAN"	78.0	7.3	2.0					4.0	3182.35121972685	3061.87194696966	0.0	1.14297324535182	9.48638103519002	10.6293542805418	0.419437345219141	94.3702623751314	650.660610400282	954.421481432749		0.040005532302821	1.61319561627E-4	0.013967237814474	0.365303253483603		2018.0	0.0	0.0	0.626921655369813	0.626921655369813	361.978609844466	487.612130792203	392.171183538582	517.804704486319	0.0	1.1699133696	1.0	0.0	7.0	0.0	0.0	0.0	0.0
"VAN37"	0.175510626328895	"VAN"	56.0	5.1	1.0					6.0	2624.47363542386	2589.5146862986	0.0	1.31882904957242	9.70854412104313	11.0273731706155	0.419102883817676	96.2874034414412	475.106297125813	769.4794075836151		0.016407895538788	0.013323650457368	0.002543279850193	0.386828038520886		2018.0	0.426120942439928	0.0	0.0	0.426120942439928	265.577038489942	365.866465166806	297.309820241742	397.599246918606	0.0	1.0843073655	1.0	0.0	10.0	0.0	1.0	2.0	0.0
"VAN38"	0.251477788000236	"VAN"	67.0	7.1	1.0					2.0	3169.72223987983	2803.97743574429	0.0	1.04735408507155	8.42812584992594	9.47547993499749	0.376643588201198	266.887141978661	152.708987434074	919.308307529086		0.010528486660567	0.002720550228398	0.037278709203762	0.326115844932105		2018.0	0.86865808405388	0.0	0.207794139377071	1.07645222343095	294.74178504467	465.241574904393	330.01872837282	500.518518232542	0.0	0.48773457602	0.0	0.0	9.0	0.0	1.0	2.0	0.0
"VAN39"	0.477655115272925	"VAN"	39.0	7.6	1.0					0.0	1498.85748625097	1510.21569721707	0.0	0.003273546753109	5.14249996772886	5.14577351448197	0.308370626812548	68.9504670099097	91.9106452094068	336.259615457732		0.027668861095529		0.127968213626226	0.152733520060711		2018.0	1.27253940451949	0.0	0.0	1.27253940451949	128.934638724739	206.800736020497	139.032385305434	216.898482601193	0.0	0.79723241398	1.0	0.0	5.0	0.0	2.0	0.0	0.0
"CAL218"	0.212212962094561	"CAL"	21.0	5.3	2.0	0.095	2.42			1.0	824.275614370321	864.083930741479	0.0	0.519655549163951	3.40728954781957	3.92694509698352	0.255822972057386	21.5474912438193	0.0	0.0			0.00428272484361	0.01274739781161	0.231272318038425		2018.0	0.0	0.0	0.0	0.0	101.543248892726	181.516294084421	107.356100549331	187.329145741026	0.0		0.0	0.0	0.0	0.0	4.0	0.0	0.0
"VAN40"	0.266073391224029	"VAN"	65.0	7.2	1.0					1.0	1993.64890001733	1962.83918354008	0.0	0.80197404864318	8.22992544756059	9.03189949620377	0.353212821668966	123.800480605905	66.8848682579025	443.099200672169		0.02003348758159	1.61106680346E-4	0.031615254978251	0.301402960353847		2018.0	0.226436437174251	0.0	0.0	0.226436437174251	190.874925860415	296.413471258009	200.234540406876	305.773085804469	0.0	0.36259989964	0.0	0.0	3.0	0.0	0.0	0.0	0.0
"CAL215"	0.350084932559773	"CAL"	23.0	5.4	1.0					0.0	1692.32990832179	1670.77162170284	0.0	0.0	4.26353108544741	4.26353108544741	0.304739040948128	86.6224106617153	15.671460540095	58.1695930345007		0.015083677951541	0.002819905234987	0.049322744083541	0.237512720443405		2018.0	0.0	0.025465090534799	0.0	0.025465090534799	278.12286638962	395.588318622792	297.788037602969	415.253489836141	0.0		0.0	0.0	0.0	0.0	3.0	0.0	0.0
"CAL214"	0.287685238406586	"CAL"	19.0	5.2	1.0					0.0	1167.9538710723	1188.91884729162	0.0	0.0	3.65188865052903	3.65188865052903	0.251689981214397	91.1558860052457	6.1087083981411	42.1957122085977			0.007006868028229	0.039918624676795	0.204764488672584		2018.0	0.0	0.515970070188803	0.0	0.515970070188803	181.747809003173	265.475825943185	197.02464751827	280.752664458281	0.0		0.0	0.0	0.0	0.0	2.0	0.0	0.0
"VAN41"	0.175378347529389	"VAN"	83.0	7.3	1.0					4.0	2542.42623661527	2315.3230839475	0.315290995654679	2.62648291921847	8.4683857752777	11.4101596901508	0.382412815899217	54.0964311453048	399.505049909413	860.623631727944		0.009474990983179	0.010097459914319	0.008329878608259	0.354510481718893		2018.0	0.505678666290738	0.0	0.0	0.505678666290738	218.09419956812	322.664625562302	241.539027172661	346.109453166843	0.0	0.64789863106	2.0	0.0	1.0	0.0	1.0	0.0	0.0
"CAL213"	0.324457213132696	"CAL"	40.0	8.0	1.0	0.231	4.62			1.0	1220.63206620067	1166.16533400763	0.0	0.813594269264255	4.18518765411825	4.9987819233825	0.290752972992286	78.3591679729807	2.3210873277013	21.0705474184119			0.007691121383555	0.04895776983509	0.230732319506765		2018.0	0.0	0.908370398173497	0.0	0.908370398173497	130.140999899832	210.316479687134	137.260346214067	217.435826001369	0.0		0.0	0.0	0.0	0.0	2.0	0.0	0.0
"VAN42"	0.167835071262118	"VAN"	68.0	6.1	1.0					6.0	3229.05696533413	3178.57268138754	0.0	1.80015988809859	9.28340317974619	11.0835630678447	0.443861563885663	238.704360398161	210.1834257489	718.83701817051		0.022823503651281	0.012022087599077	3.5058374473E-5	0.408980910090984		2018.0	1.69483342931192	0.0	0.0	1.69483342931192	329.608327041664	504.84616907231	356.770932047	532.008774077646	0.0	0.53313718555	3.0	0.0	5.0	0.0	0.0	0.0	0.0
"CAL211"	0.393359780240893	"CAL"	30.0	5.9	1.0	0.058	1.13			2.0	1998.62500883783	1892.64681712402	0.0	0.186905831024475	4.92539879082248	5.11230462184695	0.345509436599743	297.322045662641	4.23717556673746	138.532914166385		0.022061780763416	0.008949709574168	0.05226741105435	0.262230528646741		2018.0	0.0	0.0	0.0	0.0	328.388785227211	470.549221912497	350.354830097984	492.515266783269	0.0		0.0	0.0	0.0	0.0	2.0	1.0	0.0
"VAN43"	0.354149201354767	"VAN"	34.0	5.6	1.0					1.0	797.998132871509	794.579826436252	0.0	0.744416321684534	5.36624725828423	6.11066357996876	0.34694382390217	45.6738873267017	105.465913203123	60.7811921890032			0.002385999088471	0.122479035295455	0.222016694686544	6.209261409E-5	2018.0	0.483336239797012	0.0	0.281316747860652	0.764652987657664	99.0194174893087	169.156294566503	105.150301702684	175.287178779879	0.0	0.22792010341	0.0	0.0	0.0	0.0	1.0	0.0	0.0
"CAL209"	0.218353932996507	"CAL"	15.0	4.3	1.0					2.0	1670.76634545617	1534.27881949897	0.0	0.0	3.48433271807043	3.48433271807043	0.27040240002028	289.820418189397	0.0	116.113639978681				0.040866179286624	0.229536220095977		2018.0	0.0	0.066815844802843	0.0	0.066815844802843	343.200212414164	464.301682125231	368.363693820903	489.465163531971	0.0		0.0	0.0	0.0	0.0	0.0	2.0	0.0
"VAN44"	0.23904570968233	"VAN"	52.0	8.5	1.0					3.0	1675.49687257113	1702.24133820537	0.0	1.07030635493516	5.04110329395996	6.11140964889512	0.27164049804068	78.9131700526684	88.8981033551039	319.627553256928	0.060131002924692			0.023304865853455	0.188204632009121		2018.0	0.0	0.0	0.181414931866494	0.181414931866494	206.22667696514	294.867375807742	221.700227434434	310.340926277036	0.0		0.0	0.0	2.0	0.0	1.0	0.0	0.0
"CAL208"	0.308979689984077	"CAL"	26.0	3.8	1.0					1.0	814.196966978434	792.740240761216	0.0	0.729156582611363	6.09834180730602	6.82749838991738	0.410618897436403	11.874324836226	264.637537602042	33.866474049969		0.026128322722191	0.004809345982765	0.038110669149047	0.341570558623999		2018.0	0.0	0.035650153810332	0.793950264534184	0.829600418344515	114.558434511054	156.614427822134	121.4012822412	163.45727555228	0.0		0.0	0.0	0.0	0.0	2.0	0.0	0.0
"VAN45"	0.339537425106512	"VAN"	63.0	5.7	1.0					2.0	2565.17215671789	2541.90576128865	0.0	1.27933558242225	9.76437501651266	11.0437105989349	0.421114243289522	89.446756075668	265.403460277611	605.477164395277		0.024263695581886	0.024162150605723	0.026023979976957	0.346664415341158		2018.0	0.793024367446673	0.0	0.0	0.793024367446673	244.688677788139	374.870999232454	262.001206330355	392.183527774671	0.0	1.1037276075	2.0	0.0	6.0	0.0	1.0	0.0	0.0
"CAL205"	0.355881185247146	"CAL"	16.0	4.1	1.0					0.0	746.418428601946	743.391041123771	0.0	0.0	3.9148715893228	3.9148715893228	0.291253814866812	4.77136093335002	2.38568046667501	0.0		0.015654150394381	0.00176295385283	0.049900843496672	0.223935867787306		2018.0	0.0	0.0	0.0	0.0	110.166911807017	152.063781921392	113.698361550621	155.595231664997	0.0		0.0	0.0	0.0	0.0	1.0	0.0	0.0
"VAN46"	0.322298604458678	"VAN"	50.0	6.9	1.0					0.0	1408.37270267545	1378.15975451387	0.0	0.292434729225225	6.97805755835659	7.27049228758181	0.323778270368544	60.6631565225629	47.3305835509066	226.968084430396		0.021310885899563	5.91668354913E-4	0.041125036603631	0.26075068514412		2018.0	0.28768222123971	0.0	0.0	0.28768222123971	132.56890794109	218.609102072196	135.179932826904	221.22012695801	0.0	0.30914871808	0.0	0.0	1.0	0.0	1.0	0.0	0.0
"CAL202"	0.233332986990616	"CAL"	24.0	4.0	1.0					3.0	1260.79915497619	1159.0672738842	0.0	0.0	5.95110417248647	5.95110417248647	0.359817616303383	94.656996829503	237.470552564458	398.754198856811		0.007499762917115	0.014208235893645	0.016983035617801	0.321126572613937		2018.0	0.069262740241231	0.116209915914697	0.0	0.185472656155928	128.963253128948	175.911207610179	144.151648734324	191.099603215555	0.0		0.0	0.0	0.0	0.0	0.0	1.0	0.0
"VAN48"	0.511022239519603	"VAN"	33.0	6.5	1.0					1.0	792.701256524269	800.372676705149	0.0	1.42930593923707	3.61978019679814	5.04908613603521	0.24209298741975	76.4089590235545	112.460840936586	77.4659149341723		0.021045281475103	0.015588018409359	0.048968746108972	0.156490937973036		2018.0	0.646261434866159	0.0	0.0	0.646261434866159	120.017516608734	177.810707306157	130.884454300375	188.677644997798	0.0	0.67277443584	0.0	0.0	2.0	0.0	1.0	0.0	0.0
"CAL200"	0.406719188538105	"CAL"	33.0	6.4	1.0	0.09	1.75			2.0	918.344553422311	920.680841462828	0.0	0.584745353864272	4.56706617363377	5.15181152749804	0.241032205156263	26.2112187609004	0.0	0.113733237720469			0.026212567146876	0.043199873191883	0.171619757600614		2018.0	0.0	0.350870233301812	0.0	0.350870233301812	145.583987429277	218.685407662986	156.445245625021	229.546665858729	0.0		0.0	0.0	0.0	0.0	0.0	1.0	0.0
"CAL20"	0.419212512996943	"CAL"	38.0	6.2	2.0	0.478	7.8			3.0	1088.45368528567	1119.08756644047	0.0	0.754168594377555	5.37091070552646	6.12507929990402	0.286129684428233	39.337432354588	0.0	4.64839365698969			0.032588707687741	0.045159913914158	0.205975182014932		2018.0	0.0	0.165320691871222	0.0	0.165320691871222	151.527548216505	224.837968619908	161.639099003646	234.94951940705	0.0		0.0	0.0	0.0	0.0	1.0	1.0	0.0
"VAN49"	0.390362073399999	"VAN"	55.0	7.0	1.0					2.0	1239.56221801295	1220.90746733325	0.0	1.21198979727539	6.6039879898793	7.8159777871547	0.382876804027387	30.8249342458651	156.789606841041	308.039140332142			9.5109388007E-4	0.106922170495261	0.260184864582165	0.014818668117233	2018.0	1.40771944580568	0.0	0.0	1.40771944580568	144.104146758728	199.846177724911	160.28196479391	216.023995760093	0.0	1.4438774223	2.0	0.0	2.0	0.0	0.0	0.0	0.0
"VAN50"	0.252791448038303	"VAN"	50.0	6.8	1.0					1.0	432.801064655022	450.443593310219	0.0	1.43317155849904	5.89222031348684	7.32539187198588	0.331199206397179	24.9821792059526	54.4760879223545	31.3529302939372		0.013783382479186	0.007548790849105	0.018431218720176	0.291435831592287		2018.0	0.0	0.0	0.77626504273332	0.77626504273332	47.5628427357967	75.9033242326397	49.7119124365713	78.0523939334143	0.0		0.0	0.0	4.0	0.0	3.0	1.0	0.0
"CAL196"	0.437237471282686	"CAL"	13.0	4.2	1.0					0.0	468.142736010139	465.674336180183	0.0	0.0	3.076394257262	3.076394257262	0.230157349934552	3.12287675672987	92.8780276437043	53.6777380114403		0.022828045010848	4.3915638989E-5	0.056030537226439	0.151254852524123		2018.0	0.0	0.0	0.0	0.0	53.3035955277623	67.4130722312174	56.2305982883883	70.3400749918434	0.0		0.0	0.0	0.0	0.0	3.0	0.0	0.0
"CAL194"	0.301806923004479	"CAL"	43.0	7.5	1.0	0.24	4.2			4.0	736.770820621919	718.427809490363	0.0	0.24002387264344	5.47625060957599	5.71627448221943	0.260491203484722	16.7021284568194	0.0	11.9572957317708			0.002062690851505	0.031038598503874	0.011674203632023	0.215715712699595	2018.0	0.0	0.27564956517658	0.0	0.27564956517658	81.8059882542585	119.156010624139	85.5083853712173	122.858407741097	0.0		0.0	0.0	0.0	0.0	0.0	2.0	0.0
"CAL191"	0.042617600318415	"CAL"	23.0	4.5	1.0					0.0	224.509714721853	104.984217541408	0.0	0.36232272029373	4.72752222759308	5.08984494788681	0.365312737058352	36.8574382198427	0.053495064899533	13.5407913964798			0.359403723938648				2018.0	0.0	0.47338989631977	0.0	0.47338989631977	48.6857125874265	62.2624373098752	53.2964897545157	66.8732144769643	0.0		0.0	0.0	0.0	0.0	3.0	0.0	0.0
"VAN53"	0.388909104810317	"VAN"	79.0	7.4	1.0					1.0	2304.36097998051	2300.49611318535	0.0	1.49518061007907	9.18324007583045	10.6784206859095	0.40764098542871	141.23414343489	170.365171085032	518.163091631208		0.040824070909719	0.003957652672421	0.054753891775259	0.308105386067773		2018.0	0.0	0.0	0.0	0.0	204.356802087506	307.717998301768	225.237509076715	328.598705290977	0.0	0.61071052589	0.0	0.0	1.0	0.0	2.0	1.0	0.0
"VAN56"	0.406304601632627	"VAN"	61.0	6.9	1.0					2.0	2479.59855882867	2447.66169074652	0.0	1.88882375301349	6.99960744914607	8.88843120215957	0.426875137225145	206.615350371879	125.799906847908	587.080622827172		0.005214089130393	0.012316870027008	0.127173519766579	0.282150779247721		2018.0	1.60057175032035	0.0	0.384357351786195	1.98492910210655	255.100709598559	412.807825693639	277.825787476497	435.532903571576	0.0	1.0362888732	0.0	0.0	6.0	0.0	1.0	0.0	0.0
"VAN57"	0.310062976315746	"VAN"	33.0	5.1	1.0					2.0	2045.96793875979	2106.89364565776	0.0	0.371070320142081	6.1231734017386	6.49424372188068	0.277519920055164	160.224912459144	108.122130488694	515.716213303748	0.003265501425202	0.022413101806652	4.05084521931E-4	0.025973427412808	0.225462804743133		2018.0	0.32067501737012	0.0	0.0	0.32067501737012	264.494416723783	405.555742604569	276.522956305052	417.584282185838	0.0	1.2526836069	1.0	0.0	6.0	0.0	0.0	0.0	0.0
"CAL183"	0.115987111602676	"CAL"	28.0	3.9	2.0					4.0	1755.589220999	1665.33142681691	0.0	0.568979343324712	6.61681776962132	7.18579711294603	0.422939051215368	173.658244404733	206.424638987284	465.306987770976			0.005875097015756	0.014951960854107	0.402111972553702		2018.0	0.598693034075637	0.0	0.0	0.598693034075637	261.620404655499	363.279463223608	273.478421889715	375.137480457824	0.0		0.0	0.0	0.0	0.0	7.0	1.0	0.0
"CAL182"	0.144690002982133	"CAL"	32.0	4.7	2.0					4.0	1610.54346590062	1507.27543375845	0.0	0.710841880844552	6.08815830762882	6.79900018847337	0.393581584818673	195.583840545661	150.692518698713	360.035544746152			0.010276218315788	0.014951960854107	0.368353446786108		2018.0	0.501415400838304	0.0	0.0	0.501415400838304	262.606337618192	360.515832605809	279.063912913125	376.973407900742	0.0		0.0	0.0	0.0	0.0	8.0	0.0	0.0
"CAL181"	0.161849781035982	"CAL"	27.0	5.9	1.0					1.0	2591.58236303339	2287.27954024103	0.0	0.0	4.57934900780279	4.57934900780279	0.311308132647111	536.870793945254	0.0	197.108834987892			0.284732455959854	0.024538356804353			2018.0	0.0	1.39534280523095	0.0	1.39534280523095	629.002875311081	844.890684009078	674.01958185196	889.907390549957	0.0		0.0	0.0	0.0	0.0	1.0	1.0	0.0
"CAL180"	0.468047756758698	"CAL"	25.0	7.2	1.0	0.109	3.14			0.0	630.530396677401	637.645161313339	0.0	0.109319975704923	3.36640955044823	3.47572952615315	0.195061884959466	25.754239524205	0.0	0.024584740079832			0.002892329001526	0.05457350919684	0.122351257467513	0.015244790394451	2018.0	0.0	0.011616673619168	0.0	0.011616673619168	101.85435233535	131.265340404715	107.75452780911	137.165515878475	0.0		0.0	0.0	0.0	0.0	2.0	0.0	0.0
"CAL178"	0.429191881704522	"CAL"	19.0	4.8	1.0	0.044	1.1			1.0	190.742097722187	175.033569656897	0.0	0.04437102311463	3.94351575702014	3.98788678013477	0.341414723871671	2.27298606213497	59.8247022211456	25.2253895906255		0.026104491512199	5.51277141599E-4	0.090528578559874	0.224230383955632		2018.0	0.0	0.461293585585609	0.0	0.461293585585609	19.7580782887352	28.1441344160906	22.3875401842916	30.773596311647	0.0	0.16278915163	0.0	0.0	0.0	0.0	1.0	0.0	0.0
"CAL177"	0.287109687024692	"CAL"	36.0	7.6	1.0					1.0	1208.10977075355	1143.35377394764	0.0	0.0	4.76663701968315	4.76663701968315	0.2191910489363	103.017939043347	0.0	2.61707409370188			0.006034648856619		0.034750005403512	0.178406394235992	2018.0	0.0	0.454536580651136	0.0	0.454536580651136	254.344954213897	361.288265027971	265.28558815398	372.228898968054	0.0		0.0	0.0	0.0	0.0	2.0	1.0	0.0
"VAN60"	0.221377017395671	"VAN"	72.0	6.2	1.0					5.0	4136.10931895749	3945.40327824728	0.0	1.70466655919646	9.98308906325101	11.6877556224474	0.446233515146057	170.128671069081	698.05952855408	1704.30667865209		0.023305162959991	8.10673726882E-4	0.024969539516254	0.397148151802821		2018.0	1.08199277117735	0.0	0.0	1.08199277117735	367.762140785261	512.019014256607	402.985370733479	547.242244204825	0.0	0.91832572466	4.0	0.0	4.0	0.0	4.0	0.0	0.0
"VAN61"	0.340306072598649	"VAN"	79.0	7.4	1.0					2.0	2151.03372010328	2089.91307706092	0.0	1.52647612199624	9.15899527513222	10.6854713971284	0.390704243171381	72.308938061377	202.431660460897	547.329508808347		0.028553354226277	0.01613569893468	0.025302287620738	0.320712904661536		2018.0	0.52155261614216	0.0	0.56520850926199	1.08676112540414	202.319253042779	282.760395956899	222.668082425394	303.109225339514	0.0	0.45348083212	0.0	0.0	5.0	0.0	1.0	0.0	0.0
"CAL174"	0.05503478444476	"CAL"	15.0	6.2	2.0					0.0	346.172920763972	335.19637800405	0.0	0.0	2.40973409374132	2.40973409374132	0.18911884429929	11.7510112833538	6.67148343486703	26.3422387940795				0.004212916450763	0.184905918497972		2018.0	0.0	0.158361074559015	0.0	0.158361074559015	32.4559427993547	45.8151378147101	32.8268608455698	46.1860558609252	0.0		0.0	0.0	0.0	0.0	2.0	0.0	0.0
"VAN62"	0.336927564545423	"VAN"	74.0	6.4	1.0					1.0	1940.70189369738	1984.23810580048	0.0	2.61620606868225	8.87117303007647	11.4873790987587	0.439032894444997	166.248465156411	354.49493970576	266.014202499525		0.020239911275855	0.038987913921666	0.01922464383685	0.360580413446708		2018.0	0.913273857556384	0.0	0.0	0.913273857556384	243.888122441861	404.924105349164	252.264696487055	413.300679394358	0.0	0.32123284665	3.0	0.0	4.0	0.0	1.0	1.0	0.0
"VAN63"	0.208802873760616	"VAN"	81.0	7.2	1.0					5.0	3082.2840473371	2950.32901537775	0.0	0.749077284351648	10.4270769536755	11.1761542380272	0.42390224201541	68.5835088512442	639.994669054471	1046.27317798184			3.8677320527E-4	0.057969917913456	0.365545546803867		2018.0	0.845892398568872	0.0	0.0	0.845892398568872	381.775900568616	539.500267826246	420.627647784943	578.352015042573	0.0	1.3931461486	5.0	0.0	11.0	0.0	0.0	0.0	0.0
"VAN64"	0.287761600811858	"VAN"	54.0	5.7	1.0					3.0	697.021731355626	744.996360936005	0.0	1.6054412183277	7.92654337824819	9.53198459657589	0.404294506288252	5.21963333576748	111.427026673451	27.1953404979029		0.02543539026749	0.015393294054199	0.016450583977794	0.347015244381136		2018.0	1.48335121269654	0.0	0.29271249859698	1.77606371129352	92.1928651821053	146.545301472852	96.2743361334056	150.626772424152	0.0	0.62564490092	1.0	0.0	0.0	0.0	0.0	0.0	0.0
"VAN65"	0.343131175286431	"VAN"	58.0	6.2	1.0					1.0	1925.38309142303	1969.97869031904	0.0	0.745631358281279	8.65004810398705	9.39567946226833	0.350922927877605	112.991648259513	185.011032910081	371.368628488247		0.010680256454595	0.032588081391859	0.021927724727511	0.285726883335303		2018.0	0.0	0.0	0.0	0.0	195.124016741203	285.415340664121	205.72415281225	296.015476735169	0.0	0.098895161043	0.0	0.0	2.0	0.0	0.0	0.0	0.0
"VAN66"	0.340348771833686	"VAN"	45.0	6.0	2.0					5.0	1551.17632557099	1573.01977036106	0.0	0.721403872660766	6.77174018186984	7.49314405453061	0.321735451564705	111.339856615167	269.46236341775	427.834056890618		0.030660191021516	0.007000483517686	0.022569016138251	0.261505759742026		2018.0	1.26058900129732	0.0	0.0	1.26058900129732	164.723454819893	282.931474418175	175.29607401155	293.504093609833	0.0	0.79742850349	2.0	0.0	1.0	0.0	2.0	0.0	0.0
"CAL165"	0.273826610502025	"CAL"	33.0	4.7	2.0					3.0	1253.42994345166	1124.45502449986	0.0	0.0	6.95306597334589	6.95306597334589	0.403983060564208	55.5373559872749	226.726106892938	264.101955500055		0.032675334837926	5.65476964548E-4	0.027306062587797	0.343436189402752		2018.0	0.0	0.0	0.0	0.0	155.901651729254	191.75141082835	182.789940088713	218.639699187809	0.0	1.224414395	0.0	0.0	0.0	0.0	2.0	1.0	0.0
"VAN67"	0.425353361375976	"VAN"	45.0	6.0	2.0					2.0	753.598367381727	792.133820611324	0.0	0.425946134323292	7.08444258163681	7.5103887159601	0.335922734712761	72.0674306449987	152.684811696534	55.1202487868297		0.047769355331236	0.013780158452463	0.025689643525379	0.248683577781319		2018.0	1.30624500735917	0.0	0.0	1.30624500735917	79.2809027438084	137.782710251153	83.6809612245236	142.182768731869	0.0	0.61547224259	1.0	0.0	4.0	0.0	2.0	0.0	0.0
"CAL163"	0.231713341293719	"CAL"	29.0	4.2	1.0					13.0	6042.32705154384	5715.22368609049	0.0	0.0	6.91705689952259	6.91705689952259	0.42184182155404	720.431048698621	198.265006372972	3564.97331478791		0.017751645023869	0.010897776956501	0.01544958037717	0.377413463829689	1.23143781627E-4	2018.0	0.456437110239398	0.0	1.10624190713495	1.56267901737435	270.85486139242	373.655187928132	322.344512903704	425.144839439416	0.0		0.0	0.0	0.0	0.0	1.0	2.0	0.0
"VAN68"	0.240561471264714	"VAN"	58.0	6.3	1.0					8.0	4440.14224449851	4104.65970184317	0.0	1.74575223465141	7.48134095632571	9.22709319097713	0.41882737257016	182.603207353696	421.937665832795	2422.49731732093			6.10530320534E-4	0.017309193006128	0.365659795609775	0.035247845825617	2018.0	1.27511236559634	0.0	0.6416035523347	1.91671591793104	282.40116682951	364.742901986034	322.264645965666	404.606381122189	0.0	0.76351865471	3.0	0.0	22.0	0.0	0.0	1.0	0.0
"VAN69"	0.270853867704571	"VAN"	66.0	6.7	1.0					1.0	2203.56515905663	2168.32610248519	0.0	2.12535210279602	7.6638716012421	9.78922370403812	0.340983707437092	108.993045372002	171.352745226156	453.856273934204		0.01212326306565	0.009946689838933	0.023040674226947	0.295873075700094		2018.0	0.0	0.0	1.4104615601734	1.4104615601734	239.778033361557	350.807981941308	257.420134282617	368.450082862369	0.0	0.033244751792	0.0	0.0	2.0	0.0	0.0	1.0	0.0
"CAL157"	0.262273006152027	"CAL"	29.0	4.5	1.0					1.0	1247.99976596373	1081.48396433355	0.0	0.0	6.37636798371904	6.37636798371904	0.381389694709777	30.8322812468764	203.430565967004	145.494825245842		0.031210431741184	2.87559076806E-4	0.022782667761019	0.327109031390687		2018.0	0.0	0.038794994834431	0.0	0.038794994834431	113.365457401355	136.180701654965	134.576502436106	157.391746689715	0.0		0.0	0.0	0.0	0.0	3.0	1.0	0.0
"VAN70"	0.17573004954998	"VAN"	49.0	6.2	1.0					3.0	2418.78108693564	2324.14634949818	0.0	1.05117705027187	6.90360887757433	7.95478592784621	0.328963907752808	88.6660103094284	274.511408839715	685.278923099917		2.1304117455E-5	0.004667692305405	0.024859594849088	0.299415300153758		2018.0	1.13627287783335	0.0	0.0	1.13627287783335	279.747822016122	423.187267050187	308.405170054693	451.844615088758	0.0	0.76133244993	1.0	0.0	3.0	0.0	0.0	0.0	0.0
"VAN71"	0.501412859377318	"VAN"	31.0	4.4	1.0					1.0	1351.31004532912	1320.88352205718	0.0	1.86786310930037	5.2580350334583	7.12589814275868	0.37568028742416	99.1524473410121	252.046148048501	214.226634484107		0.019317004486435	0.01437647259212	0.136739079008779	0.205247739657459		2018.0	1.50242282979275	0.0	0.0	1.50242282979275	209.098808604258	319.833594409484	214.755473310396	325.490259115622	0.0	0.10558503479	1.0	0.0	2.0	0.0	0.0	0.0	0.0
"CAL153"	0.277925706434922	"CAL"	21.0	5.2	1.0					3.0	578.711134948957	608.964839997574	0.0	0.0	4.00445287025132	4.00445287025132	0.259243364067686	2.09402371790466	153.449277408529	0.763987844818255		0.005261860255846	0.001056596328243	0.015923410256159	0.224767484323763		2018.0	0.0	0.36120813205573	0.0	0.36120813205573	96.6480925367126	138.53267374229	98.054318160529	139.938899366107	0.0		0.0	0.0	0.0	0.0	4.0	1.0	0.0
"VAN72"	0.395420493107752	"VAN"	44.0	6.4	1.0					5.0	1784.53575857252	1741.84604842908	0.0	1.82615536915927	5.09690861005819	6.92306397921747	0.289333308644288	46.2144235931562	96.3177827349098	510.457870735902		0.01782805828797	0.006530911994903	0.002400773245205	0.223082254946968	0.039491313430642	2018.0	0.00569653538117	0.0	0.0	0.00569653538117	197.793485377734	337.300520131634	214.646825032168	354.153859786069	0.0	0.4555348053	0.0	0.0	1.0	0.0	0.0	0.0	0.0
"VAN73"	0.442258429609914	"VAN"	55.0	6.0	1.0					2.0	1438.64919335694	1512.23174490371	0.0	1.84948625637173	7.38243024191019	9.23191649828193	0.383089750934128	127.329194721489	155.151974238831	195.041205560782		0.025986412553019	0.029972622088149	0.045371133904971	0.281759575588809		2018.0	0.0	0.0	0.594780072352448	0.594780072352448	167.557518813698	265.892401689298	172.623772449779	270.958655325379	0.0	0.72353599473	0.0	0.0	3.0	0.0	3.0	0.0	0.0
"CAL150"	0.726497098485331	"CAL"	26.0	5.9	3.0					2.0	406.641020800625	396.022865528002	0.0	0.0	4.39232300262823	4.39232300262823	0.367472608126792	12.5675090963031	140.389104398315	60.5902029163697		0.01068792720292	0.053616683588054	0.045430193425018	0.150662204856329	0.10305683839158	2018.0	0.0	0.48066038128884	0.0	0.48066038128884	35.5837865054019	50.4593393093982	44.2829282093437	59.15848101334	0.0	0.76870005621	0.0	0.0	0.0	0.0	0.0	1.0	0.0
"VAN74"	0.544745752288278	"VAN"	49.0	7.0	2.0					3.0	1687.75715413767	1826.42434437989	0.0	0.727508420542473	6.31769938169377	7.04520780223624	0.40896290832414	160.895820689598	104.721176978571	301.333650130458		0.109740553782277	0.006690931124939	0.072297024075297	0.220234403052588		2018.0	1.73543168532222	0.0	0.0	1.73543168532222	153.528261802777	259.759952899582	165.455829058862	271.687520155666	0.0	0.80103114149	3.0	0.0	7.0	0.0	4.0	1.0	0.0
"VAN75"	0.314454381287356	"VAN"	45.0	5.0	1.0					1.0	1294.13027106137	1241.55657260218	0.0	0.45316895811752	8.49626390193083	8.94943286004835	0.391188387495673	88.3883002337696	98.1316415030466	65.6456021276839		0.02011138233664	0.00392723916173	0.045870699572493	0.3212790416285		2018.0	0.949698902206839	0.0	0.0	0.949698902206839	141.872714619027	236.849455951483	153.34645116139	248.323192493845	0.0	0.4564278346	1.0	0.0	1.0	0.0	1.0	0.0	0.0
"VAN76"	0.451505632022581	"VAN"	56.0	7.9	1.0					4.0	1717.30666159564	1704.19119441834	0.0	2.11546180147922	4.95076466274687	7.06622646422609	0.266707650041631	95.1487772651088	107.313462188128	368.225024708156		0.007073141261743	0.036649839300898	0.034432301830146	0.188552364624829		2018.0	0.473565058672503	0.0	0.061161582735112	0.534726641407615	189.510990398315	277.690470322103	200.226080329409	288.405560253198	0.0	0.78534445326	0.0	0.0	0.0	0.0	1.0	0.0	0.0
"CAL132"	0.21530798275878	"CAL"	17.0	6.1	1.0					0.0	461.066638425639	420.264356798969	0.0	0.0	2.78016542991877	2.78016542991877	0.162853992691916	32.7853398063624	99.4513438784568	90.59549055592		3.79383912224E-4	6.091044755E-6	0.02255558708433	0.139912932397418		2018.0	0.0	0.0	0.0	0.0	70.8168795706306	91.9134234592645	74.7663346217026	95.8628785103365	0.0		0.0	0.0	0.0	0.0	3.0	0.0	0.0
"CAL131"	0.3670589811935	"CAL"	30.0	4.4	1.0					4.0	1362.09396538074	1289.53211845706	0.0	0.906048090714812	5.8814339203533	6.78748201106811	0.397903210253461	124.061337996563	202.082826933809	352.653921197207		0.008947776509397	0.00911748602547	0.081997445495716	0.297840500986003		2018.0	0.952921353575301	0.251458378359211	0.192165336390253	1.39654506832476	157.696077305849	200.321598896203	171.678326025713	214.303847616066	0.0	0.67546936975	0.0	0.0	0.0	0.0	3.0	2.0	0.0
"CAL13"	0.273796439234799	"CAL"	18.0	4.5	1.0					1.0	738.989083393898	732.454473996786	0.0	0.0	3.97851045494866	3.97851045494866	0.296855769934035	19.0709690697108	3.16231164108657	14.9648273430702			0.008445489890011	0.042010701331022	0.246399576082442		2018.0	0.0	0.030629199871026	0.0	0.030629199871026	85.6412212288137	127.370183230266	90.5245253124977	132.25348731395	0.0		0.0	0.0	0.0	0.0	1.0	1.0	0.0
"CAL127"	0.305358831609748	"CAL"	17.0	4.5	1.0					0.0	932.02648561288	947.768121637603	0.0	0.0	3.81655323835219	3.81655323835219	0.262883508845815	43.0207127940442	0.064240880253342	0.0			0.015090688347087	0.033619747371	0.214173073393729		2018.0	0.0	0.367310380531002	0.0	0.367310380531002	126.239236124962	171.948449891865	128.965676093146	174.674889860049	0.0		0.0	0.0	0.0	0.0	1.0	0.0	0.0
"CAL124"	0.221504670955226	"CAL"	21.0	3.8	1.0					4.0	1192.95866726261	1015.10556871507	0.0	0.0	5.48397418863556	5.48397418863556	0.343214152782913	53.9057399408309	210.259398007553	212.210428654531		0.006357966869949	0.002042006073277	0.031215468640552	0.303598707128944		2018.0	0.0	0.164904655994088	0.814552438641928	0.979457094636016	159.242099057495	191.782984949795	179.989714756307	212.530600648607	0.0	0.10352190808	0.0	0.0	0.0	0.0	1.0	3.0	0.0
"CAL122"	0.254309032149012	"CAL"	26.0	4.4	2.0					1.0	1374.7612940448	1197.0607004094	0.0	0.0	5.92933316418177	5.92933316418177	0.391846582909011	33.2709587753909	190.747791233274	97.1552187061416		0.041409575229081	5.2757308506E-5	0.014747520432023	0.335636727983479		2018.0	0.0	0.0	0.0	0.0	296.754905911531	376.278658986126	316.851291636822	396.375044711417	0.0		0.0	0.0	0.0	0.0	1.0	1.0	0.0
"VAN88"	0.3992278926165	"VAN"	9.0	5.7	1.0					0.0	40.7914931789597	45.0968084483741	0.0	1.12953160182315	0.461607383287275	1.59113898511043	0.15897743576347	2.66060087958566	8.52521161502106	3.43252475424172		0.031039614350892	0.006191567145849	0.116958649166291	0.004787607779626		2018.0	0.0	0.0	0.0	0.0	3.00543013520313	6.34654893008806	3.3731108806598	6.71422967554473	0.0		0.0	0.0	0.0	0.0	0.0	0.0	0.0
"VAN90"	0.293742005436854	"VAN"	87.0	8.4	2.0					5.0	5024.13965315099	4693.04436745073	0.0	1.38350234494399	8.92719970466298	10.3107020496069	0.398481399549733	247.434442187327	490.84805841406	2716.3789786061		0.021851880460247	0.002338567684982	0.040758478440553	0.333532473364084		2018.0	1.22657590087687	0.0	0.0	1.22657590087687	376.009400612694	457.013677565015	435.625141545232	516.629418497553	0.0	0.90151731494	9.0	0.0	9.0	1.0	1.0	0.0	0.0
"CAL113"	0.66930144252151	"CAL"	20.0	5.9	2.0					1.0	670.098658536666	662.742916202789	0.0	0.0	3.37604956918278	3.37604956918278	0.234694763102307	14.5667860666642	28.7551251149824	52.3771647461175		0.046339882286861	1.76072451558E-4	0.044171260261183	0.104004059212288	0.040003483095717	2018.0	0.0	0.0	0.49907553229907	0.49907553229907	59.7225978441313	90.0424754546233	67.0092702566358	97.3291478671278	0.0		0.0	0.0	0.0	0.0	2.0	1.0	0.0
"VAN93"	0.352842065661796	"VAN"	50.0	8.6	2.0					4.0	2030.66404812891	1839.50106375429	0.0	0.438604716133047	5.39888695372592	5.83749166985897	0.255152976812852	75.8698721620329	430.372772910899	910.322159332976		0.015550628648144	5.48793982123E-4	0.040899772205891	0.197683598082019	4.70180168605E-4	2018.0	0.584072295206794	0.0	0.0	0.584072295206794	215.987700926175	271.958214653062	235.303840039816	291.274353766703	0.0	0.42719405942	5.0	0.0	9.0	0.0	0.0	0.0	0.0
"CAL109"	0.355170705507762	"CAL"	14.0	3.4	2.0					2.0	1424.40004189333	1390.87935339679	0.0	0.0	4.08055729081598	4.08055729081598	0.306424087058418	97.4947081676256	24.6229280527195	87.9219989776693		0.025189639963575	3.60733188886E-4	0.04399653259442	0.236876040500854		2018.0	0.0	0.229520492331716	0.0	0.229520492331716	243.080767847116	322.30590221023	266.53337238975	345.758506752865	0.0		0.0	0.0	0.0	0.0	1.0	2.0	0.0
"VAN95"	0.557725645863741	"VAN"	18.0	8.19999999999999	1.0					1.0	353.660469825856	353.519928397455	0.0	0.116042279117916	2.06702512193465	2.18306740105257	0.132423999608771	0.393235131169526	0.247215143445131	104.457246873675			0.004402510227544	0.043833267702957	0.067370237000061		2018.0	1.61541052219386	0.0	0.0	1.61541052219386	33.7287999037495	48.4288784077662	35.945303659958	50.6453821639746	0.0		2.0	0.0	0.0	0.0	0.0	0.0	0.0
"CAL107"	0.209213172364153	"CAL"	13.0	5.0	1.0					0.0	966.537722329313	975.983135993321	0.0	0.0	2.60535225002422	2.60535225002422	0.176206919703001	67.3216287397834	5.61746979405048	36.1140798437847		0.01107618481668	0.001702685782725	0.004569417690749	0.158858628618615		2018.0	0.0	0.297421993484568	0.0	0.297421993484568	176.430308585395	240.221888813778	190.475696258556	254.267276486938	0.0		0.0	0.0	0.0	0.0	1.0	0.0	0.0
"CAL104"	0.270967201398717	"CAL"	16.0	5.0	1.0					0.0	861.470335781296	802.910857703651	0.0	0.0	3.18683100944906	3.18683100944906	0.236441530384486	66.0643626392483	15.2410830488093	54.6381296764414		0.020381973271077	0.001720253557341	0.01162066212641	0.202718640653502		2018.0	0.0	0.103777815698857	0.0	0.103777815698857	113.30949284514	159.683544965101	124.412057570351	170.786109690312	0.0		0.0	0.0	0.0	0.0	1.0	0.0	0.0
"VAN97"	0.143138434078544	"VAN"	26.0	5.8	1.0					6.0	2031.06826111502	1988.39970902374	0.0	0.97475854554512	3.46981766464572	4.44457621019084	0.212080391003631	129.866482344443	300.999064174468	934.262391347472		6.6119064747E-5	0.006812366427687	0.006347840544182	0.19885406249487		2018.0	1.31572224660102	0.0	0.010263605514125	1.32598585211515	148.359226760015	201.963126679787	167.448592865135	221.052492784906	0.0	0.64642427487	3.0	0.0	4.0	0.0	0.0	1.0	0.0
"CAL103"	0.364398273623686	"CAL"	23.0	5.3	1.0					1.0	1279.34540126426	1206.16395440301	0.0	0.0	4.31131997764242	4.31131997764242	0.294990764535174	114.672655549448	1.22631892175239	81.2429600249001	2.8866139521E-5	0.0082916259041	8.10304296876E-4	0.076209379025616	0.209650591248482		2018.0	0.0	0.441285002360969	0.0	0.441285002360969	213.189693347995	297.247487816565	229.512297103216	313.570091571786	0.0		0.0	0.0	0.0	0.0	1.0	1.0	0.0
"VAN98"	0.465450699841975	"VAN"	25.0	5.6	1.0					2.0	549.977123887153	511.8136469661	0.0	1.1681207859603	3.29267843150829	4.4607992174686	0.213304378264561	21.6603932275958	72.670925903924	76.8900450426856		0.035215888635183	0.007198131204376	0.022889728115419	0.147767717696161		2018.0	0.0	0.0	1.03025667086132	1.03025667086132	60.0894174872752	99.1016758144215	61.4603597585868	100.472618085733	0.0	0.086258635501	0.0	0.0	1.0	0.0	2.0	0.0	0.0
"CAL100"	0.518303837476309	"CAL"	18.0	4.5	2.0					1.0	1270.07158242272	1201.89982978788	0.0	0.0	4.0089986449729	4.0089986449729	0.32708471443555	93.1327705562798	8.53043857217652	61.1040836382753		0.030150298474665	0.0023219646005	0.05527020780113	0.217339469738482	0.022002766307285	2018.0	0.0	0.490372272426403	0.0	0.490372272426403	199.381922423931	265.366568060281	218.180721812645	284.165367448995	0.0		0.0	0.0	0.0	0.0	3.0	1.0	0.0
"VAN99"	0.202985348032545	"VAN"	71.0	7.2	1.0					1.0	3506.1967411294	3342.82893124379	0.0	1.14072020894088	8.78249483650703	9.92321504544792	0.390965516011629	91.3871873869343	662.648243102086	1502.61657763183		0.026908707854528	2.2526766661E-5	0.013027503541622	0.351006783374037		2018.0	1.49323147791801	0.0	0.0	1.49323147791801	370.872833366744	451.758360474326	425.656290619511	506.541817727093	0.0	0.39596271664	7.0	0.0	12.0	0.0	1.0	1.0	0.0
"PEL34"	0.096395223366238	"PEL"	32.0	9.8	1.0	0.01	0.31	5.0	1.525	0.0	683.707543003531	722.706220833484	0.0	1.42084544034405	1.85759268065653	3.27843812100058	0.177691897028577	24.0872238310436	0.0	5.8545699831126			5.4235008301E-5	0.008054558275649	0.169583109363257		2018.0	0.0	0.335957405073325	0.0	0.335957405073325	91.6557972186396	143.439662774028	97.5466299403072	149.330495495696	0.0		0.0	0.0	0.0	0.0	0.0	0.0	0.0
"PEL137"	0.057235387515428	"PEL"	17.0	4.9	1.0			1.0	0.288	2.0	672.477983048724		0.0	0.0	3.47027583514514	3.47027583514514	0.208167300948806	51.5089518930938	0.817602411001489	5.72321687701042			0.004874910878921		0.203292386601129		2018.0	0.0	0.638448430432799	0.0	0.638448430432799	143.08042192526	194.998175023855	152.482849651777	204.400602750372	0.0		0.0	0.0	0.0	0.0	0.0	0.0	0.0
"PEL3"	0.473382693890878	"PEL"	23.0	6.4	1.0	1.158	32.0399999999999	1.0	0.277	4.0	1356.34099307613	1350.75780213463	0.0	1.55547266410632	2.05882557702632	3.61429824113264	0.221053267405523	62.9208127017569	17.9454106651709	201.597250738893	0.016727839736444		0.010515781503542	0.014483628154068	0.164395024207041	0.014930994588841	2018.0	0.0	0.762913029063147	0.0	0.762913029063147	169.380235002033	243.465392262847	189.452663933471	263.537821194284	0.0		0.0	0.0	0.0	0.0	0.0	0.0	0.0
"PEL132"	0.020941892020089	"PEL"	27.0	5.2	1.0	0.532	10.33	2.0	0.388	0.0	1738.77486982283	631.284811691152	0.0	0.763087408451144	4.38710520274792	5.15019261119906	0.282323986346711	135.180986255712	0.0	61.5056804585172			0.001908327128398		0.280415666342827		2018.0	0.0	0.162441424000905	0.0	0.162441424000905	280.992741607665	415.652588354046	307.373235311967	442.033082058348	0.0		0.0	0.0	0.0	0.0	0.0	0.0	0.0
"PEL20"	0.34409275264859	"PEL"	19.0	4.4	1.0	0.638	14.65	2.0	0.459	2.0	1302.84625429771	1342.13769851102	0.0	1.61952136462773	2.73489202610694	4.35441339073467	0.298137479614583	39.006372553915	18.1236079902625	128.975165593708		0.024212140812541	0.00270859666793	0.03298944007568	0.238227314799241		2018.0	0.524600120363683	0.606542745078579	0.244032054186547	1.3751749196288	139.493616368612	220.105357358231	149.373191550297	229.984932539916	0.0		0.0	0.0	0.0	0.0	0.0	0.0	0.0
"PEL69"	0.109632170439497	"PEL"	14.0	4.7	1.0			1.0	0.339	1.0	744.973513499858	764.234515499119	0.0	0.42808666228302	2.52496414894912	2.95305081123214	0.184851733167364	5.02810490129671	9.81312563670836	31.8403944553707		0.009438019863664	1.29046964983E-4		0.175154612386582	1.30064284379E-4	2018.0	0.0	0.0	0.0	0.0	86.4755260244274	138.414786600839	91.77014930002	143.709409876431	0.0		0.0	0.0	0.0	0.0	0.0	0.0	0.0
"PEL65"	0.298093759959363	"PEL"	14.0	4.4	1.0	0.663	20.93	3.0	0.947	1.0	533.150548840769	583.457202361551	0.0	0.662974704481644	2.50404653175582	3.16702123623747	0.201186413907301	8.60746630433948	2.6020894316505	1.61099120872652			0.025317294423648	0.010772756773762	0.165096353179885		2018.0	0.0	0.567455588668124	0.0	0.567455588668124	50.4872616065845	88.0941789054301	52.9574521086488	90.5643694074944	0.0		0.0	0.0	0.0	0.0	0.0	0.0	0.0
"PEL66"	0.37595684129234	"PEL"	18.0	5.4	1.0			1.0	0.303	1.0	784.406114450693	830.688081935595	0.0	0.633157612215999	2.67257700825435	3.30573462047035	0.211094706774165	33.3196017199172	7.07554282965567	45.2684395700058		0.065480431318641		0.005576305450489	0.140037969698277		2018.0	0.0	0.332396544085554	0.0	0.332396544085554	100.599228272267	157.60418282128	110.651982365145	167.656936914158	0.0		0.0	0.0	0.0	0.0	0.0	0.0	0.0
"PEL47"	0.290582966182885	"PEL"	19.0	4.9	1.0					1.0	987.867770889541	998.146760497315	0.0	0.459271563762707	3.43389394287709	3.8931655066398	0.293384647846403	5.46274620771381	16.1822916435814	77.349212743701	0.004404331771079	0.012782301337386	6.5685654585E-4	0.025962502576134	0.249578653677002		2018.0	0.0	0.383465947966921	0.0	0.383465947966921	108.855238584255	154.111432200528	118.340885479165	163.597079095439	0.0		0.0	0.0	0.0	0.0	0.0	0.0	0.0
"PEL136"	1.90952786618E-4	"PEL"	14.0	3.7	1.0			2.0	0.532	1.0	658.701222948549		0.0	0.058517342108568	3.69795237603508	3.75646971814364	0.214357328375994	35.9172562527257	1.4444776711565	3.17767014067609			0.214357326894235				2018.0	0.0	0.728059945383111	0.0	0.728059945383111	131.466381689968	180.67325423436	140.397626824497	189.604499368889	0.0		0.0	0.0	0.0	0.0	0.0	0.0	0.0
"PEL57"	6.33629713016E-4	"PEL"	3.0	3.6	1.0					0.0	179.963834919367	172.942237938843	0.0	0.0	0.840338598367381	0.840338598367381	0.058255711934872	3.50865694599597	2.24725368084987	1.33029147750666					0.058255711068079		2018.0	0.0	0.0	0.0	0.0	28.1381437803283	44.9022427316861	29.3306588331138	46.0947577844716	0.0		0.0	0.0	0.0	0.0	0.0	0.0	0.0
"PEL135"	0.298531402022832	"PEL"	21.0	4.9	1.0					0.0	275.146025814871	0.265321225440869	0.0	0.315311717936352	3.95182469458352	4.26713641251987	0.272653310070872	14.5633393987652	1.10938185181592	0.354296215474417			0.011250603298146	0.039766371750801	0.22163633382554		2018.0	0.0	0.074653293042519	0.0	0.074653293042519	49.734750688544	66.4362655682604	53.6444072468672	70.3459221265837	0.0		0.0	0.0	0.0	0.0	0.0	0.0	0.0
"PEL43"	0.154001542334694	"PEL"	18.0	5.4	1.0	0.313	9.46	1.0	0.302	1.0	988.654653402191	970.393942847814	0.0	1.17328903099582	2.13503109730937	3.30832012830519	0.196340762210397	21.0617785925733	0.0	10.6793678831006	0.001834880511031		0.013250887193741		0.181254992216842		2018.0	0.0	0.662028315639039	0.0	0.662028315639039	151.25552925422	211.058179203039	168.347346010942	228.14999595976	0.0		0.0	0.0	0.0	0.0	1.0	0.0	0.0
"PEL39"	2.2997602551E-4	"PEL"	9.0	4.7	1.0					0.0	294.656755503027	285.780545999846	0.0	0.0	1.89881944768151	1.89881944768151	0.175285404898925	6.98857791276615	43.7924274080502	3.76162316051431					0.175285403362902		2018.0	0.0	0.034516499387339	0.0	0.034516499387339	53.6887692903137	76.1193930307852	58.6083017795396	81.038925520011	0.0		0.0	0.0	0.0	0.0	0.0	0.0	0.0
"PEL23"	0.263355049414438	"PEL"	16.0	4.5	1.0	0.005	0.14	1.0	0.279	3.0	1349.45106684274	1498.59256502232	0.0	1.2543134389705	2.3283249899498	3.5826384289203	0.222170829075376	112.967416187885	34.4684863167597	104.240273091586		0.02367810141181	1.60059533906E-4	0.009167100139448	0.189165559407175		2018.0	0.0	0.199286515076792	0.0	0.199286515076792	185.853352403603	276.413853168345	194.752004750937	285.312505515679	0.0		0.0	0.0	0.0	0.0	1.0	0.0	0.0
"PEL6"	0.150438510116497	"PEL"	10.0	4.7	1.0					0.0	335.731508308839	336.662323583985	0.0	0.38455224152379	1.75886864468986	2.14342088621365	0.143355169082804	0.001013952658643	48.6108830729061	5.83190577360723		0.001688757173234		0.008712761917558	0.132953649028013		2018.0	0.0	0.0	0.0	0.0	49.7771587900172	72.9185106783481	53.0712777574561	76.212629645787	0.0		0.0	0.0	0.0	0.0	0.0	0.0	0.0
"PEL130"	0.152465267137772	"PEL"	7.0	3.4	1.0	0.608	29.1999999999999	1.0	0.48	2.0	533.186875701008	0.978157488697193	0.0	1.64239463592148	0.439518030970656	2.08191266689214	0.164342699922585	37.7653438359948	0.799026771738834	2.39019897217723			0.149992015131795	0.014350683939181			2018.0	0.0	0.590809336239443	0.012422531948619	0.603231868188062	107.741016382306	150.026251297063	114.557867754844	156.843102669601	0.0		0.0	0.0	0.0	0.0	0.0	0.0	0.0
"PEL27"	0.317653740269991	"PEL"	16.0	5.3	1.0	0.233	7.75	2.0	0.665	2.0	597.14020201823	617.705294196021	0.0	1.47311420973934	1.53522105710446	3.0083352668438	0.191375740175847	31.5838170611146	42.5277621033917	40.9646829000372			0.001473906812751	0.01003626949871	0.15603735913214	0.023828206349368	2018.0	0.0	0.595871012185967	0.354714027636844	0.950585039822811	59.6211561002233	92.2767181749669	68.8922183631735	101.547780437917	0.0		0.0	0.0	0.0	0.0	0.0	0.0	0.0
"PEL18"	0.549940093778958	"PEL"	4.0	5.6	1.0			1.0	1.39	0.0	368.968295960637	391.931761644314	0.0	0.552796715084569	0.166765962167537	0.719562677252106	0.05524533250254	17.8162623777983	6.44359008734861	14.5187394279606		0.003668720277769	0.01047648776324	0.007523259087759	0.033576863976562		2018.0	0.0	0.104478229277407	0.0	0.104478229277407	43.9400876571417	63.9875212212132	47.4464991025815	67.493932666653	0.0		0.0	0.0	0.0	0.0	0.0	0.0	0.0
"PEL51"	0.056285403822312	"PEL"	17.0	4.4	1.0	0.105	2.69	1.0	0.256	0.0	1987.67142151137	2010.69959337348	0.0	0.969363083967364	2.93588002432761	3.90524310829498	0.238356678313984	129.489289777839	0.0	29.6673262601481			0.005466469901758		0.23289020478355		2018.0	0.0	0.096744012705323	0.804546563499032	0.901290576204356	343.435387589206	493.275822835905	368.782408395167	518.622843641866	0.0		0.0	0.0	0.0	0.0	0.0	0.0	0.0
"PEL121"	1.41013781344E-4	"PEL"	61.0	8.3	1.0	0.272	3.71	1.0	0.136	6.0	2170.07008720398	617.876460548621	0.0	1.09615774437242	6.23964475083648	7.3358024952089	0.297434652131219	245.194915943922	0.0	52.3223423675996					0.297434655028426		2018.0	0.0	0.775683297869099	0.711391425895287	1.48707472376438	477.526311804038	602.815859822211	528.584008714066	653.873556732239	0.0		0.0	0.0	0.0	0.0	0.0	0.0	0.0
"PEL55"	1.84669027292E-4	"PEL"	14.0	4.5	1.0			2.0	0.642	0.0	1718.35907643787	1797.51223069637	0.0	0.92641271331309	2.18663777681636	3.11305049012945	0.222255664514898	230.077241435728	0.0	198.59309412598					0.222255658926901		2018.0	0.0	0.071710351972177	0.0	0.071710351972177	277.351028626504	398.426459687355	298.496596300388	419.572027361239	0.0		0.0	0.0	0.0	0.0	0.0	0.0	0.0
"PEL84"	0.596364072644274	"PEL"	9.0	3.6	1.0	0.404	16.35			1.0	226.419457029965	221.198176495236	0.0	0.396379106925512	2.07418216572677	2.47056127265228	0.170281455717241	5.10784999150394	13.1621897190863	8.47803836848479		0.041909769533341	0.012743285636615		0.090112558364335	0.025515841989716	2018.0	0.0	0.708068316399157	0.0	0.708068316399157	28.5187834664173	40.9960894420899	31.5536572292925	44.0309632049651	0.0		0.0	0.0	0.0	0.0	0.0	0.0	0.0
"PEL31"	0.452875502194085	"PEL"	17.0	5.2	1.0			5.0	1.535	0.0	1150.24031062305	1170.04176333681	0.0	0.570328433987781	2.68789788377991	3.25822631776769	0.236160274743236	16.2759818753948	75.0337159061877	89.7755300983474		0.038735169097366	0.001628722627535	0.015719737017423	0.170104926000551	0.009971713922255	2018.0	0.0	0.661303181366713	0.0	0.661303181366713	159.552420024074	226.140953997832	172.32887354348	238.917407517238	0.0		0.0	0.0	0.0	0.0	0.0	0.0	0.0
"PEL37"	0.047538626537595	"PEL"	17.0	5.5	1.0			5.0	1.621	0.0	1021.13607988028	1084.91008201394	0.0	0.0	3.08470679399805	3.08470679399805	0.189474231052964	72.1878392661822	0.0	56.7538467890029			0.003506153023827		0.185968078732312		2018.0	0.0	0.054642411261299	0.0	0.054642411261299	121.632161219882	184.339136920623	126.398034394313	189.105010095054	0.0		0.0	0.0	0.0	0.0	0.0	0.0	0.0
"PEL1"	0.352224060460334	"PEL"	19.0	4.9	1.0			1.0	0.26	0.0	874.799612802296	908.503424849446	0.0	0.089128915952368	3.76051198323074	3.8496408991831	0.313265638967465	20.2140962007358	270.336032327255	107.081707859144		0.021949068396475	1.2335540047E-4	0.05034739810929	0.24084581872903		2018.0	0.0	1.26562541630963	0.0	1.26562541630963	88.4289376530711	141.286187205462	95.1551358525197	148.01238540491	0.0		0.0	0.0	0.0	0.0	0.0	0.0	0.0
"PEL41"	0.276878318168403	"PEL"	19.0	5.8	1.0			2.0	0.614	2.0	738.488194822392	760.905494735763	0.0	0.337549485670334	2.91780838639035	3.25535787206069	0.212550502710095	13.0825831833563	104.945274167436	67.2686610030566	0.002670967456485	0.037455128755965	2.20832476025E-4		0.172203574601269		2018.0	0.0	0.082374416613906	0.0	0.082374416613906	81.2615918709955	114.674882047942	93.1796536911593	126.592943868106	0.0		0.0	0.0	0.0	0.0	0.0	0.0	0.0
"PEL87"	0.48965035908873	"PEL"	16.0	4.2	1.0	1.415	37.1499999999999			1.0	1307.984076175	1314.72734177968	0.0	1.41505385060663	2.39411571098512	3.80916956159175	0.233446598756861	43.5370912048184	16.0353506445513	41.1878033061286	2.97791220874E-4	0.047852006051933	0.007085342883005	0.021358053502013	0.155787197352628	0.001066204190032	2018.0	0.0	0.813106859868833	0.0	0.813106859868833	169.101863521567	241.88936154805	182.327069340657	255.11456736714	0.0		0.0	0.0	0.0	0.0	0.0	0.0	0.0
"PEL42"	0.237009502696364	"PEL"	14.0	4.5	1.0			3.0	0.957	1.0	1215.28283144877	1229.40543733875	0.0	1.56954119121857	1.56652798463137	3.13606917584995	0.180589917444686	88.663073959814	0.153137395221362	116.690828343397	0.001656908051939	0.021205874740089	3.32788720446E-4	0.001055518931947	0.156338820784483		2018.0	0.0	0.120541237505742	0.0	0.120541237505742	181.374726605426	267.381791491557	195.086499305762	281.093564191893	0.0		0.0	0.0	0.0	0.0	0.0	0.0	0.0
"PEL49"	0.397492180308506	"PEL"	15.0	4.5	1.0	0.206	6.25	4.0	1.213	2.0	682.004270022387	681.932272962954	0.0	1.63038910616949	1.66817733205899	3.29856643822848	0.183256202033268	26.171022139286	25.7103116172022	52.6047222069569		0.020908605469327	0.014581442477184	0.006810128853687	0.140956024665469		2018.0	0.149871098251131	0.280938253565292	0.0	0.430809351816423	80.9870632165806	125.254370973439	91.8408624385637	136.108170195422	0.0		0.0	0.0	0.0	0.0	0.0	0.0	0.0
"PEL13"	0.049549710200939	"PEL"	17.0	4.1	1.0			4.0	0.957	0.0	1807.57030202956	1889.59781314595	0.0	0.226392495743739	3.95371651756107	4.18010901330481	0.267395471513914	92.3716196299112	5.41252485056327	80.0891220958517				5.58956540066E-4	0.262607979038491	0.004228531960997	2018.0	0.837970691572003	0.0	0.0	0.837970691572003	256.770387212262	362.213000509197	265.883947172525	371.32656046946	0.0		0.0	0.0	0.0	0.0	0.0	0.0	0.0
"PEL82"	0.020831877041539	"PEL"	15.0	5.1	1.0	0.146	4.94	2.0	0.677	1.0	1220.06316983091	754.04739770649	0.0	1.00986130378328	1.94482727124686	2.95468857503014	0.200705049331271	67.2701700017843	0.0	23.7268581107646			0.001344470323406		0.199360578114487		2018.0	0.0	0.330313511999319	0.0	0.330313511999319	181.45339592159	284.311391018236	194.279159647503	297.137154744149	0.0		0.0	0.0	0.0	0.0	0.0	0.0	0.0
"PEL133"	0.11305738040676	"PEL"	24.0	5.9	1.0			2.0	0.495	0.0	1325.31314126209		0.0	0.0	4.03863628538695	4.03863628538695	0.240134219906915	116.015100150457	0.0	11.7255163836474			0.013781334663534		0.226352883304103		2018.0	0.0	0.183659785072954	0.0	0.183659785072954	257.694651687192	367.692804972194	271.601438095702	381.599591380704	0.0		0.0	0.0	0.0	0.0	0.0	0.0	0.0
"PEL79"	0.049474647102369	"PEL"	21.0	4.2	1.0			2.0	0.4	1.0	2252.81215961745	1379.53264901778	0.0	0.625975619489304	4.37572441058713	5.00170003007643	0.324084380781395	212.356015362438	0.0	18.4958826760194			0.006317721770509		0.317766659138772		2018.0	0.0	0.899268618119997	0.62597405926458	1.52524267738457	435.915551114901	632.672578160079	456.197989199832	652.95501624501	0.0		0.0	0.0	0.0	0.0	0.0	0.0	0.0
"PEL56"	0.415018809095939	"PEL"	24.0	5.1	1.0	0.953	20.2899999999999	1.0	0.213	2.0	1603.42587786363	1632.88007664765	0.0	1.8012341259713	2.89613579618405	4.69736992215535	0.314429221636196	178.871782162632	0.724143781121301	157.536827785599			0.03120709875377	0.060820089846212	0.221677953416811		2018.0	0.0	0.836963902897611	0.0	0.836963902897611	253.907128977663	368.45572603033	273.546691513527	388.095288566194	0.0		0.0	0.0	0.0	0.0	0.0	0.0	0.0
"PEL21"	0.50942191721891	"PEL"	19.0	6.1	1.0			1.0	0.324	1.0	408.630005725968	416.955881399815	0.0	0.571073269341417	2.51897361121026	3.09004688055168	0.158088614211893	28.6224298644815	6.63499973638239	7.43640090257387		0.093206277617155	0.002493764931599	0.019920240754795	0.042468325659799		2018.0	0.0	0.734031639091811	0.0	0.734031639091811	61.2023765460231	91.6884035515222	65.5999537986978	96.0859808041969	0.0		0.0	0.0	0.0	0.0	0.0	0.0	0.0
"PEL44"	0.390424209167809	"PEL"	14.0	4.1	1.0			1.0	0.289	2.0	1088.84157406565	1128.6948283593	0.0	1.02283288312299	2.43168604775004	3.45451893087303	0.264811472072291	51.0883250663122	13.8224353409318	33.0400548453564		0.047651413197008	5.12147555578E-4	0.022724685835783	0.193923210677475		2018.0	0.0	0.913611956987106	0.010289229034265	0.923901186021371	144.838501015194	216.472611421792	156.507314913723	228.141425320322	0.0		0.0	0.0	0.0	0.0	0.0	0.0	0.0
"PEL8"	1.42167778847E-4	"PEL"	21.0	4.7	1.0			5.0	1.108	1.0	2784.40150925556	2872.30465899117	0.0	0.367667097816905	4.14517076401202	4.51283786182892	0.294829525833379	305.373226194915	0.0	130.32229003575					0.294829527948322		2018.0	0.0	0.252034166352585	0.0	0.252034166352585	486.335223808295	713.656560067663	510.599351472472	737.920687731841	0.0		0.0	0.0	0.0	0.0	0.0	0.0	0.0
"PEL88"	0.197028890704244	"PEL"	12.0	6.2	1.0			1.0	0.514	0.0	436.560545536928	417.163292628481	0.0	0.786821073797435	1.15795078760563	1.94477186140307	0.13751055121366	13.6827725460405	13.120164959935	3.35535046887212		0.016703389930488	2.53173412512E-4		0.120553981030639		2018.0	0.0	0.139077391455832	0.0	0.139077391455832	52.5644375654521	78.9956368420181	57.8129623058458	84.2441615824118	0.0		0.0	0.0	0.0	0.0	0.0	0.0	0.0
"PEL53"	0.317413130770317	"PEL"	12.0	4.2	1.0					1.0	935.518958791889	982.002780701221	0.0	0.290467543653643	2.60085958013711	2.89132712379076	0.206993618035877	50.8267830084147	27.4982886405053	103.850860310687		0.020974849181914		0.018345993971044	0.167672767642463		2018.0	0.935139360846735	0.159133390974897	0.0	1.09427275182163	112.638940216772	173.546997985058	121.777742816838	182.685800585124	0.0		0.0	0.0	0.0	0.0	0.0	0.0	0.0
"PEL30"	0.105430462734971	"PEL"	13.0	5.1	1.0			2.0	0.791	0.0	1243.57611518778	1296.40199921604	0.0	0.032739575322481	2.49673906970728	2.52947864502976	0.156914866367022	51.7340421097964	19.5042137173153	152.340695060115		0.006191294917384	0.001009591656966		0.149713976981463		2018.0	0.0	0.146453471506732	0.0	0.146453471506732	176.510790870316	266.695482045664	190.309882514191	280.494573689538	0.0		0.0	0.0	0.0	0.0	0.0	0.0	0.0
"PEL4"	0.529091122819872	"PEL"	5.0	4.3	1.0					0.0	51.7458952594205	51.9572859620293	0.0	0.0	1.17575520733109	1.17575520733109	0.091103608322131	1.01014822356493	8.58047573433317	1.90279058439771		0.017334131059654	0.04480443478132		0.028965051756521		2018.0	0.0	0.127149769173919	0.0	0.127149769173919	6.68699753536026	10.5002343946131	6.9041985710418	10.7174354302947	0.0		0.0	0.0	0.0	0.0	0.0	0.0	0.0
"PEL64"	0.121784397000731	"PEL"	10.0	3.6	1.0	0.65	23.43	3.0	1.082	2.0	1742.54700403737	1401.1684494615	0.0	0.649676124016469	2.12402449005365	2.77370061407012	0.187131565412207	209.830615867624	4.93089444218686	411.857591098107		1.8111576482E-5	0.011829319001475		0.175284136995581		2018.0	0.683785449129575	0.340436021763477	0.0	1.02422147089305	233.63800621029	333.165947979185	246.710737909047	346.238679677942	0.0		0.0	0.0	0.0	0.0	0.0	0.0	0.0
"PEL14"	0.326529761343809	"PEL"	17.0	5.5	1.0	0.099	3.2	1.0	0.323	2.0	1104.56990289354	1137.7974747815	0.0	0.973380280317295	2.12161637492411	3.0949966552414	0.232398113583806	21.25727645071	8.35543161556557	5.8617406101459			0.009775660956473	0.008366531698558	0.192015029890399	0.022240892853582	2018.0	0.0	1.15922546975879	0.0	1.15922546975879	150.673623817578	216.592582279293	161.118018409704	227.03697687142	0.0		0.0	0.0	0.0	0.0	0.0	0.0	0.0
"PEL52"	1.44125050648E-4	"PEL"	38.0	6.2	1.0			7.0	1.149	1.0	2383.93876355542	2355.51612123671	0.0	1.39836948921033	4.69295522751839	6.09132471672873	0.290509698813335	354.845989869334	0.0	17.215438517372					0.290509693782717		2018.0	0.0	0.329369877540027	0.367482253169236	0.696852130709263	420.54500683187	635.931935708504	441.340517849193	656.727446725828	0.0		0.0	0.0	0.0	0.0	0.0	0.0	0.0
"PEL29"	0.021459129710553	"PEL"	20.0	6.5	1.0			3.0	0.975	1.0	1243.49687741614	1190.274285676	0.0	0.36870495670904	2.70880476037405	3.07750971708309	0.191591003986744	62.9250528463539	0.866909319263137	63.7917987333586			0.001329805952568		0.190261199447093		2018.0	0.0	0.464706356344563	0.0	0.464706356344563	178.102464658372	259.569406269056	190.009788072793	271.476729683477	0.0		0.0	0.0	0.0	0.0	0.0	0.0	0.0
"PEL46"	0.283132076094222	"PEL"	15.0	4.7	1.0	0.236	7.33	6.0	1.863	1.0	1264.94038217131	1281.72453651213	0.0	1.32436870597179	1.89583472595259	3.22020343192438	0.261139806981414	51.5629397786808	38.6255330789617	45.0256127960027	0.002075510971534	0.009833680264711	0.001274796565065	0.023477473614659	0.22385708485019	6.21259203916E-4	2018.0	0.0	0.273744995531001	0.047292026730161	0.321037022261162	144.121500362775	203.088786662993	152.321728936114	211.289015236332	0.0		0.0	0.0	0.0	0.0	0.0	0.0	0.0
"PEL28"	0.702134890801281	"PEL"	17.0	4.9	1.0	1.113	31.9499999999999	2.0	0.574	6.0	1087.39035074405	1149.25132291558	0.0	1.66067033328466	1.82241932519764	3.48308965848231	0.240330877939322	152.9551498027	44.2377062471928	359.137728433286	0.081983363079296	0.039362907873144	7.04859722428E-4	0.066827614290434	0.051452142046931		2018.0	0.0	0.849472525661311	0.0	0.849472525661311	194.949281217965	284.688363319808	211.240344113044	300.979426214886	0.0		0.0	0.0	0.0	0.0	1.0	0.0	0.0
"PEL78"	0.014839161753326	"PEL"	8.0	4.3	1.0					0.0	802.1482728703	843.961142663788	0.0	0.0	1.85256278936555	1.85256278936555	0.129605062891002	51.6462649949448	48.837578114078	63.4548841896564		7.36374926E-5	1.61768098987E-4	2.54030081028E-4	0.129115625495098		2018.0	0.105079074590411	0.018199311674914	0.0	0.123278386265325	100.101714962919	156.714371714511	105.088310087071	161.700966838663	0.0		0.0	0.0	0.0	0.0	0.0	0.0	0.0
"PEL11"	0.338890629685705	"PEL"	15.0	5.1	1.0	0.572	19.62	8.0	2.744	1.0	858.826037540273	889.098845806875	0.0	0.407400894369601	2.5085526682877	2.9159535626573	0.180047659240718	36.5932219259001	7.65546365691516	28.9494656234984	0.00150417315077	0.016050262096492	0.007251553511876		0.148927221760255	0.00631444319758	2018.0	0.054657433072529	0.521807710438709	0.044448820313076	0.620913963824314	100.735578413471	148.906847849216	109.783895718635	157.95516515438	0.0		0.0	0.0	0.0	0.0	0.0	0.0	0.0
"PEL50"	0.267745373319145	"PEL"	9.0	4.5	1.0			3.0	1.506	2.0	972.779427217526	1084.88263698168	0.0	0.489627830359785	1.50175905603359	1.99138688639337	0.142206565048819	133.407890414708	1.88134932756217	199.08851004656	5.4597421912E-5	0.026935041271914	7.57162874221E-4		0.114459767459269		2018.0	0.0	0.300595476610092	0.0	0.300595476610092	137.697897287615	189.993972894287	147.939588327399	200.235663934072	0.0		0.0	0.0	0.0	0.0	0.0	0.0	0.0
"PEL61"	0.337748899114628	"PEL"	12.0	4.5	1.0			3.0	1.12	1.0	1255.24748564211	1271.1354613138	0.0	0.86600183801211	1.81199114064113	2.67799297865324	0.199994703637704	156.357172908377	34.3565403101843	170.697947204755		0.058970471247121	0.001908268093177		0.139115963677067		2018.0	0.058113083475126	0.137399578209725	0.0	0.195512661684851	187.554322560754	275.492249341574	204.981618834764	292.919545615584	0.0		0.0	0.0	0.0	0.0	0.0	0.0	0.0
"PEL16"	0.454563769509048	"PEL"	15.0	5.7	1.0			5.0	1.902	0.0	921.833209750756	947.562518266856	0.0	0.771343975563844	1.85707109010117	2.62841506566501	0.199873218845306	39.1303546186356	9.31556289503076	43.4405605347903		0.03152430102734	2.48807987354E-4	0.03635251722745	0.131747586029956		2018.0	0.553594825486515	0.419655839394846	0.0	0.973250664881361	124.644386260361	178.076593570731	134.350146870813	187.782354181183	0.0		0.0	0.0	0.0	0.0	0.0	0.0	0.0
"PEL119"	0.176982700532377	"PEL"	9.0	6.5	1.0					0.0	295.811338122668	301.080495584167	0.0	0.018986263661487	1.36910666821368	1.38809293187517	0.099340400630664	1.24229533242689	3.7187471473464	16.105028176532		0.010206929338189	1.76358055382E-4		0.088957114824507		2018.0	0.0	0.018267861604254	0.0	0.018267861604254	33.5791439829756	50.4216748232902	34.1696198307703	51.0121506710849	0.0		0.0	0.0	0.0	0.0	0.0	0.0	0.0
"PEL80"	0.31065075452765	"PEL"	21.0	5.5	1.0			2.0	0.523	2.0	1725.64925432714	1857.5091519602	0.0	0.798730859051776	3.02365764189375	3.82238850094552	0.256369545137065	110.536029857793	5.70162979223116	131.244806296069		0.024320303619351			0.209261990168433	0.022787252854354	2018.0	0.0	0.750796930186667	0.0	0.750796930186667	287.545074670571	415.476915805632	297.45783440607	425.389675541131	0.0		0.0	0.0	0.0	0.0	1.0	0.0	0.0
"PEL59"	0.120799120907723	"PEL"	11.0	3.5	1.0	0.629	20.1099999999999	2.0	0.639	0.0	958.763535283771	953.669900691774	0.0	0.826120257544753	2.301755998452	3.12787625599676	0.173657849059202	73.2607514440481	0.241785279678938	45.4787452543409			0.006900144165805		0.164547442519033	0.002210270384897	2018.0	0.0	0.252955800379174	0.0	0.252955800379174	114.400803389246	205.636423506347	116.467770823879	207.703390940979	0.0		0.0	0.0	0.0	0.0	0.0	0.0	0.0
"PEL17"	0.485770312563465	"PEL"	12.0	3.9	1.0					0.0	434.071115402731	442.441892694145	0.0	0.0	3.07090037900283	3.07090037900283	0.262047253539074	3.77755061761143	101.852408752931	5.50799458581032	0.008942537788971	0.012983136283742	5.9558479112E-5	0.024650608117423	0.190332531913982	0.025078886220121	2018.0	0.272934934210061	0.433238449151312	0.0	0.706173383361373	58.5662936796956	84.4021406873965	63.6204504165912	89.4562974242921	0.0		0.0	0.0	0.0	0.0	0.0	0.0	0.0
"PEL124"	0.215806036891498	"PEL"	12.0	5.9	1.0	0.133	6.5			0.0	639.876324088713	651.976865100116	0.0	0.447990924138036	1.59847266675881	2.04646359089684	0.125502600236207	68.1586463943475	82.5126566198385	73.5652682973892		0.015651661584223	9.4582102056E-4		0.108905121727849		2018.0	0.444221075217586	0.053398914363132	0.0	0.497619989580718	82.6286706195058	119.049891721908	85.3345109251024	121.755732027505	0.0		0.0	0.0	0.0	0.0	0.0	0.0	0.0
"PEL10"	0.320178296574952	"PEL"	17.0	5.0	1.0			6.0	1.762	0.0	1805.86138307876	1885.34994905109	0.0	0.525958908672387	2.87865369423499	3.40461260290737	0.318729794283001	226.707069811978	55.7200571422217	307.757892421292		0.091595687119382	3.30967825157E-4		0.2260798808519	7.23260408422E-4	2018.0	0.284518442251135	0.713666342949774	0.0	0.998184785200909	263.125759400906	367.603130768036	289.273739658046	393.751111025177	0.0		0.0	0.0	0.0	0.0	0.0	0.0	0.0
"PEL72"	0.422793880264904	"PEL"	11.0	4.5	1.0			3.0	1.228	0.0	1271.85548589682	1302.53518578734	0.0	0.486372842111405	1.95610934465481	2.44248218676622	0.181056512981616	122.712785936035	51.5267853839584	236.603375538414		0.049480538982225	0.010227178695214		0.12013716976925	0.00121161998362	2018.0	0.347992688853023	0.039594179757316	0.0	0.387586868610339	191.402712721556	271.3090761078	204.814559900765	284.720923287009	0.0		0.0	0.0	0.0	0.0	0.0	0.0	0.0
"PEL117"	0.347352624358691	"PEL"	7.0	4.2	1.0					0.0	214.798155174672	219.242246698109	0.0	0.0	1.66070710001654	1.66070710001654	0.134356099404198	4.24326679687117	9.3642673684981	0.760013066879059		0.008240522853245			0.10319656314158	0.022919013484571	2018.0	0.0	0.0	0.0	0.0	34.5710884335797	53.8968958601554	36.3715756525141	55.6973830790898	0.0		0.0	0.0	0.0	0.0	0.0	0.0	0.0
"PEL70"	0.225856295004429	"PEL"	27.0	7.3	1.0	0.122	3.31	2.0	0.543	1.0	1098.44791104482	1112.81518525717	0.0	0.660046376731534	3.02362551144274	3.68367188817427	0.202657496192232	45.3974491255268	14.6158125144406	43.3426844133862		0.022847116217279	0.001787453365188	0.001288068263157	0.176734861237976		2018.0	0.0	0.164821237605207	0.0	0.164821237605207	170.565085982965	253.985698142322	176.268056446817	259.688668606174	0.0		0.0	0.0	0.0	0.0	0.0	0.0	0.0
"PEL60"	0.39802456900128	"PEL"	9.0	4.4	1.0			1.0	0.485	1.0	1805.81894984505	1824.31100462291	0.0	1.11891301801588	0.942772030977688	2.06168504899357	0.16754698314042	255.582877768074	91.5124340528533	587.904508813943	0.01135910878723	0.016813358557574			0.12981210043643	0.009562423393432	2018.0	0.991190870714619	0.063511002078743	0.0	1.05470187279336	332.834174999489	482.063929225178	357.533940101189	506.763694326878	0.0		0.0	0.0	0.0	0.0	0.0	0.0	0.0
"PEL58"	0.343181906101734	"PEL"	6.0	3.6	1.0			7.0	4.201	1.0	2342.85382289954	2224.9963333321	0.0	0.203371515580692	1.462928784594	1.66630030017469	0.145791693674459	378.03783956936	18.4768240286332	1053.0753603847		0.056419728378371			0.089371965298809		2018.0	0.0	0.014549000933178	0.456082513000908	0.470631513934086	280.540404026082	354.944467754946	312.954389280987	387.358453009852	0.0		0.0	0.0	0.0	0.0	0.0	0.0	0.0
"PEL67"	0.175191447033694	"PEL"	17.0	5.5	1.0			2.0	0.641	0.0	731.835698248986	715.858547664436	0.0	0.0	3.11800925049978	3.11800925049978	0.210036031121437	12.4210627412235	142.616874704367	17.2053503789919		0.022513728605601			0.187522308135857		2018.0	0.0	0.171376411527871	0.0	0.171376411527871	87.4288524967018	128.883025110007	89.0325517631982	130.486724376503	0.0		0.0	0.0	0.0	0.0	0.0	0.0	0.0
"PEL71"	0.195946218851665	"PEL"	15.0	5.6	1.0					2.0	504.290967142932	510.988698547437	0.0	0.355978315520663	2.34531458135623	2.70129289687689	0.196313835561179	8.93072134471721	31.1527190845909	52.9780118743547	0.018090050708554		0.002693069034074	5.3803418079E-5	0.175476918760861		2018.0	0.280202472807359	0.002148045560612	0.0	0.282350518367971	46.0175673935881	71.7972610436164	51.5991766022374	77.3788702522657	0.0		0.0	0.0	0.0	0.0	0.0	0.0	0.0
"PEL125"	0.12953265213968	"PEL"	8.0	3.2	1.0			1.0	0.405	1.0	830.027438667055	777.751329800904	0.0	0.819121976383624	1.64940725912458	2.4685292355082	0.147603264708254	57.4755313165529	60.2475585090779	115.495181141857		4.3834999174E-5	0.00368304482685	0.001701123003466	0.140222914758768	0.001952340813457	2018.0	0.0	0.013971775306415	0.0	0.013971775306415	137.676067085857	203.968431248421	149.237851446183	215.530215608747	0.0		0.0	0.0	0.0	0.0	0.0	0.0	0.0
"PEL54"	0.016914397695724	"PEL"	16.0	4.1	1.0			3.0	0.77	2.0	916.673046396711	822.071283745644	0.0	0.991089579522804	2.90324426990953	3.89433384943233	0.205570871120264	77.0755586981959	4.76239916721777	24.1228312014004			0.001071281782279		0.204499590558597		2018.0	0.0	0.48454822073903	0.301884401138718	0.786432621877748	145.467152483789	225.118967812058	156.537472976083	236.189288304352	0.0		0.0	0.0	0.0	0.0	0.0	0.0	0.0
"PEL19"	0.515600020607014	"PEL"	13.0	4.0	1.0			5.0	1.53	1.0	3058.82851758886	3136.27242594768	0.0	1.40742276699257	1.86081156451008	3.26823433150265	0.302813711315625	472.881622532216	144.576623580722	937.878827855915	0.007083711119366	0.032872760318922	7.72156309988E-4	0.025431367683951	0.212379484937675	0.02427422897267	2018.0	0.992930747329898	0.93951442298428	0.497553133327501	2.42999830364168	435.408159413763	585.25595724594	483.267356935129	633.115154767306	0.0		0.0	0.0	0.0	0.0	0.0	0.0	0.0
"PEL48"	2.38414905328E-4	"PEL"	21.0	6.2	1.0			6.0	1.775	1.0	1268.32539720161	1212.65045681976	0.0	0.801346076034055	2.57871450332899	3.38006057936304	0.168576070195853	53.4189880605611	0.0	14.5498708431619					0.168576072444302		2018.0	0.0	0.307986904637612	0.0	0.307986904637612	215.505099017291	316.789393264397	231.916858826238	333.201153073345	0.0		0.0	0.0	0.0	0.0	0.0	0.0	0.0
"PEL5"	0.288924503804471	"PEL"	14.0	4.1	1.0	0.569	16.82	3.0	0.887	1.0	537.613524884216	549.39555391321	0.0	0.569197668484211	2.81461862974863	3.38381629823285	0.240141769405856	9.34865955131766	44.8434477669792	4.57624189534697		0.017488539662401	0.017143840765714	0.00214094769911	0.203368440372583		2018.0	0.0	0.3438126573847	0.0	0.3438126573847	60.7676824169851	91.0818214441787	68.5005213366449	98.8146603638385	0.0		0.0	0.0	0.0	0.0	0.0	0.0	0.0
