Schoolid	City	CHASEYEAR	SUMIntersection	NbrTrafSignals	NbrCrossingGuard	NbrSchools	ShapeAreakm	Highwaykm	MinorRoadkm	MajorRoadkm	roadcovkm	SumComkm	SumGouvkm	SumOpenAreakm	SumParkkm	SumReskm	SumIndkm	ISPH1116	OPDbPC60Less	Pop2016	Pop2011	STDMulti	SUMOneway	BikeClass01	BikeClass02	BikeClass03	BikeClassAll	AG112	AG117	AG012	AG017	NbrRaisedCrosswalk	SpeedHumpkm	NbrTrafficCircles	NbrMidBlockNarrowings	NbrCurbExtension	NbrDiverter	NbrCrosswalk	NbrFlashingCrosswalk	NbrSpeedActivatedSign
"CAL100"	"CAL"	2018.0	148.0	10.0	0.0	4.0	2.266420271	1.55841335	26.23143704	6.679451774	34.46930216	0.203689357	0.068367866	0.101797502	0.26579981	1.546593639	0.080172106	811.0594557	75.60892142	8969.90693	8569.167209	635.9928784	2.242448053	0.0	2.363545284	0.0	2.363545284	1356.525964	1862.688133	1476.725627	1982.887796	0.0		0.0	0.0	0.0	0.0	4.0	4.0	0.0
"CAL103"	"CAL"	2018.0	148.0	10.0	0.0	4.0	2.266420271	1.55841335	26.23143704	6.679451774	34.46930216	0.203689357	0.068367866	0.101797502	0.26579981	1.546593639	0.080172106	811.0594557	75.60892142	8969.90693	8569.167209	635.9928784	2.242448053	0.0	2.363545284	0.0	2.363545284	1356.525964	1862.688133	1476.725627	1982.887796	0.0		0.0	0.0	0.0	0.0	4.0	4.0	0.0
"CAL104"	"CAL"	2018.0	105.0	10.0	0.0	4.0	1.779998867		18.9810483	3.506593571		0.232831096	0.044003991	0.071666533	0.175552001	1.255945221		915.7951056	166.2678463	6877.068868	6424.230527	712.2508263	0.795971766	0.0	0.278720069	0.76574091	1.044460979	901.876661	1217.371453	1000.9965	1316.491292	0.0		0.0	0.0	0.0	0.0	1.0	3.0	0.0
"CAL107"	"CAL"	2018.0	140.0	7.0	0.0	5.0	2.406904122	1.56026363	26.5992515	6.621709095	34.78122422	0.094197311	0.049172999	0.172424575	0.32916687	1.761941195		683.5105592	95.34250456	10229.60339	9745.316254	944.8080907	1.975855255	0.0	2.554389454	0.0	2.554389454	1551.869856	2081.553205	1711.59788	2241.281229	0.0		0.0	0.0	0.0	0.0	3.0	2.0	0.0
"CAL109"	"CAL"	2018.0	140.0	7.0	0.0	5.0	2.406904122	1.56026363	26.5992515	6.621709095	34.78122422	0.094197311	0.049172999	0.172424575	0.32916687	1.761941195		683.5105592	95.34250456	10229.60339	9745.316254	944.8080907	1.975855255	0.0	2.554389454	0.0	2.554389454	1551.869856	2081.553205	1711.59788	2241.281229	0.0		0.0	0.0	0.0	0.0	3.0	2.0	0.0
"CAL113"	"CAL"	2018.0	133.0	5.0	0.0	4.0	2.188132962		28.11168579	2.98308504			0.07429108	0.046621374	0.10330385	1.776496187	0.187420474	123.5737646	238.3568252	5220.037276	5163.20647	289.9571611	1.006420538	0.0	1.259224014	1.552178631	2.811402645	686.5457328	985.6323829	744.7166105	1043.803261	0.0		0.0	0.0	0.0	0.0	5.0	3.0	0.0
"CAL122"	"CAL"	2018.0	171.0	4.0	0.0	6.0	2.450697455		32.87351897	0.664371156			0.234058045	0.020186273	0.447373172	1.726233562		313.3949982	981.5643463	8768.658201	7748.05203	1107.997459	0.664371156	0.0	2.222727715	1.647527417	3.870255132	1522.507439	1953.624479	1658.395524	2089.512564	0.0	0.097510523	0.0	0.0	0.0	0.0	7.0	2.0	0.0
"CAL124"	"CAL"	2018.0	219.0	17.0	0.0	1.0	2.724003355		46.2738857	1.33513242			0.21070413	0.061476042	0.11871306	2.333110121		632.8885522	1713.031195	12347.61394	10965.91834	3592.838079	1.33513242	0.0	1.258975964	2.355118861	3.614094826	1290.554218	1600.236909	1484.98178	1794.664471	0.0	0.551567916	0.0	0.0	0.0	0.0	5.0	8.0	0.0
"CAL127"	"CAL"	2018.0	365.0	5.0	0.0	4.0	7.124124328		61.32135789	13.45443612			0.029731475	0.292999172	2.796647769	3.895797941	0.003610928	637.2494521	44.74061945	15469.86906	15703.72681	326.0207225	2.848589737	0.0	8.304519559	0.0	8.304519559	2097.755564	2939.12501	2220.919966	3062.289411	0.0		0.0	0.0	0.0	0.0	6.0	3.0	0.0
"CAL13"	"CAL"	2018.0	117.0	9.0	0.0	2.0	1.723942319		21.20939945	5.179596211			0.020667253	0.122057895	0.142580136	1.368692853	0.069944181	243.7138253	20.96871344	4297.818557	4274.454597	255.5471696	2.657245042	0.0	1.644803956	0.0	1.644803956	512.4337717	745.0324183	553.5983757	786.1970223	0.0		0.0	0.0	0.0	0.0	4.0	2.0	0.0
"CAL131"	"CAL"	2018.0	108.0	6.0	0.0	1.0	1.654158548		21.4373552	4.367571286			0.008947777	0.081573146	0.393380062	1.117283853	0.052602488	380.3233384	680.6211712	5493.430295	5034.727624	1377.758953	2.158350748	1.59876597	2.200353601	0.845441546	4.644561117	638.4197398	788.9038992	708.9874236	859.4715829	0.0	2.083776235	0.0	0.0	0.0	0.0	3.0	2.0	0.0
"CAL132"	"CAL"	2018.0	120.0	13.0	0.0	2.0	1.282227131		19.39689331	4.82393236			0.019062031	0.159327357	0.085482905	0.874470838	0.128651474	349.4258493	729.9093228	4209.582193	4044.840958	1746.949634	4.810114762	0.0	3.266572136	0.0	3.266572136	400.6981389	511.0260114	435.8421146	546.1699871	0.0		0.0	0.0	0.0	0.0	5.0	8.0	0.0
"CAL150"	"CAL"	2018.0	63.0	4.0	0.0	4.0	0.896730557		12.27227755				0.026957248	0.145718248	0.065745057	0.57049766	0.087183937	42.12044795	545.4743365	1540.833695	1479.679222	265.225861		0.0	1.477517572	0.0	1.477517572	153.1359407	203.7303639	185.6943361	236.2887593	0.0	1.097918481	0.0	0.0	0.0	0.0	1.0	2.0	0.0
"CAL153"	"CAL"	2018.0	100.0	6.0	0.0	2.0	1.374932898		18.80147971	0.054640512			0.015611531	0.016766726	0.14355299	1.121208196		12.54984111	644.335706	2923.639418	2982.574196	34.1776949	0.054640512	0.0	2.183919313	0.0	2.183919313	494.5164229	755.4312816	508.8758455	769.7907041	0.0		0.0	0.0	0.0	0.0	5.0	2.0	0.0
"CAL157"	"CAL"	2018.0	143.0	10.0	0.0	2.0	2.106575996	3.047584182	22.9110643	4.513306048	30.47195453		0.031210432	0.15419685	0.304628386	1.433884278	0.022896662	120.1717322	580.3490901	4164.815539	3597.363515	449.2768864	1.600582011	0.525923196	5.487172012	1.273275554	7.286370761	422.3465599	549.4198149	492.8810002	619.9542551	0.0		0.0	0.0	0.0	0.0	5.0	6.0	0.0
"CAL163"	"CAL"	2018.0	117.0	70.0	0.0	4.0	1.749829225		26.89794618	1.733005421			0.083899301	0.107783962	0.106422147	1.413649382	0.031770412	3023.509352	846.2565506	21077.32996	20174.48413	12462.45324	1.733005421	3.593083375	1.450650552	3.038747956	8.082481883	1096.009892	1416.791497	1278.509582	1599.291186	0.0		0.0	0.0	0.0	0.0	5.0	3.0	0.0
"CAL165"	"CAL"	2018.0	136.0	4.0	0.0	4.0	1.943657163	1.553776143	27.5165527	0.861337383	29.93166622		0.070758475	0.018924948	0.241032846	1.612223466		226.8275754	1147.773731	5683.367961	5134.951902	1127.864149	0.486811719	0.0	1.762380504	0.0	1.762380504	621.2440945	806.6315835	710.6935207	896.0810097	0.0	1.457397743	0.0	0.0	0.0	0.0	3.0	2.0	0.0
"CAL174"	"CAL"	2018.0	104.0	7.0	0.0	3.0	1.150999209	2.594696771	14.23090688	2.35100163	19.17660528		0.102710569	0.059869438	0.137795138	0.713047681	0.137576387	346.7015772	131.3462828	2853.847395	2615.046714	820.5521259	2.35100163	0.0	0.429289635	0.0	0.429289635	270.1723661	348.7051117	297.4817977	376.0145433	0.0		0.0	0.0	0.0	0.0	2.0	2.0	0.0
"CAL177"	"CAL"	2018.0	445.0	5.0	0.0	4.0	5.580982966	5.056435055	61.32395517	9.010072045	75.39046227			1.209447812	0.715487495	0.97459705	2.681450598	2267.884519	0.0	23797.48909	18687.05973	1197.849508	11.50154887	0.0	17.24152558	0.0	17.24152558	4681.255987	6357.697028	4982.633477	6659.074518	0.0		0.0	0.0	0.0	0.0	11.0	3.0	0.0
"CAL178"	"CAL"	2018.0	124.0	8.0	0.0	1.0	2.360797367		19.54332112	2.290694824			0.0331328	0.039372279	1.072077337	0.91352457	0.239332909	50.13819058	594.8840424	2150.717596	1877.802345	495.5709305	0.552027678	0.091215208	6.346037835	0.0	6.437253043	198.156782	248.4906564	225.6731305	276.0070049	0.0	0.162789152	0.0	0.0	0.0	0.0	2.0	3.0	0.0
"CAL180"	"CAL"	2018.0	118.0	0.0	0.0	1.0	1.512067937		20.81564724	1.425720105				0.021554762	0.162622919	1.096284326	0.231605938	110.0717426	0.014236886	4390.809376	4486.349099	33.89396803	0.242651292	0.0	0.548812125	0.0	0.548812125	690.9268375	909.2243517	744.3720752	962.6695894	0.0		0.0	0.0	0.0	0.0	2.0	0.0	0.0
"CAL181"	"CAL"	2018.0	199.0	7.0	0.0	3.0	2.657872947	1.555617453	31.28941276	3.091593537	35.93662375			2.285138372	0.149896755	0.139168274		2569.213331	0.001528202	14542.78431	12639.3092	633.4164895	0.966293946	0.0	8.875546015	0.0	8.875546015	3127.176037	4241.774891	3355.482256	4470.08111	0.0		0.0	0.0	0.0	0.0	5.0	3.0	0.0
"CAL182"	"CAL"	2018.0	110.0	13.0	0.0	2.0	1.726748847		23.95403986	3.170537452				0.060291922	0.02491587	1.432267086	0.20927396	600.8019098	663.3836413	6275.385553	6140.615614	1408.234531	0.067115915	0.776386981	0.394391053	0.119877671	1.290655705	971.7864968	1321.972981	1036.100126	1386.28661	0.0		0.0	0.0	0.0	0.0	8.0	2.0	0.0
"CAL183"	"CAL"	2018.0	56.0	11.0	0.0	4.0	1.055776745		12.70494881	0.683687016			0.041143464	0.024464013	0.152534065	0.752677259	0.084957947	447.6953354	373.8631077	3878.01646	3569.566294	804.7455791		0.780127792	0.085613893	1.343393653	2.209135338	669.0571456	895.1143475	710.1737818	936.2309837	0.0		0.0	0.0	0.0	0.0	4.0	3.0	0.0
"CAL191"	"CAL"	2018.0	36.0	0.0	0.0	1.0	0.783101857		10.59006251	0.400087773				0.698351013	0.034954609			114.7968735	0.08092527	833.4690299	586.5318718	51.12494376	0.488904311	0.0	2.582576839	0.0	2.582576839	174.5317576	236.8721302	187.6230258	249.9633984	0.0		0.0	0.0	0.0	0.0	3.0	0.0	0.0
"CAL194"	"CAL"	2018.0	204.0	6.0	0.0	2.0	2.948351052		37.36143909	3.971401623				0.051151891	0.466064958	0.340968483	2.057039143	287.5367475	0.001065077	8077.991673	8075.813511	105.878319	3.341198187	0.0	9.623676695	0.0	9.623676695	849.6467754	1337.592339	925.3082511	1413.253815	0.0		0.0	0.0	0.0	0.0	1.0	2.0	0.0
"CAL196"	"CAL"	2018.0	218.0	11.0	0.0	4.0	5.023882022	5.58833554	42.33897773	5.330041265	53.25735453		0.113570111	0.161539441	2.021621555	2.149720036	0.269194268	291.6134944	854.5464297	8054.116689	7971.148712	1018.399455	2.786025829	0.0	7.128776833	0.149534298	7.278311132	955.156859	1275.177493	1051.006463	1371.027097	0.0		0.0	0.0	0.0	0.0	10.0	4.0	0.0
"CAL20"	"CAL"	2018.0	178.0	5.0	0.0	2.0	2.123527913		29.45446919	4.517048048				0.09120066	0.281690715	1.748230662		314.919466	10.24445061	7534.371382	7824.948155	31.91713876	1.610106743	0.0	4.629836772	0.0	4.629836772	946.1126436	1425.917189	999.4044912	1479.209037	0.0		0.0	0.0	0.0	0.0	1.0	1.0	0.0
"CAL200"	"CAL"	2018.0	101.0	3.0	0.0	2.0	1.830749494	2.138382534	18.44260659	2.65946267	23.2404518			0.243288539	0.655953763	0.844293963		127.5081446	0.0	5251.257983	5411.748248	1.892257697	1.839000686	0.0	2.568000837	0.0	2.568000837	701.9564174	1110.956135	745.2371407	1154.236858	0.0	0.246762809	0.0	0.0	0.0	0.0	2.0	2.0	0.0
"CAL202"	"CAL"	2018.0	121.0	7.0	0.0	2.0	2.030696006		27.67396114	0.308888252			0.080921822	0.048724722	0.251193681	1.649855772		410.1458502	1093.974008	6046.587217	5390.702573	1734.771953	0.279435998	1.294739926	0.47774737	0.0	1.772487296	652.3585151	857.9798553	735.6531399	941.2744801	0.0		0.0	0.0	0.0	0.0	0.0	4.0	0.0
"CAL205"	"CAL"	2018.0	108.0	4.0	0.0	3.0	1.790305012		21.50773606	3.332719862			0.047999264	0.050542059	0.286486528	1.314429178		29.39663695	7.871879945	4169.124129	4155.551196	1.954875631	0.306757899	0.0	0.257830594	0.0	0.257830594	598.0198397	857.5221718	617.2458903	876.7482224	0.0		0.0	0.0	0.0	0.0	2.0	0.0	0.0
"CAL208"	"CAL"	2018.0	127.0	4.0	0.0	5.0	2.235574295		30.55187035	3.80858585			0.090113151	0.04226127	0.197734525	1.896538444	0.008926909	260.9470422	1542.119222	5823.339813	5385.247085	560.4876338	0.122178932	1.537398522	0.36235698	1.717888918	3.617644419	803.6760266	1047.343525	859.2908365	1102.958335	0.0	0.002744704	0.0	0.0	0.0	0.0	6.0	1.0	0.0
"CAL209"	"CAL"	2018.0	29.0	3.0	0.0	1.0	0.517662033		6.096889199	2.08718134				0.011810218	0.019689359	0.48616247		655.9487703	0.0	3567.803289	3251.849744	253.2751643	0.202673883	0.0	0.595734495	0.0	0.595734495	721.0232175	970.8987836	780.1445563	1030.020122	0.0		0.0	0.0	0.0	0.0	0.0	2.0	0.0
"CAL211"	"CAL"	2018.0	88.0	5.0	0.0	2.0	1.105058776		15.60023782	3.006034244			0.036291649	0.031474865	0.085136346	0.952006235	1.49654E-4	1053.300283	10.0	6348.717908	6036.835517	380.8839953	0.353645113	0.0	0.047345594	0.0	0.047345594	1105.607039	1542.552458	1184.362826	1621.308245	0.0		0.0	0.0	0.0	0.0	2.0	2.0	0.0
"CAL213"	"CAL"	2018.0	209.0	4.0	0.0	1.0	2.341719037	3.314107294	21.28906528	6.471215179	31.07438775			0.829702318	0.175613944	1.249045378		466.687753	10.6469567	7297.034617	7102.818176	145.2009161	3.173089891	0.0	8.488863314	0.0	8.488863314	939.8546432	1438.308319	1005.245476	1503.699152	0.0		0.0	0.0	0.0	0.0	2.0	0.0	0.0
"CAL214"	"CAL"	2018.0	115.0	4.0	0.0	3.0	2.499902786	5.851039414	17.23733964	9.161218074	32.24959713		0.015083678	1.138798229	0.147799645	1.162909335		549.6326495	54.74582214	7071.41366	6991.021356	223.3259978	5.242964574	0.0	2.996644342	0.0	2.996644342	1152.374919	1632.698923	1239.690119	1720.014124	0.0		0.0	0.0	0.0	0.0	5.0	0.0	0.0
"CAL215"	"CAL"	2018.0	86.0	0.0	0.0	3.0	1.545206886	2.084593011	14.83954519	4.042013934	20.96615213		0.015083678	0.438262431	0.147099583	0.944761246		447.7361572	45.25180175	6173.400346	6141.977732	203.6242578	1.868320475	0.0	2.996644342	0.0	2.996644342	1033.042993	1449.121585	1110.664531	1526.743123	0.0		0.0	0.0	0.0	0.0	5.0	0.0	0.0
"CAL218"	"CAL"	2018.0	139.0	4.0	0.0	4.0	2.213653782	1.263647014	25.74200348	5.909490541	32.91514103			0.114996519	0.319585497	1.662333043		158.7171409	0.076128904	6042.92606	6368.229846	2.227652292	5.214469935	0.0	0.647393322	1.401045912	2.048439233	786.3568417	1269.490844	819.6026247	1302.736627	0.0		0.0	0.0	0.0	0.0	4.0	2.0	0.0
"CAL228"	"CAL"	2018.0	172.0	14.0	0.0	5.0	2.108595868		28.18014002	4.715895173		1.15041E-4		0.161622398	0.333952014	1.54529548	0.067610933	1015.823293	372.82026	9043.14206	8597.305027	1580.519311	1.600812551	1.317734103	2.376876314	0.947805662	4.642416079	1386.137018	1864.863005	1519.032247	1997.758233	0.0		0.0	0.0	0.0	0.0	4.0	4.0	0.0
"CAL229"	"CAL"	2018.0	134.0	8.0	0.0	5.0	1.765137656		23.65233134	3.903699103				0.113719163	0.278260843	1.306409696	0.066747965	707.2959163	385.4577914	7058.337155	6592.707916	1506.07201	1.1557663	0.858055791	1.373860833	0.238467713	2.470384336	998.3422741	1334.872848	1106.496791	1443.027365	0.0		0.0	0.0	0.0	0.0	4.0	3.0	0.0
"CAL235"	"CAL"	2018.0	50.0	6.0	0.0	1.0	0.931561899		7.988305694	3.659412724			0.014164762	0.037917361	0.268191105	0.459687372	0.02095768	119.259209	553.9112916	3744.233823	3556.065792	1564.604047	0.057993595	0.0	5.7453398	0.723856314	6.469196114	234.7040832	306.7190466	259.706722	331.7216854	1.0		0.0	0.0	0.0	0.0	2.0	0.0	0.0
"CAL239"	"CAL"	2018.0	74.0	1.0	0.0	1.0	1.016120591		15.64964432	0.615929137			0.067839824	0.026599899	0.085872439	0.835808427		81.92364588	102.2638019	3112.075744	2994.387495	107.3549284	0.567382134	0.0	1.954515865	0.0	1.954515865	403.2509179	533.9488518	435.901323	566.5992568	0.0		0.0	0.0	0.0	0.0	2.0	0.0	0.0
"CAL241"	"CAL"	2018.0	150.0	11.0	0.0	5.0	2.062185218		28.55653825	4.427772861			0.086765697	0.070586554	0.25853383	1.528841532	1.24738E-4	192.1973166	919.8084174	7509.64635	6464.003431	1050.401684	1.530428868	0.0	2.211615514	0.731686932	2.943302447	995.2069074	1281.100051	1101.908413	1387.801557	0.0	0.64766015	0.0	0.0	0.0	0.0	1.0	5.0	0.0
"CAL243"	"CAL"	2018.0	99.0	13.0	0.0	3.0	1.239218468	0.6596975	15.52741182	1.612251264	17.79936058	7.48563E-4	0.368283777	0.084911877	0.247834429	0.514501463	0.022938362	121.045257	423.7834605	3355.16966	3232.418168	1105.301437	1.328724515	0.0	1.22814537	1.692413108	2.920558479	398.7441296	510.3173469	434.7883808	546.3615981	0.0		0.0	0.0	0.0	0.0	6.0	4.0	0.0
"CAL245"	"CAL"	2018.0	117.0	8.0	0.0	2.0	1.62928998	2.32810689	22.46851002	2.172630528	26.96924744	0.126234194	0.03302257	0.06850371	0.36369733	0.957569791	0.080262373	71.49607954	596.745388	3496.124563	3165.626319	282.8509304	2.109304624	0.0	1.397879974	0.0	1.397879974	405.3271644	582.2918742	431.3583682	608.3230781	0.0	0.195278017	0.0	0.0	0.0	0.0	2.0	3.0	0.0
"CAL254"	"CAL"	2018.0	233.0	17.0	0.0	3.0	2.53441497		33.05230149	8.155751868		0.004264023		0.125602388	0.272721222	2.131826515	8.0804E-7	759.0884175	29.94701515	9666.607715	9442.584266	111.8230196	2.413314943	0.0	6.255894554	0.0	6.255894554	1159.121654	1815.97783	1264.137389	1920.993565	0.0		0.0	0.0	0.0	0.0	2.0	4.0	0.0
"CAL258"	"CAL"	2018.0	240.0	6.0	0.0	2.0	2.8346342	3.255151339	36.85418071	4.147297787	44.25662983			0.229921196	0.366039018	2.07345212		184.740521	9.871910919	6774.505005	6898.032063	35.82282774	7.973291006	0.0	7.353891449	0.0	7.353891449	1063.407751	1681.229264	1132.177296	1749.998808	0.0		0.0	0.0	0.0	0.0	0.0	2.0	0.0
"CAL26"	"CAL"	2018.0	79.0	3.0	0.0	2.0	1.150679935		14.95686652	2.637752741			0.025587924	0.029979512	0.115050397	0.979860614	2.01482E-4	634.2093695	170.7930778	5296.711698	5074.620667	367.0140606	0.311101181	0.498036941	1.007952174	0.251381365	1.75737048	827.3717625	1144.822082	889.0087201	1206.459039	0.0		0.0	0.0	0.0	0.0	5.0	4.0	0.0
"CAL260"	"CAL"	2018.0	147.0	5.0	0.0	2.0	1.755444103		24.14069607	1.526189946				0.049432565	0.252993209	1.449032123		278.1609983	0.155864633	5709.70291	5812.268748	150.3226988	0.292391701	0.0	2.314330695	0.0	2.314330695	663.8830444	1032.212152	705.9078037	1074.236911	0.0		0.0	0.0	0.0	0.0	3.0	2.0	0.0
"CAL266"	"CAL"	2018.0	191.0	6.0	0.0	3.0	2.868283277		24.68379526	6.961272491				0.531319951	0.020093537	2.316869813		365.8960107	0.013396632	6690.995965	4983.979459	225.3292381	0.875116405	0.0	5.893352784	0.0	5.893352784	1594.471183	2053.968138	1705.406472	2164.903427	0.0		0.0	0.0	0.0	0.0	4.0	0.0	0.0
"CAL271"	"CAL"	2018.0	96.0	4.0	0.0	6.0	1.344952033		21.67907141	0.584889078			0.059525979	0.020741012	0.189454717	1.064632393	0.010597944	100.1140971	932.8746003	3300.197676	3191.044901	359.6282818	0.91553245	0.0	0.639431022	0.217075834	0.856506856	445.9679918	595.5340652	485.8179899	635.3840633	0.0	0.288050833	0.0	0.0	0.0	0.0	5.0	3.0	0.0
"CAL273"	"CAL"	2018.0	38.0	3.0	0.0	1.0	0.720478115		8.198230025	7.84733E-4			0.005150478	0.009322674	0.211670729	0.494334251		39.79360862	445.3444818	1917.297925	1881.117958	297.4895057	7.84733E-4	0.0	2.494828725	0.833317116	3.328145841	212.028546	256.9529631	227.6362637	272.5606808	0.0	0.41079031	0.0	0.0	0.0	0.0	1.0	2.0	0.0
"CAL281"	"CAL"	2018.0	38.0	2.0	0.0	1.0	0.681152624	1.787151425	6.245459546	0.815098108	8.847709078			0.052121649	0.157422415	0.471598139	1.04164E-5	87.7494817	237.0260028	1488.100845	1517.413968	471.8453805	0.815098108	0.0	0.056696883	0.440614657	0.49731154	154.191338	201.9127403	170.9968666	218.7182689	0.0		0.0	0.0	0.0	0.0	3.0	1.0	0.0
"CAL282"	"CAL"	2018.0	35.0	2.0	0.0	1.0	1.038991938	1.992888172	7.666689381	1.043780878	10.70335843	0.029746185		0.055351454	0.367537297	0.520557864	0.065799088	167.4788412	46.9575732	1496.042866	1442.757503	54.60615376	1.002730228	0.0	3.019556223	0.0	3.019556223	331.8137874	406.8485721	347.7016058	422.7363906	0.0		0.0	0.0	0.0	0.0	0.0	0.0	0.0
"CAL289"	"CAL"	2018.0	171.0	5.0	0.0	4.0	2.405760537		31.04519459	8.322239795			0.044192271	0.088726085	0.234276707	2.038565496		1893.529618	69.89886251	12289.15481	11836.84401	688.8990936	1.808359029	0.0	4.156545185	0.0	4.156545185	1922.496203	2696.827972	2077.286006	2851.617775	0.0	0.276133816	0.0	0.0	0.0	0.0	3.0	3.0	0.0
"CAL299"	"CAL"	2018.0	91.0	7.0	0.0	2.0	1.170313589		14.57165424	3.300719711			0.051509404	0.223730518	0.148468082	0.714576363	0.032029236	253.663749	125.7018503	4521.169067	4319.521963	751.3237441	0.387833495	0.0	0.664721248	0.137072349	0.801793597	611.5120748	814.9923368	673.7601006	877.2403626	0.0		0.0	0.0	0.0	0.0	2.0	3.0	0.0
"CAL30"	"CAL"	2018.0	182.0	7.0	0.0	7.0	2.47333972		35.58745479	1.721923061			0.047946769	0.048332788	0.369584043	1.968518855	0.038957258	556.9178223	1608.808602	8298.61297	7655.439307	1427.420481	0.551731791	1.803117389	0.740793209	0.662659457	3.206570054	1043.641271	1364.53391	1152.819711	1473.712349	0.0	1.2406752	0.0	0.0	0.0	0.0	8.0	4.0	0.0
"CAL300"	"CAL"	2018.0	364.0	20.0	0.0	2.0	8.523477179		57.10637636	19.77266995				1.546622362	1.470879884	0.601587568	4.423903711	365.0528648	3.972221407	11489.57291	10815.5312	277.1559049	12.76200167	0.0	22.88612918	0.0	22.88612918	1247.409553	1936.420299	1355.206224	2044.216971	0.0		0.0	0.0	0.0	0.0	2.0	4.0	0.0
"CAL301"	"CAL"	2018.0	132.0	3.0	0.0	1.0	2.134069178	2.201865413	22.52760629	4.552156294	29.28162799			0.47036793	0.163350126	1.500351138		1047.207944	0.003533946	8718.285395	8515.788621	767.0616384	1.103803404	0.0	7.522291385	0.0	7.522291385	1316.507798	1910.690477	1405.455779	1999.638458	0.0		0.0	0.0	0.0	0.0	3.0	1.0	0.0
"CAL31"	"CAL"	2018.0	578.0	22.0	0.0	10.0	7.438098497		106.4911321	8.293707428			0.179741292	0.191805526	0.940555732	6.056290197	0.069705761	1402.52423	2768.235079	25693.83567	24422.63198	3398.758626	2.390494566	1.857788958	9.316199693	1.718742682	12.89273133	3185.470619	4485.725601	3481.812657	4782.067639	0.0	2.817067469	0.0	0.0	0.0	0.0	13.0	6.0	0.0
"CAL313"	"CAL"	2018.0	108.0	2.0	0.0	4.0	1.631764721	0.410973422	20.05319185	4.776878972	25.24104424		0.028458419	0.118762221	0.190463687	1.294080365		1034.841314	29.00422332	7127.797669	7381.414969	348.3377059	0.920652886	0.0	2.809234528	0.0	2.809234528	1057.734914	1503.761477	1149.093789	1595.120351	0.0		0.0	0.0	0.0	0.0	6.0	2.0	0.0
"CAL316"	"CAL"	2018.0	147.0	2.0	0.0	3.0	1.9228796		28.6521124	1.332985158				0.029305494	0.336526988	1.452584345	0.104462762	231.4450935	455.8433475	6109.097105	6034.48228	991.0372214	0.394313922	0.0	2.999508098	0.0	2.999508098	753.3314898	1063.485653	806.1975075	1116.351671	0.0		0.0	0.0	0.0	0.0	6.0	0.0	0.0
"CAL319"	"CAL"	2018.0	288.0	10.0	0.0	2.0	4.909108025	3.921969663	53.16493643	6.333339145	63.42024523		0.013429219	0.203912724	0.518629454	3.621109634	0.552026985	628.066487	87.91251212	10986.62228	10667.96363	907.0882056	3.938193387	0.0	6.176346472	0.981712748	7.158059221	1565.233497	2129.052486	1708.279611	2272.0986	0.0		0.0	0.0	0.0	0.0	3.0	1.0	0.0
"CAL323"	"CAL"	2018.0	86.0	6.0	0.0	6.0	1.913946146		22.39154697	3.6921519800000002			0.121245609	0.037475387	0.186820787	1.490157092	0.078247275	368.2848411	333.1710379	6416.040523	6438.843566	742.4783267	0.302373717	0.0	0.1301854	0.0	0.1301854	718.4251881	1003.767332	788.9540483	1074.296192	0.0		0.0	0.0	0.0	0.0	6.0	2.0	0.0
"CAL336"	"CAL"	2018.0	91.0	3.0	0.0	2.0	1.286594246		16.88933118	2.777342806			0.012781825	0.036089211	0.342218629	0.863086592	0.032417985	0.0	10.46016709	2672.684525	2688.704828	72.24577037	0.234522368	0.0	0.169751035	0.0	0.169751035	359.2626937	533.4123354	367.3314088	541.4810505	0.0		0.0	0.0	0.0	0.0	4.0	3.0	0.0
"CAL34"	"CAL"	2018.0	414.0	14.0	0.0	4.0	5.395545885		59.41977179	11.702708			0.103832964	0.787469099	0.508945965	3.937337226	0.057960623	1025.258505	1119.159419	16378.4263	16149.27759	2063.18631	2.849202067	0.0	8.103944011	0.0	8.103944011	1927.758802	2718.689875	2119.954773	2910.885846	0.0	0.344956568	2.0	0.0	0.0	0.0	5.0	4.0	0.0
"CAL342"	"CAL"	2018.0	179.0	2.0	0.0	2.0	2.470053261		28.1050057	1.993361327				0.057051847	0.717850396	1.695151021		339.895727	0.0	6560.201261	6591.400074	252.36785	1.423829836	0.0	5.920971448	0.0	5.920971448	794.0035704	1187.720977	839.9508318	1233.668238	0.0		0.0	0.0	0.0	0.0	2.0	0.0	0.0
"CAL343"	"CAL"	2018.0	421.0	8.0	0.0	3.0	6.102712329		65.56231913	15.33291589				0.27570437	1.910433528	3.916574435		964.3648688	20.83359775	16093.2492	16179.80961	368.2524457	7.546412882	0.0	16.56620221	0.0	16.56620221	1948.025297	3029.965817	2059.127777	3141.068297	0.0		0.0	0.0	0.0	0.0	2.0	3.0	0.0
"CAL346"	"CAL"	2018.0	159.0	3.0	0.0	5.0	2.387572366	1.538835396	29.62080837	5.844726154	37.00436992		0.028458419	0.156845545	0.244192971	1.958075417		1681.260328	30.14563172	11171.12712	11307.31376	514.1167033	2.181772715	0.0	3.792048079	0.0	3.792048079	1750.080499	2454.231333	1897.134491	2601.285325	0.0		0.0	0.0	0.0	0.0	8.0	3.0	0.0
"CAL348"	"CAL"	2018.0	56.0	3.0	0.0	1.0	0.776040976	1.146891468	9.687917217	2.082115666	12.91692435			0.059438661	0.053679676	0.662922638		650.510822	0.957036507	4069.760779	3948.741361	165.2985408	1.290576277	0.0	0.966472514	0.0	0.966472514	696.4517426	956.1299812	753.2106359	1012.888875	0.0		0.0	0.0	0.0	0.0	2.0	2.0	0.0
"CAL357"	"CAL"	2018.0	102.0	4.0	0.0	1.0	1.448884054		19.45070546	1.515649559			0.013429219	0.027088552	0.206087995	1.054434587	0.147843694	332.1106772	19.73817927	4739.611741	4537.545003	51.71139664	0.81064577	0.0	2.046758298	0.981712748	3.028471046	828.8225275	1112.9104	898.4160819	1182.503954	0.0		0.0	0.0	0.0	0.0	1.0	0.0	0.0
"CAL358"	"CAL"	2018.0	112.0	2.0	0.0	2.0	1.861218294	0.086308436	20.18260776	4.628254186	24.89717039			0.088315683	0.291405558	1.169037099	0.307619388	194.9404031	35.15091564	5359.975874	5338.063296	82.16131314	1.534309524	0.0	2.155897031	0.0	2.155897031	640.4239259	950.8631618	688.1807731	998.6200091	0.0		0.0	0.0	0.0	0.0	3.0	1.0	0.0
"CAL36"	"CAL"	2018.0	164.0	9.0	0.0	3.0	2.149561504		30.41054519	2.024192648			0.037607321	0.070559298	0.268693366	1.684555404	0.088146147	703.028378	752.3287641	8357.733824	8129.752273	1305.964816	0.473439155	0.0	0.896652863	0.0	0.896652863	1147.517678	1549.257513	1249.880368	1651.620203	0.0	0.031653421	0.0	0.0	0.0	0.0	4.0	4.0	0.0
"CAL379"	"CAL"	2018.0	110.0	9.0	0.0	7.0	2.157028525		26.91636176	0.21373206			0.072497555	0.079808433	0.460299826	1.402298388	0.142124353	511.6274162	143.2586767	7030.594029	6770.339819	1040.939211	0.21373206	0.0	3.545893125	0.0	3.545893125	924.3554474	1256.898534	1004.904156	1337.447242	0.0		0.0	0.0	0.0	0.0	4.0	7.0	0.0
"CAL384"	"CAL"	2018.0	111.0	7.0	0.0	1.0	1.150500093		16.82257242	0.382165885				0.032983798	0.267326088	0.850050786	1.39418E-4	407.4805854	128.9295303	5060.380199	4972.89738	324.9240736	0.382165885	0.0	1.980001585	0.0	1.980001585	824.316089	1139.439483	880.9600099	1196.083404	0.0		0.0	0.0	0.0	0.0	0.0	1.0	0.0
"CAL393"	"CAL"	2018.0	199.0	5.0	0.0	4.0	2.945044064	2.058676645	28.89106519	4.315353424	35.26509526			0.64257049	0.213140794	1.741714913	0.338677371	1404.321845	0.0	10110.66055	9407.201991	344.6415312	0.620334097	0.0	4.723829357	0.0	4.723829357	1979.4531	2827.25149	2107.760193	2955.558583	0.0		0.0	0.0	0.0	0.0	5.0	2.0	0.0
"CAL394"	"CAL"	2018.0	101.0	2.0	0.0	1.0	1.864484868	3.505184523	17.24285098	3.093076674	23.84111218			0.468903438	0.054488195	1.203306856	0.003265906	329.852263	0.0	6332.641601	6203.420306	7.945660703	4.075794597	0.0	3.095198109	0.0	3.095198109	1355.576881	2016.658077	1413.467832	2074.549028	0.0		0.0	0.0	0.0	0.0	2.0	1.0	0.0
"CAL396"	"CAL"	2018.0	229.0	4.0	0.0	2.0	4.017192436	4.071078226	34.88728115	3.15403875	42.11239813			2.027263907			1.395341927	774.6151835	7.46190512	11017.78905	6797.919258	587.4230274	11.48249039	0.0	12.17765916	0.0	12.17765916	2382.468522	2921.998688	2639.14091	3178.671076	0.0		0.0	0.0	0.0	0.0	3.0	1.0	0.0
"CAL398"	"CAL"	2018.0	204.0	3.0	0.0	2.0	3.549697314	3.690528112	37.8421613	5.405772724	46.93846214			0.778234222			2.669913113	195.3571078	0.0	3320.53959	1059.066296	109.2634348	17.7523844	0.0	5.973883194	0.0	5.973883194	803.6772297	955.9184231	895.0920626	1047.333256	0.0		0.0	0.0	0.0	0.0	6.0	0.0	0.0
"CAL400"	"CAL"	2018.0	233.0	4.0	0.0	3.0	2.668776548		39.26580232	0.294781589				0.307124035	0.081048996	2.276057153		1027.616718	0.0	12026.07769	10812.6785	231.0203456	0.375856414	0.0	4.809824252	0.0	4.809824252	2535.229127	3400.8942	2730.182756	3595.847829	0.0	0.108871388	0.0	0.0	0.0	0.0	5.0	3.0	0.0
"CAL402"	"CAL"	2018.0	204.0	7.0	0.0	1.0	2.816188813	1.213166525	31.40098122	7.749960159	40.3641079			0.317181186	0.147904481	2.348240521		605.9091484	0.007838368	10917.8859	10518.84603	424.1666776	3.175495282	0.0	8.087181739	0.0	8.087181739	2280.044921	3000.897225	2431.190897	3152.043201	0.0		0.0	0.0	0.0	0.0	2.0	3.0	0.0
"CAL403"	"CAL"	2018.0	126.0	0.0	0.0	1.0	1.409885806		16.98058143	1.418243844				0.027416618	0.399297641	0.983171533		103.0505807	0.0	3998.395952	4072.196243	0.241449312	0.150698904	0.0	4.189426471	0.0	4.189426471	381.4766014	686.9324039	385.5102869	690.9660894	0.0		0.0	0.0	0.0	0.0	1.0	0.0	0.0
"CAL404"	"CAL"	2018.0	166.0	2.0	0.0	2.0	1.860349884	1.446294602	22.87729186	5.637201313	29.96078778			0.410177797	0.205005504	1.228100089	0.017066464	383.2253262	0.071184734	7345.216826	7246.970011	212.4770822	1.103287161	0.0	4.412052347	0.0	4.412052347	1110.131229	1722.720141	1196.251686	1808.840597	0.0		0.0	0.0	0.0	0.0	4.0	0.0	0.0
"CAL406"	"CAL"	2018.0	227.0	7.0	0.0	3.0	2.597121781		35.29856393	5.299588578				0.06469764	0.198616169	0.097649547	2.047324421	1121.562163	0.09804342	12287.32895	7364.126222	139.3344857	6.72844133	0.0	8.981612374	0.0	8.981612374	2741.76435	3345.398674	3031.565875	3635.200199	0.0		0.0	0.0	0.0	0.0	3.0	0.0	0.0
"CAL407"	"CAL"	2018.0	221.0	7.0	0.0	3.0	2.610084895		32.95747941	6.225162662				0.070461457	0.200433459	0.097649547	2.051473406	1128.295391	0.087392202	12330.89158	7421.266154	154.6300695	6.551131208	0.0	8.981612374	0.0	8.981612374	2746.29006	3351.99069	3036.520458	3642.221087	0.0		0.0	0.0	0.0	0.0	3.0	0.0	0.0
"CAL41"	"CAL"	2018.0	107.0	2.0	0.0	2.0	1.884696806		19.56096006	3.875960387				0.445119055	0.141792475	1.196013991	0.069866647	373.238643	19.70535485	6223.747841	6220.57971	284.7320837	0.416595327	0.0	1.666772492	0.0	1.666772492	808.319714	1087.826209	861.6825822	1141.189078	0.0		0.0	0.0	0.0	0.0	3.0	1.0	0.0
"CAL413"	"CAL"	2018.0	334.0	6.0	0.0	3.0	4.797583554		46.54217447	12.28300676				0.600369887	1.212926808	0.456347651	2.471045342	1649.366924	9.51944279	16785.54564	15303.11052	832.0623467	1.669038732	0.0	9.472953204	0.0	9.472953204	3231.714939	4298.780201	3450.399661	4517.464923	0.0	0.046041688	0.0	0.0	0.0	0.0	5.0	3.0	0.0
"CAL414"	"CAL"	2018.0	210.0	3.0	0.0	2.0	2.246299192		31.09795763	6.319321487				0.058342703	0.083163135	0.168713134	1.936080217	960.676457	9.891892837	11763.38714	10701.76313	312.027887	0.636145128	0.0	7.982015204	0.0	7.982015204	2301.610849	3071.567696	2443.647446	3213.604293	0.0	0.251896513	0.0	0.0	0.0	0.0	4.0	2.0	0.0
"CAL42"	"CAL"	2018.0	236.0	10.0	0.0	3.0	2.829094983		31.15423675	10.08209008		2.00938E-5	0.114119376	0.134045132	0.364463509	2.109041819	0.107405066	349.8931968	71.08809662	7418.476267	7095.782046	888.1714005	1.326763385	0.0	2.935561829	0.0	2.935561829	859.7966824	1165.417912	915.0615007	1220.68273	0.0		0.0	0.0	0.0	0.0	3.0	2.0	0.0
"CAL423"	"CAL"	2018.0	131.0	2.0	0.0	1.0	1.802015057		20.49829837	4.203252017				0.510043595			1.29197146	333.0111131	0.0	5899.819405	3896.094482	74.56349567	3.743992888	0.0	5.761706957	0.0	5.761706957	1360.080638	1671.241459	1491.123528	1802.284349	0.0		0.0	0.0	0.0	0.0	4.0	0.0	0.0
"CAL424"	"CAL"	2018.0	239.0	2.0	0.0	1.0	2.887186726	3.381731625	31.34434701	4.990569299	39.71664794			1.31871936		0.08512991	1.48333749	1486.467235	0.0	12816.1637	7686.433585	852.1053647	7.827464074	0.0	7.890627858	0.0	7.890627858	2679.058037	3452.210246	2902.233463	3675.385672	0.0		0.0	0.0	0.0	0.0	4.0	0.0	0.0
"CAL426"	"CAL"	2018.0	136.0	5.0	0.0	2.0	1.833808883	1.643289757	20.32819453	4.353861648	26.32534593			0.791360734	0.127053082	0.289599056	0.587484203	623.8917276	2.68977E-4	8018.359113	7873.125972	825.4244114	2.649193988	0.0	4.148946528	0.0	4.148946528	1549.141848	1984.776466	1677.339336	2112.973954	0.0		0.0	0.0	0.0	0.0	3.0	3.0	0.0
"CAL427"	"CAL"	2018.0	209.0	2.0	0.0	2.0	3.076060209	3.704499093	34.78823968	7.088931602	45.58167037			1.216598888	0.235389596		1.592326381	421.5160568	0.0	9313.084634	7707.194948	268.1467486	11.78259246	0.0	9.24983564	0.0	9.24983564	1976.105277	2509.923593	2114.316014	2648.13433	0.0		0.0	0.0	0.0	0.0	7.0	3.0	0.0
"CAL431"	"CAL"	2018.0	403.0	9.0	0.0	2.0	7.195617266	4.587104546	62.06227723	9.78972021	76.43910199			2.26359069	0.278968898	2.162058827	0.051864749	759.7052532	0.0	12546.37592	9929.81405	165.5545608	23.18546833	0.0	19.14843698	0.0	19.14843698	2570.918753	3733.705721	2723.48736	3886.274329	0.0		0.0	0.0	0.0	0.0	4.0	3.0	0.0
"CAL432"	"CAL"	2018.0	173.0	3.0	0.0	1.0	2.650203472	1.365974525	29.83278493	2.895635817	34.09439527			0.585636387	0.073167236	1.958988793		542.1685099	0.040939282	7920.976623	7673.612047	84.87885893	0.802859127	0.0	8.234353771	0.0	8.234353771	1576.241562	2117.090614	1649.605977	2190.455029	0.0		0.0	0.0	0.0	0.0	4.0	2.0	0.0
"CAL435"	"CAL"	2018.0	103.0	6.0	0.0	2.0	1.844135228	1.540881872	19.20061036	1.728164192	22.46965642			1.255092214	0.047579568	0.421478955		974.9204466	0.520862141	5314.051548	4105.895501	299.4720962	2.895003564	0.0	6.201873231	0.0	6.201873231	1162.80947	1538.273532	1251.886905	1627.350966	0.0		0.0	0.0	0.0	0.0	3.0	3.0	0.0
"CAL437"	"CAL"	2018.0	233.0	2.0	0.0	3.0	2.884388916		33.3017593	3.392678178				0.04298815	0.593519768	0.923021186	1.324859825	883.9044024	0.0	11942.40405	11498.26509	365.9437449	2.492922116	0.0	9.516369022	0.0	9.516369022	2224.11593	3177.777642	2322.707855	3276.369567	0.0		0.0	0.0	0.0	0.0	7.0	3.0	0.0
"CAL440"	"CAL"	2018.0	147.0	1.0	0.0	2.0	2.41362093	1.347075251	25.08339018	1.627035973	28.0575014			1.168952247			1.208891598	130.3561287	2.260274322	1587.690389	1049.55625	35.03425199	4.521508201	0.0	5.580464489	0.0	5.580464489	311.419723	397.5889724	337.4686427	423.6378921	0.0		0.0	0.0	0.0	0.0	4.0	0.0	0.0
"CAL441"	"CAL"	2018.0	275.0	4.0	0.0	3.0	3.033225261		41.31060205	7.856746021				0.418462282	0.129987053	0.015605911	2.459742551	1533.129748	9.715802733	14761.58017	13286.5583	620.9609489	0.937347136	0.0	8.428336082	0.0	8.428336082	2962.682871	3880.623036	3174.052961	4091.993126	0.0	0.056071816	0.0	0.0	0.0	0.0	5.0	3.0	0.0
"CAL442"	"CAL"	2018.0	92.0	1.0	0.0	1.0	1.176834275		14.15066951	2.021628987				0.046478009	0.102389603	0.96050646	0.005049979	961.9985246	0.0	6313.434041	5374.451492	178.8356581	2.455612354	0.0	2.565180834	0.0	2.565180834	1238.684376	1658.506595	1320.050186	1739.872405	0.0		0.0	0.0	0.0	0.0	2.0	0.0	0.0
"CAL443"	"CAL"	2018.0	153.0	6.0	0.0	1.0	2.510285052		24.943582	5.459892753				0.23408168	0.060599446	2.215603954		383.9873023	6.881472753	5586.920199	3357.682522	56.28201938	1.711201527	0.0	7.856447161	0.0	7.856447161	1275.304553	1760.498447	1339.308782	1824.502676	0.0	0.305317014	0.0	0.0	0.0	0.0	5.0	0.0	0.0
"CAL444"	"CAL"	2018.0	118.0	0.0	0.0	1.0	3.364457306	5.712854486	21.03589534	2.639463792	29.38821362			2.488826296			0.75967224	468.4263342	0.0	7137.546498	2135.194018	248.6511036	7.676682705	0.0	7.959988858	0.0	7.959988858	1568.153409	1892.526565	1708.837312	2033.210467	0.0		0.0	0.0	0.0	0.0	2.0	2.0	0.0
"CAL51"	"CAL"	2018.0	186.0	2.0	0.0	2.0	1.919042802		22.58273582	7.278584826				0.070273036	0.519792831	1.328358323	6.18608E-4	127.510902	0.016622864	5445.57858	5442.681669	40.21403232	1.720496325	0.0	4.646486082	3.141601773	7.788087854	790.8820284	1086.454889	840.2271706	1135.800031	0.0	0.739425341	0.0	0.0	0.0	0.0	3.0	1.0	0.0
"CAL52"	"CAL"	2018.0	165.0	11.0	0.0	4.0	2.392501737		31.34439585	6.248524869			0.030140366	0.052737809	0.21006669	2.079151058	0.02040581	1310.806027	85.85676124	11505.91504	10905.93198	454.0338438	1.129130966	0.0	2.773767895	0.0	2.773767895	2012.00367	2730.006714	2163.004427	2881.007471	0.0		0.0	0.0	0.0	0.0	7.0	6.0	0.0
"CAL53"	"CAL"	2018.0	165.0	11.0	0.0	4.0	2.39983642		31.35012983	7.244197658			0.030140366	0.054388677	0.21006669	2.084834926	0.02040581	1312.686593	85.93037211	11527.31687	10926.27966	454.7386278	1.156664589	0.0	2.773767895	0.0	2.773767895	2015.472737	2734.984784	2166.700504	2886.212551	0.0		0.0	0.0	0.0	0.0	7.0	6.0	0.0
"CAL54"	"CAL"	2018.0	168.0	13.0	0.0	3.0	2.973563053		29.33181128	8.486819562			0.030140366	0.734112064	0.261989964	1.83011799	0.02040581	1371.955171	55.46633371	12416.75193	11739.76221	380.2584148	1.970492882	0.0	8.324062166	0.0	8.324062166	2134.056949	3014.52403	2304.005796	3184.472878	0.0		0.0	0.0	0.0	0.0	8.0	4.0	0.0
"CAL55"	"CAL"	2018.0	99.0	8.0	0.0	4.0	1.449597426		16.00063952	5.933043518			0.030329237	0.037161155	0.176619983	1.205487067		1074.104216	34.89087396	7369.886359	6997.005032	409.3539181	0.992689633	0.0	1.630193547	0.0	1.630193547	1448.407385	1966.336988	1563.513829	2081.443433	0.0		0.0	0.0	0.0	0.0	1.0	3.0	0.0
"CAL56"	"CAL"	2018.0	631.0	10.0	0.0	6.0	10.77431152	4.236753606	84.02966523	23.89812222	112.1645411			3.550600948	2.289904967	4.87969366	0.054111943	1041.997526	10.10924338	21525.63225	20190.94339	905.4961043	7.706058879	0.0	19.29664626	3.141601773	22.43824803	3524.259628	4763.558411	3773.893442	5013.192224	0.0	0.739425341	0.0	0.0	0.0	0.0	4.0	2.0	0.0
"CAL58"	"CAL"	2018.0	182.0	6.0	0.0	2.0	2.145784883		27.30218099	9.218799853				0.139828797	0.329948997	1.676007087		627.3036259	29.60732997	7701.66475	7614.644476	406.5920454	2.587011538	0.0	4.282138127	0.0	4.282138127	1154.684672	1564.97216	1235.418197	1645.705685	0.0		0.0	0.0	0.0	0.0	2.0	2.0	0.0
"CAL59"	"CAL"	2018.0	173.0	5.0	0.0	3.0	2.19693308		29.75401064	3.323000017				0.123028168	0.262960016	1.653543577	0.150151367	660.4454978	43.83890559	8901.410615	8790.188426	174.2886023	1.71017543	0.0	3.277063799	0.0	3.277063799	1388.569731	1850.477355	1518.529467	1980.43709	0.0		0.0	0.0	0.0	0.0	6.0	4.0	0.0
"CAL60"	"CAL"	2018.0	260.0	13.0	0.0	3.0	3.773767662		43.25389982	8.44334929				0.311792806	1.048281624	2.246540679	0.159902647	791.6527975	69.98617174	11990.21891	11780.22449	225.3567447	3.933293625	0.0	8.228165574	0.0	8.228165574	1805.403884	2431.082334	1974.074778	2599.753228	0.0		0.0	0.0	0.0	0.0	6.0	4.0	0.0
"CAL61"	"CAL"	2018.0	128.0	3.0	0.0	2.0	1.65886514		24.10821533	1.38412486			0.026762168	0.050836975	0.33674996	1.24451605		159.6055251	62.76042798	5182.20776	5132.214865	206.6447729	1.127656859	0.0	3.167241062	0.0	3.167241062	606.5612376	892.207888	670.5422861	956.1889365	0.0		0.0	0.0	0.0	0.0	5.0	1.0	0.0
"CAL62"	"CAL"	2018.0	164.0	6.0	0.0	3.0	2.244104801		30.869975	1.524355959			0.026762168	0.080569185	0.508898049	1.627875401		286.0463154	80.73439212	7073.921267	6918.443243	302.4651622	1.524355959	0.0	3.703315207	0.0	3.703315207	936.356579	1347.732175	1018.687653	1430.063249	0.0		0.0	0.0	0.0	0.0	5.0	1.0	0.0
"CAL68"	"CAL"	2018.0	147.0	4.0	0.0	1.0	1.785728587		22.21327143	6.541102652			0.032504734	0.066741225	0.172708962	1.443052007	0.070721656	285.5396404	59.46172039	6058.831847	5997.947554	460.880035	1.134577115	0.0	0.293124369	0.0	0.293124369	718.827399	1033.270181	783.4367127	1097.879495	0.0		0.0	0.0	0.0	0.0	1.0	2.0	0.0
"CAL70"	"CAL"	2018.0	112.0	9.0	0.0	4.0	1.633359612		20.38490495	4.562091801			0.019113896	0.046696334	0.195393325	1.33848663	0.03366945	447.6771793	227.9488183	5186.182785	5016.094989	512.9709958	1.144282188	0.0	1.077155263	0.0	1.077155263	632.851818	894.8820921	692.1416733	954.1719474	0.0		0.0	0.0	0.0	0.0	1.0	5.0	0.0
"CAL71"	"CAL"	2018.0	331.0	20.0	0.0	6.0	6.082771881	3.020100898	55.86688731	15.59190264	74.47889084	0.337675691	0.080276588	0.343275431	1.655947751	3.443883906	0.021310087	297.6022846	187.854654	10188.19437	10267.59695	869.3280421	8.161522913	0.0	0.77836113	0.0	0.77836113	1141.194657	1640.457662	1220.856123	1720.119128	0.0		0.0	0.0	0.0	0.0	12.0	6.0	0.0
"CAL8"	"CAL"	2018.0	168.0	10.0	0.0	3.0	1.674806078		24.74013774	0.135436954			0.043457124	0.016987108	0.188375173	1.4051119		281.090115	987.1849102	6252.22358	5990.532662	2329.369809	0.135436954	0.0	1.186563548	0.0	1.186563548	410.8795341	594.4416596	458.6601939	642.2223193	0.0	0.287462133	1.0	0.0	0.0	0.0	5.0	2.0	0.0
"CAL80"	"CAL"	2018.0	110.0	4.0	0.0	4.0	1.791743691	0.644025852	21.76903777	0.683702816	23.09676644	0.011552145	0.025406052	0.17189141	0.335021936	1.193087877	0.041247764	105.871498	580.2638178	3754.521062	3690.090547	477.4145735	1.327728668	0.0	3.72085806	1.823266341	5.544124401	426.6396396	584.8040013	457.8522336	616.0165952	0.0		0.0	0.0	0.0	0.0	2.0	3.0	0.0
"CAL82"	"CAL"	2018.0	560.0	15.0	0.0	5.0	7.639807404	6.00424059	87.70867133	17.85303136	111.5659433		0.032336443	0.86922162	1.927326953	4.495686598	0.314934164	526.0041348	40.72512696	16794.66185	17142.73277	307.1895411	13.15946925	0.0	16.63230653	0.0	16.63230653	1980.51767	2969.993704	2141.188815	3130.664849	0.0	0.284014804	0.0	0.0	0.0	0.0	8.0	7.0	0.0
"CAL83"	"CAL"	2018.0	253.0	5.0	0.0	2.0	2.242959163		34.13940648	2.851769776				0.344368104	0.323582906	1.311086898	0.263921259	157.4111526	8.714026126	5717.756054	5918.11419	1.05344E-5	1.747357655	0.0	5.539181777	0.0	5.539181777	636.7002146	1015.362394	688.3111432	1066.973323	0.0		0.0	0.0	0.0	0.0	2.0	3.0	0.0
"CAL86"	"CAL"	2018.0	100.0	4.0	0.0	2.0	2.632666464		22.82079569	3.712173726			0.032336443	0.148455357	1.004529079	1.275632234	0.049203901	109.2763744	31.70524086	4449.273759	4544.631911	86.16599007	1.456685871	0.0	5.23656956	0.0	5.23656956	530.2768992	770.6971476	568.9598649	809.3801133	0.0	0.284014804	0.0	0.0	0.0	0.0	3.0	2.0	0.0
"CAL89"	"CAL"	2018.0	134.0	2.0	0.0	2.0	1.777931479		23.8844041	1.343610242				0.051272896	0.238816386	1.478279249		147.1633561	9.721709422	5080.283732	5147.98977	12.0883687	0.765234364	0.0	3.452695211	0.0	3.452695211	723.1955045	1002.146746	756.9728974	1035.924138	0.0		0.0	0.0	0.0	0.0	3.0	1.0	0.0
"CAL94"	"CAL"	2018.0	41.0	0.0	0.0	1.0	0.528575231		7.540171076	1.664121435			9.74082E-4	0.035461287	0.074105676	0.418034201		104.5717011	2.440596818	1318.654215	1318.499789	1.358729112	2.730112667	0.0	0.778781097	0.20150377	0.980284867	191.0075415	274.4844749	202.150172	285.6271054	0.0	0.089914577	0.0	0.0	0.0	0.0	1.0	0.0	0.0
"CAL96"	"CAL"	2018.0	83.0	3.0	0.0	3.0	1.285880415		16.28173439	3.674694925			0.0405801	0.033690466	0.158030112	1.053579727		539.4735167	78.99091153	5929.203488	5830.760324	574.9175836	0.338527678	0.0	1.749755227	0.033661994	1.783417221	902.0367096	1249.140209	976.4111271	1323.514626	0.0		0.0	0.0	0.0	0.0	6.0	4.0	0.0
"CAL98"	"CAL"	2018.0	81.0	3.0	0.0	3.0	1.286803186		16.28185433	3.516507359			0.0405801	0.035005101	0.158001858	1.053216121		539.8058632	79.11273552	5930.646871	5832.054077	575.081473	0.337054356	0.0	1.749614297	0.0	1.749614297	902.0790978	1249.240375	976.4616338	1323.622911	0.0		0.0	0.0	0.0	0.0	6.0	4.0	0.0
"LAV2744"	"LAV"	2019.0	151.0	9.0	1.0	3.0	1.989128291		23.46906954	6.136339754		0.044208051	0.029443766	0.027585887	0.010892229	1.854289937		61.74416329	611.8518594	5823.061515	5786.231431	461.1732198	3.822593837	3.190968163	0.013014826	0.439395675	3.643378663	791.9610725	1100.593246	849.8846261	1158.5168	0.0		0.0	0.0	0.0	0.0	0.0	0.0	0.0
"LAV2746"	"LAV"	2019.0	151.0	9.0	1.0	3.0	1.989128291		23.46906954	6.136339754		0.044208051	0.029443766	0.027585887	0.010892229	1.854289937		61.74416329	611.8518594	5823.061515	5786.231431	461.1732198	3.822593837	3.190968163	0.013014826	0.439395675	3.643378663	791.9610725	1100.593246	849.8846261	1158.5168	0.0		0.0	0.0	0.0	0.0	0.0	0.0	0.0
"LAV2747"	"LAV"	2019.0	93.0	0.0	1.0	3.0	2.580465103		21.21417991	3.596200091			0.04531129	0.680222614	0.174497098	1.531831787		110.6116413	375.2122974	7467.990695	7133.265446	286.7150614		2.694862575	0.0	2.213371803	4.908234379	1169.740871	1551.225712	1266.837384	1648.322226	0.0		0.0	0.0	0.0	0.0	0.0	0.0	0.0
"LAV2748"	"LAV"	2019.0	152.0	3.0	1.0	3.0	4.110322904	0.606312709	29.12072959	4.957962912	34.68500521		0.023108321	1.602802104	0.034198999	2.24206294		220.9726755	287.6830315	9246.045103	8554.477247	235.2683334	2.399565334	1.029699223	0.0	1.700459663	2.730158887	1685.567151	2312.721959	1790.355545	2417.510354	0.0		0.0	0.0	0.0	0.0	0.0	0.0	0.0
"LAV2751"	"LAV"	2019.0	122.0	3.0	1.0	3.0	3.281227497	0.896728329	22.22337495	4.945829584	28.06593286	0.030961742	0.038218666	0.821517005	0.032631759	2.081253069	0.101690382	155.0353564	185.6409896	6809.521763	6727.378742	486.9333682	3.214710359	1.621723987	0.0	2.763826192	4.385550179	994.7478389	1421.039737	1045.089271	1471.381169	0.0	0.125615762	0.0	0.0	1.0	0.0	0.0	0.0	0.0
"LAV2752"	"LAV"	2019.0	93.0	4.0	3.0	1.0	1.200942966		13.2589336	4.089128748		2.83477E-5	0.0119443	0.089696945	0.042318987	1.056954381		95.67823845	24.24901362	4997.061185	4961.151857	202.9071472	1.356353279	0.979922796	0.0	2.452587112	3.432509908	735.2401396	1057.034288	781.0928998	1102.887048	0.0		0.0	0.0	0.0	0.0	0.0	0.0	0.0
"LAV2754"	"LAV"	2019.0	127.0	4.0	1.0	2.0	1.397910778	0.572010375	18.34601262	4.300548688	23.21857168	1.0347E-4	0.021542676	0.049516593	0.050834396	1.225462382	0.050451261	144.8464125	211.1655683	5500.239443	5452.324028	382.867453	2.086559946	0.136974522	0.0	4.16472572	4.301700242	759.9531993	1120.743578	797.0096549	1157.800034	0.0		0.0	0.0	0.0	0.0	0.0	0.0	0.0
"LAV2755"	"LAV"	2018.0	358.0	14.0	2.0	3.0	10.11950754	7.502766462	57.04142783	18.3693193	82.91351359	0.175416747	0.032209684	3.304248548	0.420248885	4.614577359	0.988130903	359.697545	217.7103805	17042.5565	15145.06459	1755.717573	15.65126324	3.191020861	0.0	13.68950436	16.88052522	2568.634409	3543.650367	2725.220464	3700.236421	0.0		0.0	0.0	0.0	0.0	0.0	0.0	0.0
"LAV2756"	"LAV"	2018.0	358.0	14.0	2.0	3.0	10.11950754	7.502766462	57.04142783	18.3693193	82.91351359	0.175416747	0.032209684	3.304248546	0.420248885	4.614577359	0.988130903	359.6975449	217.7103805	17042.5565	15145.06459	1755.717573	15.65126324	3.191020861	0.0	13.68950436	16.88052522	2568.634409	3543.650366	2725.220463	3700.236421	0.0		0.0	0.0	0.0	0.0	0.0	0.0	0.0
"LAV2757"	"LAV"	2019.0	30.0	0.0	2.0	1.0	0.483891838		5.425164655	0.909871356				0.005582369		0.478309474		79.19367265	12.35409129	3247.917132	3047.303508	68.37603646	0.057352368	0.0	0.0	0.0	0.0	738.0819202	999.7723418	779.718296	1041.408718	0.0		0.0	1.0	1.0	0.0	0.0	0.0	0.0
"LAV2759"	"LAV"	2019.0	4047.0	134.0	45.0	78.0	111.6192798	78.29674986	607.078025	244.807201	930.1819758	0.334036077	0.736167888	37.9475102	5.213852392	52.63447472	4.139961769	4099.724281	6856.374134	198684.3646	189695.7773	15008.13896	211.0000158	55.45186545	1.746955812	90.9144566	148.1132779	30381.15872	43301.64456	32300.55342	45221.03926	0.0	1.557826678	0.0	3.0	13.0	0.0	0.0	0.0	0.0
"LAV2761"	"LAV"	2018.0	218.0	3.0	3.0	4.0	2.94435345	1.848216859	26.72550804	9.166847907	37.7405728		0.013333278	0.039703657	0.070569664	2.467239221		236.5461599	798.677046	9890.63517	9534.260107	856.6226661	8.199450683	3.996229477	0.0	3.003472918	6.999702395	1445.969858	2055.567365	1539.761012	2149.358519	0.0		0.0	0.0	3.0	0.0	0.0	0.0	0.0
"LAV2762"	"LAV"	2019.0	93.0	2.0	1.0	1.0	1.790854607		15.4246141	1.689092005			0.005735867	0.52415316	0.037535929	1.114749164		44.19639505	417.0980907	4126.879423	3754.89948	184.2538432	0.969762401	2.176752781	0.0	0.812640188	2.989392968	723.5397192	918.4409224	775.2227492	970.1239524	0.0		0.0	0.0	0.0	0.0	0.0	0.0	0.0
"LAV2764"	"LAV"	2019.0	161.0	15.0	2.0	10.0	6.171397142	0.865380024	27.73032846	14.49996309	43.09567157			0.885364487	0.013088397	2.915213855	2.357730397	141.4656514	234.759799	6690.000119	6604.160374	775.5971264	9.407896755	5.810703026	0.0	7.600649691	13.41135272	889.9755318	1284.108837	952.2817836	1346.415089	0.0	0.448554251	0.0	1.0	1.0	0.0	0.0	0.0	0.0
"LAV2766"	"LAV"	2019.0	375.0	10.0	2.0	4.0	4.453363805	1.158668515	50.74583054	18.37530585	70.2798049	0.04381578	0.132375342	0.136943105	0.080666234	4.059563336		379.7225453	417.7325666	18079.4969	17972.59678	2749.172746	13.08261412	0.123522634	0.0	1.470883586	1.594406219	1916.723566	2869.130702	2065.190857	3017.597993	0.0		0.0	0.0	1.0	0.0	0.0	0.0	0.0
"LAV2770"	"LAV"	2018.0	205.0	4.0	2.0	2.0	2.466457668		31.72696388	6.645950135			0.017214656	0.081237848	0.049989814	2.318015325		177.5132318	192.0720869	9891.355643	9806.4398	1257.292275	5.720634793	2.762883683	0.295289608	0.971115817	4.029289108	1304.880999	1952.666429	1383.102602	2030.888033	0.0		0.0	0.0	0.0	0.0	0.0	0.0	0.0
"LAV2771"	"LAV"	2019.0	133.0	2.0	4.0	1.0	9.479718395		19.7486754	16.54233637				7.510873301	0.078697262	1.755439756	0.129394726	161.5298653	190.8304621	8180.749614	8181.048281	515.4053028	2.712362085	0.043679104	0.0	3.658147995	3.701827099	1185.764296	1732.333312	1254.90947	1801.478487	0.0		0.0	0.0	0.0	0.0	0.0	0.0	0.0
"LAV2773"	"LAV"	2019.0	136.0	6.0	0.0	2.0	8.964000368		22.34907912	11.44978535			0.03132611	6.616129126	0.070279949	1.823410131		154.8297916	169.7242307	6612.478763	6159.188353	456.6584508	4.350652135	1.225918644	0.240215043	2.067035517	3.533169203	1052.393025	1476.262245	1128.383846	1552.253066	0.0	0.524860181	0.0	0.0	1.0	0.0	0.0	0.0	0.0
"LAV2778"	"LAV"	2019.0	276.0	13.0	3.0	9.0	21.60547794	17.99534217	36.69133946	44.02062328	98.70730491	0.023843908	1.141351017	15.7525004	0.22736709	2.811316482	1.637300553	275.2648552	1326.412014	10743.06542	10354.82454	2217.452233	45.72988882	11.49599439	0.287826007	0.050104578	11.83392498	1305.534126	1860.001434	1391.571318	1946.038626	0.0		0.0	0.0	1.0	0.0	0.0	0.0	0.0
"LAV2779"	"LAV"	2019.0	4409.0	201.0	38.0	107.0	123.946113	84.48180207	549.4184732	330.8566233	964.7568985	1.579445152	3.359565129	57.7973985	2.132384241	43.02842467	6.843630317	11082.28991	17571.42388	223650.4319	209480.3916	49747.90404	345.5343703	86.66684384	6.477123804	71.11509435	164.259062	29265.23454	40936.9129	31560.95872	43232.63708	0.0	1.574639806	0.0	2.0	13.0	0.0	0.0	0.0	0.0
"LAV2780"	"LAV"	2019.0	128.0	7.0	2.0	15.0	1.6598905	1.205862716	13.71678138	9.69161486	24.61425896		0.069938782	0.117217029	0.400452625	1.028803475	0.021053544	280.4539476	302.9760385	6526.162342	6422.624078	1314.619311	10.31484088	4.086073097	0.722659798	3.264511126	8.073244021	938.7163495	1334.318923	996.4240233	1392.026597	0.0		0.0	1.0	3.0	0.0	0.0	0.0	0.0
"LAV2782"	"LAV"	2019.0	306.0	9.0	1.0	7.0	2.803537069	1.372924424	37.53766342	9.952512738	48.86310058	0.063874544	0.071061431	0.072058161	0.104278898	2.401958643		136.9876983	1340.145673	8909.887703	8897.334209	542.9364934	9.61123608	0.092480339	0.024916058	4.333755396	4.451151793	1123.352852	1663.774175	1183.254873	1723.676196	0.0		0.0	0.0	0.0	0.0	0.0	0.0	0.0
"LAV2783"	"LAV"	2019.0	306.0	9.0	1.0	7.0	2.803537069	1.372924424	37.53766342	9.952512738	48.86310058	0.063874544	0.071061431	0.072058161	0.104278898	2.401958643		136.9876983	1340.145673	8909.887703	8897.334209	542.9364934	9.61123608	0.092480339	0.024916058	4.333755396	4.451151793	1123.352852	1663.774175	1183.254873	1723.676196	0.0		0.0	0.0	0.0	0.0	0.0	0.0	0.0
"LAV2784"	"LAV"	2018.0	154.0	1.0	2.0	4.0	4.158290287	0.168823615	24.89408441	8.983456213	34.04636424		0.067665899	0.989730314		2.881474141	0.210133446	719.2698945	214.1270148	13113.49785	10908.64082	2838.216034	6.040595004	2.96820344	0.0	0.540981699	3.509185139	2215.033896	2977.83039	2389.653652	3152.450146	0.0	0.531828988	0.0	0.0	0.0	0.0	0.0	0.0	0.0
"LAV2785"	"LAV"	2019.0	73.0	0.0	0.0	2.0	0.819533776	1.691832376	10.41435104	3.603445292	15.7096287		0.014042756	0.040438817	0.018771543	0.746275503	5.17278E-6	50.6731026	228.3775696	2794.90602	2769.640834	260.6959153	3.910223737	0.481931265	0.0	1.185791572	1.667722837	334.6762796	506.086155	354.3325424	525.7424178	0.0		0.0	0.0	0.0	0.0	0.0	0.0	0.0
"LAV2786"	"LAV"	2019.0	36.0	0.0	0.0	1.0	0.361980584		4.248073976	1.545174			0.014541039	0.020812068	0.042471236	0.284156234		61.353925	96.19731063	1553.179723	1524.103569	357.1991023	0.135683184	1.073061734	0.0	1.202029753	2.275091487	263.9388387	344.8131662	281.8222344	362.6965619	0.0		0.0	0.0	0.0	0.0	0.0	0.0	0.0
"LAV2787"	"LAV"	2019.0	207.0	9.0	3.0	8.0	2.400485322	0.41370277	28.99222169	8.834547569	38.24047203	0.058621287	0.071944857	0.034114957	0.153888804	1.692060842	0.231668543	409.8018681	2348.807823	10830.91051	10384.4796	2299.126879	10.10255557	2.015799608	0.022550275	2.472931829	4.511281712	1123.791969	1538.471844	1239.499268	1654.179144	0.0		0.0	0.0	0.0	0.0	0.0	0.0	0.0
"LAV2790"	"LAV"	2019.0	154.0	8.0	1.0	1.0	3.489723194	1.10762861	17.84056701	11.23831196	30.18650758	0.138777453	0.011578884	1.496240466	0.058847088	1.49261842	0.291660881	187.8574057	173.8284451	5572.587114	5463.063872	742.4067721	8.6251617	4.313202769	0.0	0.234163951	4.54736672	712.8929234	1012.89993	760.3987357	1060.405742	0.0		0.0	0.0	0.0	0.0	0.0	0.0	0.0
"LAV2791"	"LAV"	2019.0	175.0	7.0	6.0	7.0	2.305265562		20.20818588	10.35857317		8.83767E-5	0.102811219	0.041730636	0.041088818	1.580468384	0.539077865	438.858636	846.5699959	10606.54895	10267.19818	3229.893363	10.27045864	4.781906389	0.138699108	3.239017782	8.15962328	1367.936706	1830.66627	1507.700037	1970.429601	0.0		0.0	0.0	0.0	0.0	0.0	0.0	0.0
"LAV2796"	"LAV"	2019.0	144.0	0.0	1.0	15.0	4.548130248	0.372142351	20.36879485	6.677716415	27.41865362		0.091422973	2.485097221	0.035434166	1.936175896		198.7614184	148.8421402	7615.993987	6920.409389	618.0885133	3.382992818	0.682447679	0.0	1.381042555	2.063490233	1483.790392	2012.135946	1566.779303	2095.124858	0.0		0.0	0.0	1.0	0.0	0.0	0.0	0.0
"LAV2798"	"LAV"	2018.0	190.0	16.0	3.0	7.0	3.32967941	0.025652128	22.1307023	15.27279437	37.4291488	0.064458955	0.026730217	0.580341379	0.051677364	0.835290174	1.771181358	206.0661502	154.2018779	4626.243434	4639.811241	844.8488522	15.39649178	4.383792524	0.0	5.737685833	10.12147836	710.913451	1035.860892	761.3080137	1086.255454	0.0		0.0	0.0	0.0	0.0	0.0	0.0	0.0
"LAV2799"	"LAV"	2018.0	185.0	17.0	1.0	2.0	2.509088319	0.707526176	19.91036698	11.99020149	32.60809465	0.202505183	0.092781268	0.255820898	0.012129113	1.634634955	0.249677374	482.0112764	1164.899927	9568.525215	8917.211693	3069.039815	12.86048602	6.405671066	0.296453549	4.00360513	10.70572974	939.2393326	1302.981495	1058.316649	1422.058812	0.0		0.0	0.0	0.0	0.0	0.0	0.0	0.0
"LAV2801"	"LAV"	2019.0	190.0	20.0	2.0	5.0	2.238948259		20.87785369	11.38009245		0.153382607	0.145182823	0.113472152	0.033573228	1.776743388	0.016594085	1100.186274	1423.461259	11393.02669	11256.95959	3274.493076	10.31625882	1.114883574	0.0	6.331232116	7.44611569	1448.872778	2045.497214	1582.886769	2179.511206	0.0		0.0	0.0	1.0	0.0	0.0	0.0	0.0
"LAV2802"	"LAV"	2019.0	190.0	20.0	2.0	5.0	2.238948259		20.87785369	11.38009245		0.153382607	0.145182823	0.113472152	0.033573228	1.776743388	0.016594085	1100.186274	1423.461259	11393.02669	11256.95959	3274.493076	10.31625882	1.114883574	0.0	6.331232116	7.44611569	1448.872778	2045.497214	1582.886769	2179.511206	0.0		0.0	0.0	1.0	0.0	0.0	0.0	0.0
"LAV2806"	"LAV"	2019.0	416.0	13.0	3.0	11.0	4.779172843	1.129884077	47.13839143	20.39114638	68.65942189	0.107186893	0.263477935	0.379024454	0.166020959	3.524607474	0.027094052	1141.792052	1522.298416	22862.27714	22163.22539	5534.859828	19.08257365	6.391557733	1.251860331	4.768459108	12.41187717	2467.652792	3505.865856	2632.752723	3670.965786	0.0	0.315556529	0.0	0.0	1.0	0.0	0.0	0.0	0.0
"LAV2807"	"LAV"	2019.0	416.0	13.0	3.0	11.0	4.779172843	1.129884077	47.13839143	20.39114638	68.65942189	0.107186893	0.263477935	0.379024454	0.166020959	3.524607474	0.027094052	1141.792052	1522.298416	22862.27714	22163.22539	5534.859828	19.08257365	6.391557733	1.251860331	4.768459108	12.41187717	2467.652792	3505.865856	2632.752723	3670.965786	0.0	0.315556529	0.0	0.0	1.0	0.0	0.0	0.0	0.0
"LAV2808"	"LAV"	2019.0	81.0	0.0	1.0	1.0	0.943151752		9.927297119	4.546724052			0.038478971	0.008483427	0.110067614	0.786121736		206.4635028	9.999992875	5562.084054	5501.208491	502.2964674	2.596100847	0.661043557	0.0	0.0	0.661043557	987.1455957	1407.653425	1035.442234	1455.950063	0.0		0.0	0.0	1.0	0.0	0.0	0.0	0.0
"LAV2809"	"LAV"	2019.0	169.0	7.0	1.0	1.0	9.807758437	1.687944595	19.79060951	22.28482833	43.76338244	0.036620115	0.014484658	5.5479227	0.679550899	3.487493867		208.1422397	142.6096174	9619.622686	8859.390082	678.5824226	10.30546034	0.99980683	0.783039981	4.048557776	5.831404586	1690.586503	2434.478415	1793.161415	2537.053327	0.0		0.0	0.0	0.0	0.0	0.0	0.0	0.0
"LAV2810"	"LAV"	2019.0	140.0	1.0	0.0	1.0	1.982017609		18.70177662	3.604139739			0.009134457	0.217346463	0.006592896	1.184169106		78.59301689	161.1331957	4923.096703	4677.598452	150.1965165	2.627914057	0.593139963	0.0	4.216323867	4.80946383	734.0407855	1123.418588	774.3533722	1163.731175	0.0		0.0	0.0	0.0	0.0	0.0	0.0	0.0
"LAV2811"	"LAV"	2018.0	125.0	3.0	2.0	1.0	1.571772027		15.28066877	5.387637244			0.013641317	0.38882991	0.055953823	1.113346979		112.5804962	198.6005762	4429.190623	4313.855005	178.8609951	3.660784204	1.257224015	0.0	2.060757592	3.317981607	707.0321312	1017.896772	754.1312918	1064.995933	0.0		0.0	0.0	1.0	0.0	0.0	0.0	0.0
"LAV2814"	"LAV"	2019.0	113.0	4.0	1.0	3.0	1.303717973		14.7808144	6.383017169			0.173861981	0.069913816	0.046568155	0.883674354	0.129699665	550.6067802	639.503856	7297.772587	6432.95486	2318.442819	6.789089581	0.460917941	0.420084222	4.47177436	5.352776523	888.9639823	1311.878588	998.3944217	1421.309028	0.0		0.0	0.0	0.0	0.0	0.0	0.0	0.0
"LAV2815"	"LAV"	2018.0	112.0	2.0	0.0	1.0	1.982974912		16.18927193	4.737433574			0.052123914	0.446546168	0.050358627	1.349111606		125.2772075	224.6619145	5573.635345	5190.055252	305.1373542	2.809363143	2.339700862	0.0	6.06093481	8.400635673	967.4360169	1338.406769	1037.14068	1408.111432	0.0		0.0	0.0	0.0	0.0	0.0	0.0	0.0
"LAV4401"	"LAV"	2019.0	170.0	1.0	0.0	3.0	1.716196726	0.308725007	20.47693178	5.444125409	26.2297822	0.046203076	0.010023842	0.071165674	0.074449659	1.514347833		327.1334064	467.347796	8221.148687	8165.047855	896.4630776	3.132526112	0.860515163	0.0	0.287825508	1.148340671	1018.3432	1442.186291	1079.642903	1503.485994	0.0	0.315556529	0.0	0.0	0.0	0.0	0.0	0.0	0.0
"LAV4403"	"LAV"	2018.0	760.0	24.0	6.0	7.0	21.31411359	11.9684493	101.6090605	49.09751471	162.6750245	0.06070668	0.16011144	6.774206525	2.380417513	9.208216838	0.008236543	868.9445296	1280.070151	37117.36556	35419.59668	4621.396393	43.69286672	8.642312537	1.738376518	28.54069092	38.92137998	5389.403546	7725.409128	5738.162465	8074.168047	0.0	0.458796484	0.0	0.0	1.0	0.0	0.0	0.0	0.0
"LAV4406"	"LAV"	2019.0	1317.0	107.0	11.0	30.0	19.61043755	18.94508951	140.4683194	104.2482606	263.6616695	1.060782025	1.414573742	2.345924655	0.257280014	11.14833755	2.739653954	4865.497051	5718.949417	64777.91809	60192.9377	19647.22026	123.0159542	34.34284293	2.989754599	26.49742316	63.83002069	7711.46738	10758.07349	8402.827536	11449.43364	0.0		0.0	0.0	5.0	0.0	0.0	0.0	0.0
"LAV4415"	"LAV"	2018.0	581.0	9.0	7.0	9.0	10.10965923	12.27932061	77.72268325	38.04435965	128.0463635	0.037037538	0.17916675	1.404916063	0.249019614	8.011708554	0.218518137	1417.853763	903.6356426	36764.55785	34272.82953	4496.394978	37.07742992	5.392737288	0.0	2.496033429	7.888770717	5887.956403	8286.228505	6268.222512	8666.494614	0.0	0.531828988	0.0	2.0	2.0	0.0	0.0	0.0	0.0
"LAV4417"	"LAV"	2018.0	1035.0	30.0	7.0	22.0	14.32266604	18.33746089	139.1359328	53.38113113	210.8545248	0.043908313	0.250560767	2.295506239	0.601226289	10.54458993	0.572987248	934.2261838	1431.972979	45109.97721	44599.20339	5592.246582	59.72295377	13.68862218	1.017949406	10.78485842	25.49143001	5398.385764	8068.679422	5772.825384	8443.119042	0.0	0.607235608	0.0	2.0	5.0	0.0	0.0	0.0	0.0
"LAV4421"	"LAV"	2019.0	583.0	25.0	10.0	13.0	36.47343678	0.095073944	95.52486324	45.61851728	141.2384545		0.048817973	24.83586211	1.250220177	7.938756957	1.034631561	645.9190584	865.4480181	31648.22735	30484.00809	2330.904351	11.87482809	3.920703188	0.240215043	10.44697451	14.60789274	4756.241948	6889.318184	5046.406825	7179.483061	0.0	0.524860181	0.0	0.0	2.0	0.0	0.0	0.0	0.0
"LAV4423"	"LAV"	2019.0	807.0	19.0	6.0	13.0	59.46934833	30.41213519	111.9883612	87.9565268	230.3570232	0.065262564	1.199406418	40.13317214	0.406881962	10.38266497	0.787418495	604.2471135	2551.00948	35256.64932	31734.65258	3722.960031	68.54878559	13.16728954	1.072794559	13.43266632	27.67275042	5429.946468	7517.980002	5759.916071	7847.949605	0.0	0.308694725	0.0	0.0	2.0	0.0	0.0	0.0	0.0
"LAV4424"	"LAV"	2019.0	807.0	19.0	6.0	13.0	59.46934833	30.41213519	111.9883612	87.9565268	230.3570232	0.065262564	1.199406418	40.13317214	0.406881962	10.38266497	0.787418495	604.2471135	2551.00948	35256.64932	31734.65258	3722.960031	68.54878559	13.16728954	1.072794559	13.43266632	27.67275042	5429.946468	7517.980002	5759.916071	7847.949605	0.0	0.308694725	0.0	0.0	2.0	0.0	0.0	0.0	0.0
"MTL1244"	"MTL"	2018.0	59.0	2.0	1.0	1.0	0.660340968		10.59551886	1.662451449			0.026814734	0.006850211	0.037769476	0.533572889	0.054836579	44.24683429	916.3097578	4246.31897	4116.869085	1549.458145	2.615677758	0.394562132	0.0	1.016476067	1.411038199	529.2668933	737.8529406	554.235223	762.8212703	0.0		0.0	0.0	2.0	0.0	0.0	0.0	1.0
"MTL1252"	"MTL"	2018.0	113.0	10.0	3.0	3.0	1.11770332	1.415732789	13.49656193	7.524258982	22.4365537	0.022091647	0.117906404	0.088400446	0.061487944	0.701771943	0.126044953	1035.820514	713.2204601	11321.04642	10719.07001	4418.320888	10.17108107	0.0	0.0	0.0	0.0	1513.303109	1984.992793	1663.564422	2135.254105	0.0		0.0	0.0	1.0	0.0	15.0	0.0	0.0
"MTL1254"	"MTL"	2018.0	81.0	6.0	2.0	2.0	0.844773558		13.13254849	1.712954423			0.048024048	0.019842242	0.116125004	0.660782283		659.4010789	402.2178289	6844.128525	6760.802013	2311.965898	2.280965729	1.454569892	0.0	0.168904244	1.623474136	1156.429507	1536.545706	1233.158922	1613.275121	0.0		0.0	0.0	1.0	0.0	17.0	0.0	0.0
"MTL1261"	"MTL"	2018.0	38.0	0.0	2.0	1.0	0.591834768	1.426870287	6.646665549	2.726106839	10.79964268		0.023322013	0.169442517	0.035686063	0.363383496	7.2257E-7	510.8817532	371.4352856	4636.643718	4505.376784	1388.422991	7.889690865	0.460811277	0.0	1.266258819	1.727070096	794.899072	1072.05065	868.832931	1145.984509	0.0		0.0	0.0	0.0	0.0	0.0	0.0	0.0
"MTL1266"	"MTL"	2018.0	120.0	4.0	0.0	3.0	1.615772381	0.89326096	15.6469709	8.66315533	25.20338719		0.009558345	0.054161416	0.195896265	1.10029492	0.171758843	133.0768016	277.8224564	6916.653369	7367.65428	1575.234664	6.849852117	2.458658484	1.123817089	4.438019284	8.020494857	814.9091	1209.45551	873.456817	1268.003227	0.0		0.0	0.0	1.0	0.0	0.0	0.0	1.0
"MTL1269"	"MTL"	2018.0	197.0	6.0	3.0	4.0	3.195090563		29.78917558	13.40538061			0.136156711	0.14085924	0.01147286	2.054615363	0.850945828	307.0900645	264.9444238	10689.56802	10561.29357	1557.516746	14.36992971	1.074004091	0.0	3.972622562	5.046626652	1548.95032	2203.351518	1653.498697	2307.899895	0.0	0.073820043	0.0	2.0	6.0	0.0	0.0	0.0	2.0
"MTL1272"	"MTL"	2018.0	82.0	7.0	4.0	1.0	0.904919716		9.104253326	5.537126447		0.033602915	0.014267205	0.031788624		0.67756914	0.128722774	592.09926	577.197665	9800.198536	10241.79541	3411.482179	6.931666677	1.433234053	0.0	0.0	1.433234053	1192.062809	1594.274312	1307.029573	1709.241075	0.0		0.0	0.0	0.0	0.0	0.0	0.0	0.0
"MTL1282"	"MTL"	2018.0	81.0	11.0	1.0	3.0	0.847363234	0.575798313	12.71143969	3.872053549	17.15929155		0.032056386	0.044519766	0.01839745	0.485274443	0.26711521	830.3582188	1090.094688	7331.330745	7046.641724	2569.742485	11.88998013	0.0	0.0	1.221551764	1.221551764	1260.363671	1651.088924	1358.741755	1749.467008	0.0		0.0	0.0	0.0	0.0	0.0	0.0	0.0
"MTL1320"	"MTL"	2018.0	98.0	7.0	3.0	1.0	0.890306996		11.5902265	4.296650249		0.013274405	0.032036842	0.010116936	0.160415954	0.662168627	0.011443576	169.0259475	1451.989229	7583.963549	7070.242646	3363.893087	6.860435998	0.90485565	1.087026935	1.667999746	3.659882331	909.4732308	1214.533521	1021.046363	1326.106654	0.0	0.215140687	0.0	0.0	0.0	0.0	0.0	0.0	0.0
"MTL1321"	"MTL"	2018.0	114.0	6.0	2.0	4.0	1.349180101	1.99877448	15.8653116	2.872645209	20.73673129		0.09697709	0.111082373	0.213183284	0.927937357		447.1823822	784.4024507	9593.192209	8348.613128	2968.986124	7.65421643	0.0	0.0	2.411214431	2.411214431	1505.576869	2061.206239	1651.646717	2207.276087	0.0	0.962560184	0.0	0.0	2.0	0.0	0.0	0.0	0.0
"MTL1328"	"MTL"	2018.0	46.0	7.0	1.0	1.0	0.720363032	1.42375248	7.984152633	3.49969824	12.90760335	1.25241E-4	0.034628093	0.155557767	0.013497986	0.424157213	0.092292969	183.161559	902.528444	3933.481324	3791.736202	1531.980855	8.499897208	0.682976413	0.061140442	0.214878579	0.958995434	582.4311255	711.2222215	630.3534096	759.1445056	0.0	0.116012798	0.0	0.0	1.0	0.0	0.0	0.0	0.0
"MTL1332"	"MTL"	2018.0	127.0	16.0	1.0	5.0	2.591466475	2.326632284	15.39787581	17.68966895	35.41417704	0.058019878	0.238514219	0.277174943	0.089799215	0.779788536	1.148092112	597.2805512	1871.084155	8890.796912	8678.69126	3971.563706	19.37575638	2.695020169	0.969936147	1.221688495	4.886644811	1036.948162	1349.389007	1155.548491	1467.989336	0.0	0.676911359	0.0	0.0	4.0	0.0	0.0	0.0	0.0
"MTL1335"	"MTL"	2019.0	190.0	28.0	1.0	9.0	3.34182599	1.335128825	24.40384207	13.98337407	39.72234497		0.475513973	0.135384496	0.047939043	1.049127793	1.633201662	483.0225737	2329.848392	9430.5795	9107.253722	4441.447268	17.53987294	1.35202414	1.459066082	3.196960179	6.008050401	872.8625325	1148.116555	993.6511071	1268.905129	0.0	0.797325984	0.0	0.0	1.0	0.0	0.0	0.0	0.0
"MTL1338"	"MTL"	2018.0	122.0	18.0	4.0	1.0	1.124652706	0.656751322	8.845152053	8.590732366	18.09263574		0.126187526	0.075863509	0.203448018	0.633126195	0.086027456	499.2246858	1506.149233	8227.518309	7562.110231	3961.014716	12.51252765	0.0	0.024394296	4.726238765	4.750633062	866.2139656	1182.778865	941.4364809	1258.001381	0.0	3.314122223	0.0	3.0	0.0	0.0	3.0	0.0	0.0
"MTL1354"	"MTL"	2018.0	37.0	6.0	1.0	1.0	0.392968966	0.37881875	4.836109216	3.194259962	8.409187929		0.020210634	0.019153906		0.317332974	0.036271457	423.6410987	1381.333836	6275.527263	6159.993104	2880.913102	6.890918843	0.274935566	0.0	0.326004827	0.600940393	769.1615017	1046.036057	861.3658691	1138.240425	0.0	3.199111801	0.0	0.0	11.0	0.0	0.0	0.0	0.0
"MTL1357"	"MTL"	2018.0	93.0	17.0	2.0	11.0	1.207163263		13.68579044	6.203638442		0.034708435	0.149390852	0.01815659	0.165205492	0.839701906		1511.294347	3324.073343	13354.62081	13050.35733	5923.818083	13.06457047	0.0	0.0	6.664727888	6.664727888	1828.940516	2396.095686	2025.970065	2593.125235	0.0	5.626730373	0.0	0.0	5.0	0.0	2.0	0.0	0.0
"MTL1359"	"MTL"	2018.0	51.0	9.0	2.0	1.0	0.52336151		6.800370467	3.29555952			0.04889583	0.008146242	0.013683435	0.452636003		575.3440426	2092.17208	8288.12258	8337.772024	4185.879161	7.774826885	0.0	0.0	2.533214174	2.533214174	1015.997672	1330.264832	1119.06953	1433.33669	0.0	3.076967925	0.0	0.0	13.0	0.0	0.0	0.0	0.0
"MTL1368"	"MTL"	2018.0	58.0	4.0	1.0	1.0	0.687623399		8.064369141	2.650967698			0.012370411	0.033624159	0.12736495	0.512510899		440.3717823	1177.05876	5121.220611	5046.953669	2329.676612	8.213032673	0.80512211	0.487681092	1.263463968	2.55626717	700.0944567	899.2763569	755.2673551	954.4492553	0.0	0.280257319	0.0	5.0	1.0	0.0	2.0	0.0	0.0
"MTL1372"	"MTL"	2018.0	22.0	4.0	2.0	2.0	0.325364232		3.320529919	1.062818499			0.028183084	0.157430415	3.76506E-5	0.139713079		275.4803633	352.498063	3169.438996	3234.85222	1119.275905	3.62235768	0.0	0.0	0.0	0.0	606.6715212	799.6596341	678.7334142	871.7215271	0.0		0.0	0.0	0.0	0.0	0.0	0.0	0.0
"MTL1373"	"MTL"	2018.0	63.0	17.0	5.0	7.0	0.94510407		10.43243792	5.258679664			0.045163528	0.003944899	0.082405628	0.769440584	0.04414942	339.1164489	3697.785775	9761.251037	9831.157901	4980.136091	10.03786624	0.0	0.0	5.264810608	5.264810608	1146.505795	1516.118119	1255.98298	1625.595304	0.0	5.018215708	0.0	1.0	21.0	0.0	3.0	0.0	0.0
"MTL1374"	"MTL"	2018.0	83.0	12.0	2.0	2.0	0.835171998		9.588160951	4.992805308			0.016093182	0.017376589	0.108618567	0.486275797	0.20680787	510.1822855	1925.643482	9508.008064	8284.105691	4738.239764	9.269280688	0.0	0.0	3.905810242	3.905810242	1249.158118	1566.804566	1393.112253	1710.758701	0.0	2.985518181	0.0	0.0	7.0	0.0	0.0	0.0	0.0
"MTL1379"	"MTL"	2018.0	121.0	18.0	4.0	5.0	1.28270492	2.237564026	13.0585038	9.070156875	24.3662247		0.063586085	0.281133792	0.047855215	0.761964813	0.128165004	633.3169023	1568.063446	8361.832226	8199.100223	2964.689178	18.98899151	0.0	0.105936223	0.628633001	0.734569225	1168.266797	1612.798484	1271.28037	1715.812057	0.0		0.0	0.0	0.0	0.0	0.0	0.0	0.0
"MTL1384"	"MTL"	2018.0	41.0	9.0	1.0	2.0	0.603209536	0.163652197	6.529540302	1.53345392	8.226646419		0.031972658	0.002008931	0.002946648	0.29142685	0.27485444	313.8764729	1432.804335	5769.729486	5377.691233	3245.124167	4.120539488	0.327544406	0.0	0.585118669	0.912663075	406.3638981	533.4295969	456.9827846	584.0484834	0.0		0.0	0.0	5.0	0.0	0.0	0.0	0.0
"MTL1388"	"MTL"	2018.0	77.0	20.0	4.0	6.0	0.866719011	1.219732372	8.440985485	4.676333542	14.3370514		0.098380372	0.019126652	0.083151413	0.548202472	0.117858083	819.8892057	3594.120806	11464.84755	11306.08532	5979.164817	7.866073956	1.180670301	0.0	3.302674284	4.483344585	1069.762758	1304.861075	1194.686786	1429.785103	0.0	1.101030808	0.0	0.0	4.0	0.0	1.0	0.0	0.0
"MTL1393"	"MTL"	2019.0	55.0	13.0	3.0	4.0	0.591216298	1.220859832	7.033763625	3.694711158	11.94933461		0.081395196	0.035947241	0.025606448	0.395977747	0.05228967	487.7687203	1608.334376	7851.393172	7630.414163	3466.559309	7.957148923	0.0	0.0	0.398703006	0.398703006	1064.729122	1455.616476	1152.688231	1543.575585	0.0		0.0	0.0	0.0	0.0	0.0	0.0	0.0
"MTL1394"	"MTL"	2018.0	70.0	15.0	4.0	4.0	0.99097881	1.363214842	10.0207748	5.323728689	16.70771833		0.037691229	0.010739618	0.113895281	0.739006118	0.089646588	480.1681221	3874.272224	11261.32219	10982.19647	5900.341589	9.848312003	0.606319226	0.593294953	4.541580714	5.741194893	1098.404235	1435.246758	1233.084212	1569.926735	0.0	4.892719938	0.0	0.0	19.0	0.0	1.0	0.0	0.0
"MTL1406"	"MTL"	2018.0	67.0	16.0	2.0	2.0	0.674131869	1.151098469	5.996225726	3.373791456	10.52111565		0.014712086	0.004115559	0.373489539	0.257271851		426.3963364	1811.020336	5320.500738	5103.828672	2881.605781	5.962958986	2.047742966	0.093254351	1.796285322	3.937282639	533.139916	642.5230827	600.8539191	710.2370858	0.0	0.886745867	0.0	0.0	5.0	0.0	3.0	0.0	0.0
"MTL1409"	"MTL"	2018.0	87.0	14.0	4.0	6.0	1.201650475	1.011174826	13.34957003	4.931375429	19.29212028		0.07417936	0.043944746	0.039274603	0.897764323	0.146487461	690.2313432	1946.434859	9088.334698	8763.89886	3671.996682	12.00400222	0.86880426	0.0	0.60442374	1.473228	1164.427846	1552.641327	1288.289144	1676.502626	0.0		0.0	2.0	0.0	0.0	2.0	0.0	0.0
"MTL1411"	"MTL"	2019.0	15.0	8.0	2.0	2.0	0.333874576		2.887827616	2.015836557			0.031383681	0.001169599	0.003460285	0.297861		222.4644394	1643.925945	4607.117571	4458.554183	2341.402843	3.093819979	0.748131468	0.0	1.774591585	2.522723053	501.1794955	631.9251066	545.1219494	675.8675605	0.0	1.816395657	0.0	0.0	6.0	0.0	1.0	0.0	0.0
"MTL1412"	"MTL"	2018.0	36.0	10.0	2.0	1.0	0.451746906	0.157887332	3.781077121	3.974756761	7.913721214			0.005681619	0.057926949	0.261616441	0.126521889	283.5048479	1143.43705	5349.988806	4730.312367	2971.267452	3.61332836	0.732718613	1.130717464	0.398247768	2.261683845	465.2856615	566.0905965	545.5992724	646.4042074	0.0	1.07465805	0.0	0.0	7.0	0.0	0.0	0.0	0.0
"MTL1419"	"MTL"	2018.0	44.0	13.0	2.0	1.0	0.813586533		7.280196364	4.044627365			0.029305018	0.058296746	0.112598325	0.445960757	0.167425674	437.152952	1676.676092	6491.988075	6346.996442	2956.673758	5.661795333	0.0	0.0	2.581957065	2.581957065	764.9260167	1052.681099	852.7098226	1140.464905	0.0	5.04876E-6	0.0	0.0	0.0	0.0	0.0	0.0	1.0
"MTL1420"	"MTL"	2018.0	114.0	22.0	4.0	4.0	0.853492915		12.37955462	6.462463056			0.039481791	0.01070848	0.004007186	0.666239718	0.133055712	825.6873463	3287.686543	11268.33045	10534.16186	6315.198892	12.92160611	0.359506505	0.0	2.241009347	2.600515853	879.0950306	1062.899742	1025.82692	1209.631631	0.0	1.365123258	0.0	1.0	10.0	1.0	2.0	0.0	0.0
"MTL1424"	"MTL"	2018.0	34.0	9.0	2.0	1.0	0.464702603		7.013738668	2.090559943			0.033623002	3.40697E-4		0.4307389		274.9966655	2824.806545	7960.324886	7852.30588	3839.718571	6.622881201	0.0	0.0	2.962881861	2.962881861	939.9256585	1174.91629	1034.920653	1269.911285	0.0		0.0	0.0	0.0	0.0	0.0	0.0	0.0
"MTL1425"	"MTL"	2019.0	108.0	28.0	2.0	1.0	1.276899044		11.4734323	7.472506089			0.108050318	0.026179382	0.392537094	0.689491494	0.06052709	587.4029971	3997.082892	13024.65224	12179.10755	6983.062041	12.43694682	0.0	0.0	4.294337788	4.294337788	1133.265931	1416.393981	1295.126145	1578.254195	0.0	0.445299919	0.0	0.0	0.0	0.0	1.0	0.0	0.0
"MTL1435"	"MTL"	2018.0	56.0	6.0	3.0	2.0	0.737871284		10.11055522	2.496163753			0.150575858	0.009963995	0.020585109	0.556289557		214.8068129	1375.082698	4917.932127	4603.329433	1510.607179	9.5861112	0.530700149	0.860292935	1.75497222	3.145965303	695.35497	956.821422	739.5099471	1000.976399	0.0		0.0	15.0	7.0	0.0	6.0	1.0	0.0
"MTL1437"	"MTL"	2019.0	70.0	6.0	1.0	2.0	0.792353304		8.5496575	4.222170615			0.037487947	0.03065522	0.060785417	0.619346409	0.044078323	810.2748012	1002.530194	5470.20747	5346.890148	2329.057544	7.963546033	0.0	0.0	1.027145504	1.027145504	961.9328076	1194.614095	1061.785144	1294.466431	0.0	0.324846176	0.0	12.0	2.0	0.0	1.0	0.0	0.0
"MTL1443"	"MTL"	2018.0	91.0	17.0	7.0	8.0	1.136758788	0.211424706	15.31478587	5.739260733	21.26547131	0.005973663	0.120420546	0.015951578	0.046427604	0.783458287	0.164527072	1943.379356	4164.805907	20965.19592	21649.13969	9009.774652	13.77811373	0.0	0.0	2.937073264	2.937073264	2743.553308	3644.355337	3023.496437	3924.298467	0.0		0.0	0.0	0.0	0.0	0.0	0.0	0.0
"MTL1444"	"MTL"	2018.0	204.0	43.0	4.0	3.0	1.646354686	5.440368146	17.64544407	15.42842377	38.51423598	0.008251548	0.03946575	0.075213332	0.059215917	0.762880982	0.701327138	870.5484359	956.1353656	16203.41607	10176.42047	7231.095199	24.54138077	1.602739044	0.07143711	1.213881303	2.888057457	1560.940416	2182.336952	1778.005158	2399.401693	0.0	1.200843893	0.0	1.0	6.0	0.0	0.0	1.0	9.0
"MTL1448"	"MTL"	2018.0	222.0	11.0	3.0	5.0	3.090370229	2.355747531	28.89186265	14.13698948	45.38459966	0.083384738	0.754371566	0.110556468	0.368206843	1.771649245		2376.387442	2210.16418	20790.67944	19630.91581	7239.886989	13.96217044	4.395283855	0.0	3.999543918	8.394827774	2770.493211	3665.9157	2998.245965	3893.668454	0.0		0.0	0.0	3.0	1.0	3.0	1.0	0.0
"MTL1464"	"MTL"	2018.0	18.0	7.0	1.0	1.0	0.325019285		3.360952431	1.929311267			0.024658335	2.05415E-4	0.038919904	0.261235636		668.72671	972.6014146	5087.114729	5052.118326	1825.055287	4.177055457	0.0	0.0	1.169602802	1.169602802	710.7356261	1019.313643	750.7355542	1059.313571	0.0	0.2491434	0.0	0.0	0.0	0.0	0.0	0.0	0.0
"MTL1472"	"MTL"	2019.0	94.0	18.0	5.0	9.0	1.276372916	2.86417692	12.89061533	7.573385101	23.32817735		0.217435392	0.061481979	0.064482193	0.932973363		1417.110476	3567.092224	12856.57754	13196.22975	4991.508042	14.67596085	0.0	0.0	1.550662559	1.550662559	1484.778538	2067.875	1619.467438	2202.563899	0.0	5.047569411	0.0	0.0	0.0	0.0	0.0	0.0	0.0
"MTL1485"	"MTL"	2018.0	53.0	2.0	2.0	3.0	0.818280911		11.25366963	2.777030704			0.032384167	0.003503424	0.032229241	0.745807278	0.00435679	839.3804117	2025.427401	8766.851498	9069.092017	3168.693594	10.28561715	0.0	0.0	0.630651441	0.630651441	1212.700425	1787.296889	1304.313678	1878.910142	0.0	2.779639385	0.0	0.0	0.0	0.0	0.0	0.0	0.0
"MTL1587"	"MTL"	2018.0	274.0	12.0	1.0	11.0	3.318020654		31.77772058	19.01817719		0.207549373	0.115843823	0.185278307	0.069969099	2.079700778	0.65967934	1518.886967	2006.138884	17445.52666	17297.89546	4736.612316	23.77330785	0.509076492	0.0	9.081938957	9.591015449	2605.870128	3550.646847	2790.563086	3735.339805	0.0	0.644383758	0.0	0.0	0.0	0.0	0.0	0.0	0.0
"MTL1589"	"MTL"	2018.0	42.0	12.0	2.0	4.0	0.544671896		5.308877329	3.12185636			0.071684547	0.020486842	0.02777485	0.280913474	0.143823322	1485.688444	864.5923088	5370.570472	5664.93539	1638.7402	5.258501688	0.489198024	0.0	0.316716919	0.805914943	1051.24264	1433.663053	1147.055866	1529.476279	0.0		0.0	0.0	0.0	0.0	0.0	0.0	0.0
"MTL1596"	"MTL"	2018.0	188.0	34.0	16.0	20.0	2.458559223		26.90760049	10.86039829		0.033045793	0.219679448	0.060979438	0.171698085	1.732783429	0.237047599	2923.603487	7893.469954	31589.79202	31222.10584	11892.11016	17.6817312	1.322836712	0.0	5.901470192	7.224306904	5676.230837	7628.064618	6199.559184	8151.392965	0.0	2.917033616	0.0	4.0	34.0	0.0	0.0	0.0	0.0
"MTL1597"	"MTL"	2018.0	593.0	58.0	9.0	30.0	7.392889408	0.15525319	68.240675	38.08817757	106.4841058	0.152446209	0.668757743	0.275944021	0.34744477	4.108719796	1.839576779	8301.558894	6959.050003	52527.61118	51064.91606	16745.76408	47.17174067	1.452200048	0.0	13.43454491	14.88674496	8707.741528	11687.40305	9433.941577	12413.6031	0.0	0.273766108	0.0	0.0	0.0	0.0	0.0	0.0	0.0
"MTL1600"	"MTL"	2018.0	10697.0	343.0	114.0	310.0	229.9638587	153.5165315	1578.104839	743.1293804	2474.750751	4.660942525	10.80145457	43.2181239	26.62918453	104.810545	39.32927202	39320.08765	79200.4718	612650.8646	597673.4019	147848.4332	796.0126829	116.314526	33.7424848	155.7076986	305.7647094	84685.2844	119258.4508	91264.35144	125837.5179	4.0	18.0617375	0.0	25.0	105.0	0.0	7.0	0.0	18.0
"MTL1605"	"MTL"	2018.0	113.0	11.0	0.0	3.0	1.892635894		12.80937556	6.943608868			0.075770137	0.047589318	0.171941477	0.654950691	0.942384288	297.8373508	219.8353143	6426.938445	5487.619721	1258.068703	10.68233303	1.325300241	0.0	3.460560391	4.785860631	1281.756382	1648.423337	1392.335711	1759.002666	2.0	0.227763435	0.0	6.0	0.0	0.0	0.0	0.0	0.0
"MTL1619"	"MTL"	2018.0	52.0	2.0	2.0	4.0	0.611200569		7.369073337	2.486387632			0.081715336	0.027647315	0.099417238	0.370461652		217.8958123	993.5494738	3663.700987	3525.817427	1599.954314	5.145534624	1.088417585	0.078303959	0.0	1.166721544	469.8332644	635.4079768	507.3406572	672.9153696	0.0		0.0	0.0	0.0	0.0	0.0	0.0	0.0
"MTL1620"	"MTL"	2018.0	57.0	0.0	1.0	3.0	0.911330971	0.216702607	9.978314929	2.240806302	12.43582384		0.033482821	0.072625905	0.030276095	0.561013788	0.212466664	330.2569232	763.4318948	4706.44803	4656.879595	1789.02856	1.806345147	1.332670954	0.841083203	0.0	2.173754157	632.6383718	900.5146199	705.861854	973.7381021	0.0		0.0	0.0	0.0	0.0	0.0	0.0	0.0
"MTL1628"	"MTL"	2018.0	92.0	7.0	3.0	4.0	2.942755124	4.000983713	15.11468316	5.588009291	24.70367616			0.31350308	0.253362683	0.747808456	1.628080935	242.1551419	1055.552487	5572.825472	5532.866521	2005.54266	10.08790769	2.13586692	0.204881439	0.659740118	3.000488478	792.3395817	1088.118637	863.3758474	1159.154903	0.0		0.0	0.0	0.0	0.0	1.0	0.0	1.0
"MTL1635"	"MTL"	2018.0	55.0	9.0	5.0	1.0	0.518623505		5.667397567	4.13099527			0.032806153	0.001269547	0.018267606	0.4662802		519.6972322	1808.626778	6671.068725	6409.830068	3488.008407	6.255588569	0.072533089	0.0	2.36631069	2.438843779	614.5741506	793.9860805	718.9023051	898.3142349	0.0	0.787518147	0.0	2.0	6.0	0.0	0.0	0.0	0.0
"MTL1640"	"MTL"	2018.0	46.0	2.0	3.0	2.0	0.608760575		8.15076398	1.319737644			0.013380911	0.037066159	0.107125742	0.451187765		174.7615577	1338.094243	4408.038184	4276.749927	1707.379144	3.3491235	1.577152018	0.026222403	0.028741055	1.632115476	598.0204387	786.5380422	655.4060061	843.9236097	0.0		0.0	0.0	1.0	0.0	0.0	0.0	0.0
"MTL1647"	"MTL"	2018.0	50.0	1.0	0.0	2.0	0.914960967	1.130524047	5.655177115	5.566119609	12.35182077		0.025849394	0.074650604	0.04491097	0.361859082	0.407315401	414.9671778	545.5174547	4471.205146	4484.3419	1873.488432	4.180991463	0.622153161	0.08319669	0.0	0.705349851	628.7920078	842.6169381	695.8810505	909.7059808	0.0		0.0	0.0	0.0	0.0	0.0	0.0	0.0
"MTL1649"	"MTL"	2018.0	174.0	20.0	3.0	2.0	3.109844017		16.76507824	14.46291162		0.549237856	0.020351265	0.372293326	0.051355556	0.842910701	1.273695382	780.9223011	393.0304265	9041.349827	7616.145863	3597.959926	12.89402997	1.417847505	4.91396E-4	2.052319866	3.470658767	1099.743743	1452.007965	1183.485739	1535.749961	0.0		0.0	0.0	0.0	0.0	0.0	0.0	0.0
"MTL1661"	"MTL"	2018.0	173.0	1.0	1.0	1.0	2.081745879		24.40373164	4.437853483				0.217426597	0.031955421	1.826468814		96.7881945	36.93778577	5081.097202	5221.051243	64.79263236	0.853260076	2.369340095	8.16817E-4	2.178495551	4.548652464	669.3685676	1052.428282	696.2515453	1079.31126	0.0		0.0	0.0	0.0	0.0	0.0	0.0	0.0
"MTL1663"	"MTL"	2018.0	139.0	6.0	3.0	3.0	2.123929157		25.00300117	4.867481041		0.072938175	0.02295086	0.032477114	0.070139171	1.87763234	0.033237629	173.0771176	1265.743205	6731.629864	6567.765032	751.0790252	1.750340847	0.030210539	0.0	0.677564465	0.707775003	849.50033	1303.029171	911.7555571	1365.284398	0.0		0.0	0.0	0.0	0.0	0.0	0.0	0.0
"MTL1673"	"MTL"	2018.0	199.0	6.0	2.0	3.0	2.934851467		31.28340646	9.444421975		0.075873359	0.044729947	0.067537282	0.085632574	2.469217127	0.012559441	1209.928163	654.3349726	12378.53433	12288.39811	2292.368857	2.545174934	3.381248932	0.0	1.652929612	5.034178544	1746.482504	2554.041752	1841.349942	2648.90919	0.0		0.0	0.0	0.0	0.0	0.0	0.0	0.0
"MTL4493"	"MTL"	2018.0	2127.0	174.0	19.0	63.0	44.3931365	43.38084975	259.556427	199.9913781	502.9286548	0.643937759	2.01071647	8.796112656	2.410880256	16.16496168	14.35485951	16226.90022	13707.96027	133894.4502	126039.2868	37990.18825	260.1759671	10.95282775	1.932869818	55.18264898	68.06834654	22126.38946	29472.16707	23997.62668	31343.40429	4.0	3.169603596	0.0	33.0	2.0	0.0	3.0	0.0	1.0
"MTL4506"	"MTL"	2019.0	717.0	115.0	23.0	33.0	10.16404376	9.978364003	88.25118725	65.02349922	163.2530505	0.093097731	0.973618006	0.583754988	0.798600724	5.352208727	1.974166528	5857.33592	13194.40563	65700.54146	59735.23997	28123.49972	111.9582317	4.127973194	1.247379186	15.91563342	21.2909858	8560.212137	11449.91315	9447.184231	12336.88524	0.0	1.027500606	0.0	49.0	20.0	0.0	19.0	1.0	1.0
"MTL4518"	"MTL"	2018.0	594.0	85.0	16.0	38.0	8.983592535	10.95575472	92.69620202	41.76822317	145.4201799		0.804839726	0.308397593	0.469369947	6.879503414	0.521481856	6290.24552	19787.1968	72456.63032	72241.16809	26746.35998	91.11913637	3.579196199	0.076643327	13.55775825	17.21359778	9758.773415	13440.7086	10479.71	14161.64519	0.0	30.85148832	0.0	0.0	0.0	0.0	0.0	0.0	0.0
"MTL4520"	"MTL"	2018.0	594.0	85.0	16.0	38.0	8.983592535	10.95575472	92.69620202	41.76822317	145.4201799		0.804839726	0.308397593	0.469369947	6.879503414	0.521481856	6290.24552	19787.1968	72456.63032	72241.16809	26746.35998	91.11913637	3.579196199	0.076643327	13.55775825	17.21359778	9758.773415	13440.7086	10479.71	14161.64519	0.0	30.85148832	0.0	0.0	0.0	0.0	0.0	0.0	0.0
"MTL4526"	"MTL"	2019.0	515.0	78.0	15.0	16.0	6.533969707	5.623919424	53.53023261	39.78009567	98.93424771	0.479515618	0.444098585	0.367283611	1.692552987	3.381803664	0.16871522	4281.272922	7451.667074	45967.8558	43676.55804	19845.2864	59.19474226	2.205273169	1.956117718	14.37555903	18.53694992	6225.427658	8067.737186	6875.835101	8718.144628	0.0	13.01304901	0.0	5.0	16.0	0.0	22.0	0.0	0.0
"MTL4585"	"MTL"	2018.0	350.0	6.0	2.0	5.0	10.50398519		59.31032908	18.94222762		0.143675305	0.095739826	2.952084101	2.86689165	4.286067822	0.153615412	1509.946513	979.3836969	19725.68455	19341.56478	2650.762985	3.457776677	3.482456445	11.64052657	9.293002035	24.41598505	2882.464129	4196.948803	3033.031654	4347.516329	0.0		0.0	0.0	0.0	0.0	0.0	0.0	0.0
"MTL4589"	"MTL"	2018.0	718.0	11.0	5.0	10.0	23.80922559		110.6945957	37.26646429		0.035688553	0.053021562	8.409335042	4.819616232	10.43550946		954.2782419	1212.891797	28647.9123	28528.40524	2733.301535	5.483993242	9.92233795	9.296114672	22.0944983	41.31295092	3654.518806	5499.485157	3877.0779	5722.044251	0.0		0.0	0.0	0.0	0.0	0.0	0.0	0.0
"MTL4633"	"MTL"	2018.0	1468.0	22.0	3.0	27.0	22.8943447	3.076776312	219.8020565	82.48944766	305.3682805	1.436936512	0.377595241	1.697669067	0.640652536	16.39484195	2.14968573	3811.743856	2369.606577	71175.88278	70869.78498	7347.124001	43.7469997	12.38026235	0.822425474	14.50749865	27.71018647	9313.855888	13849.91055	9870.110177	14406.16483	0.0		0.0	0.0	0.0	0.0	0.0	0.0	0.0
"MTL4636"	"MTL"	2018.0	1066.0	56.0	23.0	36.0	15.68183269	8.067649222	139.7129764	60.52121955	208.3018452	0.91697985	0.783855724	1.317089307	0.970288579	7.605202655	4.038119371	5759.485299	9172.621586	80506.34023	78049.90664	30847.50785	67.13230564	17.68182272	1.758753363	7.099822018	26.5403981	10602.17219	14548.09807	11524.24447	15470.17036	0.0		0.0	0.0	0.0	0.0	1.0	0.0	1.0
"PEL1"	"PEL"	2018.0	62.0	4.0	3.0	1.0	1.158459869		9.429802686	3.040795553			0.022284249	0.002783805	0.131256316	0.731940257	0.270195234	126.3071223	778.8584463	4431.960019	4336.864429	840.874996	1.56525E-6	0.0	3.451294784	0.0	3.451294784	579.4612065	886.0594432	622.4914776	929.0897142	0.0		0.0	0.0	0.0	0.0	0.0	0.0	0.0
"PEL10"	"PEL"	2018.0	41.0	3.0	4.0	1.0	1.394246715	1.314064397	5.643550137	4.299280474	11.25689501		0.062910265	0.746458425	7.78651E-4	0.521449307	0.06265006	706.5489489	129.3402022	4856.956724	4885.661123	791.0459596	3.621730766	0.703712929	1.074887729	0.0	1.778600658	745.6891949	1049.732909	801.8286148	1105.872329	0.0		0.0	0.0	0.0	0.0	0.0	0.0	0.0
"PEL11"	"PEL"	2018.0	144.0	13.0	17.0	1.0	3.263072778		23.15179564	10.82355504		0.148809037	0.300992736	0.570685057	0.156477799	1.524518767	0.561589407	676.2035897	184.0344377	12916.87728	13039.36092	1606.586525	6.412859621	0.117368263	10.49547333	0.668122162	11.28096376	1558.475187	2374.88414	1678.092384	2494.501338	0.0		0.0	0.0	0.0	0.0	0.0	0.0	0.0
"PEL117"	"PEL"	2018.0	69.0	2.0	2.0	1.0	2.005012325	0.658336521	15.43918892	3.190378742	19.28790418	0.009669273	0.032720147	0.220886109	0.030017227	1.42550384	0.25226467	108.0624743	161.3357648	3343.211507	3422.305254	19.82858718	1.645193053	1.386419851	1.26987316	0.797587368	3.453880379	470.024782	739.3537646	488.010891	757.3398736	0.0		0.0	0.0	0.0	0.0	0.0	0.0	0.0
"PEL119"	"PEL"	2018.0	47.0	3.0	0.0	1.0	1.817491612		10.55065971	3.212862762		2.8602E-5	0.123740375	0.379816546	0.344185947	0.93184805		159.5963814	57.93195229	4203.316782	4192.940072	375.6255955	0.085416397	0.0	4.685560849	0.698201482	5.383762332	488.5678421	722.291683	514.8731154	748.5969564	0.0		0.0	0.0	0.0	0.0	0.0	0.0	0.0
"PEL121"	"PEL"	2018.0	73.0	8.0	1.0	1.0	0.542126599		7.696055752	2.043599988				0.104212998		0.437913523		365.4497692	0.0	3313.506342	753.4182217	73.0258984	1.33335033	0.0	1.050223928	0.694004874	1.744228802	729.3442953	926.9526454	805.3510876	1002.959438	0.0		0.0	0.0	0.0	0.0	0.0	0.0	0.0
"PEL124"	"PEL"	2018.0	151.0	39.0	1.0	1.0	4.691520169	2.489549826	20.16866257	19.57409078	42.23230318	0.652543759	0.097683549	0.690244364	0.401325269	1.537195608	1.292376501	1372.556141	396.3852822	11206.60735	9581.965469	2652.742989	14.69971867	2.594526247	6.660555518	1.000873957	10.25595572	1290.673991	1797.691896	1406.593676	1913.61158	0.0		0.0	0.0	0.0	0.0	0.0	0.0	0.0
"PEL125"	"PEL"	2018.0	63.0	5.0	2.0	1.0	1.374174261		10.23602344	5.032387303		0.100905939	0.264612893	0.078397232	0.144098078	0.695194506	0.090965625	336.9708093	457.9068719	5370.524452	5406.510316	1159.527491	2.021733512	0.629686344	3.183419379	0.249129049	4.062234772	789.8290445	1177.239911	850.6954989	1238.106366	0.0		0.0	0.0	0.0	0.0	0.0	0.0	0.0
"PEL13"	"PEL"	2018.0	133.0	15.0	10.0	1.0	5.722543872	5.81538338	32.38704859	17.8858896	56.08832157	0.257231633	0.044270755	1.125952978	0.217212665	2.880014101	1.185034307	626.1732366	40.03330439	14573.66169	15208.24643	639.74936	12.67026374	2.71415104	6.324788791	1.291933234	10.33087306	1764.554353	2737.610767	1864.582175	2837.638589	0.0		0.0	0.0	0.0	0.0	0.0	0.0	0.0
"PEL130"	"PEL"	2018.0	52.0	3.0	1.0	1.0	1.376980344		11.19273046	2.339492567				1.314163335	0.06281699			472.0469127	5.906428606	6396.985672	0.013353157	21.06130077	1.491192691	0.0	2.677522611	0.591415566	3.268938177	1367.276809	1864.428858	1461.231302	1958.383351	0.0		0.0	0.0	0.0	0.0	0.0	0.0	0.0
"PEL132"	"PEL"	2018.0	54.0	4.0	1.0	1.0	0.887884893		9.633286485	3.501553994				0.095861734		0.792023172		279.3800537	0.0	3042.367103	698.0992338	72.34958569	2.507959241	0.0	2.747314876	0.0	2.747314876	533.2733638	791.5818978	573.9709099	832.2794439	0.0		0.0	0.0	0.0	0.0	0.0	0.0	0.0
"PEL133"	"PEL"	2018.0	30.0	0.0	2.0	1.0	0.688723358		7.641072663	0.765056847				0.107160203		0.581563151		334.1972116	0.0	3817.219522		33.75497913		0.0	0.818959241	0.0	0.818959241	742.1610027	1058.993989	782.1835164	1099.016503	0.0		0.0	0.0	0.0	0.0	0.0	0.0	0.0
"PEL135"	"PEL"	2018.0	136.0	7.0	0.0	1.0	7.81516227	3.968594395	34.12642872	11.77161484	49.86663795			1.952704936	2.077793657	3.622731239		571.0441382	37.97316796	9806.760438	2341.661851	60.28115909	7.074650853	0.0	4.799374668	0.311186106	5.110560774	1796.351428	2444.818066	1939.054536	2587.521173	0.0		0.0	0.0	0.0	0.0	0.0	0.0	0.0
"PEL136"	"PEL"	2018.0	40.0	2.0	2.0	1.0	1.672079161		10.27996235	2.104851024				1.643858755	0.006012341	0.022208085		431.700395	3.68332753	5536.88198	0.125668638	37.15052112		0.0	3.529030898	0.0	3.529030898	1168.994219	1564.005688	1262.398568	1657.410037	0.0		0.0	0.0	0.0	0.0	0.0	0.0	0.0
"PEL137"	"PEL"	2018.0	36.0	2.0	2.0	1.0	1.192774835		10.00274078	0.542626484				0.264076241		0.928698595		295.2312946	4.68401898	3853.764761		32.79168178		0.0	2.217313856	0.0	2.217313856	819.970449	1117.493506	873.8510259	1171.374083	0.0		0.0	0.0	0.0	0.0	0.0	0.0	0.0
"PEL14"	"PEL"	2018.0	37.0	5.0	4.0	1.0	1.426326489		8.185003698	3.261328826				0.070778213	0.102795738	0.691390584	0.540404449	250.2783187	59.31592289	5025.608365	5148.048463	520.0667169	0.813248382	0.0	6.324541113	0.0	6.324541113	666.6063781	958.5312312	701.2803543	993.2052074	0.0		0.0	0.0	0.0	0.0	0.0	0.0	0.0
"PEL16"	"PEL"	2018.0	71.0	2.0	7.0	1.0	1.229689525		10.7660466	5.064321499			0.062201445	0.06040974	0.131037163	0.976038574	2.59512E-6	678.1796435	119.0540929	8812.119157	8655.523135	1844.370555	2.539107092	0.721982126	2.473227015	0.28785285	3.483061991	1142.506663	1587.998244	1234.000438	1679.492019	0.0		0.0	0.0	0.0	0.0	0.0	0.0	0.0
"PEL17"	"PEL"	2018.0	237.0	30.0	5.0	1.0	7.185310187	3.688749871	41.45030125	21.46019793	66.59924905	0.200457733	0.212813228	0.41132087	0.223827948	2.636319872	3.500441776	332.1300195	998.609135	10851.86916	11012.13796	888.5406498	20.68934583	1.478122393	8.637520896	1.143361224	11.25900451	1290.683529	1837.816155	1370.992529	1918.125155	0.0		0.0	0.0	0.0	0.0	0.0	0.0	0.0
"PEL18"	"PEL"	2018.0	30.0	6.0	4.0	1.0	0.855013909		3.509181821	4.740015386		0.018795176	0.012555557	0.122217027	0.146630878	0.553655549	0.00115972	1350.87371	171.0000072	10670.11462	10596.03476	2934.352266	2.732084401	0.0	2.246501666	1.026797987	3.273299653	1398.339339	1945.824722	1517.288143	2064.773525	0.0		0.0	0.0	0.0	0.0	0.0	0.0	0.0
"PEL19"	"PEL"	2018.0	67.0	9.0	7.0	1.0	1.778482281	0.799308155	10.473841	7.244688018	18.51783717	0.190998994	0.145998415	0.08166417	0.028774009	1.270976592	0.06007009	1871.914871	481.4834737	12816.35744	13231.75617	3854.731968	4.093700492	3.219696256	2.356793655	1.199605525	6.776095435	2025.706501	2667.113991	2192.636682	2834.044172	0.0		0.0	0.0	0.0	0.0	0.0	0.0	0.0
"PEL20"	"PEL"	2018.0	130.0	12.0	6.0	1.0	3.1992002	1.226734531	27.89585309	7.508226852	36.63081447	0.084378712	0.154137377	0.197242195	0.150044769	2.510505297	0.088960087	972.0990279	221.9269015	13950.73753	14257.71526	2037.415376	4.821752706	6.38763973	5.557303493	0.903750358	12.84869358	1602.573802	2412.270898	1719.65461	2529.351705	0.0		0.0	0.0	0.0	0.0	0.0	0.0	0.0
"PEL21"	"PEL"	2018.0	72.0	5.0	1.0	1.0	1.302490774		12.51300717	4.738757495			0.222023409	0.047176674	0.133432803	0.899857856		227.9577708	64.95205177	5049.644207	5166.403828	174.270413	2.56466418	0.0	4.880037592	0.0	4.880037592	632.8801117	951.5817801	687.1799558	1005.881624	0.0		0.0	0.0	0.0	0.0	0.0	0.0	0.0
"PEL23"	"PEL"	2018.0	15.0	2.0	1.0	1.0	0.315608556		3.106862157	0.895006383			0.044682874	0.013081924	0.049496245	0.208347509		166.5941626	64.59964086	2357.561931	2221.550627	68.90660821	0.719730688	0.0	1.453638331	0.0	1.453638331	348.3079567	502.8329649	371.4180893	525.9430975	0.0		0.0	0.0	0.0	0.0	1.0	0.0	0.0
"PEL27"	"PEL"	2018.0	156.0	25.0	4.0	1.0	7.725160566	7.507171449	18.16455175	32.42000089	58.09172409		0.041914017	2.657520601	0.185154019	0.751215039	4.079712562	491.8021206	181.8298393	6377.194854	5835.526916	1439.887904	28.61115799	0.0	7.607384182	0.541083182	8.148467364	954.0112655	1266.671054	1046.919911	1359.5797	0.0		0.0	0.0	0.0	0.0	0.0	0.0	0.0
"PEL28"	"PEL"	2018.0	81.0	11.0	4.0	1.0	1.665570466		11.74576976	6.67346104		0.260410249	0.344244008	0.022911253	0.264731261	0.773273717	3.0435E-11	1114.648157	332.6588946	9893.358536	10402.55479	2765.951732	4.430148237	0.0	5.593353628	0.74646047	6.339814099	1585.053601	2254.589885	1723.041819	2392.578103	0.0		0.0	0.0	0.0	0.0	1.0	0.0	0.0
"PEL29"	"PEL"	2018.0	82.0	9.0	8.0	1.0	1.836699357	1.16816161	12.26302563	7.234067726	20.66525496		0.093768689	0.067848241	0.459325978	1.199686581		462.8646659	75.11817352	7911.608687	7791.079677	1459.81741	5.373191638	0.0	11.62583937	0.0	11.62583937	982.4805875	1416.843082	1055.16529	1489.527784	0.0		0.0	0.0	0.0	0.0	0.0	0.0	0.0
"PEL3"	"PEL"	2018.0	73.0	13.0	3.0	1.0	1.528569614		12.20669861	6.568261666		0.141459752		0.139167232	0.120723833	1.058957733	0.060418045	591.0148884	68.89006405	8538.892778	8604.254365	1322.82297	5.246101843	0.0	5.507957004	0.0	5.507957004	1171.943885	1650.748431	1252.402824	1731.20737	0.0		0.0	0.0	0.0	0.0	0.0	0.0	0.0
"PEL30"	"PEL"	2018.0	92.0	3.0	5.0	1.0	1.890667419		16.03217066	8.490389022		0.085725703	0.080115967	0.256741903	0.002864576	1.465069709	1.49546E-4	490.4473048	120.140007	10210.54255	10625.27152	1030.214347	3.316533926	0.0	9.610614129	0.0	9.610614129	1435.286544	2105.333629	1530.440314	2200.487399	0.0		0.0	0.0	0.0	0.0	0.0	0.0	0.0
"PEL31"	"PEL"	2018.0	79.0	3.0	5.0	1.0	1.52510521		15.156467	4.1069767		0.068100424	0.043661604	0.020469243	0.170915304	1.040436226	0.181522405	255.5518272	488.6472792	7272.074767	7454.516314	907.3271205	1.333826282	0.132888859	3.58839073	0.0	3.721279589	1035.124754	1419.050368	1124.88859	1508.814204	0.0		0.0	0.0	0.0	0.0	0.0	0.0	0.0
"PEL34"	"PEL"	2018.0	190.0	1.0	7.0	1.0	2.588520512	1.21059694	21.4355681	8.944386105	31.59055114		1.41894E-6	0.466333248	0.055975175	2.066210665		540.1722804	0.013633291	10621.52923	10843.62475	76.09719172	2.568390668	0.0	6.059605788	1.489829005	7.549434794	1326.244681	2175.930027	1409.96547	2259.650816	0.0		0.0	0.0	0.0	0.0	0.0	0.0	0.0
"PEL37"	"PEL"	2018.0	99.0	3.0	7.0	1.0	2.437188148		21.06009774	4.727017616				0.626064589	0.086296773	1.670661776	1.25483E-5	549.0938884	9.324963152	9145.387585	9515.399592	389.712111	0.665233939	0.597885556	4.812644265	1.141640165	6.552169986	1017.752875	1613.574101	1071.006807	1666.828033	0.0		0.0	0.0	0.0	0.0	0.0	0.0	0.0
"PEL39"	"PEL"	2018.0	51.0	0.0	0.0	1.0	1.721792777	0.79200282	14.22423933	1.723391579	16.73963373			0.032561933	0.022353353	1.581804879		66.95896535	348.4788017	2761.60507	2723.256748	45.71142367	1.926873837	0.0	0.444519895	0.0	0.444519895	467.4397003	658.9525868	497.4558865	688.968773	0.0		0.0	0.0	0.0	0.0	0.0	0.0	0.0
"PEL4"	"PEL"	2018.0	198.0	31.0	0.0	1.0	9.292718556	0.951516454	34.58871813	25.51032155	61.05055613	0.24966181	0.079603584	2.097249246	0.723826646	3.01728801	2.922919081	514.8158678	580.9448785	11488.41392	11402.56533	861.31968	12.15065447	2.230391511	8.608854253	0.800888614	11.64013438	1343.097978	1974.324162	1439.808084	2071.034268	0.0		0.0	0.0	0.0	0.0	0.0	0.0	0.0
"PEL41"	"PEL"	2018.0	141.0	9.0	5.0	1.0	2.796538333		28.71551657	7.230776039		0.017170189	0.110488824	0.019508198	0.230488483	1.903335993	0.515546677	622.2407585	1036.61737	13316.89674	13265.98723	1637.546203		0.0	5.789156953	0.0	5.789156953	1763.461328	2481.550627	1928.197255	2646.286553	0.0		0.0	0.0	0.0	0.0	0.0	0.0	0.0
"PEL42"	"PEL"	2018.0	70.0	6.0	5.0	1.0	1.481845498		11.05164342	6.543021338		0.082814684	0.138114233	0.02342433	0.135477488	1.101879027	1.35742E-4	633.4810886	31.19846294	8238.476802	8415.576113	545.0109422	1.938640396	0.0	5.783035232	0.0	5.783035232	1153.882775	1688.520493	1231.462273	1766.099991	0.0		0.0	0.0	0.0	0.0	0.0	0.0	0.0
"PEL43"	"PEL"	2018.0	169.0	14.0	6.0	1.0	4.237006259	0.821459769	25.63357369	16.52112203	42.97615549	0.090198674		0.392437114	0.744208502	2.96686295	0.014634128	293.6524163	48.77182647	10534.82729	10719.76082	378.9117422	5.049088591	0.0	17.98740002	0.0	17.98740002	1308.787886	1981.478442	1407.575302	2080.265858	0.0		0.0	0.0	0.0	0.0	1.0	0.0	0.0
"PEL44"	"PEL"	2018.0	67.0	5.0	3.0	1.0	1.73156484		12.50709566	6.365477648			0.11295571	0.263555616	0.017408176	0.648029396	0.631890169	444.1696297	37.8149612	6409.796345	6481.240292	215.7248627	2.747102106	0.0	5.611103979	0.636788573	6.247892552	947.1647182	1383.501441	1013.236935	1449.573658	0.0		0.0	0.0	0.0	0.0	0.0	0.0	0.0
"PEL46"	"PEL"	2018.0	152.0	20.0	15.0	1.0	3.147143878	1.216152226	20.65824342	17.52274525	39.39714089	0.094493975	0.068559841	0.112328072	0.300207163	2.517345858	0.054208974	1954.273478	226.9560884	19730.38282	18059.32149	4742.210836	13.92464943	0.734750156	9.600449733	0.427998969	10.76319886	2414.650558	3296.674147	2640.315601	3522.339191	0.0		0.0	0.0	0.0	0.0	0.0	0.0	0.0
"PEL47"	"PEL"	2018.0	119.0	17.0	0.0	1.0	3.456019757		22.73950436	10.73011439		0.114110215	0.138826813	0.413409107	0.242191798	2.095859199	0.451622588	453.0170026	260.8547366	11367.72466	11512.58688	1299.706822	4.061260291	0.0	4.951137492	0.0	4.951137492	1231.146271	1818.538933	1342.233459	1929.62612	0.0		0.0	0.0	0.0	0.0	0.0	0.0	0.0
"PEL48"	"PEL"	2018.0	137.0	14.0	7.0	1.0	4.766222137		26.97384605	14.55685122		0.141156306		0.020363069		2.499552027	2.105150749	656.7902619	0.03009362	13308.48946	12846.11475	117.6540938	3.561994135	0.0	4.449321559	0.0	4.449321559	2527.973889	3499.971982	2697.888434	3669.886527	0.0		0.0	0.0	0.0	0.0	0.0	0.0	0.0
"PEL49"	"PEL"	2018.0	89.0	8.0	4.0	1.0	4.459952677	0.153465297	13.15051035	17.3474573	30.65143294		0.065179075	2.967595991	0.197583097	0.499011773	0.730582726	231.2074011	170.8990987	4257.769432	4162.981161	502.6953473	6.861175416	0.174178439	5.785276125	0.0	5.959454564	635.8202687	909.0575922	683.0985336	956.3358571	0.0		0.0	0.0	0.0	0.0	0.0	0.0	0.0
"PEL5"	"PEL"	2018.0	89.0	13.0	4.0	1.0	2.449254494		18.13998185	6.257557546		0.181990417	0.018842693	0.099432591	0.14062884	1.340835461	0.667524459	1118.346058	661.8414636	10219.8721	10150.18958	2702.376777	4.540821763	0.922436314	3.546737282	1.715672105	6.184845701	1334.756149	1819.28977	1450.268753	1934.802374	0.0		0.0	0.0	0.0	0.0	0.0	0.0	0.0
"PEL50"	"PEL"	2018.0	65.0	9.0	5.0	1.0	2.331291551	2.539710317	11.1154988	7.058854516	20.71406363	0.21805534	0.692534722	0.420132785		0.98924589		1169.302694	49.6616142	10721.77465	11238.55078	1915.436373	7.696874394	0.0	6.672372332	0.0	6.672372332	1527.124666	2128.591472	1627.189029	2228.655835	0.0		0.0	0.0	0.0	0.0	0.0	0.0	0.0
"PEL51"	"PEL"	2018.0	126.0	8.0	3.0	1.0	2.533134004		22.15991306	10.25172375				0.423159062	0.007483155	1.709288524	0.393203245	829.0961212	33.20084521	14914.27881	14951.68385	157.7111603	5.980599896	0.0	8.298375157	0.926507423	9.22488258	2489.536735	3586.621271	2678.042761	3775.127297	0.0		0.0	0.0	0.0	0.0	0.0	0.0	0.0
"PEL52"	"PEL"	2018.0	162.0	10.0	7.0	1.0	2.143537149	0.910500757	23.28648929	9.820364852	34.0173549			0.35163335		1.791426649		1959.134682	0.015706997	14374.19009	13571.12159	249.5997901	2.776323901	1.162248248	5.891335845	0.865270427	7.918854519	2381.996205	3608.15815	2512.096092	3738.258037	0.0		0.0	0.0	0.0	0.0	0.0	0.0	0.0
"PEL53"	"PEL"	2018.0	72.0	8.0	0.0	1.0	2.033245273		15.29459129	5.060120957		0.023382117	0.453399062	0.180887428	0.118060864	1.184830825	0.072684995	598.7252492	70.04165084	8831.225321	9237.728096	647.9360225	1.983885692	1.109171944	4.434883436	0.0	5.54405538	1041.313918	1589.05925	1112.205371	1659.950704	0.0		0.0	0.0	0.0	0.0	0.0	0.0	0.0
"PEL54"	"PEL"	2018.0	90.0	13.0	3.0	1.0	4.403387142	1.804477741	20.23356834	11.29053066	33.32857674			2.034104935	0.296522959	1.244790473	0.821372723	706.3384161	10.0	7898.016344	7028.833984	151.723114	8.238555156	0.410369927	3.028958013	0.301884401	3.741212341	1343.465052	2024.342822	1442.774563	2123.652333	0.0		0.0	0.0	0.0	0.0	0.0	0.0	0.0
"PEL55"	"PEL"	2018.0	47.0	1.0	2.0	1.0	1.055407084		11.01739025	2.133790933			2.40325E-7	1.46088E-4		1.055260763		779.3629802	29.9790567	8912.79224	9440.931249	1207.807885	0.058725137	0.0	3.605317119	0.0	3.605317119	1145.718814	1670.979639	1228.274094	1753.534919	0.0		0.0	0.0	0.0	0.0	0.0	0.0	0.0
"PEL56"	"PEL"	2018.0	35.0	1.0	2.0	1.0	0.854803064	1.527083808	5.458438513	4.752282392	11.73780471	4.98549E-6		0.225905014		0.628893084		844.7470794	0.002466898	6161.151475	6465.306501	763.6257518	4.707720292	0.027688081	1.763189379	0.0	1.79087746	1045.942803	1453.660438	1126.827647	1534.545282	0.0		0.0	0.0	0.0	0.0	0.0	0.0	0.0
"PEL57"	"PEL"	2018.0	143.0	6.0	1.0	1.0	3.937247935	4.008455666	25.8061296	11.87472467	41.68930994			0.819303947	0.235134456	2.792138628	5.8497E-4	650.2545504	60.00116432	12026.17678	11619.74668	112.6199545	12.9700972	2.117625789	7.367385994	0.417815571	9.902827354	1953.134844	3027.090636	2067.386917	3141.342709	0.0		0.0	0.0	0.0	0.0	0.0	0.0	0.0
"PEL58"	"PEL"	2018.0	30.0	2.0	9.0	1.0	0.514438689		3.942284629	1.779622011		0.059445587	0.090922772	0.006617756		0.357452565		1643.41861	60.42371418	10371.09443	9463.297582	4539.695324	1.513555908	0.0	1.296207055	1.568592522	2.864799577	1341.52535	1709.663394	1483.485739	1851.623783	0.0		0.0	0.0	0.0	0.0	0.0	0.0	0.0
"PEL59"	"PEL"	2018.0	163.0	24.0	7.0	1.0	3.789128941		26.64940957	13.64566055		0.329845726		0.335171788		3.122552813		1066.52246	21.11408931	13119.07314	12657.26506	564.6667723	9.150889111	0.014869983	6.014126975	3.04872507	9.077722029	1486.623209	2655.82491	1568.226615	2737.428315	0.0		0.0	0.0	0.0	0.0	0.0	0.0	0.0
"PEL6"	"PEL"	2018.0	251.0	20.0	6.0	1.0	9.335745945	2.824098243	55.17866997	14.49203855	72.49480676	0.170144658	0.852392706	0.130734476	2.356572088	4.736924024	1.006102988	516.6429724	2857.181671	19827.70259	20001.70845	3408.474319	6.892706757	1.977028707	13.06375547	1.528436513	16.56922069	2362.579345	3273.66878	2526.862445	3437.951881	0.0		0.0	0.0	0.0	0.0	0.0	0.0	0.0
"PEL60"	"PEL"	2018.0	133.0	15.0	3.0	1.0	3.282009709		21.03135236	9.899382249		0.044204008	0.22277584	0.131804775	0.383000349	1.892238619	0.60746375	700.6217527	308.5134656	12137.37657	12213.91672	1682.671138	4.551533274	3.175708828	6.44241423	0.0	9.618123058	1572.126313	2306.695567	1737.771581	2472.340835	0.0		0.0	0.0	0.0	0.0	0.0	0.0	0.0
"PEL61"	"PEL"	2018.0	38.0	1.0	2.0	1.0	0.737406784	0.111560251	6.389064219	2.266359977	8.766984446		0.12776254	0.002189564	0.009233507	0.598221177		444.0345196	90.64101737	4251.218009	4441.081908	461.7322414	0.427053709	1.582034138	0.99943586	0.239041506	2.820511504	602.3274286	856.5908377	649.3476309	903.6110399	0.0		0.0	0.0	0.0	0.0	0.0	0.0	0.0
"PEL64"	"PEL"	2018.0	91.0	13.0	6.0	1.0	3.704232045		20.26194173	7.379329595		5.09024E-6	1.238265846	0.107393367	0.001028175	1.253710934	1.097196279	790.637708	12.08346916	10576.89742	10285.05476	1636.119458	3.443171952	1.795216784	4.518171131	1.831234843	8.144622759	1256.393626	1840.138847	1346.879193	1930.624414	0.0		0.0	0.0	0.0	0.0	0.0	0.0	0.0
"PEL65"	"PEL"	2018.0	202.0	23.0	4.0	1.0	6.098060582	0.682427145	38.55863861	20.51230575	59.7533715	0.030029763	0.647939489	1.252504831	0.31904116	3.794108329		494.3543397	111.2412849	16663.64566	16531.06928	1073.625592	16.87463522	3.796980155	18.65005653	1.333956648	23.78099333	1681.393761	2609.375561	1797.332184	2725.313984	0.0		0.0	0.0	0.0	0.0	0.0	0.0	0.0
"PEL66"	"PEL"	2018.0	111.0	9.0	3.0	1.0	2.895088929		16.16691928	9.877615325			0.164437678	0.042530718	0.195007017	1.328108219	0.926452219	300.4309118	45.39164715	7711.896825	8015.613064	596.5234528	5.130420879	0.0	10.32118397	0.0	10.32118397	1016.439448	1497.563571	1098.906521	1580.030643	0.0		0.0	0.0	0.0	0.0	1.0	0.0	0.0
"PEL67"	"PEL"	2018.0	66.0	4.0	2.0	1.0	2.062651746	0.517812472	13.04328816	4.28816273	17.84926336		0.022513729	0.001711598	0.033035769	0.894009119	1.111381537	183.4286385	687.7200545	3823.184144	3916.372364	433.2097269	0.816754859	0.0	1.128258871	0.0	1.128258871	470.8350362	670.8799585	494.5872154	694.6321378	0.0		0.0	0.0	0.0	0.0	0.0	0.0	0.0
"PEL69"	"PEL"	2018.0	86.0	12.0	3.0	1.0	3.339055031		14.89618037	12.28704088			0.16221042	1.050498414		0.840079002	1.286267378	155.9710282	58.69196169	4897.720253	4940.346466	151.4451962	6.894665565	0.0	6.70047092	0.103477831	6.803948751	612.7280846	940.8416889	663.0391035	991.1527078	0.0		0.0	0.0	0.0	0.0	0.0	0.0	0.0
"PEL70"	"PEL"	2018.0	83.0	2.0	5.0	1.0	1.494084238		15.04520129	5.54097619		0.030962454	0.124462641	0.016556347	0.222564226	1.099538629		364.0723351	73.01017229	7535.054086	7901.441826	450.3967584	1.439462403	0.0	7.812694962	0.0	7.812694962	1100.509507	1593.980358	1169.189857	1662.660709	0.0		0.0	0.0	0.0	0.0	0.0	0.0	0.0
"PEL71"	"PEL"	2018.0	76.0	11.0	0.0	1.0	7.510727855		16.31723149	9.134539245		0.017067609		2.557839822	0.44780771	1.189408638	3.235288224	109.1442761	222.1800815	4667.104022	4734.197485	762.4324452	0.62873192	3.310943857	5.818972536	0.0	9.129916393	497.9772569	752.9376053	540.7100285	795.6703769	0.0		0.0	0.0	0.0	0.0	0.0	0.0	0.0
"PEL72"	"PEL"	2018.0	72.0	13.0	3.0	1.0	2.188979024		13.84679572	5.225870234		0.095144146	0.168988136	0.462386101	0.130531601	0.658330495	0.672813115	1160.215488	463.775039	11410.42888	11574.82507	2665.958526	1.133835404	2.102237151	1.532841421	0.0	3.635078572	1784.980323	2507.612141	1909.723365	2632.355183	0.0		0.0	0.0	0.0	0.0	0.0	0.0	0.0
"PEL78"	"PEL"	2018.0	51.0	6.0	4.0	1.0	0.941100023		8.362107597	5.464990612				0.016744858	0.054047201	0.870182853	1.25109E-4	579.8917317	93.33361026	5560.24283	4946.213126	1121.082204	2.656518837	0.82869297	2.41469834	0.207605126	3.450996435	638.7686906	894.7269911	696.0431752	952.0014757	0.0		0.0	0.0	0.0	0.0	0.0	0.0	0.0
"PEL79"	"PEL"	2018.0	140.0	4.0	4.0	1.0	2.238952492	0.822598162	27.13743585	4.375390727	32.33542474			0.341651848		1.894028662		1455.375953	0.01389775	14909.30871	9555.846704	120.5806931	0.822598162	1.253537355	4.106737777	1.23352337	6.593798501	2754.247626	4092.138783	2891.039834	4228.930991	0.0		0.0	0.0	0.0	0.0	0.0	0.0	0.0
"PEL8"	"PEL"	2018.0	90.0	5.0	6.0	1.0	1.554584339		17.54721894	6.12114434				0.015634898	0.037323811	1.499955088		1232.109403	1.46614E-4	12717.40109	13207.73639	465.6550269	2.175313923	0.0	6.930495518	0.0	6.930495518	2105.986957	3060.550786	2250.509699	3205.073528	0.0		0.0	0.0	0.0	0.0	0.0	0.0	0.0
"PEL80"	"PEL"	2018.0	93.0	5.0	4.0	1.0	1.855519946		18.9996157	7.654918299			0.055606503	0.060820495	0.08649786	0.776044662	0.736707302	761.3945074	49.8583254	11726.96397	11948.53397	666.5865359	5.516003589	0.781330514	8.936155207	0.577203734	10.29468946	2005.517014	2893.965469	2147.295906	3035.744361	0.0		0.0	0.0	0.0	0.0	1.0	0.0	0.0
"PEL82"	"PEL"	2018.0	65.0	3.0	3.0	1.0	1.129501731		11.29936021	3.966128892				0.014632515		1.114869218		351.7802908	0.0	5921.23206	4567.532765	126.5940516	2.125381554	0.0	6.38666447	0.0	6.38666447	920.6173936	1420.239851	981.6491036	1481.271561	0.0		0.0	0.0	0.0	0.0	0.0	0.0	0.0
"PEL84"	"PEL"	2018.0	68.0	4.0	6.0	1.0	1.919571539		16.31213353	3.468830701		3.47819E-6	0.917263042	0.046363887		0.930183484	0.025757856	614.724017	10.01607377	8404.72441	7811.511715	339.8944843	0.403659785	0.0	4.918080099	0.0	4.918080099	1324.516995	1884.342207	1414.481643	1974.306855	0.0		0.0	0.0	0.0	0.0	0.0	0.0	0.0
"PEL87"	"PEL"	2018.0	46.0	6.0	0.0	1.0	1.176080577		8.25215551	4.137025247		0.012442732	0.089349893	0.053566515	0.143172941	0.687246497	0.164321121	534.0041123	71.88017765	7793.648266	7744.632768	1423.663739	2.757428041	0.0	6.784872376	0.0	6.784872376	953.6595261	1385.800378	1030.444591	1462.585442	0.0		0.0	0.0	0.0	0.0	0.0	0.0	0.0
"PEL88"	"PEL"	2018.0	345.0	57.0	2.0	1.0	22.28311467	26.03579735	65.48639514	75.77672476	167.2989173	4.5771E-5	0.520314135	8.566353422	1.388394428	2.349290608	9.401168926	568.1441854	209.8655667	10878.12727	11028.62415	929.2122918	81.2129941	0.392881739	18.00995638	0.0	18.40283812	1374.8974	2007.682335	1477.114614	2109.899549	0.0		0.0	0.0	0.0	0.0	0.0	0.0	0.0
"SUR101"	"SUR"	2019.0	60.0	9.0	0.0	4.0	1.210052004		10.67585022	4.428728503			0.255959821	0.007022507	0.03317187	0.913795635	1.02138E-4	386.553119	40.00419929	5334.743328	5156.314007	867.2603099		0.0	6.11369E-4	2.652713891	2.65332526	704.0334021	1157.581035	766.7858862	1220.333519	0.0	0.339151624	1.0	0.0	0.0	0.0	0.0	0.0	0.0
"SUR102"	"SUR"	2019.0	203.0	2.0	0.0	2.0	3.647962254		34.33805828	8.181397216			0.065527854	0.503434735	0.02681176	3.050722561		495.0308515	116.0837664	7049.1483	7299.703118	342.3969339		2.198298858	1.546356912	0.442499329	4.187155099	890.5932966	1452.919817	925.0404426	1487.366963	0.0	0.797188425	0.0	0.0	0.0	0.0	0.0	0.0	0.0
"SUR105"	"SUR"	2019.0	113.0	2.0	0.0	1.0	6.388081709		20.16785696	8.007183835			0.089575205	4.459900798	0.070562142	1.62539024	0.00580901	106.4944226	38.97457234	3587.114585	2977.278753	211.5119596		0.0	1.36686488	4.945367156	6.312232037	676.0192684	934.3729415	717.3830111	975.7366842	0.0	0.322189061	2.0	0.0	0.0	0.0	0.0	0.0	0.0
"SUR106"	"SUR"	2019.0	82.0	6.0	0.0	2.0	2.174819185		12.46079799	8.06894703		0.091063206		0.132581778	0.21065857	1.707198007	0.033317702	795.7634264	56.83665846	8646.860472	7663.947981	1678.337228		0.0	0.500009064	4.521572204	5.021581268	1337.361974	1870.586536	1427.216183	1960.440744	0.0	0.184382716	0.0	0.0	0.0	0.0	0.0	0.0	0.0
"SUR107"	"SUR"	2019.0	168.0	4.0	0.0	2.0	10.1649086	1.809314354	34.74491188	13.92517391	50.47940013			4.498313275	0.161901308	4.393753689		452.7454397	116.0735978	5083.791163	5251.909594	201.012303		0.0	3.128785972	4.91661675	8.045402722	622.8328898	1036.976912	647.1853816	1061.329404	1.0	0.704656104	1.0	0.0	0.0	0.0	0.0	0.0	0.0
"SUR108"	"SUR"	2019.0	60.0	2.0	0.0	1.0	1.288089039		10.51468265	3.95154613				0.078956457	0.06929413	1.139838444		358.2661327	18.97205438	5215.296783	5388.971268	1011.774746		0.0	0.0	0.763563484	0.763563484	752.1582847	1086.274921	793.2674088	1127.384045	0.0	0.960416096	2.0	0.0	0.0	0.0	0.0	0.0	0.0
"SUR109"	"SUR"	2019.0	246.0	11.0	0.0	2.0	3.956676343	2.217187991	26.46970672	17.43716552	46.12406023			0.974525673	0.253201912	2.697213531	0.00514058	396.3588206	44.78503078	6213.939993	5881.433228	499.1397959		0.0	7.257168137	4.612435801	11.86960394	694.357384	1077.293606	739.6701111	1122.606333	1.0	0.514279712	2.0	0.0	0.0	0.0	0.0	0.0	0.0
"SUR11"	"SUR"	2019.0	89.0	1.0	0.0	2.0	6.020069793		13.18925105	12.80719687				2.922287741	0.033826965	3.063929725	1.55061E-6	349.7373302	86.96865227	5602.870265	3451.6687	593.1521467		0.0	1.367095482	6.106062706	7.473158188	954.0342737	1238.800846	1055.134331	1339.900903	0.0	0.82305325	1.0	0.0	0.0	0.0	0.0	0.0	0.0
"SUR113"	"SUR"	2019.0	104.0	3.0	0.0	2.0	2.502318184	2.948307605	17.33233415	4.962367278	25.24300903			0.72782438		1.718605602		373.7165118	1.459241349	5759.69943	5941.434351	242.2873346		0.0	1.646629233	3.955627132	5.602256365	760.2568874	1204.272575	797.8906461	1241.906334	0.0	1.424861243	1.0	0.0	0.0	0.0	0.0	0.0	0.0
"SUR115"	"SUR"	2019.0	38.0	5.0	0.0	2.0	1.151836298		8.045146157	2.394990893		1.92479E-6	0.061269702	7.15059E-4	0.267818448	0.822031164		309.1188949	246.0060791	4038.20807	3862.689098	643.7295351		0.231396752	2.833009666	1.518883604	4.583290022	580.1935706	883.2654556	629.9948227	933.0667078	0.0		0.0	0.0	0.0	0.0	0.0	0.0	0.0
"SUR116"	"SUR"	2019.0	13.0	4.0	0.0	1.0	0.523391513		2.133999861	2.374467362		0.066116986	0.031716236	0.007865948	0.045639728	0.341761947	0.030290673	1181.075204	191.836449	5393.41069	5127.717876	1985.347023		0.0	0.436238905	1.099828999	1.536067903	946.8874621	1299.107277	1005.380882	1357.600697	2.0		0.0	0.0	0.0	0.0	0.0	0.0	0.0
"SUR117"	"SUR"	2019.0	65.0	3.0	0.0	2.0	1.164623003		10.38168446	4.376442558			0.006762696	0.007886333		1.149973955		381.3392668	285.349837	4739.971562	4229.023712	1453.352462		2.049612673	0.0	0.77557399	2.825186664	610.3902041	841.9796025	648.9719576	880.561356	0.0	0.775624224	0.0	0.0	0.0	0.0	0.0	0.0	0.0
"SUR118"	"SUR"	2019.0	94.0	1.0	0.0	1.0	2.708747499	9.831083284	16.15162282	4.562489613	30.54519572			1.22846847		1.22709091	0.251567792	378.9411889	21.19194247	4865.622091	4731.109887	419.2326826		0.422119492	2.590933903	4.176028221	7.189081617	699.7143831	1113.73831	733.6884791	1147.712406	0.0	1.023711567	2.0	0.0	0.0	0.0	0.0	0.0	0.0
"SUR119"	"SUR"	2019.0	57.0	0.0	0.0	1.0	1.477500328	2.780800367	12.08422402	1.060463701	15.92548809		0.038138342	0.603765542		0.771959944	0.038469231	235.4825565	8.045694375	3299.238892	3382.348533	202.847201		0.0	0.0	1.528165785	1.528165785	440.6624001	748.4390201	463.0867043	770.8633244	1.0	1.580389985	0.0	0.0	0.0	0.0	0.0	0.0	0.0
"SUR12"	"SUR"	2019.0	99.0	2.0	0.0	1.0	1.718083044		15.21139331	4.430185412				0.494623153		1.223459884		71.26969789	9.938349338	5148.326259	3866.042537	294.5254147		0.0	5.12252253	4.721688487	9.844211017	1053.427985	1387.311902	1112.46923	1446.353148	1.0	1.009464554	0.0	0.0	0.0	0.0	0.0	0.0	0.0
"SUR120"	"SUR"	2019.0	62.0	3.0	0.0	1.0	2.237131584	3.107074614	15.21023535	2.495639253	20.81294922		0.030329595	1.007103519	0.007567787	1.17994277		171.3378436	235.3913088	4126.311049	3917.301276	655.1256394		0.0	0.691326363	3.497448168	4.188774531	561.2832278	788.0240501	608.611467	835.3522893	1.0	0.763256639	0.0	0.0	0.0	0.0	0.0	0.0	0.0
"SUR121"	"SUR"	2019.0	22.0	0.0	0.0	1.0	0.578770817		3.576245099	1.975001707		0.044321981	0.109824164	0.001243044	0.017166263	0.406215375		324.6152858	85.14616698	3973.777349	3604.886087	600.334514		0.0	0.660141123	0.11108027	0.771221393	638.7566274	900.6130886	686.3133715	948.1698327	0.0		3.0	0.0	0.0	0.0	0.0	0.0	0.0
"SUR123"	"SUR"	2019.0	61.0	6.0	0.0	2.0	1.16468216		9.870308594	4.268679848			0.137557372	0.024789688	0.034616108	0.967719031		602.0265867	59.6854185	5987.314641	6089.770293	1068.537696		0.0	0.447361472	3.567700201	4.015061673	879.8784346	1280.584493	951.8834488	1352.589507	0.0		0.0	0.0	0.0	0.0	0.0	0.0	0.0
"SUR125"	"SUR"	2019.0	54.0	6.0	0.0	1.0	1.184603283		8.698906347	4.242298681		3.89229E-5	0.056227386	0.015049402	0.046420055	1.066867524		474.2607797	230.1607052	6489.04088	6398.177212	1794.297335		0.0	0.804874732	2.140571465	2.945446197	807.8335859	1161.375171	871.2422147	1224.7838	0.0		0.0	0.0	0.0	0.0	0.0	0.0	0.0
"SUR127"	"SUR"	2019.0	123.0	7.0	0.0	3.0	8.154515997	4.531042201	23.90797248	17.66551266	46.10452734			4.159716434	0.042647226	3.946383506		372.6648019	53.41370627	6641.328242	6645.850703	851.4536283		0.0	8.890866378	9.437808076	18.32867445	879.0228309	1389.583529	936.9441508	1447.504849	0.0	0.859898895	0.0	0.0	0.0	0.0	0.0	0.0	0.0
"SUR128"	"SUR"	2019.0	70.0	2.0	0.0	1.0	3.867778174		11.29691479	3.228680293				2.954507688	2.68653E-4	0.912904935		231.5160057	13.00453533	5287.523974	4339.837194	578.3371172		0.0	2.946387336	2.816189314	5.76257665	1000.045865	1414.844222	1066.441217	1481.239573	0.0	0.377027952	0.0	0.0	0.0	0.0	0.0	0.0	0.0
"SUR129"	"SUR"	2019.0	58.0	2.0	0.0	2.0	1.257171655		8.287692993	5.157218736			0.032964369	0.038584216	0.071013922	0.84701311	0.267596049	575.8925389	86.49479401	6283.312146	5831.745354	1012.71057		0.0	1.530903552	0.306024724	1.836928276	910.4795255	1386.573152	982.8672206	1458.960847	0.0		1.0	0.0	0.0	0.0	0.0	0.0	0.0
"SUR13"	"SUR"	2019.0	189.0	10.0	0.0	1.0	6.813315094		28.75736539	17.43087839		0.106642127		2.599153528	0.168550111	3.362571713	0.576397618	204.1577969	73.26756031	9675.021515	7591.657293	1160.618636		0.0	2.014458838	10.24224496	12.2567038	1511.540144	2030.246511	1638.457691	2157.164057	0.0	0.431238458	0.0	0.0	0.0	0.0	0.0	0.0	0.0
"SUR130"	"SUR"	2019.0	91.0	7.0	0.0	3.0	1.203398358		10.56353533	4.408667243		8.75397E-5		0.038066671	8.66205E-5	1.165157519		1001.808717	9.954750953	7590.255688	7826.32906	1838.132993		0.0	0.77179758	1.789978701	2.561776281	1201.037494	1654.44121	1300.605767	1754.009482	2.0		0.0	0.0	0.0	0.0	0.0	0.0	0.0
"SUR131"	"SUR"	2019.0	52.0	1.0	0.0	1.0	1.012115037		8.644753041	3.343633359				0.029932814		0.982182228		91.82005937	30.43493264	3879.37231	4026.281697	417.4215775		0.0	1.017859825	1.711442307	2.729302131	424.0816921	633.9657525	459.2432261	669.1272865	0.0	2.17272252	1.0	0.0	0.0	0.0	0.0	0.0	0.0
"SUR132"	"SUR"	2019.0	42.0	2.0	0.0	1.0	0.804584951		8.667487972	1.464759763			0.031854915	0.003533037	6.25115E-5	0.769134454		434.147178	190.7559786	4375.2044	4204.732079	865.3966696		0.0	1.00130587	0.815454931	1.816760801	603.036734	873.8449246	661.4652737	932.2734642	2.0	0.194525063	0.0	0.0	0.0	0.0	0.0	0.0	0.0
"SUR133"	"SUR"	2019.0	170.0	9.0	0.0	2.0	4.150165542	3.247991542	23.33506254	15.13236673	41.71542082			0.494188539	0.056228273	2.912431938	0.68731676	365.3601526	557.6721381	6107.673661	5504.076745	1229.817556		0.781415396	2.626936992	3.562453249	6.970805637	762.221495	1074.677178	811.7805048	1124.236188	2.0		1.0	0.0	0.0	0.0	0.0	0.0	0.0
"SUR136"	"SUR"	2019.0	68.0	3.0	0.0	1.0	0.897260379		7.961920524	4.429289742				0.027977362		0.869283013		339.2032523	17.65849317	4522.514912	3967.490436	664.9200991		0.0	1.214764268	2.727826481	3.942590749	712.4580188	1010.343305	777.8625614	1075.747848	0.0	0.294298165	0.0	0.0	0.0	0.0	0.0	0.0	0.0
"SUR137"	"SUR"	2019.0	90.0	1.0	0.0	1.0	1.86645961		14.72677186	5.549858236			4.84549E-8	0.348207526		1.506850679		149.9261672	63.75123976	4309.7422	4312.921434	224.9100567		0.415400924	0.858773285	0.912079272	2.186253481	566.4613619	823.6521156	587.1187041	844.3094578	1.0	0.246516523	0.0	0.0	0.0	0.0	0.0	0.0	0.0
"SUR14"	"SUR"	2019.0	142.0	3.0	0.0	1.0	1.795680329		24.03276868	6.474514805			0.02873462	0.057037968	0.013504366	1.64937787	0.018369437	197.0006155	563.6728674	10095.70108	9593.447164	4816.905845		0.0	0.0	0.104925232	0.104925232	496.0091575	763.2002449	529.9676714	797.1587589	0.0		0.0	0.0	0.0	0.0	0.0	0.0	0.0
"SUR140"	"SUR"	2019.0	74.0	5.0	0.0	1.0	3.803986068		13.0498099	9.050837725				2.497403036	0.00143318	1.294810578	0.004193407	105.4410907	10.64958453	2946.436197	2802.22782	244.3443357		0.0	2.009794361	6.242982881	8.252777242	430.5369072	632.2186822	458.0244564	659.7062314	0.0	0.910850725	1.0	0.0	0.0	0.0	0.0	0.0	0.0
"SUR141"	"SUR"	2019.0	171.0	9.0	0.0	3.0	4.237175076		24.3477417	12.43803288			0.061701378	1.685093779	0.145520426	2.344564902		200.0577651	157.1681165	6754.076202	6472.913099	651.533027		0.0	1.806469831	5.425702928	7.232172758	1003.939458	1421.220427	1076.844386	1494.125354	1.0	1.262817779	1.0	0.0	0.0	0.0	0.0	0.0	0.0
"SUR143"	"SUR"	2019.0	179.0	4.0	0.0	1.0	1.239853338		16.81392684	5.441324609				0.125303591		1.084874334	0.029675421	404.1371031	26.8546971	7854.985828	7417.455207	671.1723925		0.0	0.388882934	3.103387105	3.492270039	1073.234897	1594.481219	1140.297157	1661.543478	1.0	0.084854774	1.0	0.0	0.0	0.0	0.0	0.0	0.0
"SUR144"	"SUR"	2019.0	89.0	0.0	0.0	1.0	5.474518338		13.98840437	5.757095961				3.026868544	0.498579515	1.925082235		257.9314304	22.33944066	4872.958457	4282.507752	317.1787429		0.157026472	4.553184852	4.635390981	9.345602305	601.5910477	954.0390136	646.153025	998.6009909	4.0	0.890617294	0.0	0.0	0.0	0.0	0.0	0.0	0.0
"SUR145"	"SUR"	2019.0	114.0	5.0	0.0	2.0	15.68027195	8.241810246	31.736443	11.90432358	51.88257683			9.14653944		3.295399294	0.013965646	159.6915125	24.730032	3769.606377	3423.547224	266.5725871		0.0	13.06492192	8.114141453	21.17906338	585.2584478	866.7601971	619.9322469	901.4339961	2.0	0.904605024	0.0	0.0	0.0	0.0	0.0	0.0	0.0
"SUR15"	"SUR"	2019.0	67.0	3.0	0.0	2.0	1.30646954		13.97559363	2.552482202			0.052886221	0.074028091	0.076631636	1.084077119	0.002809198	137.6294452	181.0418004	4572.975874	4531.124891	838.7735955		0.0	0.0	0.657651786	0.657651786	546.4371415	786.1141393	572.8114845	812.4884823	0.0		0.0	0.0	0.0	0.0	0.0	0.0	0.0
"SUR150"	"SUR"	2019.0	66.0	1.0	0.0	3.0	1.303487977		8.95481464	4.829493922				0.022186707		1.281301236		468.6535548	21.91769695	5937.864937	2668.83192	693.6585787		0.0	0.148387573	2.644260374	2.792647947	1112.468257	1518.833817	1223.228482	1629.594042	2.0	0.919378001	0.0	0.0	0.0	0.0	0.0	0.0	0.0
"SUR151"	"SUR"	2019.0	80.0	7.0	0.0	1.0	2.531128811		11.97912352	8.849911894			0.004624717	0.787634953	0.029760683	1.22692133	0.482187112	565.8692974	83.27922188	5477.440603	5196.509005	852.1487637		0.0	3.733411257	2.814664757	6.548076014	932.818811	1272.741637	1008.570949	1348.493775	0.0	0.418437505	1.0	0.0	0.0	0.0	0.0	0.0	0.0
"SUR152"	"SUR"	2019.0	129.0	5.0	0.0	1.0	0.685856532		12.52538366	3.848181368			0.043230267	0.057258331		0.58536793		149.3782994	0.072026789	4223.574113	3719.003015	123.9958237		0.0	1.445461233	1.893961272	3.339422505	832.2305895	1155.370774	884.6055982	1207.745783	0.0	0.191220292	0.0	0.0	0.0	0.0	0.0	0.0	0.0
"SUR153"	"SUR"	2019.0	129.0	10.0	0.0	2.0	2.283817378		18.61081237	8.601909346			8.92482E-4	0.532039677		1.750885197		88.6760306	45.68345969	4817.109928	4584.737577	354.6197861		0.0	3.507677715	5.847884852	9.355562567	757.0548893	1102.572537	797.9784537	1143.496101	0.0	0.573748844	0.0	0.0	0.0	0.0	0.0	0.0	0.0
"SUR155"	"SUR"	2019.0	108.0	6.0	0.0	1.0	1.608152259		13.60025061	5.78688977				0.057180505		1.295057406	0.255914385	524.3919261	11.30370302	6047.735612	4881.708111	314.0812042		0.0	0.0	5.677940773	5.677940773	939.0805923	1320.820527	1005.217538	1386.957473	1.0	0.148221492	0.0	0.0	0.0	0.0	0.0	0.0	0.0
"SUR157"	"SUR"	2019.0	117.0	18.0	0.0	1.0	3.57896867		16.32667922	13.72503121		0.082248578	0.059978271	0.939521475	0.076721081	2.329116883	0.091382384	968.0599612	213.9020897	10351.28766	8601.921178	2991.100221		0.0	3.52044533	8.350192009	11.87063734	1229.497621	1689.836565	1354.067262	1814.406207	0.0	0.738558331	0.0	0.0	0.0	0.0	0.0	0.0	0.0
"SUR16"	"SUR"	2019.0	96.0	7.0	0.0	1.0	1.48153371		13.79814435	6.118504408		0.042323028	0.085331527	0.034905329		1.18851342	0.130460432	773.8358089	70.24228354	8636.645897	8492.603332	2266.541909		0.0	0.882466358	3.055075651	3.937542009	960.4135075	1439.969558	1050.022855	1529.578906	0.0	0.328971614	0.0	0.0	0.0	0.0	0.0	0.0	0.0
"SUR161"	"SUR"	2019.0	169.0	8.0	0.0	5.0	10.70597816		26.83584812	20.69730508			0.167384628	7.456978439		2.615343887	0.434474425	140.5953412	199.2986028	6436.79286	6060.710723	1280.378185		0.0	0.874738273	5.120921794	5.995660067	839.2853786	1187.065661	906.6436427	1254.423925	0.0	0.799468057	0.0	0.0	0.0	0.0	0.0	0.0	0.0
"SUR18"	"SUR"	2019.0	154.0	14.0	0.0	3.0	2.278349456		18.74756592	12.89348317			0.165722867	0.052583747	0.165448715	1.894594144		868.8925943	400.6650636	9655.078495	8991.012793	3396.51945		2.545144581	1.62357017	3.877568321	8.046283073	1045.074647	1470.1836	1150.017489	1575.126441	0.0	3.325421467	4.0	0.0	0.0	2.0	0.0	0.0	0.0
"SUR19"	"SUR"	2019.0	103.0	6.0	0.0	5.0	1.460154007		12.23462163	8.846139548				0.109526518	0.019365284	1.331262184		440.7620593	72.64909291	6190.487026	5688.803129	819.4554238		0.0	0.0	5.363540786	5.363540786	907.4626044	1320.448649	971.02622	1384.012264	2.0		3.0	0.0	0.0	0.0	0.0	0.0	0.0
"SUR20"	"SUR"	2019.0	69.0	3.0	0.0	1.0	0.894166806		9.839440198	4.031080635				0.016976527		0.877190289		284.1344912	40.54599075	3919.952925	3204.980471	604.2950209		0.0	0.0	3.281404033	3.281404033	568.987864	870.0101526	610.497017	911.5193056	1.0	0.909959492	0.0	0.0	0.0	0.0	0.0	0.0	0.0
"SUR22"	"SUR"	2019.0	122.0	7.0	0.0	1.0	3.235504226	7.143004497	19.64227019	13.98490897	40.77018365			0.591322708	0.047185095	2.342080682	0.253573134	76.38629114	152.9836348	1914.374382	1846.986764	255.5843481		0.584886314	0.893962744	4.405020704	5.883869762	232.5517839	344.1559148	270.8651848	382.4693157	0.0	0.073976136	0.0	0.0	0.0	0.0	0.0	0.0	0.0
"SUR25"	"SUR"	2019.0	140.0	16.0	0.0	2.0	1.892648741	2.439110847	14.77388467	8.850923822	26.06391934			0.161109357		1.583889471	0.147649916	807.5472757	44.41168851	9318.429005	8073.396114	1640.274066		0.0	0.861069137	4.019004607	4.880073744	1203.460986	1829.162065	1305.050074	1930.751152	0.0		0.0	0.0	0.0	0.0	0.0	0.0	0.0
"SUR26"	"SUR"	2019.0	144.0	2.0	0.0	1.0	0.799058615		16.61655834	1.032548885				0.028316976		0.770741599		181.226378	0.314900983	5427.575386	2090.43733	648.8686491		0.0	2.309729151	2.502479982	4.812209133	1020.898373	1269.600286	1125.239175	1373.941089	3.0	0.995588062	1.0	0.0	0.0	0.0	0.0	0.0	0.0
"SUR27"	"SUR"	2019.0	59.0	3.0	0.0	2.0	1.208926282		9.972886825	5.339786377				0.026078521		1.137010115	0.045837577	289.2799181	36.87683637	5036.730968	4932.683858	492.5210974		0.0	0.780892909	0.641567208	1.422460118	615.6793567	917.3795118	658.1229803	959.8231354	0.0		0.0	0.0	0.0	0.0	0.0	0.0	0.0
"SUR3"	"SUR"	2019.0	71.0	1.0	0.0	1.0	2.474468099	1.455976669	11.05781909	6.906444708	19.42024046			1.075943778		1.337457585	1.10851E-4	160.8944487	1.526527835	4116.022641	3765.271444	291.3738671		0.0	1.419278654	4.182910003	5.602188657	772.5158844	1079.340943	826.5078373	1133.332896	0.0	0.311042397	1.0	0.0	0.0	0.0	0.0	0.0	0.0
"SUR31"	"SUR"	2019.0	74.0	7.0	0.0	1.0	16.75934312		26.29098866	25.29067257				13.43289489	0.394968238	2.450081001	0.432938397	17.06640993	74.60010045	1346.802038	1398.868665	55.72466808		0.0	2.508571589	9.001938396	11.51050999	137.316528	214.6325178	149.4582406	226.7742303	0.0	0.76284871	0.0	0.0	0.0	0.0	0.0	0.0	0.0
"SUR35"	"SUR"	2019.0	109.0	8.0	0.0	3.0	11.44152731	1.800556435	19.29901009	17.91218697	39.01175349			8.14349307	0.821657658	2.069701261		224.4811524	41.40409536	4877.654016	3988.056706	339.8493893		0.0	0.334322715	13.08389377	13.41821648	756.5802982	1045.74132	815.5664403	1104.727462	0.0	0.258190623	0.0	0.0	0.0	0.0	0.0	0.0	0.0
"SUR4"	"SUR"	2019.0	154.0	7.0	0.0	1.0	10.41978649	0.887332494	28.51808798	15.37529455	44.78071502			7.584241461	0.094612297	2.682467432	0.021032996	396.3251316	17.60299019	6653.506552	4836.306032	457.2071256		0.0	1.558059144	11.35438871	12.91244786	938.6278917	1324.765271	1006.892678	1393.030058	5.0	2.458160789	4.0	0.0	0.0	0.0	0.0	0.0	0.0
"SUR41"	"SUR"	2019.0	47.0	3.0	0.0	2.0	1.031687489		7.485954276	2.843158784			0.02491207	0.043214505		0.963560963		287.408559	29.1168216	3373.853079	1555.071772	383.0598788		0.0	0.369198779	3.012658903	3.381857682	504.3176922	680.0007134	551.5831289	727.2661501	0.0	0.178199786	0.0	0.0	0.0	0.0	0.0	0.0	0.0
"SUR43"	"SUR"	2019.0	63.0	5.0	0.0	1.0	1.743243365		8.329885733	8.023824233			0.032339374	0.020062209	0.177345721	0.916228596	0.597267456	611.7672744	21.97089391	5388.583494	5272.554168	902.2034059		0.0	1.150863345	3.197729679	4.348593024	838.7398948	1210.355055	910.3009327	1281.916093	0.0	0.528157342	0.0	0.0	0.0	0.0	0.0	0.0	0.0
"SUR44"	"SUR"	2019.0	89.0	1.0	0.0	2.0	0.988596912		10.49433385	4.629226412				0.017565657		0.971031239		984.7655936	21.94195784	9356.316251	8610.584514	1639.292856		0.0	0.604911099	1.985816535	2.590727634	1462.487975	2085.30751	1561.933964	2184.753499	1.0	1.04593164	0.0	0.0	0.0	0.0	0.0	0.0	0.0
"SUR45"	"SUR"	2019.0	56.0	4.0	0.0	1.0	1.38833351		7.072800423	6.770986199				0.04636873		1.203977131	0.13798764	492.0893398	35.18838391	6032.786466	5465.478368	795.9278128		0.0	0.0	3.106571614	3.106571614	984.1343218	1378.837187	1053.172009	1447.874875	1.0		0.0	0.0	0.0	0.0	0.0	0.0	0.0
"SUR46"	"SUR"	2019.0	61.0	3.0	0.0	1.0	1.286168612		10.1587754	3.619358974			6.92949E-5	0.138188061		1.147911262		665.9061692	64.23403216	6796.87869	6399.594904	1010.838001		0.0	0.001769028	2.512291472	2.514060499	1067.480964	1521.600747	1146.978092	1601.097875	0.0		0.0	0.0	0.0	0.0	0.0	0.0	0.0
"SUR47"	"SUR"	2019.0	28.0	5.0	0.0	1.0	0.612476146		4.003667004	3.337200128		0.116502123		0.007322741	0.001304018	0.486411999	9.35293E-4	581.2958728	143.9393222	3762.446434	3392.882312	1381.837826		0.0	0.001959329	1.546984639	1.548943968	469.388444	689.1481855	512.9512019	732.7109434	0.0		0.0	0.0	0.0	0.0	0.0	0.0	0.0
"SUR48"	"SUR"	2019.0	101.0	6.0	0.0	2.0	2.772005105		14.97719454	8.718798849			0.066778777	0.045566435	0.027362368	1.02488906	1.607408499	605.026878	81.52217777	6156.906744	6410.946045	1144.644422		0.0	1.073356942	4.907568534	5.980925477	930.4099687	1309.058975	995.6394903	1374.288497	0.0	0.094571674	0.0	0.0	0.0	0.0	0.0	0.0	0.0
"SUR50"	"SUR"	2019.0	94.0	6.0	0.0	3.0	1.469023113	1.593768498	13.05616591	5.325055513	19.97498992			0.183315535		1.285707585		329.512892	1.823786813	5561.731422	1435.159121	522.2595345		0.0	2.748736785	1.405119223	4.153856008	891.3089943	1177.935777	994.1103897	1280.737172	1.0		2.0	0.0	0.0	0.0	0.0	0.0	0.0
"SUR51"	"SUR"	2019.0	107.0	6.0	0.0	1.0	17.4292054	2.995254288	18.07954594	25.27421121	46.34901144		0.097464943	13.50530042	1.040935244	2.762033672	0.007425162	106.5700232	131.8879473	4147.904773	2370.057676	349.4871534		0.0	3.351597701	6.182729471	9.534327171	585.7375629	787.8887337	638.327779	840.4789499	1.0	0.730266905	2.0	0.0	0.0	0.0	0.0	0.0	0.0
"SUR52"	"SUR"	2019.0	69.0	3.0	0.0	1.0	1.592003056		12.65646981	6.478560607				0.122805905	0.061728283	1.40746887		615.1898612	80.82045569	6704.701124	6392.800507	1027.230713		0.0	0.0	2.72849153	2.72849153	1057.690428	1446.763539	1132.112519	1521.185629	0.0		0.0	0.0	0.0	0.0	0.0	0.0	0.0
"SUR53"	"SUR"	2019.0	138.0	2.0	0.0	1.0	3.495270559		23.90279483	5.667326353				0.15377284	0.051437705	2.863418018		220.6736271	229.5845505	3914.69733	3901.325838	281.358284		0.0	3.298913756	2.973111287	6.272025043	494.7909564	820.9178506	521.476509	847.6034032	0.0	1.720481386	0.0	0.0	0.0	0.0	0.0	0.0	0.0
"SUR54"	"SUR"	2019.0	41.0	0.0	0.0	1.0	0.691847251		6.375006308	3.253672284		5.6231E-5	0.012753726	0.012223351	0.0129132	0.653900758		499.7783989	107.6008992	4449.733665	4408.593802	932.7777582		0.0	0.389996465	1.343977049	1.733973514	706.9144692	995.1036218	760.3700848	1048.559237	2.0	0.274414727	0.0	0.0	0.0	0.0	0.0	0.0	0.0
"SUR57"	"SUR"	2019.0	44.0	4.0	0.0	1.0	0.95991503		7.318771797	2.871091107				0.047825158	1.84258E-4	0.91182405	8.15232E-5	721.1469741	37.99330064	5759.208882	5903.558558	1042.595752		0.0	1.966999737	2.715890417	4.682890154	1023.775688	1399.538958	1102.33266	1478.095931	0.0		0.0	0.0	0.0	0.0	0.0	0.0	0.0
"SUR58"	"SUR"	2019.0	111.0	8.0	0.0	2.0	1.427895468		16.00778794	6.54706503		0.084476294	2.48352E-4	0.029415508		1.31375533		371.5089202	40.1856992	7650.284435	6892.942818	1121.766149		0.0	0.776693269	4.750166077	5.526859347	958.4236398	1440.189383	1018.710526	1500.476269	0.0	0.923920485	0.0	0.0	0.0	0.0	0.0	0.0	0.0
"SUR60"	"SUR"	2019.0	58.0	2.0	0.0	4.0	1.431709186		11.58587318	4.748792898				0.019524635	0.03210387	1.380080684		5.877460843	19.77766054	2479.208227	2382.798511	205.0374502		0.0	1.175221846	1.866239957	3.041461804	328.9573946	474.2397125	341.2960153	486.5783331	0.0	0.800678256	1.0	0.0	0.0	0.0	0.0	0.0	0.0
"SUR61"	"SUR"	2019.0	192.0	9.0	0.0	1.0	8.838034529	2.356301961	34.60074301	22.11367291	59.07071788	0.14742578		2.068135692		6.622473046		311.3850399	46.29575935	5348.333869	2136.753892	103.5032516		0.0	1.066567087	2.730032922	3.796600009	789.1198203	1150.168546	866.2732225	1227.321948	0.0	3.443995807	2.0	0.0	0.0	0.0	0.0	0.0	0.0
"SUR63"	"SUR"	2019.0	72.0	7.0	0.0	2.0	1.509557776		11.89245448	4.416731098				0.103773215	2.5676E-4	1.405527832		313.6983608	45.9259414	5344.866315	5137.922769	512.8428459		0.0	1.646122329	1.700824247	3.346946576	697.727557	1003.42914	750.2511416	1055.952724	0.0	0.332113008	0.0	0.0	0.0	0.0	0.0	0.0	0.0
"SUR64"	"SUR"	2019.0	122.0	9.0	0.0	2.0	2.633829471		17.58285434	8.406937507			0.041549671	0.230076603	0.626378814	1.629498567	0.106325791	413.167039	100.6861561	8239.849915	7771.349387	1246.758992		0.0	3.862302371	4.775479183	8.637781554	1106.778115	1553.510595	1168.248826	1614.981307	0.0		0.0	0.0	0.0	0.0	0.0	0.0	0.0
"SUR65"	"SUR"	2019.0	157.0	4.0	0.0	1.0	3.219293368	3.929545341	20.27135515	10.45542886	34.65632936		0.002874451	1.197771935	0.063326291	1.910705798		72.93523961	104.6740561	5246.181855	4948.172849	229.4865118		0.0	0.19693696	4.626801566	4.823738525	550.7245957	817.1624374	589.6176098	856.0554515	0.0	0.16137326	2.0	0.0	0.0	0.0	0.0	0.0	0.0
"SUR66"	"SUR"	2019.0	43.0	3.0	0.0	1.0	0.848938673		6.248304802	3.460391164		0.128080344		0.010285914		0.71057245		585.6677138	13.24243969	5701.64755	5573.244445	1265.690337		0.0	0.0	0.542273665	0.542273665	910.2448887	1327.718715	975.5275181	1393.001345	0.0		0.0	0.0	0.0	0.0	0.0	0.0	0.0
"SUR68"	"SUR"	2019.0	135.0	16.0	0.0	4.0	2.508940011		18.60646444	9.50897097		0.079677006	0.259568344	0.20769644	0.055424454	1.758069093	0.12596921	440.4828878	158.2316855	8379.94299	8319.316491	2584.15949		1.23238655	4.496109552	4.771917744	10.50041385	539.8490549	969.533046	583.1167594	1012.800751	0.0	1.60716616	2.0	0.0	0.0	0.0	0.0	0.0	0.0
"SUR7"	"SUR"	2019.0	118.0	5.0	0.0	1.0	1.605268228		17.09376908	6.113756174			0.011249264	0.112941323		1.464391562	0.016686063	378.8024505	14.92514237	7726.382752	5051.933663	549.7536271		0.0	0.819288137	3.644853242	4.464141379	1498.048332	1918.031266	1627.813613	2047.796547	2.0	0.965064993	1.0	0.0	0.0	0.0	0.0	0.0	0.0
"SUR73"	"SUR"	2019.0	71.0	3.0	0.0	1.0	1.547624773		8.636257136	6.727464127				0.057448345		0.946467209	0.543709219	361.4044836	33.32189475	4853.660761	4719.978249	1066.976552		0.0	1.587220595	2.507376534	4.094597129	702.1930429	1000.512481	755.2235362	1053.542974	0.0		0.0	0.0	0.0	0.0	0.0	0.0	0.0
"SUR74"	"SUR"	2019.0	53.0	4.0	0.0	2.0	0.743610014		6.693280595	3.838454092				0.038222111		0.705387905		561.1279985	35.12359076	4844.832905	4576.360279	633.9644724		0.0	0.0	1.452438368	1.452438368	760.5897145	1110.820066	818.7701887	1169.000541	0.0	0.061666241	0.0	0.0	0.0	0.0	0.0	0.0	0.0
"SUR75"	"SUR"	2019.0	95.0	2.0	0.0	1.0	9.440539392	5.030145647	22.94471253	15.21689587	43.19175405			5.807404454	0.045231866	3.500681616	0.028421754	228.5814186	141.1615449	5097.476946	3843.669579	439.7338679		0.0	3.576034007	8.749297421	12.32533143	670.7489237	972.1609865	706.2477355	1007.659798	0.0	0.448679248	1.0	0.0	0.0	0.0	0.0	0.0	0.0
"SUR77"	"SUR"	2019.0	49.0	0.0	0.0	1.0	0.956756366	1.409551454	10.99270316	2.135616733	14.53787135	0.032980952	0.020826695	0.031522161	0.025970509	0.845456043		184.9690041	290.6459377	3597.624605	3478.285185	600.7709752		1.090836699	0.801709784	0.389712015	2.282258498	440.5909804	666.2778093	473.1002042	698.7870332	0.0		0.0	0.0	0.0	0.0	0.0	0.0	0.0
"SUR79"	"SUR"	2019.0	62.0	10.0	0.0	3.0	1.353617501		6.005771397	8.050994213		0.044500132	0.093656371	0.318245444		0.896792749	4.2277E-4	297.1867994	67.89577129	3772.721664	2929.95724	938.4126741		0.0	1.749227383	2.708989848	4.458217231	411.9812927	566.721666	451.0818708	605.8222441	0.0		0.0	0.0	0.0	0.0	0.0	0.0	0.0
"SUR80"	"SUR"	2019.0	72.0	0.0	0.0	1.0	2.197724345		13.96846675	4.495089892				0.366516486	0.282841829	1.548366007		568.4088107	3.024870712	7627.537044	7238.613393	1267.991479		0.0	0.87824429	1.264034448	2.142278737	1129.842803	1579.409305	1218.651034	1668.217536	0.0		0.0	0.0	0.0	0.0	0.0	0.0	0.0
"SUR82"	"SUR"	2019.0	226.0	11.0	0.0	2.0	2.915781809	2.851026102	29.32548648	14.44840679	46.62491937		0.039750865	0.288431015	0.035885925	2.416497782	0.135216254	282.7459869	229.0369782	9787.019464	9405.242195	1732.225581		0.0	2.514848573	6.66785912	9.182707693	872.5757818	1314.836447	943.9506846	1386.21135	0.0	1.145770455	2.0	0.0	0.0	0.0	0.0	0.0	0.0
"SUR83"	"SUR"	2019.0	98.0	7.0	0.0	1.0	12.60818134	8.987248046	17.90050183	32.2530687	59.14081858			6.071518339	0.051996976	5.192650348	1.259797132	52.87357889	142.2833336	2406.147706	2233.069685	190.6876901		0.0	3.215085485	7.868805242	11.08389073	295.7453082	451.3198732	318.6814366	474.2560016	0.0		0.0	0.0	0.0	0.0	0.0	0.0	0.0
"SUR84"	"SUR"	2019.0	118.0	2.0	0.0	2.0	3.16567403	3.684090181	23.89756286	6.160865791	33.74251883		0.063925564	0.420632912	0.186051647	2.420393677	0.074308242	212.9025846	453.6860564	5713.846833	5538.202347	757.9154046		0.99133182	0.0	1.840464421	2.831796241	712.2214921	1054.554298	762.2133483	1104.546154	0.0	0.202547392	0.0	0.0	0.0	0.0	0.0	0.0	0.0
"SUR86"	"SUR"	2019.0	58.0	2.0	0.0	1.0	0.810521981		5.974093951	4.899119496			0.029996416	0.018878179	0.070692251	0.690955149		271.1435446	39.84220055	3815.369513	3883.378218	424.4653373		0.0	0.0	1.843577141	1.843577141	578.0494878	890.0286165	605.6068028	917.5859316	2.0		0.0	0.0	0.0	0.0	0.0	0.0	0.0
"SUR88"	"SUR"	2019.0	45.0	1.0	0.0	2.0	1.183908168	4.256624911	8.114403428	2.142295317	14.51332366			0.131864581	0.161303493	0.888838806	0.001901285	76.30537886	190.0939731	2240.843804	2159.764714	298.6586357		0.953981995	0.569467458	1.124418757	2.64786821	307.3897134	430.9471826	321.7492396	445.3067088	0.0		0.0	0.0	0.0	0.0	0.0	0.0	0.0
"SUR9"	"SUR"	2019.0	157.0	4.0	0.0	1.0	1.149459585		20.34422269	2.793241718				0.078831812		1.056717037	0.013910709	224.9267669	5.457147634	6481.610128	2786.310744	644.6564396		0.0	0.624385852	2.623344062	3.247729914	1267.284156	1712.805932	1382.616072	1828.137848	0.0	2.166268456	5.0	0.0	0.0	0.0	0.0	0.0	0.0
"SUR90"	"SUR"	2019.0	119.0	6.0	0.0	2.0	3.190666421		18.71690537	7.95557039		0.035367127	0.051099456	1.012393255	0.041808634	2.001752065	0.048245848	645.0247437	66.51287351	6920.590956	6723.118231	1110.854209		0.0	3.311738847	2.496944783	5.808683631	952.4747812	1443.391088	1026.957193	1517.8735	2.0	2.14567692	1.0	0.0	0.0	0.0	0.0	0.0	0.0
"SUR91"	"SUR"	2019.0	65.0	5.0	0.0	2.0	2.523265504		12.69971551	5.681842656				1.060984148	0.019620447	1.442660833		805.1655081	20.34652108	7613.078032	6220.128334	1537.881657		0.0	0.208566622	2.326478921	2.535045543	1254.045139	1726.696364	1334.394741	1807.045966	1.0		0.0	0.0	0.0	0.0	0.0	0.0	0.0
"SUR92"	"SUR"	2019.0	37.0	2.0	0.0	2.0	0.838089371		5.615188517	2.501431427		0.015037202		0.175462298		0.647589874		202.7715616	28.9461574	3517.623787	3502.152913	751.8154987		0.0	0.325854389	2.007866801	2.33372119	509.4227594	779.5037044	531.9993231	802.080268	0.0		0.0	0.0	0.0	0.0	0.0	0.0	0.0
"SUR95"	"SUR"	2019.0	134.0	4.0	0.0	1.0	2.511753485		20.65729986	5.94562836			0.036790369	0.712906547	0.023449241	1.615934717		197.9706346	149.4454034	4110.186465	4079.866419	196.9050722		1.333539557	0.981435014	2.095634676	4.410609246	454.7893242	765.3387107	484.7217485	795.271135	0.0	0.255944392	0.0	0.0	0.0	0.0	0.0	0.0	0.0
"SUR96"	"SUR"	2019.0	56.0	6.0	0.0	3.0	0.965101454		7.381875332	5.090970807			0.165711882	0.018712406	0.050538313	0.713467636	0.016671225	584.9578552	28.93791388	5245.142432	5004.789168	1085.834497		0.0	0.0	1.556366154	1.556366154	764.0612634	1090.778596	817.6119866	1144.329319	0.0		0.0	0.0	0.0	0.0	0.0	0.0	0.0
"SUR97"	"SUR"	2019.0	51.0	4.0	0.0	1.0	0.914948386		8.763883129	3.017179024				0.05556605		0.858672718		500.4603125	57.7490875	5676.213711	5554.759838	1052.796645		0.0	0.875805723	0.791985646	1.667791368	848.9975644	1225.425278	916.8514106	1293.279124	1.0		0.0	0.0	0.0	0.0	0.0	0.0	0.0
"SUR98"	"SUR"	2019.0	80.0	13.0	0.0	2.0	1.187345953		8.702754431	8.174875457			0.124343155	0.015358986	0.031668528	0.923807547	0.092167715	491.4796761	298.726391	5981.61767	4798.402322	2002.458523		0.46878813	0.592556841	3.422451437	4.483796408	704.9155635	983.5616398	780.6302258	1059.276302	0.0		2.0	0.0	0.0	0.0	0.0	0.0	0.0
"TOR100"	"TOR"	2018.0	41.0	7.0	1.0	2.0	0.886617366		4.803263129	3.148890063		3.4524E-6	0.112237426	0.019817874	0.038249824	0.675376544	0.040932249	1074.551194	477.4463533	7675.352188	7336.183823	1868.892122	0.645878699	0.0	0.0	0.0	0.0	1547.73281	2117.999236	1657.577662	2227.844087	0.0		0.0	0.0	0.0	0.0	0.0	2.0	0.0
"TOR1013"	"TOR"	2018.0	128.0	15.0	5.0	14.0	2.957803496		21.93345524	9.044574264		0.261495866	0.326353949	0.012685622	0.432363853	1.860417487	0.064486729	2439.823608	1279.65024	16017.39612	15175.83225	3884.865016	0.465219379	0.344253351	2.682097402	0.0	3.026350753	1474.05277	2240.850516	1602.08502	2368.882766	0.0	0.015620557	0.0	0.0	0.0	0.0	4.0	2.0	0.0
"TOR1069"	"TOR"	2018.0	48.0	5.0	1.0	1.0	1.079863774		9.491594219	1.917145139			0.02577779	0.003167111	0.208265855	0.792599054	0.050053956	795.7769342	1583.238888	8224.454152	8112.001184	2302.172829		0.0	1.067349399	1.012226894	2.079576293	1117.63974	1615.855259	1217.176311	1715.391831	0.0	0.379786588	0.0	0.0	0.0	0.0	1.0	3.0	0.0
"TOR1077"	"TOR"	2018.0	126.0	23.0	5.0	2.0	1.220479145		13.00225164	7.408806466		0.029087207	0.041974883	0.050458937	0.100474561	0.822609435	0.174620538	174.0298449	2036.473515	9014.418094	8341.13938	2759.668499	3.269609535	0.0	0.656348419	1.970541722	2.626890141	843.4032001	1180.058994	906.6656005	1243.321394	0.0	2.795148618	0.0	0.0	1.0	0.0	4.0	4.0	0.0
"TOR1081"	"TOR"	2018.0	52.0	5.0	0.0	1.0	1.00070176		8.443028879	3.557091693		0.066126626	0.047945461	0.004166847	0.090981751	0.791481065		720.9178896	1124.138407	6828.059471	6640.991621	1260.419024	0.211903774	0.0	0.750277835	0.0	0.750277835	955.1931833	1365.385502	1018.38601	1428.578329	0.0		0.0	0.0	0.0	0.0	0.0	0.0	0.0
"TOR1102"	"TOR"	2018.0	132.0	12.0	2.0	2.0	0.711413537		12.44618634	2.862565942			0.029793649	0.023136658	0.002711826	0.462468516	0.193302886	498.2959789	1809.844863	12947.18111	8382.115122	5804.423534	5.253911468	0.872573794	0.0	0.240327292	1.112901086	791.9338805	1057.869588	876.2502935	1142.186001	0.0	1.082986047	0.0	0.0	0.0	0.0	1.0	2.0	0.0
"TOR1108"	"TOR"	2018.0	136.0	13.0	5.0	8.0	1.902857089		18.904279	6.047282658			0.047692478	0.004535539	0.198102549	1.648652397	0.003874135	269.312265	2381.345441	9328.117561	9187.437725	1292.193384	1.088622595	1.903419366	0.0	0.0	1.903419366	1546.952469	2195.430489	1635.887945	2284.365964	0.0	0.359811234	0.0	0.0	0.0	0.0	5.0	1.0	0.0
"TOR118"	"TOR"	2018.0	65.0	16.0	0.0	2.0	5.351200383	0.318926353	10.65568996	19.6312932	30.60590951	0.104734114	0.018686106	0.481423588	0.520990553	0.419649486	3.782542565	1019.508693	430.7132106	8777.438157	8974.078684	2019.368753	4.303698015	0.0	0.635768112	0.0	0.635768112	1445.565803	2004.423238	1568.027976	2126.88541	0.0		0.0	0.0	0.0	0.0	0.0	1.0	0.0
"TOR127"	"TOR"	2018.0	97.0	10.0	1.0	7.0	1.820537638	0.411848915	15.65393337	6.351842259	22.41762454	0.036640485	0.243102636	0.040408853	0.198403697	1.204355411	0.097626569	346.1104433	1064.220435	8912.323536	8628.89641	2193.255355	2.840810121	0.0	0.0	0.0	0.0	1030.632596	1430.900499	1121.05752	1521.325423	0.0		0.0	0.0	0.0	0.0	0.0	4.0	2.0
"TOR142"	"TOR"	2018.0	73.0	16.0	2.0	5.0	2.409082758	5.081327684	4.567467139	13.05713423	22.70592905	0.010913906	0.141875675	0.25542905	0.720521473	0.328420206	0.922528858	1919.760659	768.8034549	20404.74353	18510.50935	7691.911587	13.49761189	0.0	1.886315598	0.0	1.886315598	2672.707972	3740.533258	2903.820478	3971.645764	0.0		0.0	0.0	0.0	0.0	0.0	3.0	0.0
"TOR152"	"TOR"	2018.0	129.0	12.0	1.0	2.0	2.632192252	1.984347505	15.44417041	13.14315953	30.57167745		0.06831336	0.564806702	0.090583498	0.874450081	1.03403858	248.8511497	744.5521968	6017.861585	5050.663075	1315.11956	8.54112767	0.0	0.110197908	0.764484378	0.874682286	644.1977003	859.8163037	726.9138497	942.5324531	0.0		0.0	0.0	0.0	0.0	1.0	2.0	0.0
"TOR156"	"TOR"	2018.0	111.0	10.0	4.0	2.0	0.685752109		8.905710695	4.615040782			0.12571421	0.030465712	0.122249504	0.363550174	0.043772496	210.3090273	1347.253102	7659.74031	6410.558013	2950.699966	4.623807479	1.120156777	0.826638132	0.086230608	2.033025517	589.810415	739.7113447	668.4242249	818.3251545	0.0	1.268529898	0.0	0.0	0.0	0.0	4.0	0.0	0.0
"TOR157"	"TOR"	2018.0	43.0	7.0	0.0	1.0	0.857196129	2.885555436	2.950164252	6.438935868	12.27465556		5.32639E-6	0.127127563	0.062991467	0.336621493	0.330450285	595.3049984	297.457281	5960.356144	6111.338055	1725.61334	6.078100516	0.0	0.0	0.0	0.0	981.8030842	1310.152941	1043.769338	1372.119195	0.0		0.0	0.0	0.0	0.0	0.0	0.0	0.0
"TOR170"	"TOR"	2018.0	49.0	10.0	3.0	3.0	3.36966275		10.41034452	5.83553179		0.044442525	1.019927351	0.842412631	0.817316023	0.287494423	0.358069799	684.060449	470.9096365	5252.583753	5460.617076	1253.976379	1.378031932	0.0	2.225149889	0.0	2.225149889	678.5537082	990.9847235	744.1585882	1056.589604	0.0		0.0	0.0	0.0	0.0	2.0	0.0	0.0
"TOR174"	"TOR"	2018.0	53.0	6.0	2.0	1.0	0.50193856		7.183646088	1.618831738		2.59575E-5	0.033150131	0.002797494	0.00612892	0.459836059		300.9287312	758.729663	4538.080811	4526.869461	711.0396202	2.76370677	0.0	0.0	0.022628273	0.022628273	576.0601533	853.7576649	631.3708414	909.068353	0.0	0.183215099	0.0	0.0	0.0	0.0	1.0	2.0	0.0
"TOR189"	"TOR"	2018.0	127.0	11.0	4.0	2.0	0.788974482		11.28801358	3.204897669			0.026583749	0.046242172	0.205866651	0.485171345	0.003175834	291.9522068	2017.948028	6897.785111	7204.554011	2211.878104	3.974609241	1.423679938	1.603432144	0.266351395	3.293463478	791.3264553	1126.094013	855.6899625	1190.45752	0.0	2.977866543	0.0	2.0	4.0	0.0	4.0	2.0	0.0
"TOR198"	"TOR"	2018.0	108.0	20.0	1.0	3.0	2.183706332	2.343257896	9.63890695	14.88389857	26.86606342	0.204370071	0.159862202	0.152408166	0.490455776	1.057227564	0.119382556	754.6090328	871.0644585	11122.59181	9773.668071	3795.620802	10.90677009	0.0	3.624217062	0.844673498	4.46889056	870.7552345	1219.150553	981.0233238	1329.418642	0.0		0.0	0.0	0.0	0.0	1.0	2.0	0.0
"TOR206"	"TOR"	2018.0	26.0	7.0	1.0	3.0	0.658070821		5.019012821	1.965797364		0.089842749	0.167837604	0.002397803	0.030562845	0.35361177	0.013818057	383.2690459	662.4328875	4971.858652	4904.613361	1200.14291	0.026125876	0.0	0.0	0.0	0.0	841.1314384	1181.487025	876.5394843	1216.895071	0.0		0.0	0.0	0.0	0.0	1.0	1.0	0.0
"TOR21"	"TOR"	2018.0	40.0	3.0	2.0	3.0	0.616621614		7.942921886	1.18518212		3.08026E-5	0.040905047	0.001630524	0.040472291	0.533582959		100.8456983	998.1675657	3552.22999	3554.428035	242.5241959		0.0	0.48642132	0.0	0.48642132	614.6855348	853.7527752	641.0720089	880.1392493	0.0	0.019180767	0.0	0.0	0.0	0.0	2.0	1.0	0.0
"TOR220"	"TOR"	2018.0	46.0	1.0	0.0	1.0	0.981488996		8.465755366	3.006249713			0.046174034	0.041148987	0.156211705	0.681572777	0.056381477	115.7200945	570.3867883	2983.787174	2990.690612	258.9052056	1.417416189	0.0	1.244720766	0.0	1.244720766	417.5351365	602.2237885	439.4668337	624.1554857	0.0	0.414848571	0.0	0.0	0.0	0.0	0.0	0.0	0.0
"TOR225"	"TOR"	2018.0	64.0	10.0	0.0	2.0	1.050144035		10.76638307	2.368470088		9.68955E-5	0.024840181	0.015671587	0.148381583	0.466652063	0.394501741	184.2812574	552.3898367	5037.008181	5288.23541	653.6385333	0.360268937	0.212450603	1.282662634	0.0	1.495113237	670.1240303	985.6314296	735.1685484	1050.675948	0.0	0.418927619	0.0	0.0	0.0	0.0	0.0	0.0	0.0
"TOR273"	"TOR"	2018.0	126.0	10.0	2.0	2.0	1.468130066		11.94717765	8.73389426		7.94227E-4	0.09620493	0.104385968	0.24014979	0.936235201	0.088931348	192.9409078	1694.697975	6369.686098	6231.961596	2279.790245	1.972004325	1.364354721	2.06489626	0.85489966	4.284150641	482.2777398	784.0277159	513.0549444	814.8049206	0.0	0.218543115	0.0	0.0	0.0	0.0	2.0	1.0	2.0
"TOR276"	"TOR"	2018.0	51.0	4.0	0.0	3.0	2.394471942	4.240164608	5.739183831	9.231694005	19.21104244	0.059637489		0.25529541	1.272295961	0.737714271		128.8585505	32.38802008	3636.800158	3668.699168	436.5577398	10.45994748	0.0	0.0	1.544728914	1.544728914	417.3615676	643.4445095	450.9545668	677.0375087	0.0		0.0	0.0	0.0	0.0	0.0	0.0	0.0
"TOR278"	"TOR"	2018.0	25.0	5.0	3.0	3.0	0.551187576		4.598053371	2.087950165		0.001651271	1.68434E-4	0.023470861	0.041096869	0.484800146		398.6535916	530.775615	5023.874335	5070.868045	1496.339519	0.809376158	0.0	0.429261305	0.0	0.429261305	618.2531883	904.4361805	660.8972789	947.0802712	0.0		0.0	0.0	0.0	0.0	1.0	2.0	0.0
"TOR296"	"TOR"	2018.0	62.0	6.0	1.0	2.0	0.658672864		6.710676891	2.725381174		0.062122015	0.046967816	0.002099805	0.100759742	0.441920341	0.004803141	96.38235672	824.4223322	3033.672793	3021.954796	708.445553	0.41866513	0.0	0.223812359	0.0	0.223812359	340.0805772	475.7975109	374.1021855	509.8191193	0.0	0.839613922	0.0	0.0	0.0	0.0	1.0	0.0	0.0
"TOR333"	"TOR"	2018.0	159.0	17.0	6.0	13.0	2.446966849		28.30730869	9.189851674		0.002005879	0.075088475	0.041708027	0.069510743	2.255707244	0.002946489	811.9024842	1451.47193	13701.07652	13568.09633	1437.422413	0.524176916	1.616326995	0.0	0.0	1.616326995	2474.008689	3501.925795	2619.560915	3647.47802	0.0	1.010528485	2.0	0.0	0.0	0.0	6.0	1.0	0.0
"TOR339"	"TOR"	2018.0	119.0	13.0	1.0	7.0	3.103829325		23.31067297	9.268481594		0.087615522	0.257559555	0.08491994	0.269537834	2.290300974	0.113895501	1733.596654	1003.170254	14077.85132	14193.47335	2861.685135		0.0	2.838780162	0.0	2.838780162	1080.201568	1661.965222	1198.35146	1780.115114	0.0		0.0	0.0	0.0	0.0	1.0	1.0	0.0
"TOR349"	"TOR"	2018.0	37.0	16.0	1.0	4.0	2.44287447		6.240905053	8.684490751			0.020658215	0.006232127	0.158511885	0.484244903	1.77322734	124.5083113	83.71475043	2962.634556	3072.962705	432.6486997		0.532713674	0.95563008	0.0	1.488343754	243.0277927	347.4481728	260.9977139	365.4180941	0.0		0.0	0.0	0.0	0.0	0.0	1.0	0.0
"TOR37"	"TOR"	2018.0	45.0	8.0	0.0	1.0	0.678048629		4.739431166	3.427093464				0.00238804	0.046751838	0.546114457	0.07061135	51.07757077	948.3902341	3340.792503	3181.244509	628.9043026	0.051218259	0.0	0.938970975	0.0	0.938970975	439.2599126	620.2566836	469.808324	650.805095	0.0		0.0	0.0	0.0	0.0	0.0	3.0	0.0
"TOR4"	"TOR"	2018.0	33.0	4.0	1.0	1.0	0.685858243		5.207202683	3.189434647		2.11422E-4	0.001763119	0.04887793	0.035126859	0.513760755	0.081524539	99.4153607	129.7765607	2726.141018	2702.485363	192.6402141		0.571213236	0.0	0.0	0.571213236	329.9934899	505.2236493	346.6563872	521.8865466	0.0		0.0	0.0	0.0	0.0	0.0	1.0	0.0
"TOR411"	"TOR"	2018.0	106.0	9.0	0.0	2.0	2.254276157	6.788270139	13.05041973	9.596472201	29.43516207	0.133114831	0.096354541	0.208785369	0.590360033	1.186889317	0.038772075	410.9293731	171.3720045	7326.132367	7275.925364	582.5599338	11.37415714	0.0	0.0	0.0	0.0	862.2551785	1268.642035	942.3851337	1348.77199	0.0		0.0	0.0	0.0	0.0	0.0	4.0	0.0
"TOR42"	"TOR"	2018.0	53.0	7.0	0.0	1.0	1.143983579	0.658741119	4.902203066	8.119340526	13.68028471		0.028441884	0.072166829	0.148153361	0.464567531	0.430653987	266.939408	20.23282884	5163.383967	5270.026697	636.5166625	4.261163257	0.0	0.0	0.0	0.0	620.4412793	936.010117	690.5497413	1006.118579	0.0		0.0	0.0	0.0	0.0	0.0	2.0	0.0
"TOR427"	"TOR"	2018.0	152.0	30.0	2.0	7.0	1.282933323		12.48740787	10.74168208		0.089915041	0.195426402	0.016689311	0.132443434	0.848459121		2334.370383	2367.698292	30280.71278	22580.28696	18059.41147	7.142415747	0.867344848	0.460589828	0.727445143	2.055379819	1129.005712	1447.948181	1365.229274	1684.171743	0.0	0.814741051	0.0	0.0	0.0	0.0	2.0	2.0	0.0
"TOR441"	"TOR"	2018.0	49.0	7.0	2.0	2.0	0.673359685		5.568485781	4.022001636		1.87839E-5	0.037760929	0.038830002	0.130240654	0.462265518	0.004243793	225.7806678	611.3972239	3448.277379	3188.924251	726.8374712	2.141110479	0.0	0.0	0.0	0.0	390.4356325	574.5220561	419.7782033	603.8646269	0.0		0.0	0.0	0.0	0.0	0.0	2.0	0.0
"TOR444"	"TOR"	2018.0	148.0	17.0	1.0	4.0	0.968749736		12.39680481	7.114097078			0.481704916	0.050485963	0.045858812	0.390700052		248.7608079	1804.000002	6863.999311	7285.348378	2156.963811	9.019989895	0.268164977	0.0	2.228563132	2.496728109	371.3839964	528.2252021	406.6763828	563.5175885	0.0		0.0	1.0	4.0	0.0	3.0	0.0	0.0
"TOR449"	"TOR"	2018.0	84.0	13.0	3.0	3.0	0.671608265		8.695495611	3.040068666			0.044878277	0.013139162	0.058530267	0.510929878	0.044130693	124.33651	1292.588209	5339.914814	5178.984033	1181.368706	1.624467428	0.949636334	0.407218388	0.009445389	1.366300111	722.356926	1011.657978	787.9478088	1077.248861	0.0	0.336715448	0.0	0.0	0.0	0.0	2.0	4.0	0.0
"TOR452"	"TOR"	2018.0	37.0	10.0	0.0	4.0	0.792187164	1.750858536	3.541508877	5.571681873	10.86404929	0.19738575	0.012389473	0.084230994	0.02127993	0.4766766	2.24419E-4	752.2820511	230.1086182	3866.497088	3945.783533	807.1356653	5.369483247	0.926345278	0.0	0.0	0.926345278	502.1694747	718.2467881	520.1711919	736.2485052	0.0		0.0	0.0	0.0	0.0	0.0	0.0	0.0
"TOR459"	"TOR"	2018.0	33.0	6.0	1.0	2.0	0.800859162		5.91848917	3.343745704		0.116184609	0.06916286	0.016465116	0.04576261	0.514850815	0.038433162	244.5912915	800.5657858	3760.099326	3579.190431	472.8854631	0.109433861	0.0	0.0	0.0	0.0	449.2225969	657.7975529	484.9282289	693.5031849	0.0		0.0	0.0	0.0	0.0	1.0	0.0	0.0
"TOR460"	"TOR"	2018.0	58.0	4.0	0.0	3.0	1.168485338		7.490907352	4.640636367		0.084488561	0.19493692	0.091918115	0.150105901	0.647030743	5.09773E-6	477.120603	684.3640554	8188.298317	8359.250814	2226.646492	2.579027171	0.865713223	0.838063127	0.0	1.703776351	1125.272607	1609.365265	1206.854873	1690.947531	0.0		0.0	0.0	0.0	0.0	1.0	2.0	0.0
"TOR461"	"TOR"	2018.0	87.0	7.0	4.0	6.0	1.394739797		10.36834617	6.362076065			0.050291757	0.002721242	0.377426	0.964300795		259.4473915	2191.489527	8317.070515	8083.363604	1080.583739	1.290839379	0.0	1.674374285	0.542983168	2.217357452	1439.052307	1971.226054	1544.228031	2076.401779	0.0	5.125965567	0.0	1.0	5.0	0.0	4.0	0.0	0.0
"TOR48"	"TOR"	2018.0	102.0	3.0	0.0	3.0	2.845430713		21.39976542	6.466368525		0.035155359	0.177668487	0.172182926	0.381834722	2.024339591	3.95259E-4	70.3236677	145.7556183	8307.687517	8307.141	106.7857516	1.236141438	0.301103453	0.776322053	0.0	1.077425505	1067.502443	1622.553772	1141.16043	1696.211759	0.0		0.0	0.0	0.0	0.0	0.0	1.0	0.0
"TOR49"	"TOR"	2018.0	47.0	4.0	1.0	4.0	0.796859487		7.309840342	2.721876896			0.087293613	0.013234072	0.021185107	0.675029911	1.16781E-4	282.2748953	96.96813066	3770.141408	3926.789921	236.989373		0.781792492	0.560161832	0.0	1.341954323	399.8850896	577.7914783	429.7659198	607.6723086	0.0		0.0	0.0	0.0	0.0	1.0	2.0	0.0
"TOR505"	"TOR"	2018.0	63.0	6.0	2.0	1.0	1.159413099		8.892478135	3.495896289			0.00755712	0.018885255	0.224276578	0.521676034	0.387018107	398.0749093	750.6830729	6799.957177	6354.556148	1375.306655	0.710466682	0.0	1.404903227	0.0	1.404903227	1030.099576	1553.342472	1108.940896	1632.183792	0.0		0.0	0.0	0.0	0.0	2.0	1.0	0.0
"TOR506"	"TOR"	2018.0	39.0	2.0	0.0	2.0	0.433968238		4.976890548	1.413356001				0.002269205	0.074483144	0.308903055	0.019803811	99.7913535	751.0391474	3344.976057	3306.908612	762.938172		0.0	0.960396693	0.0	0.960396693	589.9539407	818.2206857	640.6070537	868.8737988	0.0		0.0	0.0	0.0	0.0	0.0	0.0	2.0
"TOR509"	"TOR"	2018.0	55.0	4.0	3.0	4.0	1.048955221	2.021889949	8.568132493	5.16854632	15.75856876	3.34363E-5	0.136783609	0.053799599	0.067632151	0.790706429		82.96162134	471.6384014	5166.20145	5284.31057	1038.691381	3.884674307	0.0	0.0	0.0	0.0	569.3802935	844.8943486	589.0790019	864.593057	0.0		0.0	0.0	0.0	0.0	1.0	2.0	0.0
"TOR513"	"TOR"	2018.0	98.0	11.0	2.0	4.0	2.91304689		18.69503238	10.29305456		0.125939459	0.095146728	0.01745114	2.498093898	0.111181065	0.042406058	451.9621826	988.4013674	7179.209999	6860.502405	878.5722897	4.224899601	0.0	2.003385427	0.955805431	2.959190858	912.2604999	1328.798904	967.5078738	1384.046278	0.0		0.0	0.0	0.0	0.0	1.0	2.0	0.0
"TOR514"	"TOR"	2018.0	108.0	10.0	3.0	3.0	1.117182299	1.534785128	13.6220958	4.382264756	19.53914568		0.019577202	0.024100208	0.005904091	1.027377515	0.040223274	1118.903416	1787.09173	12055.63162	11977.14871	3649.914689	4.317917237	2.430116209	1.238031125	0.755263322	4.423410656	1555.164633	2170.769785	1693.48664	2309.091792	0.0	3.085396177	0.0	0.0	0.0	0.0	3.0	1.0	0.0
"TOR515"	"TOR"	2018.0	63.0	2.0	0.0	1.0	2.057818034	2.090170329	12.4581039	6.556225059	21.10449929	1.45455E-4		0.053081457	0.491382072	1.236273288	0.126979696	52.52741056	399.3411434	4288.984126	4334.995837	113.6312287	4.54012261	0.427132423	1.05009795	0.0	1.477230373	507.6516632	757.3713506	539.4798705	789.1995579	0.0		0.0	0.0	0.0	0.0	0.0	0.0	0.0
"TOR521"	"TOR"	2018.0	50.0	13.0	1.0	2.0	1.025940474		7.298518002	4.838104463		0.088631829	0.0692112	0.01097567	0.090610935	0.596511124	0.169999718	853.8344609	1455.437497	7253.398509	7128.032676	2096.982326	1.148934933	0.0	0.439534932	0.0	0.439534932	914.7158178	1309.830195	989.3277964	1384.442173	0.0		0.0	0.0	0.0	0.0	1.0	2.0	0.0
"TOR525"	"TOR"	2018.0	86.0	11.0	2.0	2.0	1.776479573		14.71902064	6.053864849		1.54038E-4	0.034118424	0.02891755	0.404262553	1.309027006		230.7961407	1809.093246	6967.620629	6996.459752	1070.478345	2.227465064	3.41384003	3.863076239	0.054975729	7.331891998	983.4259711	1491.910671	1056.270024	1564.754724	0.0	0.535656787	0.0	0.0	0.0	0.0	2.0	0.0	0.0
"TOR528"	"TOR"	2018.0	95.0	15.0	6.0	2.0	1.561695471	4.738956558	11.66161153	6.245640949	22.64620904		0.032313203	0.133208446	0.369133479	0.991011626		472.7680361	2340.89495	9401.567598	9443.27846	2535.493597	5.897012854	0.011133648	4.56744944	1.13425185	5.712834938	1081.527186	1451.056502	1164.327982	1533.857298	0.0	1.149044199	0.0	0.0	0.0	0.0	2.0	4.0	0.0
"TOR534"	"TOR"	2018.0	21.0	1.0	1.0	2.0	0.965262467		4.984655326	1.212944046			0.024347972	0.013307074	0.429425538	0.464358253	0.033823628	332.0275972	400.7236157	4978.925022	4929.374207	1230.100226		0.0	1.043139059	0.0	1.043139059	980.2428468	1381.39704	1046.313971	1447.468164	0.0		0.0	0.0	0.0	0.0	0.0	0.0	0.0
"TOR55"	"TOR"	2018.0	112.0	29.0	1.0	8.0	1.056069235		6.743347364	10.48134231		1.90022E-4	0.152223371	0.011817146	0.11099027	0.780848414		2053.701874	2826.266891	30988.35554	27637.10924	18092.56489	4.037412618	2.544209882	0.0	1.473677666	4.017887548	1067.558526	1319.744222	1293.762342	1545.948039	0.0	0.388498122	0.0	0.0	0.0	0.0	1.0	3.0	0.0
"TOR555"	"TOR"	2018.0	37.0	5.0	0.0	5.0	1.014126512		5.250487646	4.255113569		0.036360643	0.216742131	0.02411666	0.073408066	0.364276185	0.299222831	446.496014	651.8785248	5910.014453	5459.724099	981.5441413	0.511624591	0.0	0.236422523	0.0	0.236422523	1130.473741	1587.68237	1212.36022	1669.568849	0.0		0.0	0.0	0.0	0.0	0.0	0.0	0.0
"TOR581"	"TOR"	2018.0	82.0	5.0	2.0	4.0	1.251189474	3.735860219	11.33450944	5.805230271	20.87559993	2.04233E-4	0.048312218	0.094875923	0.09703868	1.010758416		384.4068347	1100.549146	5684.321827	5671.818058	764.8168204	6.208257205	0.0	0.0	0.0	0.0	656.6677647	896.8616848	713.9976517	954.1915718	0.0		0.0	0.0	0.0	0.0	2.0	0.0	0.0
"TOR587"	"TOR"	2018.0	36.0	9.0	3.0	6.0	1.090841193		6.870095809	2.749524653		0.014172319	0.056626298	0.015123482	0.417778584	0.583408076		340.3767068	388.119457	4718.187152	4753.875831	913.5499747	0.406993824	0.115426216	1.718795482	0.0	1.834221698	628.2862376	972.0285519	698.324277	1042.066591	0.0		0.0	0.0	0.0	0.0	2.0	5.0	0.0
"TOR609"	"TOR"	2018.0	26.0	9.0	3.0	2.0	1.816271398		2.280162382	5.62206927		0.065066168		0.126769553	0.639945946	0.315747966	0.648253483	3741.906185	1394.628969	20015.13329	18548.0598	6524.007282	2.584751749	0.0	1.857120002	0.323015024	2.180135025	4499.00673	5787.127733	4843.312147	6131.433149	0.0		0.0	0.0	0.0	0.0	0.0	3.0	0.0
"TOR677"	"TOR"	2018.0	38.0	1.0	1.0	1.0	1.072773599	2.942807161	7.319350941	5.023894588	15.28605269		0.032905047	0.138881518	0.186584201	0.674758059	0.039644763	727.0718234	359.771021	6439.86703	5922.190244	1456.556153	7.777355904	0.0	0.0	0.0	0.0	1073.750679	1490.979769	1152.381484	1569.610574	0.0		0.0	0.0	0.0	0.0	0.0	1.0	0.0
"TOR698"	"TOR"	2018.0	119.0	28.0	2.0	5.0	2.57136109	5.58878676	16.62960356	11.2810818	33.49947212	0.638893283	0.092616329	0.248323149	0.341059919	0.744376716	0.424820116	1885.539206	4813.966962	25219.35978	21700.16287	13607.46604	16.13758018	0.0	4.526856629	0.0	4.526856629	1611.95913	2210.739645	1848.667583	2447.448099	0.0	3.866121787	0.0	0.0	0.0	0.0	1.0	2.0	0.0
"TOR72"	"TOR"	2018.0	23.0	5.0	0.0	1.0	0.931251772		2.824495	3.415014393		0.001930668	0.021981153	0.013727287	0.347008468	0.476378623	0.070225582	777.605223	622.8588279	7069.113502	7205.391304	2030.145862	0.426128707	0.0	0.918068066	0.0	0.918068066	1347.340822	1842.797748	1456.320355	1951.777281	0.0		0.0	0.0	0.0	0.0	0.0	0.0	0.0
"TOR733"	"TOR"	2018.0	62.0	8.0	0.0	3.0	1.676231942	1.524321314	9.120053996	7.1521936759999996	17.79656899		0.200157791	0.056493637	0.220627165	1.149694364	0.00910252	146.2912828	33.97222128	4739.276597	4881.98603	193.6572253	4.162408578	0.0	0.0	1.075903116	1.075903116	430.7486935	700.6674864	461.6148711	731.5336639	0.0		0.0	0.0	0.0	0.0	0.0	1.0	0.0
"TOR747"	"TOR"	2018.0	121.0	14.0	2.0	2.0	1.161667425	1.799767423	10.33339489	7.950594214	20.08375653	0.066929791	0.06051776	0.046667241	0.219755569	0.467477664	0.297098737	872.2952906	1019.94657	18944.04518	14259.60265	10625.78042	7.61894912	1.804684871	1.58137637	1.979966913	5.366028155	966.1818746	1123.559952	1200.464551	1357.842629	0.0	0.652266658	0.0	6.0	3.0	0.0	2.0	0.0	0.0
"TOR754"	"TOR"	2018.0	49.0	3.0	0.0	2.0	0.857374387		7.311272221	3.675999637		1.53503E-4	0.062163395	0.031295682	0.047458845	0.713854333	0.002448631	616.4685077	173.8222787	6409.668645	6526.809237	1139.797249		1.262463733	0.0	0.0	1.262463733	686.5879721	978.237236	734.8099401	1026.459204	0.0		0.0	0.0	0.0	0.0	0.0	1.0	0.0
"TOR783"	"TOR"	2018.0	69.0	7.0	3.0	2.0	0.389661124		6.010458126	2.029511555			0.082986315	0.016899178	0.020530744	0.254547713	0.01469717	127.9746114	1316.559207	3985.899117	4039.826932	1359.884556	1.890570467	0.0	0.0	0.0	0.0	360.2611318	479.4446166	401.3831984	520.5666832	0.0	0.834942057	0.0	0.0	2.0	0.0	2.0	2.0	0.0
"TOR79"	"TOR"	2018.0	4.0	2.0	0.0	1.0	0.117810053		1.26092349	0.022430498				2.13255E-5	0.018261425	0.087322327	0.012204979	1686.448511	388.0436201	7503.134092	7561.623694	2770.704017		0.0	0.0	0.606404033	0.606404033	1326.964439	1722.653349	1430.502992	1826.191901	0.0		0.0	0.0	0.0	0.0	0.0	1.0	0.0
"TOR814"	"TOR"	2018.0	114.0	8.0	2.0	6.0	2.227996361		13.29947529	9.206439176		0.245749555	0.328364278	0.06927698	0.474365296	1.068891019		707.3754919	158.981939	9049.498074	9091.141849	1665.299086	7.522923399	0.0	4.059258163	0.0	4.059258163	1084.947171	1611.544349	1187.175594	1713.772772	0.0		0.0	0.0	0.0	0.0	1.0	2.0	0.0
"TOR829"	"TOR"	2018.0	37.0	4.0	0.0	2.0	0.758655485		5.102211126	3.981191504			0.054603478	0.006048778	0.021855937	0.38222938	0.293917917	390.1032101	0.602694448	5480.371743	5735.780377	1199.178923		0.0	0.0	0.0	0.0	496.6308315	718.2097525	531.5826441	753.1615651	0.0		0.0	0.0	0.0	0.0	0.0	0.0	0.0
"TOR87"	"TOR"	2018.0	51.0	2.0	1.0	2.0	0.947852186		10.36215015	1.251644309			0.008630531	0.003691911	0.039055518	0.60251061	0.293963623	492.3234246	904.7234525	7049.043485	6197.817476	1356.436284	0.105999178	0.0	0.0	0.0	0.0	997.7299275	1450.251027	1072.897946	1525.419045	0.0		0.0	0.0	0.0	0.0	1.0	0.0	0.0
"TOR908"	"TOR"	2018.0	73.0	16.0	0.0	2.0	2.155275822	2.560681079	7.475974333	11.03162358	21.06827899	0.021692861	0.188828634	0.202950154	0.523329813	0.671061076	0.424598729	1028.213122	1216.857353	15528.29055	10320.85979	7903.219632	9.129032269	0.255033883	5.135329117	2.416808843	7.807171843	1073.082373	1399.509301	1242.523202	1568.950129	0.0		0.0	0.0	0.0	0.0	0.0	3.0	0.0
"TOR913"	"TOR"	2018.0	100.0	10.0	4.0	2.0	0.854416099		11.54205272	3.383094952			0.037083973	0.012075354	0.229887923	0.526481517	0.048887321	214.133524	1251.680893	5561.507063	5754.686372	689.9868133	1.164465175	0.0	0.0	1.311833015	1.311833015	664.9036761	912.0503394	736.364328	983.5109913	0.0	2.071622512	0.0	0.0	0.0	0.0	1.0	4.0	4.0
"TOR915"	"TOR"	2018.0	54.0	12.0	8.0	2.0	0.576345494		6.168349979	3.155464246		0.020165139	0.052688206	0.005864248	0.058614555	0.415754849	0.023258504	942.937524	1295.521566	6731.563448	6504.688045	1928.282231	3.172643965	0.0	0.527298644	0.21189093	0.739189574	686.6315808	1015.732438	739.0066051	1068.107462	0.0	1.616501876	0.0	1.0	0.0	0.0	8.0	0.0	0.0
"TOR925"	"TOR"	2018.0	66.0	10.0	2.0	2.0	1.600707232		13.37787239	5.713586774		0.006837614	0.012006456	0.010723024	0.157416785	1.388727768	0.024995586	1866.947066	407.1707389	13060.47692	13196.39118	3877.813861		0.0	2.641823816	0.0	2.641823816	1091.392615	1704.683031	1190.44278	1803.733195	0.0		0.0	0.0	0.0	0.0	2.0	0.0	0.0
"TOR932"	"TOR"	2018.0	41.0	3.0	0.0	1.0	0.580009263	4.610325254	2.376345206	8.338782734	15.32545319		0.014731949	0.143193617	0.07518437	0.185943546	0.160955785	2308.653535	298.1496218	10932.8126	7081.146107	3920.562306	11.79808409	0.0	0.0	0.0	0.0	1564.175564	2041.35699	1685.150232	2162.331658	0.0		0.0	0.0	0.0	0.0	0.0	0.0	0.0
"TOR943"	"TOR"	2018.0	36.0	3.0	0.0	1.0	0.875243879	1.173164132	5.38377635	4.846520343	11.40346082	7.27518E-6	0.01393566	0.146360693	0.020928894	0.456424251	0.237587106	475.274071	459.2145679	5110.743396	4577.362212	1519.431514	3.603842173	0.0	0.0	0.0	0.0	508.446215	718.7452969	558.0376083	768.3366903	0.0	0.016229565	0.0	0.0	0.0	0.0	0.0	0.0	0.0
"TOR955"	"TOR"	2018.0	69.0	6.0	1.0	1.0	1.688892033	4.187706495	12.60017454	9.026910155	25.81479119			0.154442778	0.033333351	1.501115908		144.2035021	139.7084428	5216.275396	5343.374826	276.7698167	10.06394424	0.0	0.0	0.0	0.0	583.1570788	863.9282634	616.5345685	897.305753	0.0		0.0	0.0	0.0	0.0	1.0	0.0	0.0
"TOR965"	"TOR"	2018.0	32.0	2.0	1.0	3.0	1.057464112		6.875891087	1.603769228			0.035024081	0.007116642	0.401210134	0.538426142	0.058371468	379.5103937	117.3332393	3449.043336	3747.800751	429.1298494		0.0	2.082018151	0.0	2.082018151	399.5131542	623.2513725	424.1075056	647.8457239	0.0		0.0	0.0	0.0	0.0	1.0	0.0	0.0
"VAN101"	"VAN"	2018.0	253.0	14.0	0.0	2.0	1.788369608		31.53142304	7.948198986		0.072292248	0.306951348	0.083554434	0.083012919	1.24255885		636.2211171	2129.97416	12693.72982	11963.36884	5942.675166		3.770580737	0.0	0.466766182	4.237346919	988.7801286	1336.42605	1094.11292	1441.758841	0.0	1.90929016	10.0	0.0	10.0	0.0	7.0	0.0	0.0
"VAN102"	"VAN"	2018.0	188.0	9.0	0.0	1.0	1.573169912		24.72520546	4.419981079			0.014597926	0.038549788	0.666823438	0.846860591		242.4230946	1154.939361	6015.25538	5817.145946	1396.875542		2.354241707	0.0	1.757213438	4.111455145	766.4327318	1112.150596	815.2896983	1161.007563	0.0	2.358632213	4.0	0.0	13.0	0.0	0.0	0.0	0.0
"VAN103"	"VAN"	2018.0	258.0	8.0	0.0	4.0	1.382007559		33.45047654	3.103908272			0.032029385	0.05793814	0.101371466	1.190668632		340.389918	2072.336294	9349.675834	8981.643812	2358.521546		3.069834435	0.0	0.0	3.069834435	1054.037285	1413.563227	1166.236743	1525.762685	0.0	2.840361479	15.0	0.0	17.0	8.0	6.0	1.0	0.0
"VAN105"	"VAN"	2018.0	171.0	4.0	0.0	2.0	0.852725475		20.54903304	1.915250505			0.024557501	0.017305185	0.021478325	0.789384227		236.6732041	762.4201243	7045.604823	6433.614007	1921.631401		1.874591728	0.0	0.0	1.874591728	911.0754963	1249.919276	978.6482884	1317.492068	0.0	1.350522185	7.0	0.0	15.0	0.0	0.0	0.0	0.0
"VAN106"	"VAN"	2018.0	132.0	6.0	0.0	1.0	0.814343532		16.50423825	3.29053253			0.025898323	0.069685884	0.032271429	0.686487874		477.8835031	421.2307856	7391.621732	7395.618532	2141.735109		0.665586441	0.0	1.122746436	1.788332878	713.3828538	1094.28495	764.0424437	1144.94454	0.0	1.564545957	0.0	0.0	7.0	0.0	0.0	0.0	0.0
"VAN107"	"VAN"	2018.0	180.0	14.0	0.0	2.0	1.100998212		24.1994564	3.625982422			0.028384262	0.010614676	0.113719665	0.948279636		766.1829982	642.436725	8988.042017	9243.455129	2401.380186		2.481910319	0.0	0.0	2.481910319	1001.460142	1474.320867	1074.025974	1546.886699	0.0	1.33536652	3.0	0.0	22.0	0.0	0.0	0.0	0.0
"VAN108"	"VAN"	2018.0	98.0	29.0	0.0	1.0	0.716726412		6.419450552	8.509588762			2.68688E-4	0.068883277	0.08647875	0.479865357	0.052181693	984.7267086	241.5928346	18513.87908	16226.77406	10109.64616	3.400150305	4.503108054	0.0	2.501917348	7.005025402	1135.36646	1427.40693	1312.034538	1604.075007	0.0	0.808365068	3.0	1.0	17.0	0.0	5.0	1.0	0.0
"VAN110"	"VAN"	2018.0	193.0	5.0	0.0	2.0	1.387061519		25.08140828	5.435276122			0.039699788	0.032978071	0.06543869	0.87761045	0.343688184	849.9709995	475.9190113	8534.881332	8680.744581	2168.073181	0.850746882	3.381395275	0.0	0.596176263	3.977571538	1095.09395	1608.105433	1174.346481	1687.357965	0.0	1.316267744	6.0	0.0	12.0	0.0	0.0	0.0	0.0
"VAN111"	"VAN"	2018.0	130.0	7.0	0.0	2.0	0.857741569		16.6914888	4.284791451			0.033947794	0.010221534	0.06171037	0.751861858		423.8404622	351.2382703	6365.790514	6286.193913	1517.44666		3.086710689	0.0	0.0	3.086710689	609.0127014	950.1811174	662.5018355	1003.670252	0.0	1.428564682	2.0	0.0	11.0	0.0	0.0	2.0	0.0
"VAN114"	"VAN"	2018.0	249.0	110.0	0.0	1.0	2.128968216		16.28155848	29.11485928		0.023294907	0.189565292	0.163979352	0.139556579	1.339898149	0.245424433	2460.390012	1972.91894	34059.06241	28518.88462	19300.35862	13.80076926	9.082539797	0.0	6.845836369	15.92837617	1298.804591	1606.193408	1644.59927	1951.988088	0.0		0.0	1.0	23.0	0.0	5.0	4.0	0.0
"VAN18"	"VAN"	2018.0	221.0	1.0	0.0	1.0	4.595894598		27.8692804	16.5096777			1.352689969	0.063341952	2.33383173	0.826689281	0.004968481	536.4791706	337.2008416	6338.656067	5405.742814	1552.728016		0.0	0.0	0.0	0.0	506.8006549	750.372426	540.891138	784.4629091	0.0		0.0	0.0	1.0	0.0	0.0	0.0	0.0
"VAN19"	"VAN"	2018.0	146.0	24.0	0.0	1.0	1.697512451		22.73956751	5.512869509		0.004180711	0.057272375	0.022202907	0.070875938	0.76097684	0.758287034	253.8170175	1501.890908	10268.75931	10078.98124	4354.317111	1.917920699	2.763384575	0.0	0.470589459	3.233974034	636.8160367	885.9880793	704.3106407	953.4826833	0.0	0.836716904	0.0	0.0	7.0	1.0	9.0	0.0	0.0
"VAN21"	"VAN"	2018.0	258.0	51.0	0.0	3.0	2.371865889		36.73787342	12.40566569		0.035701577	0.044631236	0.025975949	0.28306093	1.855612542	0.035999229	4590.715687	6551.626042	54145.50621	50778.45977	33972.0012	2.343633322	9.934333105	0.0	4.193093792	14.1274269	2070.642735	2633.281931	2459.198315	3021.837511	0.0	1.199804898	6.0	1.0	18.0	5.0	17.0	2.0	0.0
"VAN22"	"VAN"	2018.0	133.0	10.0	0.0	1.0	1.549967747		17.53348268	5.064782591			0.012683555	0.006887538	0.113214714	0.515256191	0.88324128	131.9434017	520.2672355	3527.656653	3324.057075	1468.06236	0.470849338	2.728820246	0.0	0.0	2.728820246	352.742699	493.5632227	387.8450534	528.665577	0.0	0.856568789	0.0	0.0	5.0	0.0	5.0	0.0	0.0
"VAN23"	"VAN"	2018.0	67.0	5.0	0.0	1.0	0.594659175		10.34401434	1.986097363			0.012358463	3.00595E-4	1.89764E-4	0.362215807	0.217628809	96.85667805	482.7776266	3276.220111	3060.938711	1620.168809		0.242984321	0.0	0.0	0.242984321	254.9701594	349.5618003	281.8203849	376.4120259	0.0	0.13337426	1.0	0.0	2.0	5.0	2.0	0.0	0.0
"VAN24"	"VAN"	2018.0	243.0	15.0	0.0	1.0	1.871455456		29.37641093	11.57171853			0.015492826	0.047533216	0.052932913	1.285219334	0.411822414	830.3408402	1150.86855	10781.38617	10783.67866	4178.668939		3.051464621	0.0	1.310277056	4.361741677	861.5097173	1319.757795	942.0675279	1400.315606	0.0	1.295177588	1.0	1.0	7.0	0.0	2.0	0.0	0.0
"VAN25"	"VAN"	2018.0	117.0	9.0	0.0	1.0	0.9282323		14.86846113	2.916788194			0.027138589	0.005246409	0.290839305	0.605008075		88.52686313	566.3592106	4383.392772	4078.356231	1291.414268		2.545335875	0.0	0.79587515	3.341211025	541.2687746	780.0160022	578.1019198	816.8491474	0.0	1.168615987	4.0	0.0	9.0	0.0	3.0	0.0	0.0
"VAN26"	"VAN"	2018.0	277.0	10.0	0.0	2.0	3.896359952		47.32272833	10.32031784			0.054095302	0.003915669	0.551503349	3.026935947	0.19485244	592.0347419	1273.540895	9317.606936	9585.731822	1249.524458		5.995522735	0.0	1.407542014	7.403064749	1146.804987	1891.542577	1190.914791	1935.652382	0.0	2.478638193	11.0	0.0	27.0	0.0	5.0	4.0	0.0
"VAN27"	"VAN"	2018.0	232.0	7.0	0.0	4.0	1.436915292		30.68156301	3.510728285			0.06295033	0.039714026	0.074103274	1.260147589		646.8829007	1084.8062	11683.38957	10806.74233	3097.457025		2.7076822	0.0	0.053440757	2.761122958	1356.100945	1934.572005	1483.262809	2061.733868	0.0	2.845636874	2.0	0.0	10.0	0.0	0.0	0.0	0.0
"VAN28"	"VAN"	2018.0	145.0	15.0	0.0	1.0	0.759580849		15.77335868	4.494716321			0.062743474	0.014575102	0.022247784	0.6600145		345.3524459	1144.234771	7900.353473	7482.65591	3391.468519		1.138002435	0.0	0.222741444	1.360743879	667.8309212	818.5585018	744.2813635	895.008944	0.0	0.538773697	9.0	0.0	15.0	1.0	2.0	0.0	0.0
"VAN29"	"VAN"	2018.0	156.0	23.0	0.0	2.0	1.389172588		23.19411255	6.234360249			0.063521207	7.83481E-4	0.075667443	1.249035823		724.1661675	2119.691987	13748.10073	13283.68642	6238.654953		5.859477779	0.0	0.0	5.859477779	1061.366305	1441.161523	1204.663018	1584.458236	0.0	2.182858113	10.0	1.0	28.0	1.0	4.0	2.0	0.0
"VAN30"	"VAN"	2018.0	295.0	37.0	0.0	2.0	2.38561398		38.42968712	13.05261351			0.028392766	0.070024643	0.4293904	1.660010253	0.165491891	1210.193585	2741.442946	22105.38435	20859.30657	12774.23552	0.54932316	15.24335862	0.0	0.174931781	15.41829041	1119.348262	1404.894264	1344.249595	1629.795597	0.0	0.99604088	11.0	1.0	17.0	0.0	7.0	0.0	0.0
"VAN31"	"VAN"	2018.0	126.0	10.0	0.0	1.0	0.907924591		16.284936	4.019354153			0.018180605	0.032782228	0.080775675	0.745749555	0.026292537	199.043656	782.1649044	5938.251386	5720.668877	1784.588675		3.243970504	0.0	0.292663167	3.536633671	650.7028343	938.3138597	708.3208847	995.9319101	0.0	0.942923147	3.0	2.0	10.0	0.0	2.0	0.0	0.0
"VAN33"	"VAN"	2018.0	103.0	5.0	0.0	1.0	0.959630621		14.08501126	2.603782068			0.020107901	0.008434214	0.016951892	0.484716974	0.407755404	497.6950836	277.0911072	4106.971384	4192.960397	1108.534338		0.808558032	0.0	8.98722E-5	0.808647904	461.7966642	733.0624815	490.7471225	762.0129398	0.0	0.982859999	0.0	0.0	6.0	0.0	0.0	0.0	0.0
"VAN34"	"VAN"	2018.0	277.0	9.0	0.0	1.0	1.371724322		33.97725983	5.048521548			0.016108772	0.055330528	0.049103405	1.251181261		394.6233992	712.6071313	6993.88526	6810.788557	1492.078793		4.09381996	0.0	0.090782332	4.184602292	690.7088438	1079.536413	731.8655494	1120.693118	0.0	2.505017036	8.0	0.0	11.0	0.0	2.0	0.0	0.0
"VAN35"	"VAN"	2018.0	180.0	8.0	0.0	2.0	1.016531963		23.45276362	2.608496371			0.017464067	0.017196189	0.026253319	0.955618367		331.2821555	1212.371596	7910.956961	7657.191836	2210.440746		1.165221299	0.0	0.0	1.165221299	1038.965165	1348.927631	1123.782269	1433.744736	0.0	1.637580535	6.0	0.0	13.0	0.0	0.0	0.0	0.0
"VAN36"	"VAN"	2018.0	115.0	4.0	0.0	2.0	0.701928115		16.37979284	1.564905963			0.048882406	4.81583E-4	0.026254352	0.626309776		176.9002708	736.2185941	5174.445618	5186.903204	1534.821927		0.0	0.0	0.154978747	0.154978747	619.5456656	825.000046	669.0358856	874.4902661	0.0	1.869893579	1.0	0.0	9.0	0.0	0.0	0.0	0.0
"VAN37"	"VAN"	2018.0	238.0	13.0	0.0	2.0	2.493321552	1.631997843	33.94049543	11.27118927	46.84368254		0.028754381	0.128929793	0.703701787	1.204803995	0.385561289	411.0105672	1560.697732	10725.50557	10568.28607	4325.997752		8.693880155	0.0	0.456675579	9.150555735	937.3006486	1271.133828	1038.00769	1371.840869	0.0	3.102720615	11.0	1.0	22.0	0.0	4.0	3.0	0.0
"VAN38"	"VAN"	2018.0	206.0	6.0	0.0	1.0	1.26912317		26.37405797	3.668070204			0.010528487	0.045912576	0.096423725	1.116258438		740.4281143	722.9325844	10235.5538	10025.00872	2669.728823		2.352322889	0.0	0.87331271	3.225635599	1027.88734	1599.429887	1132.51991	1704.062457	0.0	0.442529214	0.0	0.0	10.0	0.0	3.0	2.0	0.0
"VAN39"	"VAN"	2018.0	203.0	5.0	0.0	1.0	2.185674629		26.9987418	4.078774396			0.097727377	0.030899918	0.51975439	0.917735901	0.596990054	368.787366	465.8540257	6958.458194	6514.66503	2030.396164		4.492113656	0.0	1.055160654	5.54727431	551.8637023	882.2228154	614.3725557	944.7316688	0.0	1.654662148	5.0	0.0	7.0	0.0	2.0	0.0	0.0
"VAN40"	"VAN"	2018.0	176.0	6.0	0.0	3.0	0.983281825		22.00779861	3.90375817			0.088058239	0.013296534	0.028724354	0.85320273		575.1049744	268.6489924	6014.218232	5938.192572	1350.443781	0.124563436	1.765161016	0.0	0.189399895	1.954560911	580.1112087	903.203966	623.9142983	947.0070557	0.0	1.218471853	1.0	0.0	7.0	0.0	2.0	0.0	0.0
"VAN41"	"VAN"	2018.0	181.0	6.0	0.0	1.0	0.923889443	2.010700142	17.55477115	6.953720883	26.51919218		0.009474991	0.064461265	0.06944915	0.780503597	4.24469E-7	89.97245317	730.7623436	4622.01475	4225.607889	1087.152835		2.814160689	0.0	0.050528744	2.864689432	482.3406298	669.6284202	522.9329608	710.2207512	0.0	1.187275841	3.0	0.0	7.0	0.0	4.0	0.0	0.0
"VAN42"	"VAN"	2018.0	178.0	10.0	0.0	1.0	1.098302272		25.07328437	2.875484236			0.023370979	0.071647778	0.002032138	1.001251369		686.7222927	507.4709295	7967.689672	7827.533139	1878.148506		3.093310232	0.0	0.0	3.093310232	856.3131842	1301.279715	925.4669313	1370.433463	0.0	1.224667868	5.0	0.0	19.0	0.0	0.0	0.0	0.0
"VAN43"	"VAN"	2018.0	164.0	8.0	0.0	1.0	3.747885143		31.8022571	6.58273057				0.556405485	1.411235872	1.744994186		292.3589694	749.6597379	5920.507903	5791.424769	617.5766394		1.229210837	0.0	3.040944984	4.270155821	744.4699478	1270.711765	780.0255079	1306.267325	0.0	2.091864871	0.0	0.0	8.0	0.0	5.0	2.0	0.0
"VAN44"	"VAN"	2018.0	195.0	4.0	0.0	1.0	1.73205295		24.17013229	4.727989208		0.104600599	0.007500903	0.031548307	0.490363828	1.087201408	0.004834846	449.0905638	390.2568192	8206.430986	8111.176413	1263.482147		0.843334326	0.0	1.183652365	2.026986691	946.8566538	1434.361293	1004.726858	1492.231497	0.0	1.485656468	1.0	4.0	8.0	0.0	8.0	0.0	0.0
"VAN45"	"VAN"	2018.0	164.0	7.0	0.0	3.0	1.199998084		25.12172581	3.275638708			0.066334703	0.046808221	0.057156763	0.967393777	0.062304629	287.9582074	628.5797608	7293.411161	7213.194915	1851.66686		1.630742851	0.0	0.0	1.630742851	688.9454769	1082.168024	729.1631692	1122.385716	0.0	1.565453873	2.0	1.0	12.0	0.0	0.0	0.0	0.0
"VAN46"	"VAN"	2018.0	175.0	5.0	0.0	1.0	2.238463373		24.34414626	6.84926513			0.021310886	0.033265199	0.938998508	1.055600939	0.138988647	365.1499786	204.6302138	8496.791625	8289.028036	2099.936487	0.677978571	6.563054908	0.0	0.830031566	7.393086474	905.4710608	1296.194486	963.8069424	1354.530367	0.0	1.821926915	1.0	0.0	5.0	0.0	3.0	0.0	0.0
"VAN48"	"VAN"	2018.0	217.0	5.0	0.0	1.0	1.330284894		28.81931133	6.150216769		0.016942904	0.021045281	0.02695866	0.05323658	1.212101468		391.9555693	1195.771934	7295.903802	7157.397676	1798.651096		1.835466325	0.0	0.0	1.835466325	929.5245125	1364.80384	982.9343182	1418.213646	0.0	0.748443155	6.0	0.0	7.0	0.0	2.0	1.0	0.0
"VAN49"	"VAN"	2018.0	179.0	9.0	0.0	1.0	0.896497698	0.571725265	20.41712388	2.78079651	23.76964566		0.023878795	0.021120522	0.071483384	0.779987405	2.75949E-5	125.2018863	703.0942477	4838.927832	4778.748213	1219.994589		2.097743152	0.0	0.0	2.097743152	552.0464602	750.9176206	618.0294186	816.9005791	0.0	2.502761235	5.0	1.0	5.0	0.0	0.0	0.0	0.0
"VAN50"	"VAN"	2018.0	199.0	7.0	0.0	1.0	2.291984715		24.24585046	7.357707058			0.018774099	0.048933255	0.775251103	1.3716602		287.0029998	542.7048665	4867.507653	4498.9318	739.7515554		4.484322072	0.0	2.408990178	6.89331225	528.5329333	852.6268209	561.8447462	885.9386338	0.0	1.276234211	7.0	0.0	6.0	0.0	5.0	1.0	0.0
"VAN53"	"VAN"	2018.0	175.0	5.0	0.0	1.0	0.915494565		18.99975461	4.08350908			0.074817872	0.008074705	0.102256252	0.727542642	0.002803081	312.3330383	413.6725847	5289.114535	5274.753688	1379.156871		0.0	0.0	0.727282534	0.727282534	483.47047	712.587078	527.989787	757.1063949	0.0	1.085513813	0.0	0.0	5.0	0.0	2.0	1.0	0.0
"VAN56"	"VAN"	2018.0	184.0	6.0	0.0	2.0	1.035609111		19.95968803	4.467723513			0.034878709	0.033451483	0.153114954	0.814144161		569.4174108	355.9507813	5827.057293	5620.584593	1241.787929		1.672412035	0.0	0.698587821	2.370999856	618.3944589	984.5910539	668.9754266	1035.172022	0.0	1.194671768	1.0	0.0	9.0	0.0	2.0	0.0	0.0
"VAN57"	"VAN"	2018.0	188.0	7.0	0.0	2.0	1.271444098		28.43219632	3.199608923		0.048447289	0.022413102	0.014218188	0.028981429	1.157384057		831.4381252	691.0157515	10201.36309	10322.17626	2603.250837		2.591889736	0.0	0.0	2.591889736	1201.719525	1817.242866	1280.940499	1896.46384	0.0	2.087145691	3.0	0.0	22.0	0.0	0.0	0.0	0.0
"VAN60"	"VAN"	2018.0	172.0	13.0	0.0	1.0	1.111989456		23.92916721	4.513351916			0.02262291	0.008574177	0.072803587	1.007988788		398.6852983	1563.829798	8274.231006	7873.873719	3192.005735		3.762874544	0.0	0.177728939	3.940603483	795.9750392	1107.528341	875.3019929	1186.855295	0.0	1.508568626	4.0	0.0	9.0	0.0	5.0	0.0	0.0
"VAN61"	"VAN"	2018.0	174.0	4.0	0.0	1.0	1.105106473		21.49730978	2.763044997			3.85418E-4	0.039029203	0.219702026	0.81716637		153.2884373	538.4056148	5432.970921	5326.698601	1322.882532		3.441529601	0.0	0.488977641	3.930507242	550.8148301	757.1698269	606.2899211	812.6449179	0.0	1.08460033	2.0	0.0	10.0	0.0	3.0	0.0	0.0
"VAN62"	"VAN"	2018.0	236.0	6.0	0.0	1.0	1.605088556		34.19701189	5.737022539			0.058609784	0.060193546	0.092208442	1.394077185		501.9904952	1258.255981	7061.814251	7235.500947	1005.523508		3.676132793	0.0	1.081233274	4.757366068	924.3161522	1499.05168	954.8059838	1529.541512	0.0	1.566522006	6.0	0.0	9.0	0.0	4.0	1.0	0.0
"VAN63"	"VAN"	2018.0	155.0	14.0	0.0	1.0	0.987543123		19.65972609	4.325832507		0.034020863	0.106109411	0.030544323	0.026505574	0.774212142	0.016150827	250.6232062	1020.565693	7822.018568	7600.48512	3165.96579		2.520604343	0.0	0.0	2.520604343	804.2284412	1102.92998	892.9851868	1191.686726	0.0	1.454050128	8.0	0.0	16.0	0.0	3.0	0.0	0.0
"VAN64"	"VAN"	2018.0	343.0	14.0	0.0	1.0	3.003442623		53.83453762	8.697645751		1.25774E-5	0.037060581	0.087813875	0.187760933	2.686254499	0.004540247	838.17336	2023.911672	12071.1227	11969.92441	4251.245822		6.467308867	0.0	0.565625478	7.032934345	1011.934038	1617.218002	1084.723994	1690.007958	0.0	2.380742118	6.0	0.0	8.0	0.0	5.0	1.0	0.0
"VAN65"	"VAN"	2018.0	135.0	6.0	0.0	1.0	1.005445909	1.342301041	18.04176715	4.641182405	24.0252506		0.010680256	0.077784606	0.156255465	0.759270741	0.001454849	246.4170031	409.8593742	4905.73932	4930.630357	948.8946058		0.0	0.0	0.0	0.0	504.9411881	751.4087965	530.159553	776.6271615	0.0	0.286138152	1.0	0.0	4.0	0.0	0.0	0.0	0.0
"VAN66"	"VAN"	2018.0	297.0	15.0	0.0	2.0	2.33971029		46.41198294	5.406999863			0.061244497	0.018322715	0.134437092	2.1257058		547.5813253	1260.168207	8947.357371	9531.651039	2056.8394		4.853244159	0.0	0.013354755	4.866598914	838.0855755	1431.720466	885.8209593	1479.45585	0.0	2.021779329	9.0	0.0	4.0	0.0	4.0	1.0	0.0
"VAN67"	"VAN"	2018.0	147.0	4.0	0.0	2.0	1.274523953		23.81169656	2.767493697			0.048743623	0.024414019	0.057310138	1.144056013		317.1228662	793.6751172	4999.744955	5277.1036	1526.897958		4.347946635	0.0	0.446394313	4.794340948	445.1319468	768.4877019	458.6857988	782.0415539	0.0	0.800633282	7.0	0.0	5.0	0.0	4.0	0.0	0.0
"VAN68"	"VAN"	2018.0	126.0	12.0	0.0	2.0	0.898756881		15.66645515	3.85661876			0.012318733	0.017013016	0.034382188	0.694976316	0.140066627	286.9329468	906.729584	7383.503719	6931.020503	3422.849145		2.069130458	0.0	0.592966988	2.662097446	574.5795528	756.8387413	657.4475887	839.7067772	0.0	1.206234905	3.0	0.0	22.0	0.0	3.0	1.0	0.0
"VAN69"	"VAN"	2018.0	231.0	7.0	0.0	2.0	1.350353299		28.96907838	6.871699772			0.025424418	0.065469569	0.139596855	1.114006211	0.005856256	365.0729822	576.989891	7417.984066	7256.741291	1575.222032		0.0	0.0	2.309732985	2.309732985	733.7562852	1118.352783	795.7343817	1180.33088	0.0	0.940300492	0.0	0.0	7.0	0.0	2.0	1.0	0.0
"VAN70"	"VAN"	2018.0	196.0	7.0	0.0	3.0	1.406995367		25.77071268	4.496260686			0.067875157	0.025363596	0.281903359	1.030390473		507.1852703	980.3636194	9376.045564	9098.366361	2633.179164		3.743219011	0.0	0.0	3.743219011	1139.068643	1680.409145	1240.804841	1782.145343	0.0	1.886406143	6.0	0.0	13.0	0.0	1.0	0.0	0.0
"VAN71"	"VAN"	2018.0	216.0	7.0	0.0	4.0	2.029115316		40.74749703	5.154186626			0.149589821	0.034586051	0.207176669	1.63776244		605.079855	1649.926162	8672.965204	8661.817524	1521.233905		1.91549655	0.0	0.506872198	2.422368748	1152.357463	1887.974817	1185.83982	1921.457174	0.0	1.58835716	2.0	0.0	6.0	0.0	3.0	0.0	0.0
"VAN72"	"VAN"	2018.0	121.0	8.0	0.0	1.0	1.416420849	1.923018565	15.20067918	8.822154053	25.94585179		0.017828058	0.090633135	0.047036105	0.501489062	0.759434476	208.4902741	311.54874	4980.695718	4833.706687	1293.312298		1.500746023	0.0	0.240940078	1.741686101	555.5814624	886.821916	606.4229029	937.6633565	0.0	1.01435128	0.0	1.0	1.0	0.0	2.0	0.0	0.0
"VAN73"	"VAN"	2018.0	250.0	7.0	0.0	2.0	1.804928158		37.40732292	6.513719266		0.008640694	0.076749477	0.058764815	0.143894058	1.495050694	0.021828368	484.3659297	637.0487907	6430.879077	6703.34485	807.1885207		4.21010415	0.0	1.475237593	5.685341743	698.4062738	1162.498607	717.722992	1181.815325	0.0	2.182117135	0.0	0.0	3.0	0.0	4.0	0.0	0.0
"VAN74"	"VAN"	2018.0	219.0	7.0	0.0	2.0	1.55485232		26.08101798	6.74419589			0.12497188	0.055292791	0.108807378	0.956467087	0.295173949	580.3102001	514.8289004	7212.38096	7446.519722	1770.510663		4.15914211	0.0	0.631420099	4.790562209	597.7097222	974.8866912	665.0463488	1042.223318	0.0	1.480083647	5.0	0.0	12.0	0.0	3.0	1.0	0.0
"VAN75"	"VAN"	2018.0	246.0	7.0	0.0	1.0	1.885561064		34.21705576	5.974666908			0.038880266	0.074184245	0.266511662	1.49943682		327.7056952	408.6280749	5373.170632	5324.743124	388.5756756		1.697973083	0.0	5.19026E-4	1.698492109	494.2332817	834.3272281	529.352498	869.4464443	0.0	0.922885602	1.0	0.0	2.0	0.0	1.0	0.0	0.0
"VAN76"	"VAN"	2018.0	131.0	9.0	0.0	2.0	0.764575586		15.79686638	3.276391905			0.007073141	0.037026389	0.047238804	0.579510099	0.093727206	939.6906399	324.3223077	10705.86378	10795.06218	4144.333216		0.986713127	0.0	0.084136369	1.070849497	1073.773837	1473.807932	1180.636442	1580.670536	0.0	1.316141778	1.0	1.0	17.0	0.0	3.0	0.0	0.0
"VAN88"	"VAN"	2018.0	211.0	2.0	0.0	1.0	7.986087985		19.69136855	21.9447654			1.67121516	0.315841772	5.370188743	0.420121491	0.198611496	1210.085435	43.84481979	9477.031982	4810.688451	3160.148219		1.805670866	0.0	0.0	1.805670866	1263.692603	1886.824676	1343.068609	1966.200682	0.0	0.529548022	1.0	2.0	1.0	0.0	2.0	0.0	0.0
"VAN90"	"VAN"	2018.0	153.0	10.0	0.0	1.0	1.210536271		16.03320365	6.405947197			0.01195579	0.075199446	0.076820599	0.526767379	0.519793041	433.0832037	533.873701	8291.96364	7206.713197	4877.694853	8.63904E-5	4.309243432	0.0	0.454142266	4.763385698	465.679935	610.012994	555.2004177	699.5334767	0.0	0.823603783	7.0	0.0	18.0	0.0	2.0	0.0	0.0
"VAN93"	"VAN"	2018.0	109.0	7.0	0.0	2.0	0.563131931		11.62493323	2.784818506			0.018162364	0.004479157	0.049731733	0.489110783	0.001647875	159.6450451	885.828332	4747.552945	4375.22681	2189.53235		1.144161581	0.0	0.0	1.144161581	479.673511	621.5556974	526.9306283	668.8128147	0.0	0.503833081	6.0	0.0	16.0	0.0	1.0	0.0	0.0
"VAN95"	"VAN"	2018.0	164.0	21.0	0.0	1.0	1.080839773		17.76295739	8.478143867		0.016740081	0.029092677	0.052194934	0.123710926	0.793951969	0.009172233	340.8312213	114.9027699	10395.83278	9419.576372	4907.898216	0.774600965	6.654985752	0.0	0.228288128	6.88327388	770.3769179	1001.460096	893.912507	1124.995685	0.0	0.326335291	3.0	1.0	12.0	0.0	9.0	0.0	0.0
"VAN97"	"VAN"	2018.0	69.0	9.0	0.0	1.0	0.528017377		8.681793448	3.60270142			0.026921825	0.017969482	0.082089794	0.400994361		215.5698053	767.9491772	4406.336717	4384.792297	1693.171639		2.415374682	0.0	0.0	2.415374682	434.8604526	577.3594931	482.2771628	624.7762033	0.0	1.611219686	6.0	0.0	7.0	0.0	0.0	1.0	0.0
"VAN98"	"VAN"	2018.0	194.0	8.0	0.0	1.0	3.018358054		39.66425983	7.090975197			0.359280417	0.026037012	0.937543309	1.664914269		325.4665551	1029.005185	6733.81441	6585.005492	1529.753164		5.058291977	0.0	3.279216097	8.337508074	745.8655292	1173.036996	785.3785848	1212.550051	0.0	1.247887455	3.0	0.0	8.0	0.0	9.0	0.0	0.0
"VAN99"	"VAN"	2018.0	307.0	25.0	0.0	1.0	1.865547823		36.36228502	9.660635738			0.113193415	0.014274569	0.034134448	1.247431001	0.453854932	644.9986877	2074.525682	16314.06741	11158.80172	8252.592631	0.415514078	7.566932776	0.0	3.175334657	10.74226743	1214.121787	1461.297525	1446.160577	1693.336316	0.0	0.558527336	15.0	5.0	43.0	0.0	4.0	1.0	0.0
